,Month,Driver_id,Total_income,Total_km,Gender,Age,Vetek
0,04/2015,943,94857.04151337461,9537.97773861178,F,58.4,0.6
1,04/2015,966,79679.01848349521,7452.629478826504,M,46.8,0.1
2,04/2015,250,78174.44169884989,7500.744344014419,M,32.0,0.1
3,04/2015,156,100762.57598458907,8000.150686804585,,64.8,0.7
4,04/2015,67,105618.2494661668,9224.404283662856,M,60.7,0.4
5,04/2015,684,83706.36106591248,8831.5533517337,M,,0.5
6,04/2015,527,137354.33838698437,8620.580653492527,M,,0.4
7,04/2015,556,84876.19792412943,8213.030801231936,M,50.7,0.8
8,04/2015,446,74138.15803427702,8113.093299845833,M,49.5,0.1
9,04/2015,841,98255.58097653059,9232.569116686172,M,48.2,0.7
10,04/2015,126,102213.92896218749,8155.240977284862,M,53.2,0.7
11,04/2015,910,96333.65997673292,9100.237782880924,M,58.2,0.6
12,04/2015,112,79750.7663915039,8600.539346561582,M,54.8,0.9
13,04/2015,191,99108.25081013129,8131.7123456818645,M,50.4,0.1
14,04/2015,739,63646.77979672487,6608.905691551215,M,37.6,0.6
15,04/2015,579,97273.4014319194,8780.675399823704,M,41.3,0.3
16,04/2015,111,108274.35505821985,9097.2157034128,M,45.4,0.8
17,04/2015,285,161477.12328075652,8601.81828690835,M,47.3,1.0
18,04/2015,796,102858.53650506696,8437.50458900084,M,59.2,0.3
19,04/2015,310,103531.92956355578,8505.174296469484,M,42.2,0.8
20,04/2015,458,69434.2233147553,7559.606518570891,M,39.7,0.2
21,04/2015,884,107746.35707015947,7919.172076204506,M,64.1,0.6
22,04/2015,335,99306.22376482686,9911.939078681751,M,47.0,0.8
23,04/2015,521,63987.14130841284,6161.4172583685195,M,56.1,0.8
24,04/2015,887,81498.76544666645,9395.391813727578,M,,0.0
25,04/2015,601,98301.65034585603,9542.39578482515,M,39.8,0.2
26,04/2015,11,111837.04748829239,8132.446265214543,M,39.1,0.6
27,04/2015,624,94177.44060001864,8876.739263740694,M,52.8,0.7
28,04/2015,737,91599.5547308376,8650.46478543637,M,58.1,0.3
29,04/2015,823,78787.74464728458,8046.526326662909,M,50.6,0.3
30,04/2015,752,94540.77900181561,8166.35552877867,M,63.6,0.4
31,04/2015,732,114543.89171262452,8997.102482923832,M,54.1,0.5
32,04/2015,493,79991.93356199616,6670.3742608206085,M,61.1,0.2
33,04/2015,159,90252.56512465981,9157.688718936217,M,48.4,0.6
34,04/2015,225,130681.34348040134,8844.094250148655,M,,0.6
35,04/2015,784,91599.10048585312,7925.4389394567015,M,54.3,0.2
36,04/2015,171,79842.07992362112,8739.426578121916,M,49.4,0.4
37,04/2015,460,141110.92148373518,9256.350523563704,F,33.0,0.3
38,04/2015,408,93251.29581141178,7560.515212968141,M,65.0,0.9
39,04/2015,239,91125.27372219595,8548.119017302814,M,60.4,1.0
40,04/2015,812,150373.17137909116,8876.08295578019,M,54.7,0.9
41,04/2015,896,88755.47769107371,8204.643604495515,M,58.5,0.0
42,04/2015,354,101613.73685080321,9361.331127346912,M,65.2,0.4
43,04/2015,574,81638.98622421242,7830.146913592775,M,60.7,0.3
44,04/2015,186,86800.0203093805,8806.909880039804,M,65.7,0.6
45,04/2015,381,77684.49377361509,9877.213903096319,M,44.0,0.1
46,04/2015,898,83725.82874879177,8394.856554279782,M,46.5,0.0
47,04/2015,405,66929.49866587526,7135.421418898273,M,32.2,0.1
48,04/2015,439,84393.86899114166,8612.589285343398,M,65.2,0.3
49,04/2015,532,99895.40398129541,7375.376425864596,M,38.2,0.5
50,04/2015,665,103542.46693411922,9298.9312095169,M,,0.6
51,04/2015,962,116500.12272919464,9794.644264692603,,53.5,0.8
52,04/2015,303,94130.7075291446,7569.511280888268,M,37.0,0.6
53,04/2015,996,78187.22173312797,8100.6845181737835,M,41.0,0.5
54,04/2015,836,106875.46047335802,8691.062571470145,,55.4,0.2
55,04/2015,840,99001.20909376226,9229.104051412614,M,35.8,0.3
56,04/2015,459,60514.05347240449,6991.172033650682,M,36.2,0.4
57,04/2015,611,74048.46868642968,7490.225503618011,M,62.4,0.4
58,04/2015,467,112425.3843576034,9610.288482980133,M,,0.5
59,04/2015,786,84159.20384853888,6804.726634679287,M,46.5,0.0
60,04/2015,23,65851.92391582516,7149.208103779241,M,51.4,0.9
61,04/2015,302,103116.75936174371,9978.315530477532,M,47.2,0.2
62,04/2015,289,112370.97942943557,10027.761109620651,M,39.5,0.5
63,04/2015,155,91933.30523058979,9675.06850965883,M,57.3,0.4
64,04/2015,327,93133.80012319151,8888.898382253125,M,51.8,0.8
65,04/2015,114,83465.08469545945,9699.701740680453,M,61.1,0.9
66,04/2015,756,73150.12959341536,7552.013090776176,,54.8,0.3
67,04/2015,880,107933.59299657856,8203.01522993925,M,45.6,0.6
68,04/2015,660,102809.35910850368,9350.279234106876,M,56.5,0.9
69,04/2015,454,82117.4262307224,8009.116437592685,M,40.2,0.2
70,04/2015,969,73054.49739036919,9142.941081831885,F,62.8,0.7
71,04/2015,176,61480.27058255227,6747.473864644928,M,35.8,0.9
72,04/2015,432,121925.75308036998,9325.3815500838,M,47.3,0.9
73,04/2015,531,94768.69224824052,9751.83786855118,M,46.6,0.9
74,04/2015,101,86339.50207246059,9113.844634026622,M,,0.9
75,04/2015,738,99116.8125000619,9674.168466180192,M,36.7,0.3
76,04/2015,271,65484.13529349398,6731.806678233708,M,64.8,0.4
77,04/2015,423,77737.07745336306,8744.03088759283,M,59.1,0.6
78,04/2015,765,79114.63887931495,7692.301561473345,M,47.8,0.8
79,04/2015,691,106710.97827054976,8746.234280337741,M,44.8,0.4
80,04/2015,533,96213.01664126039,8733.539989983135,,35.8,0.1
81,04/2015,716,74563.669849083,7296.959309459267,M,39.8,1.0
82,04/2015,922,83152.75259285083,7909.53257514045,M,58.5,0.8
83,04/2015,174,127656.69901047577,10204.43793043691,M,46.1,0.9
84,04/2015,200,74894.80877089668,7928.46981774023,M,39.0,0.7
85,04/2015,316,75999.54307940604,8901.531890829243,M,34.8,0.2
86,04/2015,307,90803.78396549419,7492.337668621904,M,65.0,0.7
87,04/2015,882,108715.25066280663,9856.350903081091,M,33.7,0.6
88,04/2015,706,100568.26209726866,8748.15835718904,M,51.7,0.3
89,04/2015,829,67743.13665819951,7235.9111918256995,M,35.3,0.5
90,04/2015,719,77150.72506976026,7146.832682893565,M,32.6,1.0
91,04/2015,935,98544.0085982859,7175.8119218906195,M,38.9,0.3
92,04/2015,68,84760.16403301901,7176.884847254565,F,35.8,1.0
93,04/2015,815,93151.67616497548,8838.891561765706,,64.2,0.3
94,04/2015,747,86306.79432488697,8955.958284882587,M,43.6,0.7
95,04/2015,798,102097.46568946465,8498.688927935593,M,35.3,0.4
96,04/2015,865,82170.70410236833,8703.725879307187,M,58.5,0.3
97,04/2015,399,97351.53041264243,9005.851179347754,M,53.1,0.9
98,04/2015,509,77376.46142093367,5980.769766156471,M,46.7,0.5
99,04/2015,308,118788.91393428539,8949.547231138462,M,48.1,0.9
100,04/2015,502,77465.02676333796,8286.164252099683,M,61.5,7.9
101,04/2015,81,76530.73517860925,7980.532008634113,M,42.4,14.4
102,04/2015,814,83764.48418092,8574.793184671295,M,33.1,18.7
103,04/2015,666,77883.45769661054,8572.174283351827,M,35.3,8.7
104,04/2015,205,86283.10525950084,10153.029880843967,M,56.6,9.9
105,04/2015,759,105884.00326229921,9886.583434997698,M,44.5,3.4
106,04/2015,96,110556.67806089576,10262.975829157911,M,37.2,9.4
107,04/2015,671,57547.160594057845,6561.625684011105,M,61.4,16.8
108,04/2015,100,117313.08013345396,9861.672378367342,M,38.1,17.2
109,04/2015,321,69929.4401668365,8002.485467663044,M,,10.1
110,04/2015,602,94376.79329081032,9219.117859878585,M,37.3,17.8
111,04/2015,453,93449.52669209226,8327.984225492055,F,60.6,5.4
112,04/2015,396,73569.15197286132,9159.641406699691,M,33.1,12.5
113,04/2015,113,90448.87742396361,9565.005352330561,M,,16.9
114,04/2015,988,71824.77572568272,7966.1400604293585,M,32.9,11.3
115,04/2015,956,106825.95415996769,8748.67866997037,M,65.3,15.6
116,04/2015,59,73111.69293456667,7952.872073128007,M,46.9,8.1
117,04/2015,593,103435.16359894694,9824.676062749648,M,43.4,15.5
118,04/2015,10,123364.31315363331,9685.95918778764,M,45.5,6.4
119,04/2015,196,87237.23309790793,7734.309685558262,M,46.2,4.3
120,04/2015,38,82078.16392426823,9087.171730532373,,51.3,5.9
121,04/2015,625,78749.12686651494,8838.593057244883,M,57.7,13.8
122,04/2015,570,98688.69143473962,8582.257164002214,M,47.1,16.8
123,04/2015,745,98017.34106432952,10084.984408827364,M,51.3,15.9
124,04/2015,764,60443.088297089176,6758.60849973134,M,47.3,15.0
125,04/2015,66,83239.48075791229,7848.352722416084,M,40.0,18.9
126,04/2015,84,110048.680361905,8445.911742550667,,36.5,18.8
127,04/2015,462,78018.28667161673,7978.941577533487,,39.3,10.3
128,04/2015,952,98096.74990400049,8249.434919467458,M,56.4,4.4
129,04/2015,970,90362.40095225409,7802.820874784756,M,34.0,11.4
130,04/2015,333,81982.42711545997,9609.497147533182,M,50.1,8.4
131,04/2015,274,116495.60473562172,8770.28270098672,M,63.7,8.6
132,04/2015,981,99807.04435313502,8525.478955190692,M,62.2,1.6
133,04/2015,110,68973.11462949152,7797.492803098728,M,59.4,15.7
134,04/2015,383,87338.23996813867,8320.364363280109,M,37.5,15.6
135,04/2015,542,75669.19874328881,8136.846829732873,M,35.2,7.8
136,04/2015,787,122972.48518599736,9359.486953177233,M,59.9,12.3
137,04/2015,57,84375.01433665612,9038.063614244751,M,65.6,16.7
138,04/2015,412,76718.24530126648,8005.486100121937,M,59.3,4.6
139,04/2015,177,126280.58465835654,10676.19323275648,M,41.0,1.9
140,04/2015,560,80481.34400151849,9142.354820580309,M,41.8,12.4
141,04/2015,398,66985.59086652314,7310.77678376707,M,52.0,4.8
142,04/2015,916,69450.59416978428,7808.208334452692,M,65.1,18.0
143,04/2015,965,94773.78188503193,10278.448240418742,M,65.8,5.6
144,04/2015,746,86809.13366593297,8694.378168476853,M,48.2,1.6
145,04/2015,912,113238.59045923487,11151.257695218736,M,55.6,16.5
146,04/2015,257,95697.93903928169,8822.105381703484,M,36.1,4.5
147,04/2015,727,96130.41741832672,9465.041214994215,M,53.5,16.6
148,04/2015,144,66165.71234579448,6200.2433960499175,M,43.3,7.4
149,04/2015,164,92233.86179586207,8226.12944257694,M,39.8,10.5
150,04/2015,48,131801.93006507773,10705.679144710637,M,63.4,11.9
151,04/2015,872,62517.355235236275,7159.69390265056,M,50.2,11.6
152,04/2015,391,93127.59076544698,7708.9364540805145,M,47.8,2.2
153,04/2015,703,80090.14882206153,9064.21249856662,M,,7.8
154,04/2015,504,108005.27213122864,9166.985473342305,M,40.0,1.8
155,04/2015,876,81704.01720554142,8608.700612143606,M,34.7,5.8
156,04/2015,69,96340.27726559534,8562.660018648929,M,57.1,11.5
157,04/2015,736,100555.98813499568,8699.426218639017,M,43.1,13.3
158,04/2015,899,100497.33176505865,9807.910017948027,M,58.6,10.2
159,04/2015,219,72542.06741476044,9063.416275371885,M,39.4,17.3
160,04/2015,451,96256.88109531063,9244.754163289457,M,47.1,10.2
161,04/2015,407,98217.73353209125,8947.284380267129,M,46.4,2.4
162,04/2015,735,90547.43663266298,7428.907645339932,M,54.1,4.8
163,04/2015,249,84582.03818961406,7765.565314495327,M,60.9,8.2
164,04/2015,145,89935.35301058245,8656.370980649577,M,49.4,7.5
165,04/2015,12,111919.05207908191,9380.04054860759,M,59.0,15.6
166,04/2015,724,71711.00354060797,7041.819306677981,F,47.8,16.0
167,04/2015,728,99013.44085463534,7807.375090017968,M,57.5,2.9
168,04/2015,948,58316.78504802734,6968.084954748667,M,37.5,3.6
169,04/2015,464,84604.0462345261,9157.400433420416,M,58.4,6.4
170,04/2015,278,100451.97349650317,7662.045759246485,,47.4,10.8
171,04/2015,89,67091.4959149873,7311.074187894948,M,42.9,7.5
172,04/2015,124,84230.34379959441,9761.106108910719,M,35.2,9.5
173,04/2015,185,87319.32576106086,8581.304073609286,M,35.5,14.5
174,04/2015,514,95871.15794270612,8068.482657640515,M,45.0,12.9
175,04/2015,651,91294.44901497752,8141.751587254054,M,39.2,8.3
176,04/2015,669,74419.77145618183,9022.243200949157,M,52.7,13.9
177,04/2015,97,76697.76044670785,8307.32246240526,M,62.2,11.0
178,04/2015,924,72379.18643499224,6748.4102447809855,M,64.5,11.3
179,04/2015,323,62293.45319625405,6763.592174367326,F,48.5,8.9
180,04/2015,643,62156.438135923774,6992.629711156237,M,35.7,16.0
181,04/2015,890,117651.80019916325,8465.931233242452,M,55.4,17.6
182,04/2015,929,69151.116657738,7432.868448243755,M,41.7,4.4
183,04/2015,670,69107.95882846968,9288.107963021665,M,36.1,8.3
184,04/2015,181,88123.57839085351,9030.194967732737,M,36.8,10.0
185,04/2015,963,112248.78955389775,8660.96623933788,M,50.0,10.8
186,04/2015,997,83629.12675630394,8090.818797761999,M,61.6,10.5
187,04/2015,858,71621.3816384343,7777.172254271179,M,38.2,1.5
188,04/2015,403,94893.93723461856,7487.869337606564,M,45.4,7.8
189,04/2015,572,84438.74371092355,9019.994958941055,M,,7.6
190,04/2015,754,81496.8660381228,9027.287717966017,M,55.8,11.8
191,04/2015,72,90789.19840142995,7631.065926129012,M,46.7,11.5
192,04/2015,283,79614.38377001171,6823.904845722873,M,57.9,9.6
193,04/2015,705,87731.56025747373,7723.67781557506,M,46.5,1.7
194,04/2015,983,85146.99130363279,6586.8707673652425,M,36.0,14.7
195,04/2015,305,97820.24745401798,9648.127228514786,M,63.1,4.2
196,04/2015,857,76576.47824024304,7080.612322378423,M,37.8,3.3
197,04/2015,74,93427.43353236536,8253.552691766552,M,37.2,15.0
198,04/2015,824,86376.67796649602,8703.971853714149,M,56.3,2.9
199,04/2015,231,106899.56077208079,9146.728040155856,,42.2,17.8
200,04/2015,130,83692.26543532072,7541.467053881647,M,59.5,15.0
201,04/2015,248,94569.33625057562,9751.947491621171,M,36.4,14.8
202,04/2015,149,112925.99548149647,7986.1904933486585,M,52.6,5.5
203,04/2015,329,68576.76589251113,6810.012386047022,M,43.4,4.5
204,04/2015,582,48399.51799498872,7522.779709994278,M,46.1,4.4
205,04/2015,328,67592.92544072453,6898.1657219581475,M,39.4,11.4
206,04/2015,779,87816.28008277796,9782.076932308402,M,,18.0
207,04/2015,807,73817.80730112593,8499.055499089078,M,,12.8
208,04/2015,821,81626.92672015232,8370.01490014295,M,55.6,4.4
209,04/2015,366,65328.04463173978,6811.942600350558,M,42.9,7.5
210,04/2015,433,88123.2049946903,7566.760596674429,M,37.5,8.6
211,04/2015,371,73044.20361976532,8081.617358339597,M,52.2,5.6
212,04/2015,384,83509.59249876191,8468.581623079617,M,43.5,2.5
213,04/2015,632,102487.8886444445,7538.9690811423,M,35.3,14.1
214,04/2015,861,129299.2129081518,7895.16182940105,M,48.3,12.6
215,04/2015,65,98535.95016090108,9545.239070603535,,46.8,15.7
216,04/2015,877,82614.73419819707,7770.529415032132,M,40.8,16.7
217,04/2015,244,84152.99109314421,8995.030696550042,M,40.5,3.1
218,04/2015,863,114201.80812523955,9992.131579764899,M,48.7,17.6
219,04/2015,350,78621.68804626423,8182.146508278451,M,52.6,18.5
220,04/2015,160,83432.88290488145,7698.225127096222,M,34.9,18.1
221,04/2015,45,76135.12613824054,8182.254190485164,M,40.4,11.4
222,04/2015,497,106316.05460635573,9955.34222668555,,46.3,11.7
223,04/2015,237,86867.23003869226,7933.576076510467,M,39.1,10.7
224,04/2015,9,81360.20128934385,8533.405603004252,M,50.3,8.9
225,04/2015,172,106067.74061997968,8216.777472552307,M,55.4,10.6
226,04/2015,918,73329.39165548966,8002.054542685278,M,45.0,2.6
227,04/2015,950,87786.26676351922,7899.071639861898,M,34.7,6.3
228,04/2015,134,89567.97561660832,8264.694558240883,M,64.7,6.2
229,04/2015,140,92745.99989833831,8468.718968497064,M,,14.0
230,04/2015,238,101760.94491179431,8595.564905330311,M,61.8,3.6
231,04/2015,567,92579.34306610534,8842.384392987706,M,49.1,15.0
232,04/2015,146,98870.79793952622,8070.236954916671,M,38.1,5.6
233,04/2015,519,77568.53193638995,7725.2714767880225,,42.7,1.7
234,04/2015,428,84076.50007053213,9174.291452571993,M,37.0,13.8
235,04/2015,612,68482.3567058217,7542.848127951967,M,56.8,10.3
236,04/2015,153,89090.02566190195,8282.547331102256,M,32.3,18.2
237,04/2015,592,104995.82635396389,9790.655100087486,M,52.6,12.7
238,04/2015,713,125448.02150444004,9556.351987172013,M,45.8,18.2
239,04/2015,933,88356.48758786464,11148.47394877814,M,48.6,14.2
240,04/2015,686,84645.71877671419,6937.304783527905,M,40.8,5.5
241,04/2015,331,84050.44249449793,8181.043724388847,M,36.7,9.1
242,04/2015,885,85636.8926685398,9484.22151592007,M,62.8,6.5
243,04/2015,842,71364.15338465899,7214.961739792771,M,48.5,6.3
244,04/2015,951,120338.0553444166,8883.615102582497,M,65.1,10.5
245,04/2015,597,111393.90782119878,8909.492093503079,M,60.0,13.1
246,04/2015,93,87522.88145582497,10083.09416314828,F,38.4,14.3
247,04/2015,402,99059.30569328305,8649.39998393086,M,35.4,15.1
248,04/2015,435,97549.38094479433,8473.693959463624,F,60.5,17.1
249,04/2015,751,77045.42830336984,7601.09236926308,M,55.1,6.5
250,04/2015,733,85637.33722220895,8408.54589265287,M,52.2,13.6
251,04/2015,121,88169.94052951026,7671.047981263232,M,58.7,18.4
252,04/2015,760,108396.88245494294,8474.15145600525,M,47.8,11.1
253,04/2015,372,83885.65037747587,8298.63452999996,M,33.0,14.3
254,04/2015,441,61785.30131976682,6843.361252502044,M,51.6,2.3
255,04/2015,270,76883.65523654144,6540.980426389694,M,40.7,10.1
256,04/2015,260,76375.6128104964,6921.302627668441,M,34.6,1.1
257,04/2015,442,73875.15951003617,8408.327098557735,M,61.5,13.5
258,04/2015,19,92532.25345782103,8940.862167431967,M,,12.4
259,04/2015,218,63105.50047699581,7382.39032055796,M,60.8,12.0
260,04/2015,1000,83721.78569942726,8547.221301979389,M,45.2,4.0
261,04/2015,967,77614.08826688935,8430.643270468536,M,56.6,2.4
262,04/2015,413,118490.98293384095,9074.396302266712,M,47.8,1.0
263,04/2015,780,72506.99043600942,7883.566624391272,M,51.8,1.9
264,04/2015,538,125138.2358975056,8550.260862960546,,44.3,13.5
265,04/2015,255,135569.17854298739,9351.154599558991,M,50.9,15.2
266,04/2015,211,108203.15996039589,9155.866141413182,M,36.7,8.5
267,04/2015,465,95740.17157157372,8746.024464331287,M,62.0,17.2
268,04/2015,583,87019.78970833993,6653.773630945626,M,39.0,8.2
269,04/2015,489,122500.67040020041,10015.130036683531,M,39.7,17.4
270,04/2015,353,73077.43212989059,7268.3380263425615,M,65.9,5.3
271,04/2015,415,107976.889163322,8470.181161975255,M,62.5,7.1
272,04/2015,594,83766.6340199379,8254.044132242849,F,44.6,12.7
273,04/2015,957,87487.74194279035,9058.523305322424,M,55.4,5.3
274,04/2015,394,81882.38590456864,8042.201141463423,M,56.1,5.1
275,04/2015,674,77969.69011694456,7907.582480477247,M,61.2,16.6
276,04/2015,646,98757.81391817951,8996.271244220197,M,35.1,10.2
277,04/2015,972,80223.62894869247,7201.499046827066,M,65.6,1.6
278,04/2015,791,97104.55691504701,8123.6852483618195,M,60.0,8.0
279,04/2015,78,69671.1355851475,8148.176400427866,M,36.8,7.9
280,04/2015,548,104087.4413443303,9096.533958690197,M,52.2,12.5
281,04/2015,536,75680.7409317057,6947.120029010579,M,55.4,3.4
282,04/2015,621,87255.92772171095,8836.131828681719,M,54.8,1.7
283,04/2015,762,93274.17441948479,8243.211443797945,M,47.3,14.9
284,04/2015,516,103050.15397239901,8924.795563850425,M,65.6,18.0
285,04/2015,216,90692.05059489708,8559.161556764679,M,36.4,14.5
286,04/2015,635,76897.36813367404,7207.08658600328,M,55.3,14.8
287,04/2015,926,81036.24090371242,8227.557585504233,M,43.2,14.0
288,04/2015,135,71472.0841395114,8189.72632734634,,,10.5
289,04/2015,387,105711.72920329307,9674.89855118428,M,46.8,16.0
290,04/2015,925,120889.44476259382,10952.636141766057,M,57.3,5.5
291,04/2015,85,82453.75543536866,8922.402947844812,M,38.7,16.7
292,04/2015,586,76334.38825364129,8101.423997498989,M,32.2,7.8
293,04/2015,571,83207.18977596052,8276.298116996957,M,53.2,13.8
294,04/2015,855,69979.77485179127,7605.620835132757,M,64.2,15.2
295,04/2015,685,84637.31918048342,7310.916402577751,M,47.0,7.8
296,04/2015,63,79874.92752995479,7228.087523371418,M,61.6,12.5
297,04/2015,264,96287.67507718308,11486.03236267277,M,59.1,12.7
298,04/2015,701,60728.112646838286,7899.689362554198,M,37.3,10.7
299,04/2015,73,99976.83484749327,8649.300481785815,M,48.6,14.7
300,04/2015,478,90979.04493793879,8978.646234955673,M,35.7,7.8
301,04/2015,661,78778.08978273433,7705.360820826775,M,57.1,1.7
302,04/2015,228,102595.58886704702,8753.131843406714,M,48.1,9.5
303,04/2015,309,100827.81414229548,9242.84626312461,M,38.3,14.6
304,04/2015,382,93573.56522638422,8518.317961405264,M,34.4,10.9
305,04/2015,914,102600.97456469035,8199.645408877348,M,54.5,6.4
306,04/2015,170,77572.2163914598,8275.428827844316,M,34.1,16.2
307,04/2015,808,104127.89521873447,8588.969072986882,M,45.2,4.6
308,04/2015,279,100099.51150082554,7930.469885923973,M,44.9,3.9
309,04/2015,852,89696.86517368614,8755.43248730504,F,37.4,13.3
310,04/2015,258,101420.40777208009,7572.365493641596,M,43.5,6.3
311,04/2015,920,90344.58720141745,9066.386381789991,,64.9,14.6
312,04/2015,167,90725.03927203934,8677.014537571056,M,37.0,6.7
313,04/2015,229,81524.69150174547,9104.55170102745,M,55.1,7.9
314,04/2015,293,107511.72849953336,8876.727415579137,M,44.9,10.8
315,04/2015,569,96249.59103470625,9281.168717334582,M,39.7,13.3
316,04/2015,39,82421.6680434153,9301.312226916776,M,58.6,1.1
317,04/2015,562,118344.75548306324,8957.255117228708,M,43.4,10.0
318,04/2015,819,101340.74925351879,8816.104127109804,M,33.6,15.2
319,04/2015,652,63954.74906476535,7959.304122089461,,43.2,1.1
320,04/2015,827,106087.76908629511,8946.653311772247,M,65.0,3.2
321,04/2015,915,71230.67809072128,8039.011261954994,M,47.0,13.0
322,04/2015,35,75055.86400691021,7884.765613893252,M,53.3,4.0
323,04/2015,358,75708.4416116678,7137.091268733202,M,35.8,18.3
324,04/2015,867,69262.58504847516,8245.63666149445,M,53.5,10.1
325,04/2015,979,87932.35363792036,9063.815895379641,M,64.3,9.9
326,04/2015,599,85509.25483450684,7829.3494698311015,M,,18.4
327,04/2015,470,80821.25171421333,8027.529636818587,M,45.0,3.5
328,04/2015,903,104218.01088990149,10017.2992736578,M,,16.7
329,04/2015,420,70924.09588488315,6760.645312707808,M,56.3,5.9
330,04/2015,150,95110.88940961253,9792.573761914906,M,,10.2
331,04/2015,631,93929.81967483468,8801.130472733174,M,43.4,6.2
332,04/2015,616,73209.26785446379,7365.342289739467,M,61.5,8.8
333,04/2015,373,81691.67857814145,8401.427816967582,M,60.9,5.9
334,04/2015,577,92774.03934855132,8380.793262613342,M,42.5,15.7
335,04/2015,901,99252.31102617404,9274.860570279903,M,56.5,9.0
336,04/2015,55,81798.56775399168,9668.467341331998,M,34.9,2.7
337,04/2015,908,115771.99236482571,9853.178059913635,M,39.6,15.1
338,04/2015,883,94949.81673725844,8459.56603951121,M,,15.3
339,04/2015,522,72342.7247753971,9745.108112992975,M,52.2,14.7
340,04/2015,811,77041.38676774062,7879.783076191709,M,,18.6
341,04/2015,137,87393.4538892737,9343.714803529747,M,58.3,17.6
342,04/2015,600,77863.58204898023,7758.286844860699,M,38.4,17.2
343,04/2015,673,83713.843272074,9777.160216824115,M,49.1,5.2
344,04/2015,575,88836.69459181961,8423.563502151443,M,32.9,10.9
345,04/2015,469,96899.08007062254,10374.386691182186,M,64.1,10.3
346,04/2015,698,96439.92478476485,7663.675811733451,M,62.6,5.0
347,04/2015,245,74564.43034074275,7267.790961713736,M,60.9,13.2
348,04/2015,363,92837.99221212706,8258.590825024434,M,45.2,1.3
349,04/2015,911,129751.73252160911,7893.743126374812,M,53.9,13.9
350,04/2015,343,72885.36694433891,8497.243145080722,M,63.1,16.4
351,04/2015,886,99750.218009534,9788.063937247318,M,59.7,10.7
352,04/2015,262,146648.89202962394,10035.663669360776,M,64.6,14.7
353,04/2015,222,91381.17637725876,7925.169384028216,M,39.2,11.6
354,04/2015,731,88672.7506877513,8796.498417810799,,35.2,7.5
355,04/2015,31,73547.35723691579,8320.263124901127,,36.7,16.8
356,04/2015,32,97398.9481178993,8054.387301853811,M,55.5,2.4
357,04/2015,545,78193.78874563306,7634.205028522504,M,42.4,3.8
358,04/2015,553,84162.4386445052,7166.191136198635,M,35.3,1.8
359,04/2015,284,89551.26235276362,8283.251858799425,M,40.5,14.4
360,04/2015,94,76071.24641944794,7649.1900656963135,M,,9.2
361,04/2015,472,97392.72493139647,8886.702363001381,,40.5,8.5
362,04/2015,748,62881.431997811924,6735.204435055471,F,40.7,14.3
363,04/2015,3,62723.44539405081,8357.073931133322,M,49.3,4.7
364,04/2015,676,98605.91896200039,7958.207923194054,M,43.8,17.0
365,04/2015,233,125720.75316149178,9298.780109772772,M,38.2,12.8
366,04/2015,919,92806.6682478694,8738.519237345201,M,34.6,11.6
367,04/2015,54,80385.27680629093,7807.953012855228,M,57.6,1.3
368,04/2015,95,81338.78547738491,8419.105296803182,M,55.1,14.3
369,04/2015,818,84792.4845651639,8343.821912137706,M,,4.6
370,04/2015,349,100774.38717345994,8718.875358870158,M,63.1,16.7
371,04/2015,224,92068.97013388181,8576.323411124162,M,42.2,9.8
372,04/2015,526,99735.88533185438,9691.216756293265,M,62.7,18.8
373,04/2015,613,110514.75157223074,10615.12402226203,M,50.9,2.5
374,04/2015,845,89279.64688824378,9185.593171467945,M,,5.5
375,04/2015,894,75911.08452775954,7958.962892303105,M,47.3,18.1
376,04/2015,419,74683.17906558828,7370.969594898283,M,,18.2
377,04/2015,707,96511.62655429427,8396.149200409205,M,56.4,12.6
378,04/2015,426,106131.75453852682,9102.119386469343,M,43.0,7.2
379,04/2015,427,92731.55229294405,9932.31855071659,M,48.1,3.4
380,04/2015,978,108001.66552980115,8367.864153142044,M,40.8,8.0
381,04/2015,610,112813.27568260476,10314.626207165818,M,64.5,8.9
382,04/2015,76,84831.00284130729,6654.087514180704,,46.8,11.5
383,04/2015,629,86555.56767301823,9741.301085885632,M,46.4,15.7
384,04/2015,326,84740.1369501397,7125.145203017227,M,32.6,1.6
385,04/2015,875,97893.24876907251,9727.930817291546,,42.4,16.3
386,04/2015,409,99399.99850663898,9098.403140958331,M,45.0,14.6
387,04/2015,940,83651.57587675987,6978.464770373304,M,53.9,9.6
388,04/2015,642,76938.62621500915,8417.966814110665,M,43.3,8.4
389,04/2015,14,92496.20959175505,8548.516213105047,M,56.5,1.7
390,04/2015,129,78151.10399287404,9676.470884854823,M,35.6,11.3
391,04/2015,474,62850.47334707994,8687.57472088972,M,56.2,13.1
392,04/2015,312,78341.15009199323,7510.069966478475,M,61.2,13.4
393,04/2015,708,57338.96980479386,6721.279711771707,M,40.4,1.6
394,04/2015,30,126672.28288541845,9592.79468654488,M,46.1,9.2
395,04/2015,161,77999.64890819119,8082.379376202873,M,51.3,2.9
396,04/2015,839,99100.5106253361,8714.211800494084,M,36.7,1.6
397,04/2015,400,121502.33397241394,9608.84988563291,,58.4,10.9
398,04/2015,375,101121.63809799921,10635.441985756412,M,43.3,18.2
399,04/2015,298,78520.88577882701,8795.279751936545,M,39.2,11.8
400,04/2015,29,107719.8762402389,10157.80490053375,M,46.5,10.7
401,04/2015,679,80813.65566069061,7868.7351019590915,M,32.7,10.4
402,04/2015,422,115869.43633939316,9101.15476432243,M,50.1,11.6
403,04/2015,50,95953.52936976208,8076.100190921101,M,53.7,9.0
404,04/2015,804,91478.678561823,7872.746845988957,M,32.4,13.2
405,04/2015,627,69683.20742138603,7541.1365160587975,M,41.2,15.2
406,04/2015,874,84625.56983278795,7428.561421712759,M,38.0,2.2
407,04/2015,165,83016.99799183615,9155.42690982213,F,50.4,17.6
408,04/2015,905,93551.37216558796,8870.971147973425,M,32.6,15.8
409,04/2015,37,71904.42004709046,7759.436346162029,M,43.8,12.4
410,04/2015,501,85526.88544147134,7186.802670444305,M,47.7,9.3
411,04/2015,529,74540.64367459812,8450.890173685277,M,47.6,6.1
412,04/2015,774,80867.84856395592,8580.121403823749,M,62.2,17.0
413,04/2015,772,76190.87981958066,8056.262391624993,M,47.7,8.2
414,04/2015,773,95154.6809710062,8147.989915643668,M,,14.6
415,04/2015,388,72287.3264889795,7848.774044963622,M,,1.6
416,04/2015,194,93591.75541259741,8505.835916698776,M,65.8,18.7
417,04/2015,778,63908.388255458136,7731.125687179151,M,62.7,4.5
418,04/2015,830,101617.55635913128,8679.179842001598,M,49.8,5.2
419,04/2015,655,77625.07126395384,7968.289070035377,M,51.5,7.7
420,04/2015,461,116719.47498738163,8709.606335517687,M,64.8,2.5
421,04/2015,927,72293.2738155645,6881.850257417563,M,53.3,9.6
422,04/2015,90,102064.01298965748,8772.50935942289,M,60.6,11.5
423,04/2015,348,86938.47741944679,9113.676450414561,M,60.8,1.0
424,04/2015,313,105561.50165887088,8684.940245159283,M,53.1,14.1
425,04/2015,590,95585.78819139223,8994.301332372754,M,40.8,4.2
426,04/2015,179,108809.67524017218,9241.145515824546,,52.8,15.2
427,04/2015,496,107133.88745793131,9008.127967232962,M,58.0,17.3
428,04/2015,517,87493.09240566983,9118.710831787552,M,46.1,16.4
429,04/2015,744,89523.54165411295,9292.03260448309,M,48.2,14.3
430,04/2015,682,83383.26001937246,7986.749728027107,M,46.5,10.8
431,04/2015,809,76414.45232597852,8444.043337196166,M,40.3,17.8
432,04/2015,658,79798.33339055687,8815.801277073724,M,46.5,11.6
433,04/2015,158,83128.14493793668,8897.279813062136,M,,3.0
434,04/2015,357,77922.89140320296,9040.425727767855,M,42.8,9.0
435,04/2015,221,62221.651664401776,6948.007338944618,M,64.0,3.7
436,04/2015,633,87073.38394469005,8053.788013970386,F,46.4,2.6
437,04/2015,721,72647.965723988,6818.507428890874,M,36.7,14.4
438,04/2015,783,80803.49145402388,9116.966239564168,M,43.3,9.7
439,04/2015,304,83614.92073702699,8648.309056870583,M,60.5,17.7
440,04/2015,789,114833.38767495083,8868.951175524151,F,39.7,8.0
441,04/2015,486,91937.62616979307,8086.709300926,M,56.4,5.1
442,04/2015,580,117623.44165362371,9258.72926663542,M,63.8,10.4
443,04/2015,6,74882.34547588744,8376.171674419327,M,35.5,15.1
444,04/2015,934,107204.78653670002,9724.447355522689,M,32.4,13.9
445,04/2015,645,88443.86520669285,8633.531423174718,M,52.4,2.3
446,04/2015,206,78880.14505939768,7812.973351309547,M,64.2,5.3
447,04/2015,401,73628.46687456718,7889.90836989984,M,,13.2
448,04/2015,826,78717.42528796321,8067.656871343756,M,33.8,5.3
449,04/2015,83,62851.89056416022,7790.216063304065,M,65.4,8.2
450,04/2015,183,79991.12135180057,7269.929908206707,M,41.2,14.6
451,04/2015,42,74638.268805805,8942.612005665118,M,56.3,13.9
452,04/2015,722,83351.49186434451,8694.028669523661,M,45.4,18.3
453,04/2015,503,99025.95374830994,7630.381935260297,M,,18.0
454,04/2015,620,110585.59792997311,9241.137574877566,M,57.3,1.6
455,04/2015,755,93565.86518308932,7765.1785813993765,M,53.1,14.7
456,04/2015,873,95564.03576500935,8589.826164651493,M,33.1,16.5
457,04/2015,781,67080.32793158149,6968.124985463097,M,33.4,14.1
458,04/2015,40,91303.24230563425,8730.955340660405,M,36.4,9.0
459,04/2015,240,76952.5091204109,7836.381234843091,M,,5.8
460,04/2015,436,75446.63734476009,8216.527232748327,,37.8,12.0
461,04/2015,320,79458.977628961,8486.351526159875,M,43.1,14.4
462,04/2015,723,128084.83845899397,9777.886507848798,,,3.7
463,04/2015,947,92917.24397996953,10517.102998892993,M,41.6,14.9
464,04/2015,168,86201.52839074896,9038.962221761838,M,60.0,11.2
465,04/2015,259,78817.4512683017,8450.005272219998,M,60.8,2.7
466,04/2015,913,74733.0301516631,7816.560294534824,M,53.6,9.3
467,04/2015,985,85951.39112919774,7907.180446539003,M,51.8,15.1
468,04/2015,539,76002.70834336695,7718.855852705967,M,41.5,10.6
469,04/2015,975,73444.1412450628,7888.222618258189,M,46.1,9.3
470,04/2015,771,83761.43933536707,7946.172632019079,M,59.1,12.7
471,04/2015,566,90014.90418973341,9884.188851448993,M,,11.7
472,04/2015,325,77877.90542858398,6800.919480608396,M,59.5,7.6
473,04/2015,813,83891.82414053968,9855.64423659939,M,56.3,16.7
474,04/2015,253,106428.63750868416,8585.0731281017,F,52.5,18.0
475,04/2015,817,124526.96117148946,9196.726597207471,M,35.7,7.4
476,04/2015,958,92948.68686910282,9195.876921426565,M,42.6,2.3
477,04/2015,564,97880.05346957291,9340.74526901827,M,36.5,18.6
478,04/2015,448,90794.99360195956,8540.376109540168,M,51.5,15.3
479,04/2015,322,78069.82988582819,8540.091193649328,M,45.2,13.4
480,04/2015,909,102269.03730290377,8972.999386014557,F,45.0,18.5
481,04/2015,208,74779.2427699777,6746.78862989712,M,57.5,3.7
482,04/2015,306,83760.43273973237,7055.279910412064,M,57.0,16.2
483,04/2015,471,85161.02176603078,7244.624640867945,M,64.4,4.4
484,04/2015,833,85698.32922573194,9185.770398790544,M,45.8,14.0
485,04/2015,518,92493.12290686795,8907.46047443733,M,55.0,16.6
486,04/2015,607,102013.74911109381,8845.452496924965,M,34.1,13.1
487,04/2015,743,77003.4450267651,9557.21436776208,M,55.6,1.1
488,04/2015,431,91136.30823771146,8915.065485333787,M,42.5,3.0
489,04/2015,554,79668.6015265493,7669.843513965518,M,40.1,9.5
490,04/2015,866,140929.32132210728,9156.59428116789,M,35.4,6.1
491,04/2015,740,107032.76585747371,9687.351445065831,M,54.5,9.9
492,04/2015,534,80525.86487870569,8290.268945414993,M,63.4,16.5
493,04/2015,681,76741.11298679432,8054.606596243425,M,56.8,4.5
494,04/2015,694,87932.21372858188,9523.869216357136,M,56.6,8.8
495,04/2015,557,73588.96813209799,7822.084473953329,M,61.4,16.5
496,04/2015,204,75323.27421874613,9081.103690659333,M,54.7,9.8
497,04/2015,275,84489.66252197418,7898.283023753809,,34.7,14.8
498,04/2015,525,98083.58658783823,8578.182805840035,M,39.2,9.1
499,04/2015,33,88420.57157028545,9078.68168720325,M,55.9,15.2
500,04/2015,18,96945.51605622587,9740.673727033043,M,36.9,16.0
501,04/2015,835,105638.76918284394,8839.891672053189,M,,12.8
502,04/2015,649,93457.93251404031,9510.68849657548,F,41.6,6.4
503,04/2015,406,93390.19939576443,9201.084550675734,,36.0,1.4
504,04/2015,640,106816.5451702319,9253.954156370473,,64.7,9.2
505,04/2015,79,95367.86845181043,8777.227498172053,M,41.3,4.9
506,04/2015,942,113507.18155358857,7959.117505026324,M,50.2,14.9
507,04/2015,895,67527.56813278473,8391.11848465229,M,33.5,17.3
508,04/2015,766,68389.63074626497,7748.212130865935,M,62.4,7.1
509,04/2015,51,103679.84492298795,7974.922969657975,,39.9,6.9
510,04/2015,702,87808.31994561986,7730.59490568121,M,57.5,12.7
511,04/2015,332,78392.03580149882,8527.441290809384,F,55.0,18.7
512,04/2015,314,117762.78691751909,9825.383505473545,M,49.4,4.0
513,04/2015,118,80403.2205507083,7679.023538368287,M,39.8,9.3
514,04/2015,445,93794.25977014776,8242.090967411403,M,59.4,18.6
515,04/2015,906,78922.77570224233,7721.379456962724,M,57.2,5.3
516,04/2015,555,92875.38617708176,9168.180882107696,M,62.5,3.5
517,04/2015,105,96513.7536763739,8980.052004784851,M,48.3,2.2
518,04/2015,879,77617.24608476339,8839.990958416125,,64.1,3.3
519,04/2015,175,79763.45718385553,7173.092440832824,M,38.2,7.2
520,04/2015,367,120954.08143108385,8558.780392823392,M,58.6,5.2
521,04/2015,810,79117.2758321972,8035.12212908983,M,44.5,2.3
522,04/2015,892,69336.99016338939,7331.916138743794,M,65.4,15.5
523,04/2015,964,81328.01333974606,9613.428703963475,M,50.2,6.4
524,04/2015,946,93636.85427252523,7902.591627494353,M,52.1,6.6
525,04/2015,547,74463.69546374424,9862.304277961726,M,,7.5
526,04/2015,999,79286.27439251775,7104.885767281406,M,45.1,14.1
527,04/2015,953,71687.31461063116,7987.629179088112,M,47.7,14.8
528,04/2015,202,89310.76400197904,8317.386466605007,M,57.6,4.0
529,04/2015,345,80708.66638503336,7837.52392904062,M,40.8,12.9
530,04/2015,718,103318.48185235471,9866.963513255501,M,65.1,1.7
531,04/2015,276,90488.53139279794,8981.219017911239,M,45.1,18.5
532,04/2015,768,89186.14882764495,8784.203292425656,M,63.5,6.3
533,04/2015,411,87061.30195911307,8793.433266164891,M,58.7,2.5
534,04/2015,192,102127.24791611945,7456.932809243738,M,45.7,5.7
535,04/2015,115,98036.13455767227,8727.29061132863,M,36.3,17.6
536,04/2015,162,75393.26221536785,8352.526151234877,M,35.5,12.1
537,04/2015,636,67493.05155855737,6925.024818906782,F,63.9,7.2
538,04/2015,870,134311.28343465083,9030.552661516758,M,42.6,2.6
539,04/2015,468,119084.083590614,9278.13189651181,M,52.3,3.3
540,04/2015,490,87751.67136167575,9143.336778370112,M,62.1,12.7
541,04/2015,558,83822.48784510784,7028.557391563945,M,35.8,9.1
542,04/2015,662,105651.28552792016,8444.741156207474,M,51.0,6.8
543,04/2015,834,99009.43332393059,7616.948336787358,M,39.8,1.8
544,04/2015,907,64638.650437209784,7641.676008161058,F,61.1,3.8
545,04/2015,15,78614.20797490323,9029.206306591246,M,35.0,4.2
546,04/2015,588,71075.14733232283,8229.629644243514,F,47.5,14.8
547,04/2015,859,79722.87382048104,8765.653394356674,M,44.3,4.2
548,04/2015,109,85408.2383376894,7723.959714103543,M,45.2,7.3
549,04/2015,369,90752.65848689346,8591.863278434394,M,36.2,8.9
550,04/2015,188,78127.11033690641,8622.765919409148,M,33.0,18.5
551,04/2015,166,76750.09945700305,9273.151321924162,M,,1.3
552,04/2015,180,63459.1927952285,7961.090173392926,M,48.2,10.8
553,04/2015,986,76326.81703524262,7525.761088546952,M,34.5,8.6
554,04/2015,438,87425.1506568235,9568.287879660113,M,37.4,7.0
555,04/2015,120,76291.69029142,7167.401630359162,F,49.6,7.2
556,04/2015,414,80763.12675939302,7843.466898538974,M,38.1,7.7
557,04/2015,389,74291.08399145493,8010.142510045296,M,58.5,1.7
558,04/2015,91,89558.09612246534,8832.124528302942,M,33.5,2.7
559,04/2015,565,96087.42230259543,9013.859305864085,M,44.3,17.2
560,04/2015,16,77772.43721720901,7740.82244577197,M,47.8,8.0
561,04/2015,443,97129.5033163033,8546.314628980384,M,36.6,1.5
562,04/2015,507,124058.50947144497,9202.57648843306,M,62.1,9.5
563,04/2015,404,80032.21769414427,8405.669340887678,M,55.1,14.7
564,04/2015,280,75747.49382542836,7309.2131284058305,,60.1,2.4
565,04/2015,654,112848.01254808325,8816.421618146347,M,55.4,9.7
566,04/2015,376,73954.45229541573,8445.737608147167,M,37.8,6.4
567,04/2015,169,77090.55947153449,8598.219415970207,M,60.7,18.0
568,04/2015,931,88839.49277526632,8555.27947447396,M,62.2,15.4
569,04/2015,664,67520.27457403665,6714.769167313953,M,45.7,17.9
570,04/2015,272,81272.07982617701,8339.041009447072,M,41.3,10.3
571,04/2015,667,93116.7492633538,9820.94045204395,,53.4,1.7
572,04/2015,209,69691.2033953831,8187.442196720743,M,47.5,11.3
573,04/2015,687,89228.36048774298,10925.784664761455,M,43.9,9.8
574,04/2015,893,96653.42395363504,9021.409806379459,M,38.7,2.4
575,04/2015,184,79657.04094913084,7985.749466136147,M,46.3,14.7
576,04/2015,711,76607.78185200706,7947.468979185287,M,51.6,17.6
577,04/2015,543,69755.09361750587,7634.6694659416635,M,59.2,12.0
578,04/2015,864,88796.00145423917,7347.281388443111,M,35.7,8.6
579,04/2015,995,90700.21361618962,9425.640338900184,M,,3.7
580,04/2015,563,82607.21035211615,9102.397489814732,M,44.1,7.1
581,04/2015,58,92369.97708603997,9069.885511383487,M,61.0,6.9
582,04/2015,46,87523.33266175805,7965.928651275628,M,35.1,13.7
583,04/2015,226,81685.85570737688,7590.864760150625,M,57.1,8.2
584,04/2015,286,79017.36329658015,9178.798834632764,M,64.2,16.9
585,04/2015,475,73854.77900645183,8830.882291842483,M,37.6,9.6
586,04/2015,578,83254.33341395605,8144.434747809833,M,55.7,8.8
587,04/2015,695,89577.9558593972,8982.061624618047,M,40.3,15.1
588,04/2015,417,84344.77635299729,9126.96857793816,M,44.2,3.6
589,04/2015,421,60888.637646328956,7626.894395448391,M,51.3,11.2
590,04/2015,397,87332.71476311836,7975.82937066894,M,,12.9
591,04/2015,273,90177.8221285023,8146.334622300133,M,43.7,13.2
592,04/2015,281,86692.59036927907,7586.166066408921,M,58.1,16.5
593,04/2015,945,64536.88587028128,7572.376311739071,M,40.5,7.3
594,04/2015,862,77500.67831072728,8931.655144230363,F,53.6,4.1
595,04/2015,232,81929.43572285856,8235.884880334092,M,44.7,13.6
596,04/2015,550,93406.79795673424,9258.71731511264,,46.4,7.5
597,04/2015,917,58099.2267621416,7204.276888812009,M,32.3,17.7
598,04/2015,56,76107.30294944519,9309.54417187983,M,38.6,14.0
599,04/2015,377,82167.49849328172,7466.413414144382,F,57.8,4.0
600,04/2015,143,72885.93129265717,5921.2944175839175,M,,7.3
601,04/2015,782,104141.87342666581,9947.859715133047,M,57.1,15.8
602,04/2015,17,76572.68188831772,7611.819586991579,M,,18.5
603,04/2015,800,81818.49440102348,7803.350910147256,M,55.4,15.0
604,04/2015,418,92696.77326021776,8054.3973105603245,M,50.6,9.8
605,04/2015,282,64480.58009785953,7409.1129056609,M,59.1,15.3
606,04/2015,495,80554.3321078456,8000.980791405961,M,52.5,5.5
607,04/2015,492,80625.40800382786,8227.467869140657,M,47.2,11.8
608,04/2015,968,83961.7649264518,9042.684225820032,,59.5,2.6
609,04/2015,802,94528.3397714466,7733.912267615786,M,37.0,11.4
610,04/2015,215,68223.497649048,7371.254514284293,M,52.5,7.2
611,04/2015,959,80506.49737562049,9054.84333311105,M,63.1,13.2
612,04/2015,954,115924.65905790281,9177.157419352226,M,42.1,5.8
613,04/2015,482,120966.0614434113,9806.863488238268,M,65.9,13.1
614,04/2015,102,98113.95268024867,9059.10123635392,M,55.2,11.6
615,04/2015,776,89500.69888165669,9511.637980766125,M,,15.6
616,04/2015,528,83636.8479257831,8197.488859117913,M,32.7,15.5
617,04/2015,292,80804.41230125305,7860.346022484648,M,32.6,13.2
618,04/2015,971,111509.38772452073,8799.581086523578,M,63.6,15.5
619,04/2015,152,95070.53044020508,6784.9710713231025,M,35.5,3.3
620,04/2015,750,102401.01730491423,9739.398689477888,M,57.0,16.5
621,04/2015,199,87717.43215545529,7567.192193660082,M,49.2,13.1
622,04/2015,154,109729.52241118162,10812.31109169763,M,,6.9
623,04/2015,675,96247.69981111227,8672.480117934763,M,56.2,10.5
624,04/2015,288,97701.40305683536,8067.629876742636,,47.6,18.3
625,04/2015,523,89502.86803595595,9028.91017096732,M,32.1,1.2
626,04/2015,688,131125.54309415934,9703.706696608624,M,41.3,4.0
627,04/2015,360,92737.86966646728,8182.885835976818,M,49.5,12.0
628,04/2015,960,129965.70171413092,9342.055877885716,M,55.1,9.8
629,04/2015,368,63949.933511353054,7658.292920916317,M,53.8,14.7
630,04/2015,456,123653.48079015018,9403.169591972488,M,55.8,5.9
631,04/2015,512,101409.40018097943,7848.475737833199,,50.1,15.9
632,04/2015,650,121833.27770609147,10171.667642745708,M,43.0,12.5
633,04/2015,380,103916.12232356789,8621.211194914147,M,61.4,1.5
634,04/2015,139,74259.3457568939,7855.387387388191,M,56.4,8.7
635,04/2015,994,118055.88297642877,9403.685326873267,M,42.5,2.6
636,04/2015,689,87223.2261694736,8752.317278816186,M,63.1,2.4
637,04/2015,243,88207.14599670494,7396.753914160351,M,38.2,16.7
638,04/2015,148,94203.5214168321,9340.097634879257,M,64.4,9.8
639,04/2015,252,77961.97532476496,6845.7765142421895,M,40.6,14.0
640,04/2015,265,78794.30383752414,8893.018806321148,M,39.6,3.8
641,04/2015,362,72908.12350770546,7834.945947703812,M,39.0,3.7
642,04/2015,336,92363.3883921403,9025.607492119927,M,53.4,15.5
643,04/2015,928,90343.69178032615,8518.212638659199,M,63.0,14.1
644,04/2015,515,109036.16855639298,9429.180923738106,M,56.7,9.7
645,04/2015,483,93865.24007831835,6799.859481476546,M,47.0,12.5
646,04/2015,395,77113.69337080851,7599.605901400062,M,59.5,16.9
647,04/2015,758,77148.23686154773,7419.825722561142,M,45.8,3.4
648,04/2015,361,105310.35303297221,10383.958420622184,,51.1,15.4
649,04/2015,657,79356.9137308468,7727.771164807165,M,53.9,10.4
650,04/2015,761,145205.52330101488,10072.697923695361,M,33.4,8.7
651,04/2015,881,76402.07982979351,8050.570165653164,M,53.5,2.0
652,04/2015,197,124061.34825000519,9355.857573878597,M,44.6,12.9
653,04/2015,290,97513.12938728678,8286.353989459609,M,37.7,4.3
654,04/2015,742,69718.72250915009,6889.039935095821,M,47.7,1.4
655,04/2015,848,100941.64896366087,10098.2726273614,M,58.3,10.1
656,04/2015,820,68236.68865297044,8123.215042210248,M,32.4,14.0
657,04/2015,122,84171.9140317156,8775.554280965134,M,42.0,5.7
658,04/2015,340,76574.05280060435,8112.85088219232,,43.5,6.5
659,04/2015,714,74928.51162787547,8300.193382653999,M,39.5,9.7
660,04/2015,699,103249.98721343484,8498.037954258085,M,38.8,17.8
661,04/2015,825,107351.38873819221,8158.427248094808,M,39.7,5.7
662,04/2015,717,60394.19032770042,7024.656798499964,M,51.8,18.7
663,04/2015,318,79320.07698769117,7055.544783775763,M,60.5,9.5
664,04/2015,104,89816.51013551536,9134.697186873376,,57.0,5.7
665,04/2015,816,86849.63142262606,8541.517448902927,M,32.0,1.0
666,04/2015,296,73285.47990317203,7949.787258355752,M,42.2,11.1
667,04/2015,696,80476.59480115831,8331.74002477439,M,41.1,14.7
668,04/2015,27,95108.61212682724,6653.620862992563,M,54.5,12.8
669,04/2015,22,93558.05265656416,9815.71689177343,M,50.2,13.8
670,04/2015,785,128958.02654896349,9065.640111440585,M,,14.7
671,04/2015,256,124142.82423405288,8736.228512002624,M,,8.8
672,04/2015,75,103886.41835124807,8223.337789675707,M,47.3,6.5
673,04/2015,5,78552.50610169208,8563.39513071275,M,39.8,4.7
674,04/2015,217,114858.70233919991,9681.573657603985,M,64.4,14.8
675,04/2015,869,91754.14558653644,8555.04744708105,M,38.4,13.3
676,04/2015,385,68138.55682686772,8608.579830956563,M,44.9,9.4
677,04/2015,941,84628.20228627005,9214.488428131672,M,35.0,2.8
678,04/2015,712,90795.04673872078,8742.881420610896,F,,13.8
679,04/2015,939,91427.95265673079,9121.801604467504,M,49.5,2.4
680,04/2015,710,98816.47382344,8054.672516198338,M,57.4,7.4
681,04/2015,34,108613.78985176669,10195.525765863184,M,,18.6
682,04/2015,559,80923.69502955479,7013.3671812285165,F,62.8,4.7
683,04/2015,463,99078.34144147926,8859.66509516369,M,48.9,10.3
684,04/2015,605,64642.43237401569,7634.647222962358,F,63.6,5.9
685,04/2015,424,74990.96145235389,8306.069843740954,M,49.8,3.8
686,04/2015,851,89183.48254362417,8653.826636002026,M,43.5,2.4
687,04/2015,444,75602.81402363394,7514.523647329193,M,45.4,4.1
688,04/2015,790,87217.43034991178,9030.875170721392,M,37.6,5.0
689,04/2015,106,84452.25721837652,7846.041343714369,M,42.4,1.2
690,04/2015,455,109666.89618149394,9793.378916917614,M,,3.9
691,04/2015,223,81529.85893680598,6830.586310927799,,53.2,5.2
692,04/2015,242,113736.24228234982,8724.934049383368,F,46.1,14.5
693,04/2015,77,109988.68877276652,8996.380392046543,M,63.4,8.9
694,04/2015,961,78343.05972548424,9054.790377661382,M,62.4,6.9
695,04/2015,416,95903.24877651689,8099.936307609366,M,50.8,16.2
696,04/2015,506,73455.5159006793,8708.971746124467,M,38.7,5.6
697,04/2015,287,79712.67261565292,8105.360757701654,M,40.1,15.2
698,04/2015,52,135147.51131141966,9360.398570836736,M,55.3,5.2
699,04/2015,132,94466.68995028993,8183.579349362006,M,60.6,17.3
700,04/2015,319,90285.51005598267,7505.424344858601,M,42.7,9.7
701,04/2015,871,56425.008012469174,6657.0836825656415,M,,7.2
702,04/2015,213,77607.55402044632,8718.529358323723,M,40.4,15.2
703,04/2015,846,81795.43860718777,9514.808887161527,M,33.1,17.2
704,04/2015,351,81011.3225411452,8109.936271551505,M,53.7,7.8
705,04/2015,324,67421.70449307158,8063.647801562277,M,54.6,9.8
706,04/2015,173,104602.03187488217,8920.164687407414,M,46.9,9.3
707,04/2015,88,93144.56341548616,9015.245115305182,M,43.9,18.0
708,04/2015,347,82716.20611692451,8005.397702812628,M,,15.2
709,04/2015,513,109586.10641017876,8912.229878166823,M,42.2,14.3
710,04/2015,487,67001.00223187551,7625.292427783275,M,32.3,14.8
711,04/2015,295,77572.29667310372,7779.80623749578,M,46.5,8.4
712,04/2015,430,107724.82857209892,8647.468694457444,M,,11.6
713,04/2015,437,67732.185412076,7692.772593735755,M,35.0,9.8
714,04/2015,644,119867.21838281276,9627.560512891796,M,60.0,5.4
715,04/2015,803,120063.63578683416,9713.398496704925,M,39.6,13.8
716,04/2015,2,86634.55220723563,7497.942181638189,M,65.5,1.0
717,04/2015,932,72053.1734269384,7112.893725208108,,37.4,12.0
718,04/2015,843,101319.59593788044,9737.730076524516,F,40.4,15.0
719,04/2015,138,89763.2568191966,8588.307037838968,M,34.5,5.5
720,04/2015,356,62703.519349431874,7717.14595952308,M,51.3,12.6
721,04/2015,466,129237.64277219481,10162.955373408386,M,51.7,13.4
722,04/2015,729,111258.30002818974,8901.44143593093,M,59.3,9.7
723,04/2015,535,84857.03133896233,10011.454168075146,M,62.7,2.9
724,04/2015,715,94164.00308638696,6674.758627712753,M,51.8,5.3
725,04/2015,70,108576.26764882295,9807.948111005566,F,59.0,4.7
726,04/2015,485,88179.18735871749,9056.325671055381,M,56.3,15.4
727,04/2015,128,77559.34543030018,8756.563040379744,M,52.0,5.9
728,04/2015,587,119196.38709144414,9556.510037238138,M,51.7,9.9
729,04/2015,142,104870.19539023067,8511.039460908994,,37.3,14.2
730,04/2015,938,106082.18875913312,8311.15324523035,M,64.5,16.4
731,04/2015,725,111780.98096716408,7337.225805443869,M,39.9,3.3
732,04/2015,801,103782.06856936135,7845.9517587556975,M,42.7,11.4
733,04/2015,653,87590.76510306798,8192.201331454244,M,57.7,13.8
734,04/2015,921,65955.25996658723,7259.213309633339,M,55.5,17.4
735,04/2015,98,73537.58633303587,7863.285851534749,M,39.4,10.5
736,04/2015,608,88638.62400403178,9078.399845264761,M,63.9,13.4
737,04/2015,576,106371.90402436093,8524.453974340042,M,64.1,4.1
738,04/2015,936,89589.34717941565,9651.837862417704,M,55.9,11.4
739,04/2015,301,73255.84001283476,8210.020930637249,,33.7,2.0
740,04/2015,266,85949.47375422185,7496.847269918216,M,36.1,1.4
741,04/2015,499,68722.73103883573,8209.49764814923,M,32.6,1.0
742,04/2015,133,122216.10960250128,10201.75341071547,M,43.3,13.8
743,04/2015,989,83235.50415014,7018.191207903145,M,,6.4
744,04/2015,619,78252.10603994266,8676.319221359481,M,55.2,4.2
745,04/2015,136,95291.65539087953,9307.11969621973,M,58.5,1.0
746,04/2015,277,89710.11660072808,8932.448048888698,M,33.1,12.5
747,04/2015,267,83881.18624585605,9410.66278061148,M,52.8,4.8
748,04/2015,749,93330.0116297693,9479.726583530974,M,40.0,12.2
749,04/2015,254,85947.58108444176,8297.417369735067,M,57.0,18.2
750,04/2015,630,61874.96726784175,8529.62624219895,M,45.0,17.3
751,04/2015,339,79504.71083728119,8223.427392127218,M,41.1,18.1
752,04/2015,203,84848.57582780225,9477.439080552827,M,59.0,16.3
753,04/2015,107,91427.76303697574,9143.43444151429,M,49.9,10.0
754,04/2015,24,106746.5567276409,9733.904769040595,M,33.6,12.8
755,04/2015,668,81581.78879281865,8270.652331151954,M,,14.9
756,04/2015,837,104321.9837129008,9564.57470110259,M,36.8,12.8
757,04/2015,392,143247.60610588713,10194.967340997142,,33.3,4.8
758,04/2015,330,76299.15754905138,8409.155560146333,M,,2.2
759,04/2015,151,84856.9677982766,8509.78410281904,M,48.4,18.7
760,04/2015,856,123531.15102751365,8591.209947281817,M,53.8,16.7
761,04/2015,976,95460.59725664546,8669.342942175339,M,57.8,1.9
762,04/2015,831,79838.61664305451,8397.670660273754,M,54.2,8.5
763,04/2015,991,70015.45386473119,6192.954423378227,M,35.2,11.1
764,04/2015,201,91320.5012782976,9537.382401183824,M,57.3,6.1
765,04/2015,788,86021.84208477224,8426.285236658365,M,32.6,18.3
766,04/2015,1,74336.11193096425,7987.565790840629,F,43.8,1.4
767,04/2015,103,54452.53105727575,7015.5655347346665,M,64.3,11.8
768,04/2015,53,75668.27212400212,8102.1700916585605,M,56.0,7.9
769,04/2015,241,82060.18651842346,8798.113619643958,M,36.5,11.2
770,04/2015,346,97854.77046368002,8867.637720395172,M,49.3,16.0
771,04/2015,450,109564.49592040041,9493.94915419227,M,57.8,13.3
772,04/2015,628,75613.77586662499,7048.8065169531765,M,61.0,15.2
773,04/2015,700,95413.96052230617,9809.35616439267,M,51.2,10.6
774,04/2015,4,112059.3336305283,8435.710173685397,M,59.6,11.7
775,04/2015,334,152329.6222543284,10192.28660066542,M,56.3,7.2
776,04/2015,641,82937.59025130421,10066.545307882363,M,33.8,11.0
777,04/2015,794,66446.59712329232,7152.767848426091,M,34.9,12.3
778,04/2015,390,64352.28373584726,7837.223720152329,M,54.7,12.7
779,04/2015,141,110899.58719316861,7969.094787301854,M,44.7,8.8
780,04/2015,980,88113.33583513444,8023.5495446348195,M,36.0,2.1
781,04/2015,734,62606.51992419013,7939.716543724284,M,47.7,11.6
782,04/2015,342,116633.96298542817,8341.749576284297,M,43.7,4.9
783,04/2015,370,59511.48503476271,7227.0599133973155,M,46.2,1.9
784,04/2015,480,75646.51847013073,7837.922429121197,M,38.6,11.5
785,04/2015,902,69660.75151630501,8162.503872752486,M,63.6,5.8
786,04/2015,477,110153.1014998146,9461.253103768891,M,46.4,8.8
787,04/2015,193,66478.54635480826,9312.355545688692,M,52.8,16.4
788,04/2015,476,123430.42077001762,9318.415264422614,M,,18.3
789,04/2015,537,98081.34489836256,9771.028539972767,M,37.3,2.5
790,04/2015,591,87121.35712701571,7784.633257590147,M,56.1,9.5
791,04/2015,189,83724.85656359182,8052.510732277077,M,41.9,5.9
792,04/2015,596,104350.62760651391,10521.666030208888,M,56.2,13.7
793,04/2015,235,113986.32293833715,9412.827479262425,M,37.4,9.0
794,04/2015,520,81693.40835687476,8323.79805796466,M,54.7,8.8
795,04/2015,677,75715.04078260672,8423.982409996594,M,58.8,14.4
796,04/2015,704,134869.71076349274,9558.267618879823,F,57.6,7.7
797,04/2015,355,80482.65076733066,8388.49308201485,M,50.0,3.0
798,04/2015,247,91926.0632749065,7725.354001699044,M,53.5,2.0
799,04/2015,207,82829.22961737675,9568.516856973865,M,47.8,3.5
800,04/2015,990,63848.780520548455,7575.621280881355,M,36.3,4.7
801,04/2015,41,112455.6738636359,9218.07766696383,M,36.9,10.0
802,04/2015,678,65860.56878084355,7169.533200585389,M,55.7,7.7
803,04/2015,663,96402.50548341495,8971.240316955169,M,56.7,12.1
804,04/2015,28,95299.70092857239,8408.087407966177,M,65.2,4.4
805,04/2015,672,88547.09655928117,8971.906815449602,M,53.2,13.5
806,04/2015,393,92888.83512525776,10184.989913516541,M,33.5,7.3
807,04/2015,615,111799.52900694945,9617.847912448275,M,51.3,2.9
808,04/2015,923,85553.47420539484,7637.942865000398,M,32.0,7.7
809,04/2015,544,81966.39148387423,8099.610460043324,M,39.6,13.0
810,04/2015,364,67650.51232867276,7654.491212907095,M,41.0,9.2
811,04/2015,573,101638.14967669001,7932.033257736418,M,60.9,6.4
812,04/2015,125,84826.19375708725,7913.005056247621,M,37.2,9.2
813,04/2015,949,81428.55430655122,7950.224862093722,M,36.4,12.6
814,04/2015,510,75630.98191595692,7973.729142125134,M,55.0,12.2
815,04/2015,878,90087.95720420503,7840.46560994775,M,36.2,5.5
816,04/2015,992,87154.6400385726,8483.353017275602,M,36.1,17.3
817,04/2015,8,90605.89396753283,8523.357845711716,M,39.7,13.2
818,04/2015,984,88198.91745100442,10845.712173653248,M,42.3,10.7
819,04/2015,763,76818.82904312926,8360.43030968425,M,37.4,6.6
820,04/2015,973,92926.04180201564,10682.853154401311,M,39.5,15.8
821,04/2015,25,77257.80700569024,7739.068269652479,M,34.8,14.6
822,04/2015,541,74473.85391011552,8788.025244169141,M,48.7,8.1
823,04/2015,757,78840.59778458251,7959.751935784431,M,,13.5
824,04/2015,374,100097.74468969696,9264.099564951677,,39.7,13.9
825,04/2015,64,95893.1278830859,8871.13763816278,M,46.0,5.6
826,04/2015,500,86341.38198627227,8927.373730396128,F,46.2,13.5
827,04/2015,647,87380.52317900913,8308.075283502792,F,63.4,11.7
828,04/2015,614,83815.95980949099,6995.123667147964,M,59.8,17.8
829,04/2015,21,68714.43981745373,7738.176848728185,M,32.8,7.5
830,04/2015,13,80375.96264602049,8149.401666106193,M,43.1,15.2
831,04/2015,639,126040.99776897108,10399.973393779852,M,50.0,9.2
832,04/2015,868,75204.69259946582,7801.023201946797,M,32.5,7.3
833,04/2015,805,113321.02658216601,10364.529641536867,M,40.7,10.5
834,04/2015,891,116775.24127061212,10026.45982310382,M,56.5,13.8
835,04/2015,561,90046.59368487916,7926.752280312471,,44.2,6.2
836,04/2015,709,94794.88000100883,8809.227201524016,M,38.7,12.6
837,04/2015,429,84384.09834194208,8972.048343862709,M,46.7,4.7
838,04/2015,720,79727.8238292762,8829.042914707132,M,64.6,15.1
839,04/2015,187,81321.28973403237,8096.715266505314,M,48.7,17.0
840,04/2015,457,71498.8615804966,8009.107987191063,M,63.5,10.5
841,04/2015,844,122098.2142013899,9013.509633046468,M,47.4,2.4
842,04/2015,552,80891.79378431098,8541.611373073842,M,61.3,7.3
843,04/2015,498,67121.58052374302,9164.316043264524,M,49.2,15.3
844,04/2015,230,91089.88674588814,7942.189522188191,M,38.2,5.1
845,04/2015,131,98678.13396432062,8283.708436036022,M,35.1,16.0
846,04/2015,268,78380.7880112289,8248.666368603552,M,41.2,11.2
847,04/2015,634,111924.49520731588,8830.3301631344,M,46.8,4.5
848,04/2015,930,96259.57082405528,6678.736754581527,M,54.4,16.9
849,04/2015,730,129942.87318915036,10203.238505463343,M,60.8,1.5
850,04/2015,386,59039.36634736076,8553.356444127834,M,37.5,12.8
851,04/2015,897,86812.46064096961,9564.12031071635,M,43.3,2.5
852,04/2015,604,75742.2618247037,7421.756321271739,M,59.8,7.6
853,04/2015,850,106718.51092037803,8880.505056493323,M,39.4,1.4
854,04/2015,626,134692.45932451138,9298.209853343446,M,51.8,18.1
855,04/2015,163,87391.69771602083,6811.291734285841,M,58.5,9.1
856,04/2015,82,105273.92304531317,9922.439403534838,M,61.7,4.0
857,04/2015,36,56162.03146356176,6578.110776913207,M,37.4,16.3
858,04/2015,977,81043.08975631405,9903.240047277259,M,56.2,3.7
859,04/2015,123,106695.59921352103,8811.210386366543,M,65.3,11.5
860,04/2015,92,121601.08168660461,10166.5133175134,M,41.4,15.1
861,04/2015,26,98629.07103581913,9733.536571062017,F,47.5,2.7
862,04/2015,251,79701.51347932333,8791.526908959802,M,43.0,11.9
863,04/2015,598,82262.22434312783,8136.778879583661,M,51.3,9.4
864,04/2015,524,105921.31365930682,10513.705395023802,F,39.5,18.5
865,04/2015,726,102211.4263552127,9152.724027066293,M,58.1,4.5
866,04/2015,263,98673.59442814485,10258.563339128834,M,52.2,12.2
867,04/2015,365,82331.59579668326,8575.115132668117,M,37.6,5.3
868,04/2015,44,79673.70897822194,7632.702732432123,M,61.5,8.9
869,04/2015,530,80591.37698042291,7783.520927486501,,47.2,6.9
870,04/2015,838,81902.02294455236,8109.4850289998485,M,,17.2
871,04/2015,311,84826.38629299334,8344.335677102586,,32.1,9.4
872,04/2015,447,90706.02159746361,8738.256317080883,M,65.5,12.1
873,04/2015,993,88827.88332973007,8102.103170950739,M,35.0,2.9
874,04/2015,315,87367.33832058635,8358.624654112633,M,61.1,8.7
875,04/2015,20,77222.68194060297,9429.280120578962,M,52.1,18.1
876,04/2015,618,105473.2326979262,9611.608220681646,M,63.9,9.0
877,04/2015,43,111731.76416763777,9950.864128177393,M,57.3,1.2
878,04/2015,190,83648.80184533914,8384.764711836564,M,57.5,14.1
879,04/2015,659,105287.50793028764,8284.795592619403,M,65.4,14.7
880,04/2015,47,114424.77171989156,9311.680884496382,M,40.7,5.3
881,04/2015,987,89301.41409953254,8430.691837965594,M,32.4,13.8
882,04/2015,71,104979.67289133933,8584.390505065936,M,39.0,1.0
883,04/2015,198,73601.36463562328,8327.609487886608,M,41.1,16.6
884,04/2015,473,87612.54838280342,8221.273458635973,M,59.5,14.6
885,04/2015,338,76947.2256733159,7567.119711718284,M,42.2,4.3
886,04/2015,440,104634.059903599,8946.957242772824,F,39.6,4.4
887,04/2015,246,75325.13615362397,7184.79235036877,M,57.2,15.1
888,04/2015,116,86699.31079525604,8298.180933423511,M,42.2,10.6
889,04/2015,849,78588.87549395098,8460.20286053563,M,65.4,12.1
890,04/2015,900,78610.97808416319,8742.779583854444,M,41.5,9.4
891,04/2015,359,132674.3904100679,9706.001379531279,M,47.7,7.9
892,04/2015,299,95933.93759813101,9074.35460237287,M,50.1,2.0
893,04/2015,7,75941.5567262557,7858.859077095276,M,40.8,14.1
894,04/2015,297,103017.1043286658,7218.1316171441495,M,53.7,1.0
895,04/2015,822,99157.35315695766,9446.935627641862,,54.0,2.9
896,04/2015,648,85950.02091006476,9099.466416746494,M,49.6,4.4
897,04/2015,294,97173.70820496687,9916.507737935499,M,59.6,4.9
898,04/2015,491,65816.71280550127,7294.786518568869,M,61.1,3.2
899,04/2015,568,76776.02079352709,7992.338115582841,M,,16.5
900,04/2015,584,69936.1358263327,7722.712371067859,M,43.3,14.9
901,04/2015,690,81622.69538325001,7557.214218752168,M,,8.8
902,04/2015,291,99162.96292092153,10020.728245724476,M,33.2,5.4
903,04/2015,49,83654.66277741095,8154.632591354905,M,45.1,3.0
904,04/2015,585,81027.57210413319,8566.602214277187,M,37.9,11.3
905,04/2015,606,96129.56390470699,9410.485394259993,M,51.5,15.1
906,04/2015,693,57772.65810304729,7358.04291455294,,53.1,9.9
907,04/2015,944,87660.25323854784,9464.052492879391,M,49.4,14.1
908,04/2015,793,75832.12118696918,7337.930520365784,M,35.0,12.5
909,04/2015,425,110434.3872007565,9134.276921725083,M,,17.9
910,04/2015,683,45900.7368311726,5793.651836523726,,54.5,3.6
911,04/2015,656,66453.53664927144,7478.462172471254,M,56.4,17.8
912,04/2015,488,93763.58262236594,10357.02001754172,M,32.4,5.8
913,04/2015,61,66808.46894061119,7159.424746040699,M,34.1,16.4
914,04/2015,904,83144.2591941829,7857.157762253902,M,,4.0
915,04/2015,378,99357.35219556231,8941.42040274613,,36.7,3.5
916,04/2015,269,87221.83635864983,8504.698428228588,M,39.7,8.1
917,04/2015,889,70660.62509669362,7992.620392744201,,55.5,2.0
918,04/2015,481,59767.109604391924,7266.485894423606,F,51.5,17.1
919,04/2015,344,118377.18343296376,11047.340518917099,M,51.0,11.8
920,04/2015,99,120564.90432551161,8391.893209922246,M,55.3,5.7
921,04/2015,832,87154.1478883541,9232.860302492898,M,,13.3
922,04/2015,127,105287.3944131475,8464.261239434221,M,55.8,11.8
923,04/2015,617,100732.56445907091,8437.981990148439,M,38.2,17.4
924,04/2015,770,109323.14846942415,9564.12840013771,M,56.6,15.9
925,04/2015,484,50909.28702831978,6256.098512212875,M,36.2,4.1
926,04/2015,341,93411.61521043495,9816.84385527448,F,63.1,16.9
927,04/2015,982,78352.5177653254,8870.819154811272,M,,9.4
928,04/2015,212,76800.66849833644,6671.717384564181,M,46.4,1.6
929,04/2015,589,73583.20243269744,7059.810726000953,M,40.7,6.4
930,04/2015,797,96986.2260973459,9447.110034231366,M,44.6,5.9
931,04/2015,753,104999.26343980034,10450.246634837475,M,32.8,12.8
932,04/2015,227,96173.28064250233,7989.951821608187,M,,16.2
933,04/2015,86,87553.51640515123,9449.336646043783,,,5.4
934,04/2015,680,96201.3248119,10219.17552339645,M,61.1,18.9
935,04/2015,195,91067.64642571361,6646.0954306400645,,54.1,8.8
936,04/2015,595,74325.15942823653,8845.237009959326,M,45.4,7.1
937,04/2015,854,81579.04992083633,9435.429136532108,M,44.2,18.7
938,04/2015,828,81427.35224081342,8701.066953175996,,50.6,1.1
939,04/2015,261,77557.92665351789,7634.825522390941,M,36.4,18.5
940,04/2015,603,81835.20959013332,8058.968704967013,M,34.9,10.7
941,04/2015,379,114072.36960562147,9804.928491006389,M,65.1,12.4
942,04/2015,888,108578.31107022412,10045.544713239655,M,,4.0
943,04/2015,741,102739.93461933015,8159.860414759246,M,42.4,11.2
944,04/2015,60,76657.98884439163,7578.289748652363,M,53.4,11.0
945,04/2015,955,83710.45602646781,9225.442427334194,M,35.8,8.5
946,04/2015,62,64086.06449033327,6708.2739222526025,M,34.0,4.3
947,04/2015,638,77283.9508802616,7777.8026922110585,M,62.7,9.4
948,04/2015,697,98830.45967442865,8738.731466717316,M,35.0,15.2
949,04/2015,147,65563.27151428857,8020.201557476732,M,53.7,14.7
950,04/2015,637,93576.28383025737,8086.447771816426,M,63.3,3.0
951,04/2015,799,116420.56573768161,9099.814409735181,M,45.3,1.1
952,04/2015,178,89003.60151781791,7870.391466182605,M,49.0,7.8
953,04/2015,806,83125.23829753007,8293.78506929963,M,50.3,7.6
954,04/2015,300,90690.36943154283,8372.179722430648,M,35.9,9.5
955,04/2015,998,178228.2946440813,10268.158654381532,M,32.1,1.4
956,04/2015,337,84516.41675332314,8379.713176266941,M,36.0,9.4
957,04/2015,549,97418.74138705275,9703.296919507173,M,55.1,16.4
958,04/2015,767,77302.3791224624,8065.709838529056,M,56.5,1.2
959,04/2015,157,62701.85153076063,8170.305696292466,M,56.8,16.2
960,04/2015,540,96995.21326414321,10893.234245350275,M,41.6,6.5
961,04/2015,108,62351.923853442226,6681.504668770847,M,51.2,2.9
962,04/2015,352,84506.0060917155,8403.423588144135,M,58.1,9.3
963,04/2015,847,58904.15620911827,7957.030643888354,M,51.0,5.2
964,04/2015,479,88931.23932302147,8599.393414168506,M,54.6,1.0
965,04/2015,622,64010.15669151333,8316.68413221485,M,53.2,7.6
966,04/2015,937,89490.15468026305,7174.620150772078,M,54.9,11.5
967,04/2015,775,89790.46246397619,8970.095223285203,M,50.4,9.8
968,04/2015,623,99702.54612688626,8548.962137080183,,,14.4
969,04/2015,87,121107.66604486367,11265.099869331365,M,48.0,15.4
970,04/2015,80,81373.94024065348,9016.874876001946,M,57.8,17.5
971,04/2015,434,114535.79826336898,9665.937350783777,M,36.5,7.7
972,04/2015,210,84391.2704933259,8051.046426218857,M,37.0,1.9
973,04/2015,860,90814.83970663002,8552.122109182345,M,38.0,16.8
974,04/2015,220,86878.32999924842,9005.538692316788,M,32.1,7.3
975,04/2015,769,90756.73174879562,7819.083894617936,,58.8,18.9
976,04/2015,692,65027.109108159464,7400.962898243484,M,42.5,2.3
977,04/2015,546,131586.52330628797,8389.529474257572,M,55.6,13.5
978,04/2015,777,84910.15908514176,9725.588142932927,M,59.2,16.0
979,04/2015,581,74608.67622682701,8422.53376456467,M,35.5,18.5
980,04/2015,452,90799.3328492371,8426.72560095301,M,53.3,4.4
981,04/2015,511,85530.7125114877,8348.960006822179,M,35.2,10.9
982,04/2015,214,82250.00335162328,7868.833926633714,M,,5.9
983,04/2015,234,99678.56391419818,8999.687606397485,M,42.7,6.2
984,04/2015,853,75432.17986968752,8257.25390133204,M,42.5,2.3
985,04/2015,551,68309.0759029733,6687.4588812846605,M,,4.3
986,04/2015,505,95946.50855965345,8150.962371233987,M,33.7,2.5
987,04/2015,508,123837.22282754615,9543.457184342764,M,54.1,8.3
988,04/2015,795,95406.21138452108,10047.721367944472,M,50.4,8.6
989,04/2015,317,86719.06953786923,8589.149271762066,M,33.3,2.7
990,04/2015,792,80965.05729093349,8372.844359925715,M,,8.7
991,04/2015,974,70084.13518583092,7887.658469594507,M,34.8,8.2
992,04/2015,117,110830.5592158231,9773.412275560153,M,59.4,17.1
993,04/2015,410,89015.9271323337,7897.634655469009,M,38.0,17.4
994,04/2015,182,78180.30605198762,8841.03413825259,M,40.0,14.4
995,04/2015,119,63570.1405796653,7241.15004962343,M,65.9,15.4
996,04/2015,236,82854.17985319323,8405.106262240124,M,42.3,6.7
997,04/2015,449,75507.8569080166,8436.909786379341,M,38.4,18.7
998,04/2015,494,104256.56655523647,8672.324620638123,M,48.7,7.9
999,04/2015,609,92905.11061886617,9199.63076187653,M,,4.6
1000,08/2015,943,76511.48419435909,7225.481589799602,F,58.4,0.6
1001,08/2015,966,79481.4346217743,8573.26315640758,M,46.8,0.1
1002,08/2015,250,80498.28129121728,7734.6218496417505,M,32.0,0.1
1003,08/2015,156,91850.78883960722,8401.658017851367,,64.8,0.7
1004,08/2015,67,83526.43417635445,8160.017650454297,M,60.7,0.4
1005,08/2015,684,72787.823658828,6794.986910728205,M,,0.5
1006,08/2015,527,86570.6723000562,7524.655981873198,M,,0.4
1007,08/2015,556,86510.60204035092,9278.216505798222,M,50.7,0.8
1008,08/2015,446,96822.79325445238,8339.261218725349,M,49.5,0.1
1009,08/2015,841,91552.2289912388,7178.224609713029,M,48.2,0.7
1010,08/2015,126,77997.3856123942,7424.073023929283,M,53.2,0.7
1011,08/2015,910,84137.07328612496,9765.330581577793,M,58.2,0.6
1012,08/2015,112,111886.77470917128,8309.774724583607,M,54.8,0.9
1013,08/2015,191,83056.80421567573,8187.977759855111,M,50.4,0.1
1014,08/2015,739,100768.19789821989,9268.724111239626,M,37.6,0.6
1015,08/2015,579,86768.10229394642,7956.627695859426,M,41.3,0.3
1016,08/2015,111,142302.30795899275,9450.23606416175,M,45.4,0.8
1017,08/2015,285,68374.2004393498,7235.62144132579,M,47.3,1.0
1018,08/2015,796,87806.92728408017,7750.374773286032,M,59.2,0.3
1019,08/2015,310,94638.22522970817,9449.59599619763,M,42.2,0.8
1020,08/2015,458,76657.45559448033,7653.290090434459,M,39.7,0.2
1021,08/2015,884,114400.19356004299,9553.339115459405,M,64.1,0.6
1022,08/2015,335,92041.50766349187,8750.917238124111,M,47.0,0.8
1023,08/2015,521,94347.37653399557,9166.86165241913,M,56.1,0.8
1024,08/2015,887,85695.51108956539,7472.967033352437,M,,0.0
1025,08/2015,601,85655.1243580034,7681.756358301111,M,39.8,0.2
1026,08/2015,11,118332.45648555315,10698.309333201016,M,39.1,0.6
1027,08/2015,624,107843.11211472453,8678.765863534538,M,52.8,0.7
1028,08/2015,737,111705.96417831248,8510.596449622542,M,58.1,0.3
1029,08/2015,823,103618.9958583708,9858.39845707001,M,50.6,0.3
1030,08/2015,752,97250.22938797859,9052.73892226768,M,63.6,0.4
1031,08/2015,732,101919.62165016678,7780.484354826617,M,54.1,0.5
1032,08/2015,493,74489.92678631403,8049.17729103138,M,61.1,0.2
1033,08/2015,159,86222.58794246687,7672.151684400893,M,48.4,0.6
1034,08/2015,225,117693.69082254868,10415.486121004855,M,,0.6
1035,08/2015,784,107466.7794243355,8448.137354521903,M,54.3,0.2
1036,08/2015,171,111549.41310007409,9699.616957167038,M,49.4,0.4
1037,08/2015,460,55273.0395785665,7870.712248803102,F,33.0,0.3
1038,08/2015,408,106140.1154406503,8719.366762125606,M,65.0,0.9
1039,08/2015,239,89438.00919848085,9749.809690818925,M,60.4,1.0
1040,08/2015,812,78041.99312104157,8123.655688111602,M,54.7,0.9
1041,08/2015,896,74850.20974932416,7635.993230565162,M,58.5,0.0
1042,08/2015,354,124769.50549995898,11345.66589103538,M,65.2,0.4
1043,08/2015,574,89182.27357901869,8114.093377330375,M,60.7,0.3
1044,08/2015,186,84688.4147752528,8600.205755702595,M,65.7,0.6
1045,08/2015,381,93241.10466399639,9384.87780436302,M,44.0,0.1
1046,08/2015,898,97073.93015516244,9214.395485994108,M,46.5,0.0
1047,08/2015,405,72546.89826600126,7539.514829015594,M,32.2,0.1
1048,08/2015,439,96044.75764542876,7908.404563347659,M,65.2,0.3
1049,08/2015,532,83484.09389833886,8934.382538303382,M,38.2,0.5
1050,08/2015,665,125945.48466187403,8463.936475533925,M,,0.6
1051,08/2015,962,90423.69755591862,8966.90579535945,,53.5,0.8
1052,08/2015,303,93484.36208698519,9370.212652949074,M,37.0,0.6
1053,08/2015,996,98128.39411614777,9803.684419538255,M,41.0,0.5
1054,08/2015,836,101139.16494558445,10227.860258202041,,55.4,0.2
1055,08/2015,840,89599.33118796589,8166.388656802362,M,35.8,0.3
1056,08/2015,459,110230.63102206742,9671.64318229329,M,36.2,0.4
1057,08/2015,611,58822.62672236303,8096.8284941349275,M,62.4,0.4
1058,08/2015,467,71049.79046203737,7585.53381025379,M,,0.5
1059,08/2015,786,107353.58406023511,8596.917111014272,M,46.5,0.0
1060,08/2015,23,84203.6282789822,9199.455444579278,M,51.4,0.9
1061,08/2015,302,78890.38903536522,8676.494722947267,M,47.2,0.2
1062,08/2015,289,66985.96533295985,7985.205279093764,M,39.5,0.5
1063,08/2015,155,103788.1075493399,9467.43633352054,M,57.3,0.4
1064,08/2015,327,68512.74579833241,8682.210810832901,M,51.8,0.8
1065,08/2015,114,114547.7802320876,9591.936474694881,M,61.1,0.9
1066,08/2015,756,104118.7344528822,9404.134045474586,,54.8,0.3
1067,08/2015,880,85072.93770837713,9452.209882264664,M,45.6,0.6
1068,08/2015,660,79920.58998292223,7453.138937914801,M,56.5,0.9
1069,08/2015,454,93868.16969608757,8150.750866633069,M,40.2,0.2
1070,08/2015,969,92759.56643642754,9413.002019851756,F,62.8,0.7
1071,08/2015,176,111735.18719158573,9306.736252810264,M,35.8,0.9
1072,08/2015,432,100559.23507659575,9118.02491350237,M,47.3,0.9
1073,08/2015,531,100302.5280192651,9065.856097974236,M,46.6,0.9
1074,08/2015,101,65927.56758677107,7036.636001290811,M,,0.9
1075,08/2015,738,73858.09677652857,8970.156642182832,M,36.7,0.3
1076,08/2015,271,75943.12867829557,7376.240159831355,M,64.8,0.4
1077,08/2015,423,75488.65575976764,6517.054568711684,M,59.1,0.6
1078,08/2015,765,84766.31647497413,7777.862526514325,M,47.8,0.8
1079,08/2015,691,89589.08960496266,9434.58648451201,M,44.8,0.4
1080,08/2015,533,83316.1274463511,7846.2166564801755,,35.8,0.1
1081,08/2015,716,86600.64120752134,8019.839401726208,M,39.8,1.0
1082,08/2015,922,84787.12126214385,9197.677149784266,M,58.5,0.8
1083,08/2015,174,120579.14034699315,10221.294646516768,M,46.1,0.9
1084,08/2015,200,72984.33812631427,7991.170424274165,M,39.0,0.7
1085,08/2015,316,87922.0426465833,7208.8148315658855,M,34.8,0.2
1086,08/2015,307,71079.67241503805,7898.953224683572,M,65.0,0.7
1087,08/2015,882,90394.35987842653,9206.075722527139,M,33.7,0.6
1088,08/2015,706,92059.53762188312,10246.637978168968,M,51.7,0.3
1089,08/2015,829,108676.98946508969,9567.871017503632,M,35.3,0.5
1090,08/2015,719,92178.60500901072,8772.22593458999,M,32.6,1.0
1091,08/2015,935,88590.11282993888,9516.948865329701,M,38.9,0.3
1092,08/2015,68,81631.78348980605,9241.289181610538,F,35.8,1.0
1093,08/2015,815,104782.31475161159,8897.389096035775,,64.2,0.3
1094,08/2015,747,91796.07186485415,9584.210596707606,M,43.6,0.7
1095,08/2015,798,58074.251860074684,6543.435907949966,M,35.3,0.4
1096,08/2015,865,96149.62051345062,10315.959088838941,M,58.5,0.3
1097,08/2015,399,72101.81569166847,7021.459340513696,M,53.1,0.9
1098,08/2015,509,83511.88298269249,9477.442329152096,M,46.7,0.5
1099,08/2015,308,72122.8285206347,7937.768755102195,M,48.1,0.9
1100,08/2015,502,83193.08709647489,7896.843415922934,M,61.5,7.9
1101,08/2015,81,69113.04894303303,8218.919432606446,M,42.4,14.4
1102,08/2015,814,119957.32988011505,9415.562980463097,M,33.1,18.7
1103,08/2015,666,87273.13420065801,7718.050783065742,M,35.3,8.7
1104,08/2015,205,73330.31033294414,8477.795599393685,M,56.6,9.9
1105,08/2015,759,75621.93451459927,6896.854863185356,M,44.5,3.4
1106,08/2015,96,110853.38296964449,8632.535832379705,M,37.2,9.4
1107,08/2015,671,102253.8688681415,8018.180225673289,M,61.4,16.8
1108,08/2015,100,118571.160158559,9246.262589754673,M,38.1,17.2
1109,08/2015,321,75812.24738039645,8366.461387009125,M,,10.1
1110,08/2015,602,73680.20697031321,8778.58119714414,M,37.3,17.8
1111,08/2015,453,88805.84700990593,9663.224395011845,F,60.6,5.4
1112,08/2015,396,112739.73194283844,8816.589929226344,M,33.1,12.5
1113,08/2015,113,105087.53848260145,9045.201167794425,M,,16.9
1114,08/2015,988,80915.93102599318,7321.928878142289,M,32.9,11.3
1115,08/2015,956,80740.57940170245,7849.927788319876,M,65.3,15.6
1116,08/2015,59,90386.26023461935,7343.280534475242,M,46.9,8.1
1117,08/2015,593,84584.69184177207,8359.362426801286,M,43.4,15.5
1118,08/2015,10,113318.73499819849,8454.31416168061,M,45.5,6.4
1119,08/2015,196,87494.1066790937,7711.4755863145465,M,46.2,4.3
1120,08/2015,38,62558.056439997716,7410.393527972133,,51.3,5.9
1121,08/2015,625,77083.80876688451,7730.622919340086,M,57.7,13.8
1122,08/2015,570,84946.46203858864,8402.763766083632,M,47.1,16.8
1123,08/2015,745,90382.50715142244,8743.659431332288,M,51.3,15.9
1124,08/2015,764,87754.39007831908,9007.476237777018,M,47.3,15.0
1125,08/2015,66,116224.03566637558,9878.808195274449,M,40.0,18.9
1126,08/2015,84,89610.16401025161,8574.090940564869,,36.5,18.8
1127,08/2015,462,86500.80464506574,7333.42767249592,,39.3,10.3
1128,08/2015,952,100604.78168246069,8133.781278698146,M,56.4,4.4
1129,08/2015,970,65845.85002572947,7693.1790342723625,M,34.0,11.4
1130,08/2015,333,73001.34422420504,8288.65120070962,M,50.1,8.4
1131,08/2015,274,100895.05896023886,8091.188121889205,M,63.7,8.6
1132,08/2015,981,98890.84143411125,8790.391786262928,M,62.2,1.6
1133,08/2015,110,82083.34653408831,7930.630358377021,M,59.4,15.7
1134,08/2015,383,77076.99080850156,8315.24880722688,M,37.5,15.6
1135,08/2015,542,76697.14723881391,8778.058018536285,M,35.2,7.8
1136,08/2015,787,112591.45752928173,7749.5745996640235,M,59.9,12.3
1137,08/2015,57,83605.01823011872,7786.165414639336,M,65.6,16.7
1138,08/2015,412,93270.12872787121,9491.0975905891,M,59.3,4.6
1139,08/2015,177,73402.00885546858,7822.207218987679,M,41.0,1.9
1140,08/2015,560,115818.71796998587,8220.255201523003,M,41.8,12.4
1141,08/2015,398,68993.56875153795,8040.9303192202715,M,52.0,4.8
1142,08/2015,916,83254.805691704,7434.558685497068,M,65.1,18.0
1143,08/2015,965,63538.16936422722,6986.915710664887,M,65.8,5.6
1144,08/2015,746,67462.7115975687,6878.47209079859,M,48.2,1.6
1145,08/2015,912,73899.56798116077,8116.933294360808,M,55.6,16.5
1146,08/2015,257,66950.75072341625,6841.315827269603,M,36.1,4.5
1147,08/2015,727,112208.89806208863,9446.070004014788,M,53.5,16.6
1148,08/2015,144,67836.563852582,7552.349652378993,M,43.3,7.4
1149,08/2015,164,107250.79857386339,10081.813808916657,M,39.8,10.5
1150,08/2015,48,85808.03449693829,8508.788916265996,M,63.4,11.9
1151,08/2015,872,72295.62953752182,7384.351388808389,M,50.2,11.6
1152,08/2015,391,80922.04517463846,9286.93785326962,M,47.8,2.2
1153,08/2015,703,82449.8582559917,9315.20980877319,M,,7.8
1154,08/2015,504,71836.65114885985,7543.374098028978,M,40.0,1.8
1155,08/2015,876,79256.66627773599,6965.217803323902,M,34.7,5.8
1156,08/2015,69,99472.6148083824,9273.148268735666,M,57.1,11.5
1157,08/2015,736,99430.80647346147,9846.647868515412,M,43.1,13.3
1158,08/2015,899,117802.42753949511,9020.819487957922,M,58.6,10.2
1159,08/2015,219,88983.5130686095,8014.987537674026,M,39.4,17.3
1160,08/2015,451,75359.31464366353,6304.7498726511485,M,47.1,10.2
1161,08/2015,407,90305.42608230302,7759.870396037179,M,46.4,2.4
1162,08/2015,735,89531.37256797028,8427.357823316614,M,54.1,4.8
1163,08/2015,249,109657.95572580789,8957.926983792537,M,60.9,8.2
1164,08/2015,145,77371.2830553559,8310.048691730557,M,49.4,7.5
1165,08/2015,12,77943.47796643981,8636.191013887441,M,59.0,15.6
1166,08/2015,724,75531.923740072,8237.328404536713,F,47.8,16.0
1167,08/2015,728,93017.22576864054,8387.822010467531,M,57.5,2.9
1168,08/2015,948,67062.67789251909,8584.060385290626,M,37.5,3.6
1169,08/2015,464,85608.01992903173,8059.149929395765,M,58.4,6.4
1170,08/2015,278,90296.67404242605,8819.328316724797,,47.4,10.8
1171,08/2015,89,92434.23099134472,8280.577947138647,M,42.9,7.5
1172,08/2015,124,92031.28200122756,7840.350822170427,M,35.2,9.5
1173,08/2015,185,62811.46208799186,7410.554664602059,M,35.5,14.5
1174,08/2015,514,80449.80985739094,7008.0759951130985,M,45.0,12.9
1175,08/2015,651,103429.70373135037,7821.813671309449,M,39.2,8.3
1176,08/2015,669,120310.27589120745,9434.344702610417,M,52.7,13.9
1177,08/2015,97,120618.24557211062,8605.867836216568,M,62.2,11.0
1178,08/2015,924,91538.57508229442,8576.56585882239,M,64.5,11.3
1179,08/2015,323,99153.0241619466,9011.833049918505,F,48.5,8.9
1180,08/2015,643,88387.35238315957,9643.01750146342,M,35.7,16.0
1181,08/2015,890,85296.40063161017,9135.02335370757,M,55.4,17.6
1182,08/2015,929,119548.6487070286,9252.96993847435,M,41.7,4.4
1183,08/2015,670,75047.73603922922,6841.705453073875,M,36.1,8.3
1184,08/2015,181,97221.8121875952,8875.607219035526,M,36.8,10.0
1185,08/2015,963,94439.03613717254,9191.064009760663,M,50.0,10.8
1186,08/2015,997,103975.5687710547,9298.416342309825,M,61.6,10.5
1187,08/2015,858,101826.61881663855,7862.350051882576,M,38.2,1.5
1188,08/2015,403,113365.17222053712,7442.6903385729465,M,45.4,7.8
1189,08/2015,572,81822.69125883191,8595.844232734182,M,,7.6
1190,08/2015,754,133231.18000524925,9618.566824244903,M,55.8,11.8
1191,08/2015,72,105292.433440507,8235.931275430179,M,46.7,11.5
1192,08/2015,283,92363.44715499507,8320.787900619483,M,57.9,9.6
1193,08/2015,705,92027.65097592279,8147.212712860865,M,46.5,1.7
1194,08/2015,983,91269.96251282241,9199.3611126379,M,36.0,14.7
1195,08/2015,305,66505.7618718804,7474.341584292874,M,63.1,4.2
1196,08/2015,857,86092.05313288026,9439.651003302111,M,37.8,3.3
1197,08/2015,74,78620.06515605362,7411.925382916199,M,37.2,15.0
1198,08/2015,824,115618.68322537791,9340.700012271396,M,56.3,2.9
1199,08/2015,231,71954.57248041562,6903.914129171505,,42.2,17.8
1200,08/2015,130,68114.93472044541,7269.236580884417,M,59.5,15.0
1201,08/2015,248,113681.63680422514,9641.502485678444,M,36.4,14.8
1202,08/2015,149,72270.25676740202,8872.10363629723,M,52.6,5.5
1203,08/2015,329,94223.4384463005,7432.531724807079,M,43.4,4.5
1204,08/2015,582,98390.98477573047,10559.406319775013,M,46.1,4.4
1205,08/2015,328,105403.67279682361,10073.311314874218,M,39.4,11.4
1206,08/2015,779,99933.9420630133,8336.832811921156,M,,18.0
1207,08/2015,807,101241.66444394841,8290.17235781486,M,,12.8
1208,08/2015,821,90624.68443991846,7783.486322008451,M,55.6,4.4
1209,08/2015,366,80067.1930666407,8316.67320275738,M,42.9,7.5
1210,08/2015,433,59715.36361954826,6539.351812187309,M,37.5,8.6
1211,08/2015,371,83044.53380604951,7233.709438906133,M,52.2,5.6
1212,08/2015,384,101602.98081326215,8336.825667607662,M,43.5,2.5
1213,08/2015,632,78565.23734394541,7965.322614158029,M,35.3,14.1
1214,08/2015,861,81782.92938546115,8419.783562500123,M,48.3,12.6
1215,08/2015,65,70743.70620905767,6739.840664144026,,46.8,15.7
1216,08/2015,877,76309.70819093286,7852.105775907519,M,40.8,16.7
1217,08/2015,244,83754.94085771368,7212.799889156482,M,40.5,3.1
1218,08/2015,863,150178.42988877124,10218.806539169866,M,48.7,17.6
1219,08/2015,350,88041.00451785013,6996.525749790153,M,52.6,18.5
1220,08/2015,160,72491.70694973903,7497.582198307189,M,34.9,18.1
1221,08/2015,45,85617.1572186263,7251.691244131251,M,40.4,11.4
1222,08/2015,497,70958.8844786741,7313.817985997401,,46.3,11.7
1223,08/2015,237,137225.64127365372,10398.224583116385,M,39.1,10.7
1224,08/2015,9,58136.35816425877,7108.470005035986,M,50.3,8.9
1225,08/2015,172,57776.41853486541,6931.409799060785,M,55.4,10.6
1226,08/2015,918,90673.05163463409,7533.846037839802,M,45.0,2.6
1227,08/2015,950,82504.58343562011,7960.680516083605,M,34.7,6.3
1228,08/2015,134,63999.27500774755,7467.22224907303,M,64.7,6.2
1229,08/2015,140,64025.71527244578,7612.295236635679,M,,14.0
1230,08/2015,238,77936.49433420344,8374.64861470576,M,61.8,3.6
1231,08/2015,567,60170.69588593408,7283.450129599834,M,49.1,15.0
1232,08/2015,146,89992.62199358037,7960.70406928318,M,38.1,5.6
1233,08/2015,519,91498.43310383636,8017.616472418538,,42.7,1.7
1234,08/2015,428,57034.4923948731,6671.612376771954,M,37.0,13.8
1235,08/2015,612,126689.62987962549,9673.85301348095,M,56.8,10.3
1236,08/2015,153,73471.39219186036,7543.310584245078,M,32.3,18.2
1237,08/2015,592,96150.6170534835,7042.1825649468265,M,52.6,12.7
1238,08/2015,713,81618.76820905303,7212.79786953392,M,45.8,18.2
1239,08/2015,933,63805.57707961829,7497.406983440949,M,48.6,14.2
1240,08/2015,686,88030.1875755664,8967.859116776452,M,40.8,5.5
1241,08/2015,331,106683.48377829288,8656.192548935567,M,36.7,9.1
1242,08/2015,885,85243.86238329553,8154.211851756432,M,62.8,6.5
1243,08/2015,842,77835.34035546385,7903.485307739231,M,48.5,6.3
1244,08/2015,951,94265.34918292,8125.546224121798,M,65.1,10.5
1245,08/2015,597,85798.9679774202,8220.909754221935,M,60.0,13.1
1246,08/2015,93,91658.71877242066,7659.850618616282,F,38.4,14.3
1247,08/2015,402,99013.93753788646,8435.353061838348,M,35.4,15.1
1248,08/2015,435,94877.8959410013,7844.264473155292,F,60.5,17.1
1249,08/2015,751,98507.54021922032,8566.66205151185,M,55.1,6.5
1250,08/2015,733,76906.18735681956,7359.822452972974,M,52.2,13.6
1251,08/2015,121,107830.37609211775,9198.320631584378,M,58.7,18.4
1252,08/2015,760,109780.20201087337,9661.196247208687,M,47.8,11.1
1253,08/2015,372,96974.23118886382,9054.906691671578,M,33.0,14.3
1254,08/2015,441,70369.64021100172,7865.467190921968,M,51.6,2.3
1255,08/2015,270,102390.87506042296,8402.122266451319,M,40.7,10.1
1256,08/2015,260,101548.13045038567,9348.670092589857,M,34.6,1.1
1257,08/2015,442,102928.71449669433,9157.797185576812,M,61.5,13.5
1258,08/2015,19,99519.2897473311,9244.522878080015,M,,12.4
1259,08/2015,218,86862.84393703876,8197.988291733755,M,60.8,12.0
1260,08/2015,1000,76744.6693789803,8698.269020580088,M,45.2,4.0
1261,08/2015,967,107715.33251700923,9289.440196514182,M,56.6,2.4
1262,08/2015,413,102272.10782331556,9537.922018543051,M,47.8,1.0
1263,08/2015,780,99694.54548306248,8125.875634106498,M,51.8,1.9
1264,08/2015,538,82897.84114878775,9668.70479637788,,44.3,13.5
1265,08/2015,255,88535.03229847972,8656.81511355442,M,50.9,15.2
1266,08/2015,211,81461.4808824491,8589.52304151969,M,36.7,8.5
1267,08/2015,465,73462.97719898786,8376.41864774266,M,62.0,17.2
1268,08/2015,583,102146.10558126992,8539.025731966922,M,39.0,8.2
1269,08/2015,489,57627.45101087183,7519.584313988335,M,39.7,17.4
1270,08/2015,353,102503.03344081111,8590.484572885882,M,65.9,5.3
1271,08/2015,415,66353.65255982471,6988.928375016564,M,62.5,7.1
1272,08/2015,594,82774.77909391515,8216.141747545145,F,44.6,12.7
1273,08/2015,957,102519.25673773888,9088.850032568542,M,55.4,5.3
1274,08/2015,394,87543.26625915834,9190.54471347131,M,56.1,5.1
1275,08/2015,674,75894.04655444554,9134.44778221279,M,61.2,16.6
1276,08/2015,646,90703.46936561394,8781.423992400521,M,35.1,10.2
1277,08/2015,972,90929.79783393405,9377.582290552962,M,65.6,1.6
1278,08/2015,791,96185.1158353751,7275.402102964575,M,60.0,8.0
1279,08/2015,78,90716.52025328233,7647.040347870129,M,36.8,7.9
1280,08/2015,548,63867.75368498502,7604.336814226042,M,52.2,12.5
1281,08/2015,536,80335.02949384283,7694.449732326369,M,55.4,3.4
1282,08/2015,621,80963.90127850122,7969.429932396818,M,54.8,1.7
1283,08/2015,762,72647.40302434987,8313.311723969176,M,47.3,14.9
1284,08/2015,516,68972.06823186771,7634.848490847898,M,65.6,18.0
1285,08/2015,216,97146.75797083588,8131.572511700897,M,36.4,14.5
1286,08/2015,635,76854.68432419718,8947.605700176464,M,55.3,14.8
1287,08/2015,926,109041.03891637149,9121.439025616784,M,43.2,14.0
1288,08/2015,135,103287.51050006077,8601.666828214611,,,10.5
1289,08/2015,387,84703.79724131551,7188.884920577761,M,46.8,16.0
1290,08/2015,925,77462.50706466274,8114.1775541714205,M,57.3,5.5
1291,08/2015,85,89010.20573237882,7830.940710938495,M,38.7,16.7
1292,08/2015,586,87067.42589356555,8721.369475484044,M,32.2,7.8
1293,08/2015,571,95724.42799194371,8847.469298863238,M,53.2,13.8
1294,08/2015,855,98986.47748997434,8767.132958178083,M,64.2,15.2
1295,08/2015,685,86096.07376269612,8635.045137375879,M,47.0,7.8
1296,08/2015,63,111412.4446992699,9078.24897086188,M,61.6,12.5
1297,08/2015,264,77271.30832160336,9090.166174318114,M,59.1,12.7
1298,08/2015,701,81194.39435617933,8835.216699757411,M,37.3,10.7
1299,08/2015,73,78533.96861791665,8875.270929065584,M,48.6,14.7
1300,08/2015,478,91037.96497378545,8053.313462265214,M,35.7,7.8
1301,08/2015,661,65963.15554247952,6542.700207683665,M,57.1,1.7
1302,08/2015,228,79995.55567057886,8324.158416902455,M,48.1,9.5
1303,08/2015,309,127957.7749337913,8677.784107528603,M,38.3,14.6
1304,08/2015,382,111800.75986942937,8828.31201399486,M,34.4,10.9
1305,08/2015,914,87187.83588690855,8077.2934452326745,M,54.5,6.4
1306,08/2015,170,61821.46898376143,7828.631209014015,M,34.1,16.2
1307,08/2015,808,82735.35970028819,8287.769275090788,M,45.2,4.6
1308,08/2015,279,90625.93523935592,8506.105615592385,M,44.9,3.9
1309,08/2015,852,94137.14067645597,9323.562975297635,F,37.4,13.3
1310,08/2015,258,81571.49550813757,8744.861365168814,M,43.5,6.3
1311,08/2015,920,82861.79104865827,8565.263616332306,,64.9,14.6
1312,08/2015,167,74916.97657519761,8043.301972829436,M,37.0,6.7
1313,08/2015,229,111956.71438552577,8457.664138651158,M,55.1,7.9
1314,08/2015,293,70760.70270150107,6239.95439956061,M,44.9,10.8
1315,08/2015,569,80249.37605738518,8053.2979925444215,M,39.7,13.3
1316,08/2015,39,89382.34819365788,8693.422810341432,M,58.6,1.1
1317,08/2015,562,81614.37142995822,7468.73812606097,M,43.4,10.0
1318,08/2015,819,80143.69551317139,9142.97705807792,M,33.6,15.2
1319,08/2015,652,104939.08015881508,8210.59033682518,,43.2,1.1
1320,08/2015,827,97424.31545731786,8893.710847017339,M,65.0,3.2
1321,08/2015,915,61680.08831339064,6579.655223545616,M,47.0,13.0
1322,08/2015,35,101934.89003905501,8746.261619363431,M,53.3,4.0
1323,08/2015,358,60644.49211168133,6983.463060825307,M,35.8,18.3
1324,08/2015,867,88553.51773393205,7771.282588981048,M,53.5,10.1
1325,08/2015,979,119840.76249604428,9486.56498172093,M,64.3,9.9
1326,08/2015,599,125628.25257723969,11323.092306451957,M,,18.4
1327,08/2015,470,117497.06471747358,10621.837803478376,M,45.0,3.5
1328,08/2015,903,70542.98583635117,8955.933214843006,M,,16.7
1329,08/2015,420,102353.86754225228,8880.973613253458,M,56.3,5.9
1330,08/2015,150,76179.43805603821,8950.89714745911,M,,10.2
1331,08/2015,631,155870.99041496048,8759.034389021099,M,43.4,6.2
1332,08/2015,616,78202.71228644703,8761.351197684638,M,61.5,8.8
1333,08/2015,373,86652.98235609855,7735.392610342118,M,60.9,5.9
1334,08/2015,577,88819.03150118848,8088.35892633125,M,42.5,15.7
1335,08/2015,901,82103.58615883117,8969.336294326335,M,56.5,9.0
1336,08/2015,55,84189.31772272415,7735.52701547151,M,34.9,2.7
1337,08/2015,908,69457.01069689138,7244.9937289885975,M,39.6,15.1
1338,08/2015,883,72888.42399861898,6844.42235318686,M,,15.3
1339,08/2015,522,97307.89791550183,10132.621582966252,M,52.2,14.7
1340,08/2015,811,85572.32805900818,7952.87156669781,M,,18.6
1341,08/2015,137,105242.45235570098,10254.339487345134,M,58.3,17.6
1342,08/2015,600,68401.46633892911,7166.246858933462,M,38.4,17.2
1343,08/2015,673,89338.6826723439,9807.793949374116,M,49.1,5.2
1344,08/2015,575,105339.23783112335,8261.906019745038,M,32.9,10.9
1345,08/2015,469,84154.49730852008,8638.419727978566,M,64.1,10.3
1346,08/2015,698,104487.7962577414,8352.082691250902,M,62.6,5.0
1347,08/2015,245,86152.48761383015,8655.672506818295,M,60.9,13.2
1348,08/2015,363,92508.58054728711,8170.046351196642,M,45.2,1.3
1349,08/2015,911,82284.80199809597,8455.109518036163,M,53.9,13.9
1350,08/2015,343,94033.9429658024,8602.514288314722,M,63.1,16.4
1351,08/2015,886,87856.88215448576,9536.0601942063,M,59.7,10.7
1352,08/2015,262,81821.90796181653,10191.14104052521,M,64.6,14.7
1353,08/2015,222,67044.55044991433,5994.245103695852,M,39.2,11.6
1354,08/2015,731,66494.02161492998,7640.56388512369,,35.2,7.5
1355,08/2015,31,87219.16105875719,8339.751465086865,,36.7,16.8
1356,08/2015,32,82557.72061264177,7936.782963048303,M,55.5,2.4
1357,08/2015,545,69565.45797858028,7336.692301126787,M,42.4,3.8
1358,08/2015,553,66108.55525125717,7450.663863727305,M,35.3,1.8
1359,08/2015,284,86164.97054505956,8476.477361346906,M,40.5,14.4
1360,08/2015,94,97717.86841870159,7599.437338047113,M,,9.2
1361,08/2015,472,105959.6987902325,10312.140987546409,,40.5,8.5
1362,08/2015,748,81439.80287296647,7733.416798297796,F,40.7,14.3
1363,08/2015,3,77105.19921755874,7866.437968218253,M,49.3,4.7
1364,08/2015,676,83946.54821323331,8992.163024091456,M,43.8,17.0
1365,08/2015,233,98416.0786934218,10063.2408436061,M,38.2,12.8
1366,08/2015,919,94485.91059843655,8463.076088606755,M,34.6,11.6
1367,08/2015,54,82210.26671985585,8283.936078469571,M,57.6,1.3
1368,08/2015,95,74238.04988194011,7950.901460911756,M,55.1,14.3
1369,08/2015,818,90505.72186479619,7888.2411907894,M,,4.6
1370,08/2015,349,97954.73655859145,8954.575217662532,M,63.1,16.7
1371,08/2015,224,89073.75179761474,9846.265065954616,M,42.2,9.8
1372,08/2015,526,81030.05911244747,9340.493612654052,M,62.7,18.8
1373,08/2015,613,89284.98027404584,8197.237613796367,M,50.9,2.5
1374,08/2015,845,111002.80405303185,8438.361029335372,M,,5.5
1375,08/2015,894,138322.0697645735,10294.296304920148,M,47.3,18.1
1376,08/2015,419,85869.97888079923,7808.963129988648,M,,18.2
1377,08/2015,707,61191.586747753885,6127.243680099667,M,56.4,12.6
1378,08/2015,426,87504.29159500741,7528.763072175386,M,43.0,7.2
1379,08/2015,427,129101.15786596561,8496.554643632375,M,48.1,3.4
1380,08/2015,978,88135.45336946235,8403.239085748326,M,40.8,8.0
1381,08/2015,610,70611.95828112455,8317.429707425337,M,64.5,8.9
1382,08/2015,76,74232.79482724755,8033.409302943235,,46.8,11.5
1383,08/2015,629,93249.77878295704,7747.581304060186,M,46.4,15.7
1384,08/2015,326,98266.02790778916,9496.37554542939,M,32.6,1.6
1385,08/2015,875,93317.83186168881,7050.792066057013,,42.4,16.3
1386,08/2015,409,104784.77930626333,7822.822576092708,M,45.0,14.6
1387,08/2015,940,103968.50760046799,7800.964274591892,M,53.9,9.6
1388,08/2015,642,87543.19838217605,8985.252065638593,M,43.3,8.4
1389,08/2015,14,85446.65784619813,7967.771304671199,M,56.5,1.7
1390,08/2015,129,72508.60418376648,7637.532124640481,M,35.6,11.3
1391,08/2015,474,71991.41677607797,8071.209747719619,M,56.2,13.1
1392,08/2015,312,63047.08193127911,7367.546985433235,M,61.2,13.4
1393,08/2015,708,86667.906741612,8629.214415366137,M,40.4,1.6
1394,08/2015,30,94028.94830402735,7744.326973774706,M,46.1,9.2
1395,08/2015,161,71630.58366790709,7875.308098491597,M,51.3,2.9
1396,08/2015,839,86112.71479626386,8975.169188485817,M,36.7,1.6
1397,08/2015,400,84913.55731391873,8887.856410649105,,58.4,10.9
1398,08/2015,375,79006.44512760815,9639.225479224917,M,43.3,18.2
1399,08/2015,298,68007.96989925035,8496.027819947072,M,39.2,11.8
1400,08/2015,29,102778.159287773,9630.622635277003,M,46.5,10.7
1401,08/2015,679,119822.73919612922,9017.425466417122,M,32.7,10.4
1402,08/2015,422,92964.1360687814,8788.540024608543,M,50.1,11.6
1403,08/2015,50,91542.60360831517,8158.8897158114905,M,53.7,9.0
1404,08/2015,804,92396.6695384248,7831.410294648837,M,32.4,13.2
1405,08/2015,627,82432.85274592435,7717.766513217787,M,41.2,15.2
1406,08/2015,874,74966.4419437981,7134.029323838873,M,38.0,2.2
1407,08/2015,165,109547.3189091584,8310.687784037105,F,50.4,17.6
1408,08/2015,905,80479.54797174821,8618.367261269228,M,32.6,15.8
1409,08/2015,37,90499.18334729859,8164.362923737153,M,43.8,12.4
1410,08/2015,501,78482.61179818127,7649.452577698706,M,47.7,9.3
1411,08/2015,529,76000.24108365143,8685.37166406792,M,47.6,6.1
1412,08/2015,774,89898.48217796984,8909.163240078473,M,62.2,17.0
1413,08/2015,772,86346.76726409602,9514.657566633216,M,47.7,8.2
1414,08/2015,773,99509.15518950595,9043.805132382438,M,,14.6
1415,08/2015,388,93693.91184806525,10314.276605480949,M,,1.6
1416,08/2015,194,78519.24725692841,8052.232390795835,M,65.8,18.7
1417,08/2015,778,85856.61813258969,7599.086840886563,M,62.7,4.5
1418,08/2015,830,104917.9731647685,9844.69385646914,M,49.8,5.2
1419,08/2015,655,89872.03254241796,8900.210707239014,M,51.5,7.7
1420,08/2015,461,72901.85872059052,7876.624866713575,M,64.8,2.5
1421,08/2015,927,85698.38014763135,8249.547202362903,M,53.3,9.6
1422,08/2015,90,120979.06254988165,9774.63379271447,M,60.6,11.5
1423,08/2015,348,75963.11016628922,8435.493349189894,M,60.8,1.0
1424,08/2015,313,86015.4193983894,8189.840649438309,M,53.1,14.1
1425,08/2015,590,78100.82377870186,8486.974757597525,M,40.8,4.2
1426,08/2015,179,84025.01339563364,7390.793754553077,,52.8,15.2
1427,08/2015,496,101553.9646032682,8003.696222573165,M,58.0,17.3
1428,08/2015,517,88304.75569012378,8318.654711160298,M,46.1,16.4
1429,08/2015,744,111453.51768605315,8288.101305549064,M,48.2,14.3
1430,08/2015,682,102476.61167530999,9154.756902860752,M,46.5,10.8
1431,08/2015,809,64430.43233728726,7032.836079731398,M,40.3,17.8
1432,08/2015,658,91376.61582837718,8424.071260098566,M,46.5,11.6
1433,08/2015,158,90080.87205206291,8488.17501718264,M,,3.0
1434,08/2015,357,81906.62187221636,8583.11642229579,M,42.8,9.0
1435,08/2015,221,68818.45627657679,8296.128308613828,M,64.0,3.7
1436,08/2015,633,67897.1098774831,8212.14852157839,F,46.4,2.6
1437,08/2015,721,85911.5698225632,9120.714909393979,M,36.7,14.4
1438,08/2015,783,74358.06409579176,6965.980468261781,M,43.3,9.7
1439,08/2015,304,80257.75320121512,8539.653685379702,M,60.5,17.7
1440,08/2015,789,107567.98576216989,9309.40115312489,F,39.7,8.0
1441,08/2015,486,119163.18306054351,8345.72262823587,M,56.4,5.1
1442,08/2015,580,76665.30338688078,8663.79464727141,M,63.8,10.4
1443,08/2015,6,97739.90852276907,8916.126191783587,M,35.5,15.1
1444,08/2015,934,74196.93187988208,8584.934516619429,M,32.4,13.9
1445,08/2015,645,71391.96760826148,7954.372888903328,M,52.4,2.3
1446,08/2015,206,84358.50822050862,9071.276899791104,M,64.2,5.3
1447,08/2015,401,78901.10469299996,7671.222666888695,M,,13.2
1448,08/2015,826,98778.96725383663,9006.590192059864,M,33.8,5.3
1449,08/2015,83,84067.88552181551,8695.310104631688,M,65.4,8.2
1450,08/2015,183,67897.02164377566,8118.113227469588,M,41.2,14.6
1451,08/2015,42,95972.95252122369,8809.503505070106,M,56.3,13.9
1452,08/2015,722,146413.49289387738,9110.790734237085,M,45.4,18.3
1453,08/2015,503,79460.85249266919,8308.223194302003,M,,18.0
1454,08/2015,620,101585.28780298555,8260.444508331122,M,57.3,1.6
1455,08/2015,755,118475.59055944627,8412.285571993656,M,53.1,14.7
1456,08/2015,873,80722.8883053221,7651.000419429699,M,33.1,16.5
1457,08/2015,781,131228.69329799677,9488.642577089495,M,33.4,14.1
1458,08/2015,40,62475.73429723875,8313.92957882672,M,36.4,9.0
1459,08/2015,240,70020.165042331,8252.956805977818,M,,5.8
1460,08/2015,436,95415.15954621053,9565.035402414846,,37.8,12.0
1461,08/2015,320,87371.91496679327,9277.39218688152,M,43.1,14.4
1462,08/2015,723,86706.97097745429,9066.359299764752,,,3.7
1463,08/2015,947,85542.5644292978,8592.879724486207,M,41.6,14.9
1464,08/2015,168,76644.63324501974,7798.319169664844,M,60.0,11.2
1465,08/2015,259,86024.7568990695,8600.431655064769,M,60.8,2.7
1466,08/2015,913,102396.92589278695,8718.258432692524,M,53.6,9.3
1467,08/2015,985,91890.01072111631,8879.119536618397,M,51.8,15.1
1468,08/2015,539,71484.46345536006,8317.724497216359,M,41.5,10.6
1469,08/2015,975,95072.4206495531,8146.246465156195,M,46.1,9.3
1470,08/2015,771,87043.92487810097,9129.054841118716,M,59.1,12.7
1471,08/2015,566,90492.46715376302,8878.192633121138,M,,11.7
1472,08/2015,325,104374.24580622671,8884.464843709617,M,59.5,7.6
1473,08/2015,813,101435.81516468083,8844.165415472167,M,56.3,16.7
1474,08/2015,253,85071.38058030672,8031.039067076678,F,52.5,18.0
1475,08/2015,817,132083.15687502912,8286.771522090025,M,35.7,7.4
1476,08/2015,958,87095.93647248435,8097.494745540638,M,42.6,2.3
1477,08/2015,564,88620.93001268995,9238.480953667642,M,36.5,18.6
1478,08/2015,448,79083.24542757537,6257.334796638278,M,51.5,15.3
1479,08/2015,322,82273.93883461424,7500.34157136405,M,45.2,13.4
1480,08/2015,909,75625.50104810386,7978.080605531072,F,45.0,18.5
1481,08/2015,208,80633.19047493866,8515.172049761512,M,57.5,3.7
1482,08/2015,306,108590.37174599481,8722.336640747284,M,57.0,16.2
1483,08/2015,471,82086.4860404763,9495.636127407637,M,64.4,4.4
1484,08/2015,833,84003.97657461492,8766.108205510624,M,45.8,14.0
1485,08/2015,518,78439.8324787982,8723.07615598911,M,55.0,16.6
1486,08/2015,607,91905.73431330764,8844.878975610121,M,34.1,13.1
1487,08/2015,743,76137.85345082733,8913.661738411809,M,55.6,1.1
1488,08/2015,431,109555.58561501066,9791.330298823921,M,42.5,3.0
1489,08/2015,554,96620.22489918952,8613.198111853131,M,40.1,9.5
1490,08/2015,866,91654.6972940585,8450.335370807052,M,35.4,6.1
1491,08/2015,740,101309.19612207523,8346.452700523823,M,54.5,9.9
1492,08/2015,534,89586.79563233446,8798.716392369472,M,63.4,16.5
1493,08/2015,681,77609.79595119352,8703.079927821707,M,56.8,4.5
1494,08/2015,694,92228.21104799058,8935.773675778566,M,56.6,8.8
1495,08/2015,557,65285.135425849505,7089.133405472068,M,61.4,16.5
1496,08/2015,204,79693.2517801712,7634.639122236244,M,54.7,9.8
1497,08/2015,275,77583.22598341526,6940.278779856989,,34.7,14.8
1498,08/2015,525,82387.05569046535,8272.515603718095,M,39.2,9.1
1499,08/2015,33,136529.36624071607,9581.51708372626,M,55.9,15.2
1500,08/2015,18,103112.1339518582,8783.089035370745,M,36.9,16.0
1501,08/2015,835,68690.44499614844,7682.765596907943,M,,12.8
1502,08/2015,649,61158.92020895647,6522.444563888099,F,41.6,6.4
1503,08/2015,406,101308.19627500058,9152.226870799655,,36.0,1.4
1504,08/2015,640,83163.02414061197,8049.2478869132565,,64.7,9.2
1505,08/2015,79,84978.52171473815,7141.949336858654,M,41.3,4.9
1506,08/2015,942,79886.7507044756,9251.124021830596,M,50.2,14.9
1507,08/2015,895,75642.51403121119,5978.658912890846,M,33.5,17.3
1508,08/2015,766,88763.52928422582,8601.966385475944,M,62.4,7.1
1509,08/2015,51,67554.64971232617,7542.422353841977,,39.9,6.9
1510,08/2015,702,64726.96185431979,7200.383680912811,M,57.5,12.7
1511,08/2015,332,78925.19235140155,8624.072697556134,F,55.0,18.7
1512,08/2015,314,101116.57633573207,7903.062479239579,M,49.4,4.0
1513,08/2015,118,59333.706583675514,8674.013980748145,M,39.8,9.3
1514,08/2015,445,101130.6081023559,9377.209061243268,M,59.4,18.6
1515,08/2015,906,70205.4326184507,8210.892989397002,M,57.2,5.3
1516,08/2015,555,107464.47054082876,9708.007251539442,M,62.5,3.5
1517,08/2015,105,68420.60855548058,7862.8713454254075,M,48.3,2.2
1518,08/2015,879,82105.6044441787,9746.857160888889,,64.1,3.3
1519,08/2015,175,74669.10885789337,9229.50606901297,M,38.2,7.2
1520,08/2015,367,106580.40664238512,9676.796818142142,M,58.6,5.2
1521,08/2015,810,72034.54962542692,8208.895864124506,M,44.5,2.3
1522,08/2015,892,101229.16358148796,9208.498451019032,M,65.4,15.5
1523,08/2015,964,105460.35615462127,8992.726644834353,M,50.2,6.4
1524,08/2015,946,59493.919175451374,7802.536875570955,M,52.1,6.6
1525,08/2015,547,107808.69884419758,8864.594910482125,M,,7.5
1526,08/2015,999,97026.11406045052,9098.888132154632,M,45.1,14.1
1527,08/2015,953,73679.76264642668,9449.888384434355,M,47.7,14.8
1528,08/2015,202,79923.07429538337,8265.304535282285,M,57.6,4.0
1529,08/2015,345,99669.2004244851,9050.770645946926,M,40.8,12.9
1530,08/2015,718,84785.19765661407,9221.666977284123,M,65.1,1.7
1531,08/2015,276,99207.3020510882,10486.735647683336,M,45.1,18.5
1532,08/2015,768,81586.10878367962,7693.884061641984,M,63.5,6.3
1533,08/2015,411,84615.18362875271,7864.879200855269,M,58.7,2.5
1534,08/2015,192,98732.38779289633,8003.791989849247,M,45.7,5.7
1535,08/2015,115,45687.04990592999,5890.388825894831,M,36.3,17.6
1536,08/2015,162,76297.19779711952,6961.14652363049,M,35.5,12.1
1537,08/2015,636,85759.04400973827,8791.471096662955,F,63.9,7.2
1538,08/2015,870,66776.62866039875,6099.108672915673,M,42.6,2.6
1539,08/2015,468,79052.84924366328,7712.209512203586,M,52.3,3.3
1540,08/2015,490,98541.87072933263,9097.221362120712,M,62.1,12.7
1541,08/2015,558,102361.2033310693,10002.948865779477,M,35.8,9.1
1542,08/2015,662,81036.89646714677,9578.525266238057,M,51.0,6.8
1543,08/2015,834,97505.83620390676,9453.98492488056,M,39.8,1.8
1544,08/2015,907,97370.96687887225,6854.466926374647,F,61.1,3.8
1545,08/2015,15,73982.28490701882,7728.953587483898,M,35.0,4.2
1546,08/2015,588,94181.07771514294,8806.19190154216,F,47.5,14.8
1547,08/2015,859,102717.03689675212,8208.25861101639,M,44.3,4.2
1548,08/2015,109,71626.91066622522,8212.073163356356,M,45.2,7.3
1549,08/2015,369,103010.93261407409,9768.91463192864,M,36.2,8.9
1550,08/2015,188,89641.9113211336,9188.705775838731,M,33.0,18.5
1551,08/2015,166,84177.36455087637,7255.20180415706,M,,1.3
1552,08/2015,180,102797.41387634313,8613.538381149237,M,48.2,10.8
1553,08/2015,986,86963.31706235008,7605.300852550308,M,34.5,8.6
1554,08/2015,438,70625.09532327589,8682.31963111643,M,37.4,7.0
1555,08/2015,120,64108.45834790515,6193.316963089112,F,49.6,7.2
1556,08/2015,414,58450.51170687565,7485.790876013458,M,38.1,7.7
1557,08/2015,389,76456.12721331637,8289.69169326606,M,58.5,1.7
1558,08/2015,91,98929.0589252753,11035.806944102325,M,33.5,2.7
1559,08/2015,565,92214.27977418703,8917.194458943852,M,44.3,17.2
1560,08/2015,16,98347.76744792059,9176.761637046597,M,47.8,8.0
1561,08/2015,443,64730.242565951485,7031.99594052378,M,36.6,1.5
1562,08/2015,507,92224.34784159846,9262.315551786382,M,62.1,9.5
1563,08/2015,404,83800.70130958903,8416.248577706017,M,55.1,14.7
1564,08/2015,280,100883.69587754669,8308.979717242764,,60.1,2.4
1565,08/2015,654,92118.5532282173,8799.719393807263,M,55.4,9.7
1566,08/2015,376,120831.80047959383,8778.812030256237,M,37.8,6.4
1567,08/2015,169,88865.3697748394,8809.768287606867,M,60.7,18.0
1568,08/2015,931,96040.30036310837,8313.463526107662,M,62.2,15.4
1569,08/2015,664,86446.20509529528,7857.2606091985535,M,45.7,17.9
1570,08/2015,272,91284.20229867983,8465.720727679423,M,41.3,10.3
1571,08/2015,667,101374.19410561505,9260.04649652063,,53.4,1.7
1572,08/2015,209,55571.79127831863,5551.825816224164,M,47.5,11.3
1573,08/2015,687,78317.64394680582,8192.951000985257,M,43.9,9.8
1574,08/2015,893,68742.16065729882,7575.790296980392,M,38.7,2.4
1575,08/2015,184,125357.12957001809,9890.989728688071,M,46.3,14.7
1576,08/2015,711,83918.44758840976,10444.961157134696,M,51.6,17.6
1577,08/2015,543,143303.50047156183,9939.711430345264,M,59.2,12.0
1578,08/2015,864,100554.72775796783,8424.28506026787,M,35.7,8.6
1579,08/2015,995,95380.71251500535,8023.9691414961035,M,,3.7
1580,08/2015,563,79136.99952822698,8099.0662494306225,M,44.1,7.1
1581,08/2015,58,90489.61706432023,7777.03111975038,M,61.0,6.9
1582,08/2015,46,77194.67537802966,8658.781722016636,M,35.1,13.7
1583,08/2015,226,69985.94337073015,8223.080705658756,M,57.1,8.2
1584,08/2015,286,64934.62008770418,7240.099763427211,M,64.2,16.9
1585,08/2015,475,96120.31453340942,9077.089075385456,M,37.6,9.6
1586,08/2015,578,74139.18242870267,6564.08481504068,M,55.7,8.8
1587,08/2015,695,134069.8386909114,9500.677722930857,M,40.3,15.1
1588,08/2015,417,102830.72576854403,9936.915842668728,M,44.2,3.6
1589,08/2015,421,71456.01449128626,7669.272339682632,M,51.3,11.2
1590,08/2015,397,67071.07743831878,6723.161302250737,M,,12.9
1591,08/2015,273,88060.66214547711,8677.034758711385,M,43.7,13.2
1592,08/2015,281,88567.71461371006,9225.715320277033,M,58.1,16.5
1593,08/2015,945,61005.79730622428,8381.090994517814,M,40.5,7.3
1594,08/2015,862,78531.8853590074,7858.500301668763,F,53.6,4.1
1595,08/2015,232,111202.29052692502,9433.871934709565,M,44.7,13.6
1596,08/2015,550,87642.6428169779,8612.859407724145,,46.4,7.5
1597,08/2015,917,82195.97581876336,8930.924883333786,M,32.3,17.7
1598,08/2015,56,68472.71452826512,7894.490284129541,M,38.6,14.0
1599,08/2015,377,82483.34819920837,8046.959125031381,F,57.8,4.0
1600,08/2015,143,103948.75097616814,8456.844899884301,M,,7.3
1601,08/2015,782,77723.40220796241,6713.501104949214,M,57.1,15.8
1602,08/2015,17,73000.76041610165,7940.509662094299,M,,18.5
1603,08/2015,800,81194.81395394867,8264.985597237886,M,55.4,15.0
1604,08/2015,418,103329.13087305505,10660.522167831401,M,50.6,9.8
1605,08/2015,282,80486.91199396561,8209.717856497638,M,59.1,15.3
1606,08/2015,495,114468.65290267793,9156.000381678763,M,52.5,5.5
1607,08/2015,492,118406.146383231,8338.767734567404,M,47.2,11.8
1608,08/2015,968,90101.39326734292,9422.738939452012,,59.5,2.6
1609,08/2015,802,96252.71994471563,8861.313055721661,M,37.0,11.4
1610,08/2015,215,84030.51279623268,9782.964224403873,M,52.5,7.2
1611,08/2015,959,72507.47297372675,7435.66974201691,M,63.1,13.2
1612,08/2015,954,91838.45818310972,8146.746624934785,M,42.1,5.8
1613,08/2015,482,84319.7375931781,8230.020307949859,M,65.9,13.1
1614,08/2015,102,88449.81104669093,8350.492414796972,M,55.2,11.6
1615,08/2015,776,102521.61482676788,9133.409740484929,M,,15.6
1616,08/2015,528,92632.77376483715,10579.108621246909,M,32.7,15.5
1617,08/2015,292,70710.22942407758,7757.4348842250865,M,32.6,13.2
1618,08/2015,971,90091.24753400726,8395.542662154943,M,63.6,15.5
1619,08/2015,152,95221.538399429,7602.2964263596405,M,35.5,3.3
1620,08/2015,750,96688.1215639071,6925.76083338598,M,57.0,16.5
1621,08/2015,199,93018.00657560598,9850.409578739904,M,49.2,13.1
1622,08/2015,154,56106.50528269208,7077.0013549733785,M,,6.9
1623,08/2015,675,70023.79821198215,8540.040535105521,M,56.2,10.5
1624,08/2015,288,79322.83623205339,8807.136198617716,,47.6,18.3
1625,08/2015,523,101651.05431977958,7886.971950433327,M,32.1,1.2
1626,08/2015,688,101162.94005104667,8780.52876682975,M,41.3,4.0
1627,08/2015,360,82137.38870673542,8170.3697389664885,M,49.5,12.0
1628,08/2015,960,74365.45035411911,8501.64127704286,M,55.1,9.8
1629,08/2015,368,80313.1892028429,8173.949565625806,M,53.8,14.7
1630,08/2015,456,96485.60493214094,8548.727589178014,M,55.8,5.9
1631,08/2015,512,78993.89711403268,8991.812236385196,,50.1,15.9
1632,08/2015,650,73330.79827023429,8718.89714730609,M,43.0,12.5
1633,08/2015,380,88596.7757281733,8889.313594096406,M,61.4,1.5
1634,08/2015,139,94711.99941075349,9875.666211045342,M,56.4,8.7
1635,08/2015,994,112410.81479744853,9179.794272084016,M,42.5,2.6
1636,08/2015,689,72202.98024867418,8306.01924051679,M,63.1,2.4
1637,08/2015,243,94903.92157032533,9678.70334252556,M,38.2,16.7
1638,08/2015,148,103738.09376276229,10045.055709577797,M,64.4,9.8
1639,08/2015,252,111889.58276234879,8861.732502029809,M,40.6,14.0
1640,08/2015,265,58003.944839703276,6528.542730383785,M,39.6,3.8
1641,08/2015,362,74117.79873934976,8827.63151837209,M,39.0,3.7
1642,08/2015,336,74641.67682658101,8894.143752862747,M,53.4,15.5
1643,08/2015,928,93388.9097248988,7940.279268686068,M,63.0,14.1
1644,08/2015,515,154670.1458658984,10035.818490438576,M,56.7,9.7
1645,08/2015,483,116401.10187605953,8397.322620710704,M,47.0,12.5
1646,08/2015,395,97482.08437996775,8038.419394962831,M,59.5,16.9
1647,08/2015,758,107251.08293925882,9954.401732966506,M,45.8,3.4
1648,08/2015,361,70720.03249319528,7527.655451634753,,51.1,15.4
1649,08/2015,657,73510.005802767,6265.323477857483,M,53.9,10.4
1650,08/2015,761,86378.55477081312,7911.021453756776,M,33.4,8.7
1651,08/2015,881,72485.24503304054,8987.59577263416,M,53.5,2.0
1652,08/2015,197,94752.37487308719,9220.37612095761,M,44.6,12.9
1653,08/2015,290,76828.18622904526,9154.023558814106,M,37.7,4.3
1654,08/2015,742,116522.41058617631,8934.294991715142,M,47.7,1.4
1655,08/2015,848,82112.31950011649,8804.849131918087,M,58.3,10.1
1656,08/2015,820,113751.3431064583,8681.195066231245,M,32.4,14.0
1657,08/2015,122,67298.03438976489,7784.071307281363,M,42.0,5.7
1658,08/2015,340,94559.0993714576,8721.726206504172,,43.5,6.5
1659,08/2015,714,83694.17012801538,9905.571158727398,M,39.5,9.7
1660,08/2015,699,78231.56717751369,8017.108413806133,M,38.8,17.8
1661,08/2015,825,106778.01117730046,8852.251156593928,M,39.7,5.7
1662,08/2015,717,78701.13973194113,7991.435897991691,M,51.8,18.7
1663,08/2015,318,99054.8000302063,8523.999129106165,M,60.5,9.5
1664,08/2015,104,86418.95946998808,7569.525011356457,,57.0,5.7
1665,08/2015,816,84671.3154888903,9414.128047940214,M,32.0,1.0
1666,08/2015,296,60910.8146718519,8003.893871402276,M,42.2,11.1
1667,08/2015,696,84190.22402806039,7675.07717406896,M,41.1,14.7
1668,08/2015,27,74236.31096659316,8011.5626972045075,M,54.5,12.8
1669,08/2015,22,79236.57477055128,8203.765070939675,M,50.2,13.8
1670,08/2015,785,114938.65664746508,9792.389858736535,M,,14.7
1671,08/2015,256,90646.02307801836,8532.337730991361,M,,8.8
1672,08/2015,75,98198.69487910355,8584.958968325092,M,47.3,6.5
1673,08/2015,5,68817.05694993897,8607.075800436063,M,39.8,4.7
1674,08/2015,217,97233.60490253092,8191.987469826899,M,64.4,14.8
1675,08/2015,869,128108.04693939665,9584.16122521251,M,38.4,13.3
1676,08/2015,385,85316.1387836539,8162.024755389143,M,44.9,9.4
1677,08/2015,941,75553.78476441144,7265.350136868083,M,35.0,2.8
1678,08/2015,712,125687.57142593143,8265.806434557488,F,,13.8
1679,08/2015,939,89740.28541873432,8181.404892083221,M,49.5,2.4
1680,08/2015,710,85876.24487903918,10236.429911132785,M,57.4,7.4
1681,08/2015,34,79149.25088098677,9622.602950920636,M,,18.6
1682,08/2015,559,78807.04775372363,8422.597472599635,F,62.8,4.7
1683,08/2015,463,95669.86323663179,8303.12356231142,M,48.9,10.3
1684,08/2015,605,79336.87071029528,7580.700718892737,F,63.6,5.9
1685,08/2015,424,101775.31042926869,8007.75362105541,M,49.8,3.8
1686,08/2015,851,68744.8445678393,8666.106213570245,M,43.5,2.4
1687,08/2015,444,93604.03128182297,10122.072188886015,M,45.4,4.1
1688,08/2015,790,72246.08202391122,8105.160718001936,M,37.6,5.0
1689,08/2015,106,111852.21668759878,8112.14650145788,M,42.4,1.2
1690,08/2015,455,85461.17000037726,8947.186603810871,M,,3.9
1691,08/2015,223,95119.95272313281,8917.876699048284,,53.2,5.2
1692,08/2015,242,87709.36546428752,7689.362284920632,F,46.1,14.5
1693,08/2015,77,92262.46778588778,10651.18359625214,M,63.4,8.9
1694,08/2015,961,95576.7575341519,9036.120354445695,M,62.4,6.9
1695,08/2015,416,104087.0436485367,9295.677457422564,M,50.8,16.2
1696,08/2015,506,58932.71453026878,7017.942925207507,M,38.7,5.6
1697,08/2015,287,73185.46483930461,8730.439116923193,M,40.1,15.2
1698,08/2015,52,75035.07711206812,7407.2742095101585,M,55.3,5.2
1699,08/2015,132,53576.20947139618,7057.856161695451,M,60.6,17.3
1700,08/2015,319,77203.92485236241,7823.393309405891,M,42.7,9.7
1701,08/2015,871,92802.66425624171,8197.101930799592,M,,7.2
1702,08/2015,213,89554.53267457294,8925.717406686197,M,40.4,15.2
1703,08/2015,846,118731.5548132259,10454.229325325752,M,33.1,17.2
1704,08/2015,351,85249.75014256226,8732.77447521535,M,53.7,7.8
1705,08/2015,324,81191.92240240418,7277.303586269074,M,54.6,9.8
1706,08/2015,173,82109.73467280445,6967.376272753357,M,46.9,9.3
1707,08/2015,88,98238.94999691864,8513.802558735844,M,43.9,18.0
1708,08/2015,347,107227.2475730396,9579.378576837475,M,,15.2
1709,08/2015,513,99637.89332257438,8477.158076926571,M,42.2,14.3
1710,08/2015,487,87898.36091532624,7159.797100270299,M,32.3,14.8
1711,08/2015,295,103357.4206662321,8608.243376331815,M,46.5,8.4
1712,08/2015,430,94130.89741075462,8402.56841325262,M,,11.6
1713,08/2015,437,73944.54839153618,8330.831136290659,M,35.0,9.8
1714,08/2015,644,92452.11087526294,8984.505725588157,M,60.0,5.4
1715,08/2015,803,60817.54627916123,7022.245270807794,M,39.6,13.8
1716,08/2015,2,104396.53298662425,8884.93128249065,M,65.5,1.0
1717,08/2015,932,113139.87665488344,8312.756349112173,,37.4,12.0
1718,08/2015,843,84287.96027989949,7928.299355046004,F,40.4,15.0
1719,08/2015,138,79243.39322932425,9112.602060172554,M,34.5,5.5
1720,08/2015,356,69394.81147226508,8062.916991385192,M,51.3,12.6
1721,08/2015,466,101559.01957379737,9109.823692134989,M,51.7,13.4
1722,08/2015,729,98094.77993014836,10574.897542879866,M,59.3,9.7
1723,08/2015,535,103910.29447556636,8524.098789080554,M,62.7,2.9
1724,08/2015,715,97990.68081531518,7962.348880150579,M,51.8,5.3
1725,08/2015,70,98187.10311792398,8062.634769910677,F,59.0,4.7
1726,08/2015,485,78905.49189439428,9048.20254709038,M,56.3,15.4
1727,08/2015,128,100626.60410240522,8969.869219310274,M,52.0,5.9
1728,08/2015,587,73160.277134438,7397.589143270354,M,51.7,9.9
1729,08/2015,142,69329.0635600698,7783.358072028133,,37.3,14.2
1730,08/2015,938,110260.92888836033,8960.956123716905,M,64.5,16.4
1731,08/2015,725,93072.75477396602,6946.012363199287,M,39.9,3.3
1732,08/2015,801,76164.75974709306,8950.01689812157,M,42.7,11.4
1733,08/2015,653,102486.11903526592,9078.964091860074,M,57.7,13.8
1734,08/2015,921,84708.6895009559,8538.179272512982,M,55.5,17.4
1735,08/2015,98,82051.54881817651,8722.114400718721,M,39.4,10.5
1736,08/2015,608,80973.4244344451,7719.21451816587,M,63.9,13.4
1737,08/2015,576,86359.41540000305,8375.326722345864,M,64.1,4.1
1738,08/2015,936,123979.54614769027,10173.615507401719,M,55.9,11.4
1739,08/2015,301,93859.21908456378,8265.74904817765,,33.7,2.0
1740,08/2015,266,73085.67906016439,7810.344626187935,M,36.1,1.4
1741,08/2015,499,74338.40997311723,8136.1795159465455,M,32.6,1.0
1742,08/2015,133,87366.63804607841,7988.976148904034,M,43.3,13.8
1743,08/2015,989,94057.7682852779,7629.84755351436,M,,6.4
1744,08/2015,619,150370.56714691382,9636.10113445059,M,55.2,4.2
1745,08/2015,136,108213.97085303106,9814.56362542566,M,58.5,1.0
1746,08/2015,277,69561.39621341025,8295.836089607079,M,33.1,12.5
1747,08/2015,267,86782.19028128879,8965.01090521236,M,52.8,4.8
1748,08/2015,749,115030.64646457572,9685.557279472081,M,40.0,12.2
1749,08/2015,254,78117.87747071707,8514.349162236129,M,57.0,18.2
1750,08/2015,630,149516.0898529028,9780.296289126514,M,45.0,17.3
1751,08/2015,339,84084.02874177501,7729.28690997606,M,41.1,18.1
1752,08/2015,203,117889.04309552012,8932.496985842416,M,59.0,16.3
1753,08/2015,107,65507.58510238322,8003.759376028575,M,49.9,10.0
1754,08/2015,24,100607.21043939824,9821.346738179887,M,33.6,12.8
1755,08/2015,668,76595.38796625231,8480.235218478343,M,,14.9
1756,08/2015,837,75142.00095958974,7436.317730361208,M,36.8,12.8
1757,08/2015,392,88792.59423314045,8064.157313405386,,33.3,4.8
1758,08/2015,330,73546.80354538308,6947.117303058421,M,,2.2
1759,08/2015,151,77762.90335618531,6909.279200056588,M,48.4,18.7
1760,08/2015,856,83068.73698632848,9222.065801470864,M,53.8,16.7
1761,08/2015,976,101248.4588107501,10150.340105372263,M,57.8,1.9
1762,08/2015,831,83629.07815583989,8643.848827308977,M,54.2,8.5
1763,08/2015,991,91376.5084982974,8636.911466526546,M,35.2,11.1
1764,08/2015,201,78651.37838042644,7839.898538237109,M,57.3,6.1
1765,08/2015,788,93697.55441176414,8340.130740964432,M,32.6,18.3
1766,08/2015,1,105615.52579396,9642.550837719959,F,43.8,1.4
1767,08/2015,103,69594.5361766277,8764.092563503633,M,64.3,11.8
1768,08/2015,53,80852.7558508869,8436.894665188374,M,56.0,7.9
1769,08/2015,241,89702.17180530744,8963.451611418983,M,36.5,11.2
1770,08/2015,346,70959.25788762071,7615.8372361438705,M,49.3,16.0
1771,08/2015,450,91326.51858320682,9343.864633850477,M,57.8,13.3
1772,08/2015,628,75607.0531196678,8644.974899906165,M,61.0,15.2
1773,08/2015,700,94401.03989525024,8211.202501220085,M,51.2,10.6
1774,08/2015,4,68239.68068142711,7632.721283229038,M,59.6,11.7
1775,08/2015,334,75481.66452918218,9909.740482540627,M,56.3,7.2
1776,08/2015,641,125211.96013247604,9435.029901939255,M,33.8,11.0
1777,08/2015,794,71609.00994714566,7250.409723331142,M,34.9,12.3
1778,08/2015,390,75130.88928148143,8923.043841146602,M,54.7,12.7
1779,08/2015,141,88813.33682228686,8279.069467686546,M,44.7,8.8
1780,08/2015,980,88002.93523141253,9368.485481725329,M,36.0,2.1
1781,08/2015,734,62950.08798476964,8647.191614130488,M,47.7,11.6
1782,08/2015,342,88240.48025515054,9203.22307284634,M,43.7,4.9
1783,08/2015,370,78460.10424831139,8087.591961394218,M,46.2,1.9
1784,08/2015,480,73959.29810515133,8015.048365071088,M,38.6,11.5
1785,08/2015,902,73250.44543615324,7840.468288802786,M,63.6,5.8
1786,08/2015,477,111109.29813829651,8949.908733296277,M,46.4,8.8
1787,08/2015,193,77551.17162932632,7900.348247547553,M,52.8,16.4
1788,08/2015,476,104026.41299698305,10491.810845188433,M,,18.3
1789,08/2015,537,70254.94014854882,6827.618903675163,M,37.3,2.5
1790,08/2015,591,68169.00370464547,6377.3568692508525,M,56.1,9.5
1791,08/2015,189,114507.75259913685,8644.544007700037,M,41.9,5.9
1792,08/2015,596,84991.94823745066,8541.453641480528,M,56.2,13.7
1793,08/2015,235,112790.2018732246,10128.734207576992,M,37.4,9.0
1794,08/2015,520,84321.70025727637,6557.743348085365,M,54.7,8.8
1795,08/2015,677,107369.50685252744,7264.724995656959,M,58.8,14.4
1796,08/2015,704,80050.6959059533,8231.907207480264,F,57.6,7.7
1797,08/2015,355,87237.69106886114,9297.462047534158,M,50.0,3.0
1798,08/2015,247,77168.02078443544,7424.481186769588,M,53.5,2.0
1799,08/2015,207,86792.89815098331,8551.218254408172,M,47.8,3.5
1800,08/2015,990,76979.4583196844,8587.68693548609,M,36.3,4.7
1801,08/2015,41,74888.09752828807,7496.143045940842,M,36.9,10.0
1802,08/2015,678,99471.27641838226,8689.107820364621,M,55.7,7.7
1803,08/2015,663,102241.19640448407,9295.646182330433,M,56.7,12.1
1804,08/2015,28,95481.23887091354,7730.891533665085,M,65.2,4.4
1805,08/2015,672,103310.88936061076,9459.120253851434,M,53.2,13.5
1806,08/2015,393,83387.58310454844,7612.231277349747,M,33.5,7.3
1807,08/2015,615,66964.23118612118,7783.265274384462,M,51.3,2.9
1808,08/2015,923,78461.1349571098,7394.866568799546,M,32.0,7.7
1809,08/2015,544,85694.33653249548,8955.79558747873,M,39.6,13.0
1810,08/2015,364,78603.61593496425,7552.355726077711,M,41.0,9.2
1811,08/2015,573,82983.59005741547,7418.405038274151,M,60.9,6.4
1812,08/2015,125,123256.38488421141,9315.68655700276,M,37.2,9.2
1813,08/2015,949,85552.01555849318,9279.527235635425,M,36.4,12.6
1814,08/2015,510,100329.7447584472,8800.34226952334,M,55.0,12.2
1815,08/2015,878,91428.23432047537,8585.586921434433,M,36.2,5.5
1816,08/2015,992,92037.31863283315,7597.9055095209005,M,36.1,17.3
1817,08/2015,8,82683.45022219839,7035.126925607302,M,39.7,13.2
1818,08/2015,984,90570.92066181649,9432.51590144445,M,42.3,10.7
1819,08/2015,763,74030.96073015289,7773.011952791902,M,37.4,6.6
1820,08/2015,973,82235.18063790722,9192.591677622853,M,39.5,15.8
1821,08/2015,25,86506.17345121532,7726.873706361936,M,34.8,14.6
1822,08/2015,541,78070.6222405012,10447.011234672114,M,48.7,8.1
1823,08/2015,757,98872.14596043417,9245.931240636493,M,,13.5
1824,08/2015,374,85599.60080259106,8452.881677274208,,39.7,13.9
1825,08/2015,64,79533.19523687611,6285.012571245611,M,46.0,5.6
1826,08/2015,500,103928.04267176363,9423.003965957354,F,46.2,13.5
1827,08/2015,647,103392.26733039504,8828.266036282726,F,63.4,11.7
1828,08/2015,614,108433.0039764926,9341.353334557203,M,59.8,17.8
1829,08/2015,21,100115.58633969916,8996.060101686859,M,32.8,7.5
1830,08/2015,13,109304.08334961472,9110.196009496205,M,43.1,15.2
1831,08/2015,639,74017.40097572528,7402.28617085949,M,50.0,9.2
1832,08/2015,868,92325.90327626726,9362.85230115435,M,32.5,7.3
1833,08/2015,805,135677.92285391586,8665.168824673681,M,40.7,10.5
1834,08/2015,891,58384.77460987337,7150.291337459711,M,56.5,13.8
1835,08/2015,561,77008.4167062945,8340.754145186866,,44.2,6.2
1836,08/2015,709,85218.21126914631,8885.129993285991,M,38.7,12.6
1837,08/2015,429,68243.9503770741,6816.1984300766935,M,46.7,4.7
1838,08/2015,720,67556.17384959495,7774.099761273633,M,64.6,15.1
1839,08/2015,187,104811.13199310232,8720.793440728745,M,48.7,17.0
1840,08/2015,457,101725.47919300254,9579.941280785382,M,63.5,10.5
1841,08/2015,844,82548.43209990769,9265.261271484316,M,47.4,2.4
1842,08/2015,552,93617.1790328971,8633.421177990824,M,61.3,7.3
1843,08/2015,498,80880.08441591817,7327.846774354293,M,49.2,15.3
1844,08/2015,230,89712.66510793616,9870.654267997397,M,38.2,5.1
1845,08/2015,131,93724.48801175292,9338.549249359341,M,35.1,16.0
1846,08/2015,268,65531.884590504465,6278.534017625871,M,41.2,11.2
1847,08/2015,634,83535.61712238964,8799.95875977992,M,46.8,4.5
1848,08/2015,930,75016.31909103048,8041.960658249906,M,54.4,16.9
1849,08/2015,730,82317.09143630379,8127.110696002897,M,60.8,1.5
1850,08/2015,386,84852.96546022591,9203.063591679207,M,37.5,12.8
1851,08/2015,897,91441.61328717992,7614.014507855856,M,43.3,2.5
1852,08/2015,604,91593.61287236336,8401.341836127074,M,59.8,7.6
1853,08/2015,850,59748.83986301354,7215.780944816884,M,39.4,1.4
1854,08/2015,626,100474.26840153101,8510.138615041495,M,51.8,18.1
1855,08/2015,163,78347.24012834932,7437.573318247837,M,58.5,9.1
1856,08/2015,82,85058.3303695484,8749.412437487254,M,61.7,4.0
1857,08/2015,36,124082.6876066904,9090.08514420549,M,37.4,16.3
1858,08/2015,977,115690.69087080561,9577.409434315428,M,56.2,3.7
1859,08/2015,123,112260.00017284484,8821.523525439054,M,65.3,11.5
1860,08/2015,92,66518.16059604123,8219.009342977639,M,41.4,15.1
1861,08/2015,26,85949.44791377545,7155.787539390762,F,47.5,2.7
1862,08/2015,251,115466.89859889552,8779.239719030147,M,43.0,11.9
1863,08/2015,598,88932.67027748795,8314.469076044817,M,51.3,9.4
1864,08/2015,524,106544.3212030549,10049.884413155287,F,39.5,18.5
1865,08/2015,726,141039.9409174838,8330.80509183585,M,58.1,4.5
1866,08/2015,263,88359.54865160462,8397.501877332761,M,52.2,12.2
1867,08/2015,365,77144.2940245857,8643.281836091033,M,37.6,5.3
1868,08/2015,44,89728.77217025762,9878.32991681672,M,61.5,8.9
1869,08/2015,530,105628.64313409243,11645.852527020552,,47.2,6.9
1870,08/2015,838,111823.64292219395,9630.892587214059,M,,17.2
1871,08/2015,311,102303.62535517997,9131.012431034467,,32.1,9.4
1872,08/2015,447,107677.05131360253,9553.327662106049,M,65.5,12.1
1873,08/2015,993,85543.7042993409,8737.278796386609,M,35.0,2.9
1874,08/2015,315,60552.26056838685,6956.830082496579,M,61.1,8.7
1875,08/2015,20,76886.57214826415,8015.1313475329325,M,52.1,18.1
1876,08/2015,618,113773.05913001858,10744.926810638726,M,63.9,9.0
1877,08/2015,43,96274.34925387816,8755.84473121143,M,57.3,1.2
1878,08/2015,190,89069.01160509115,8712.238758906129,M,57.5,14.1
1879,08/2015,659,98643.8627202104,8890.36712115786,M,65.4,14.7
1880,08/2015,47,83156.97112811211,8479.217479243222,M,40.7,5.3
1881,08/2015,987,73967.95205094446,7657.27423148127,M,32.4,13.8
1882,08/2015,71,87633.89685134876,8831.590145129845,M,39.0,1.0
1883,08/2015,198,92119.18857104404,10117.60106042005,M,41.1,16.6
1884,08/2015,473,108819.12233764444,7916.678871570677,M,59.5,14.6
1885,08/2015,338,70885.19961536155,7920.687709290822,M,42.2,4.3
1886,08/2015,440,64766.10752661617,8586.817888010188,F,39.6,4.4
1887,08/2015,246,78599.97763234178,7337.109488149787,M,57.2,15.1
1888,08/2015,116,90867.59436820913,8297.147169432057,M,42.2,10.6
1889,08/2015,849,103068.46266677929,8196.059536167772,M,65.4,12.1
1890,08/2015,900,59988.74660121821,7210.043259805484,M,41.5,9.4
1891,08/2015,359,72741.344475287,7221.322873880367,M,47.7,7.9
1892,08/2015,299,90439.08198590785,7306.998450782711,M,50.1,2.0
1893,08/2015,7,84062.2535018038,7488.57631731508,M,40.8,14.1
1894,08/2015,297,79706.28876458075,7918.933582112505,M,53.7,1.0
1895,08/2015,822,100426.1336812612,7919.592709781266,,54.0,2.9
1896,08/2015,648,96932.17127191559,8534.700816480141,M,49.6,4.4
1897,08/2015,294,97422.5648886838,7860.870784968947,M,59.6,4.9
1898,08/2015,491,82606.3570859272,9106.019916991207,M,61.1,3.2
1899,08/2015,568,74220.20645219371,7839.354561836187,M,,16.5
1900,08/2015,584,66412.54475865791,7687.449314327214,M,43.3,14.9
1901,08/2015,690,92163.81428074923,7653.2298299983195,M,,8.8
1902,08/2015,291,98744.56099920145,8803.161621987843,M,33.2,5.4
1903,08/2015,49,76283.82426627338,9138.212911268563,M,45.1,3.0
1904,08/2015,585,83575.02635970479,8367.628454011976,M,37.9,11.3
1905,08/2015,606,79721.86894727366,7586.773855513027,M,51.5,15.1
1906,08/2015,693,105134.46594174013,8140.870497301048,,53.1,9.9
1907,08/2015,944,93180.3606884898,8496.038367071606,M,49.4,14.1
1908,08/2015,793,84126.94952358093,8195.796694294926,M,35.0,12.5
1909,08/2015,425,98831.82581839415,8579.098493360421,M,,17.9
1910,08/2015,683,86891.15445856872,9293.633018731942,,54.5,3.6
1911,08/2015,656,104654.04207144563,8587.105568256999,M,56.4,17.8
1912,08/2015,488,74661.71932044651,8258.029527059773,M,32.4,5.8
1913,08/2015,61,87932.10453490513,8751.701222697015,M,34.1,16.4
1914,08/2015,904,75491.16347682188,8925.514751102974,M,,4.0
1915,08/2015,378,104366.56737910297,9872.70291708477,,36.7,3.5
1916,08/2015,269,74350.41061687579,7954.9973105064655,M,39.7,8.1
1917,08/2015,889,100961.52592354099,9206.299602919402,,55.5,2.0
1918,08/2015,481,86085.82613131215,6892.198482074269,F,51.5,17.1
1919,08/2015,344,99420.72288170694,7927.040482522832,M,51.0,11.8
1920,08/2015,99,101077.85058719951,8330.92077367735,M,55.3,5.7
1921,08/2015,832,65616.63505054754,7690.3130486169375,M,,13.3
1922,08/2015,127,100028.16465518763,8185.094949167265,M,55.8,11.8
1923,08/2015,617,96461.86861720926,9757.842694828933,M,38.2,17.4
1924,08/2015,770,70873.40623444949,8608.735619740683,M,56.6,15.9
1925,08/2015,484,96765.25502505997,8975.493077219635,M,36.2,4.1
1926,08/2015,341,90000.08544125747,9630.145953495474,F,63.1,16.9
1927,08/2015,982,93758.24064408115,8342.850959590754,M,,9.4
1928,08/2015,212,77570.17576061164,7377.755792725098,M,46.4,1.6
1929,08/2015,589,67466.32785753133,7118.009900000849,M,40.7,6.4
1930,08/2015,797,88783.00884115222,8315.688611860385,M,44.6,5.9
1931,08/2015,753,81239.56284490156,8667.468930594678,M,32.8,12.8
1932,08/2015,227,85822.17934426737,9016.30602727568,M,,16.2
1933,08/2015,86,120904.95422237899,8999.206600986945,,,5.4
1934,08/2015,680,65529.66896345894,7500.739195653742,M,61.1,18.9
1935,08/2015,195,78689.14434599373,9218.52459278952,,54.1,8.8
1936,08/2015,595,90069.8212279124,9494.342725340452,M,45.4,7.1
1937,08/2015,854,103370.94315578682,9384.561105969655,M,44.2,18.7
1938,08/2015,828,78507.6568294839,8356.79889562489,,50.6,1.1
1939,08/2015,261,96909.3332056252,8382.740595807696,M,36.4,18.5
1940,08/2015,603,90865.03889224067,8276.429306735557,M,34.9,10.7
1941,08/2015,379,101835.08479693791,9605.492101251866,M,65.1,12.4
1942,08/2015,888,80593.87198810342,7005.020481402456,M,,4.0
1943,08/2015,741,82646.32400508379,7564.53056897082,M,42.4,11.2
1944,08/2015,60,86703.26550105948,9190.719240024842,M,53.4,11.0
1945,08/2015,955,95180.66800645593,8793.129904244086,M,35.8,8.5
1946,08/2015,62,75834.20511754371,9147.69869996913,M,34.0,4.3
1947,08/2015,638,96228.04636176793,10383.274467982244,M,62.7,9.4
1948,08/2015,697,124795.73677743536,9821.900401233625,M,35.0,15.2
1949,08/2015,147,71063.8982909779,8343.961593100634,M,53.7,14.7
1950,08/2015,637,82568.298651149,8535.720262267736,M,63.3,3.0
1951,08/2015,799,107032.28505073194,9168.472985977316,M,45.3,1.1
1952,08/2015,178,93592.10078551657,9073.50297803611,M,49.0,7.8
1953,08/2015,806,88372.99820549862,7539.619129894757,M,50.3,7.6
1954,08/2015,300,74287.84856906907,7250.60303580025,M,35.9,9.5
1955,08/2015,998,87663.53086784431,7516.3480685125205,M,32.1,1.4
1956,08/2015,337,104038.87882177268,7774.848023440097,M,36.0,9.4
1957,08/2015,549,129915.14789683673,9887.232998798789,M,55.1,16.4
1958,08/2015,767,82759.33149107594,8388.981182364092,M,56.5,1.2
1959,08/2015,157,80392.0990947396,6849.251697439458,M,56.8,16.2
1960,08/2015,540,97945.89065327939,9048.778364100168,M,41.6,6.5
1961,08/2015,108,76576.65635197212,7455.566900550259,M,51.2,2.9
1962,08/2015,352,75053.25920170607,7692.960143568941,M,58.1,9.3
1963,08/2015,847,70478.50285780389,5978.422746094943,M,51.0,5.2
1964,08/2015,479,78758.19666582478,7192.064021134317,M,54.6,1.0
1965,08/2015,622,103300.56450773368,9544.35180541269,M,53.2,7.6
1966,08/2015,937,76797.1447207926,7852.461257722161,M,54.9,11.5
1967,08/2015,775,76129.58158892527,7806.497656983841,M,50.4,9.8
1968,08/2015,623,78355.77002969771,7866.6774788231605,,,14.4
1969,08/2015,87,93619.52575004991,9246.129909597215,M,48.0,15.4
1970,08/2015,80,117893.17768513295,9788.270392680493,M,57.8,17.5
1971,08/2015,434,115235.20008858903,8424.892165272708,M,36.5,7.7
1972,08/2015,210,84031.63791998534,7636.71201208296,M,37.0,1.9
1973,08/2015,860,57501.25954964065,7394.451643287438,M,38.0,16.8
1974,08/2015,220,114250.92049931981,9859.331406427069,M,32.1,7.3
1975,08/2015,769,95207.34972769377,8671.411608451954,,58.8,18.9
1976,08/2015,692,73564.47868823475,8843.57868661171,M,42.5,2.3
1977,08/2015,546,107983.11809604336,9228.491132592599,M,55.6,13.5
1978,08/2015,777,97493.78589501901,8826.846527823429,M,59.2,16.0
1979,08/2015,581,87375.6978214073,9605.45472274414,M,35.5,18.5
1980,08/2015,452,77895.40452092646,7951.306193374348,M,53.3,4.4
1981,08/2015,511,129711.29532315549,9622.24206840923,M,35.2,10.9
1982,08/2015,214,114303.71828725937,8006.188770368571,M,,5.9
1983,08/2015,234,96185.61641236489,9711.267969309174,M,42.7,6.2
1984,08/2015,853,66004.89699301752,6786.173115287482,M,42.5,2.3
1985,08/2015,551,114034.31153731392,9062.447484625247,M,,4.3
1986,08/2015,505,67774.37804138396,7876.962578739767,M,33.7,2.5
1987,08/2015,508,109662.89746838114,9071.655621419628,M,54.1,8.3
1988,08/2015,795,55657.7495373825,6516.363161810079,M,50.4,8.6
1989,08/2015,317,119832.62635949398,8770.456545216655,M,33.3,2.7
1990,08/2015,792,71804.10295303894,7129.6660870030955,M,,8.7
1991,08/2015,974,98767.27971041107,9453.531568378341,M,34.8,8.2
1992,08/2015,117,85181.18709128654,9085.580145444332,M,59.4,17.1
1993,08/2015,410,112920.09483371473,9265.595521062134,M,38.0,17.4
1994,08/2015,182,95932.0607380388,8884.819362377688,M,40.0,14.4
1995,08/2015,119,69642.84362992532,8083.991680952937,M,65.9,15.4
1996,08/2015,236,99934.63860347055,9760.017179581962,M,42.3,6.7
1997,08/2015,449,84623.16243647564,8275.714940935219,M,38.4,18.7
1998,08/2015,494,83823.08309551599,7405.01901663693,M,48.7,7.9
1999,08/2015,609,92935.06005737906,7643.188268372583,M,,4.6
2000,12/2015,943,89300.43246809636,9826.847740898906,F,58.4,0.6
2001,12/2015,966,105401.59114893085,8814.805845332308,M,46.8,0.1
2002,12/2015,250,95399.33548637418,8523.66647232429,M,32.0,0.1
2003,12/2015,156,87884.81660785787,7702.559379528575,,64.8,0.7
2004,12/2015,67,63362.3744074651,6576.916862670415,M,60.7,0.4
2005,12/2015,684,71695.69322803548,8341.839788271533,M,,0.5
2006,12/2015,527,122745.19260369844,9237.653923775386,M,,0.4
2007,12/2015,556,108060.29453432556,8921.802189853348,M,50.7,0.8
2008,12/2015,446,106410.9525891238,8223.823969546514,M,49.5,0.1
2009,12/2015,841,70056.36858050994,6539.546108456776,M,48.2,0.7
2010,12/2015,126,61627.97590218752,7198.314505992241,M,53.2,0.7
2011,12/2015,910,93517.71099765443,9352.399773261095,M,58.2,0.6
2012,12/2015,112,78103.39982643952,7783.02084542886,M,54.8,0.9
2013,12/2015,191,88625.91176656124,8871.304664462943,M,50.4,0.1
2014,12/2015,739,75655.71061561925,6666.816713564836,M,37.6,0.6
2015,12/2015,579,98750.5435170878,8975.32636707716,M,41.3,0.3
2016,12/2015,111,99520.04636908312,8910.250775917379,M,45.4,0.8
2017,12/2015,285,73472.68064278035,7815.765927686335,M,47.3,1.0
2018,12/2015,796,83093.00983766069,9530.324713538863,M,59.2,0.3
2019,12/2015,310,66975.71100300491,7331.065280526997,M,42.2,0.8
2020,12/2015,458,86297.96138333871,9335.423971070808,M,39.7,0.2
2021,12/2015,884,98667.87281568172,8632.326787736027,M,64.1,0.6
2022,12/2015,335,66857.73817172436,8027.715244565375,M,47.0,0.8
2023,12/2015,521,86856.03887866599,7359.110105418639,M,56.1,0.8
2024,12/2015,887,101896.80573079498,8838.774721695616,M,,0.0
2025,12/2015,601,87514.61091387892,8627.763818420233,M,39.8,0.2
2026,12/2015,11,81040.43017232468,9139.382359168414,M,39.1,0.6
2027,12/2015,624,90245.1402098577,9072.338356039316,M,52.8,0.7
2028,12/2015,737,71846.01830400838,6551.336833139885,M,58.1,0.3
2029,12/2015,823,94422.53881079188,8480.200590759165,M,50.6,0.3
2030,12/2015,752,66297.95452300216,7656.485731185755,M,63.6,0.4
2031,12/2015,732,108334.06028702021,9716.540814244958,M,54.1,0.5
2032,12/2015,493,82577.87822249999,6767.701617294282,M,61.1,0.2
2033,12/2015,159,85600.7106803158,8619.546756117255,M,48.4,0.6
2034,12/2015,225,91981.85009297072,9237.210583789538,M,,0.6
2035,12/2015,784,84060.71531205802,6947.6806620585085,M,54.3,0.2
2036,12/2015,171,67227.28547579581,7694.791342944669,M,49.4,0.4
2037,12/2015,460,81374.25109712016,8221.682870282382,F,33.0,0.3
2038,12/2015,408,88064.45439260529,9482.015094252367,M,65.0,0.9
2039,12/2015,239,98456.82823047233,7844.840360337015,M,60.4,1.0
2040,12/2015,812,71211.03152040442,8583.585218874376,M,54.7,0.9
2041,12/2015,896,88770.15409558336,8171.211247735128,M,58.5,0.0
2042,12/2015,354,81829.61903639139,7883.58741085885,M,65.2,0.4
2043,12/2015,574,101049.69256905849,8395.672541849615,M,60.7,0.3
2044,12/2015,186,78197.94321733525,8535.903656671337,M,65.7,0.6
2045,12/2015,381,119962.45740481335,9964.020461434257,M,44.0,0.1
2046,12/2015,898,109038.66058393888,9961.40066557243,M,46.5,0.0
2047,12/2015,405,79986.40234193807,9305.721643391536,M,32.2,0.1
2048,12/2015,439,87844.8025880003,8470.352746248609,M,65.2,0.3
2049,12/2015,532,87224.40121153739,9839.068740122162,M,38.2,0.5
2050,12/2015,665,72031.79996529348,7451.455874506127,M,,0.6
2051,12/2015,962,77778.01120082538,9866.012440171737,,53.5,0.8
2052,12/2015,303,100135.30341152317,8647.018350957884,M,37.0,0.6
2053,12/2015,996,74909.2108868568,7207.853128996402,M,41.0,0.5
2054,12/2015,836,91702.41698824223,8390.778262100619,,55.4,0.2
2055,12/2015,840,70208.26819680083,7092.472915653877,M,35.8,0.3
2056,12/2015,459,100342.78463307384,8769.515411030841,M,36.2,0.4
2057,12/2015,611,91786.85716685707,9559.360377994019,M,62.4,0.4
2058,12/2015,467,79991.31800830705,7142.701874355758,M,,0.5
2059,12/2015,786,79820.36208491951,7876.7316182081195,M,46.5,0.0
2060,12/2015,23,84612.5440047703,6843.124998968124,M,51.4,0.9
2061,12/2015,302,77337.02184080328,7805.547064107594,M,47.2,0.2
2062,12/2015,289,71780.59808872105,8773.494749808244,M,39.5,0.5
2063,12/2015,155,89189.00703879475,7412.15846800526,M,57.3,0.4
2064,12/2015,327,70331.99106571122,8124.570822253345,M,51.8,0.8
2065,12/2015,114,79760.200947507,7237.794365451049,M,61.1,0.9
2066,12/2015,756,84520.30775712738,7879.204022600309,,54.8,0.3
2067,12/2015,880,73928.52295134925,8903.475147666002,M,45.6,0.6
2068,12/2015,660,63416.70917281318,7225.2492381311085,M,56.5,0.9
2069,12/2015,454,88357.64085975435,8747.099570724775,M,40.2,0.2
2070,12/2015,969,68702.82260856923,7480.456725381141,F,62.8,0.7
2071,12/2015,176,67895.52750203198,9287.998174986935,M,35.8,0.9
2072,12/2015,432,95973.18741225565,9769.057129692812,M,47.3,0.9
2073,12/2015,531,104218.21050953196,9222.44222281629,M,46.6,0.9
2074,12/2015,101,81272.5317246668,8602.623067771829,M,,0.9
2075,12/2015,738,87856.22861304235,7393.800911470786,M,36.7,0.3
2076,12/2015,271,96030.94974800195,9327.533776770155,M,64.8,0.4
2077,12/2015,423,86130.42089479016,7234.642847196794,M,59.1,0.6
2078,12/2015,765,67644.92378336184,7042.677076097765,M,47.8,0.8
2079,12/2015,691,82245.99719145051,8296.639389315364,M,44.8,0.4
2080,12/2015,533,94000.36547944005,8687.650630085316,,35.8,0.1
2081,12/2015,716,89604.4453502022,7552.158620787303,M,39.8,1.0
2082,12/2015,922,120352.84796670714,8913.941363147407,M,58.5,0.8
2083,12/2015,174,89356.825063218,8931.646176862128,M,46.1,0.9
2084,12/2015,200,94411.18015145819,8153.426167133761,M,39.0,0.7
2085,12/2015,316,63462.64571740476,7205.11465249643,M,34.8,0.2
2086,12/2015,307,105153.13730347021,9734.372316044612,M,65.0,0.7
2087,12/2015,882,74890.00866003874,7288.707674669496,M,33.7,0.6
2088,12/2015,706,97755.8188935013,7908.933649070026,M,51.7,0.3
2089,12/2015,829,98290.15814606228,10106.629345254929,M,35.3,0.5
2090,12/2015,719,76425.47492080259,6891.115271572975,M,32.6,1.0
2091,12/2015,935,89514.65868494798,8784.68785801471,M,38.9,0.3
2092,12/2015,68,105859.16061577422,9406.733350743878,F,35.8,1.0
2093,12/2015,815,112220.51990950207,9288.285269471986,,64.2,0.3
2094,12/2015,747,95997.03028882114,9104.637864328895,M,43.6,0.7
2095,12/2015,798,114730.27292830849,10301.552812529713,M,35.3,0.4
2096,12/2015,865,76201.51159327575,7164.6467059354,M,58.5,0.3
2097,12/2015,399,70861.71779584892,7179.501963785303,M,53.1,0.9
2098,12/2015,509,87764.1901274297,8970.983854113174,M,46.7,0.5
2099,12/2015,308,98414.97064047508,9612.873027025236,M,48.1,0.9
2100,12/2015,502,102512.04718909427,9824.852253307306,M,61.5,7.9
2101,12/2015,81,99283.81688177855,8998.847516651324,M,42.4,14.4
2102,12/2015,814,87921.16838455647,7934.803463022912,M,33.1,18.7
2103,12/2015,666,127483.40456421186,8945.973388906363,M,35.3,8.7
2104,12/2015,205,106492.61566722547,10033.795780226308,M,56.6,9.9
2105,12/2015,759,88671.72905620269,9062.686678610722,M,44.5,3.4
2106,12/2015,96,117403.55554270421,7844.857137284993,M,37.2,9.4
2107,12/2015,671,93091.7421561959,9680.29604958844,M,61.4,16.8
2108,12/2015,100,129511.00908931502,8693.398889554985,M,38.1,17.2
2109,12/2015,321,52500.75766213887,6675.640255842317,M,,10.1
2110,12/2015,602,102887.11038448244,9872.059950869469,M,37.3,17.8
2111,12/2015,453,87414.18256799567,9113.298606790395,F,60.6,5.4
2112,12/2015,396,88593.84759261605,8566.838931489081,M,33.1,12.5
2113,12/2015,113,80951.19579928828,8206.35731898817,M,,16.9
2114,12/2015,988,123310.6058772143,9909.761208921846,M,32.9,11.3
2115,12/2015,956,99086.44098105853,9578.803615133358,M,65.3,15.6
2116,12/2015,59,101593.60412604216,8790.591530942713,M,46.9,8.1
2117,12/2015,593,113940.66229901915,9641.456955707878,M,43.4,15.5
2118,12/2015,10,66073.23744215263,6136.047475693199,M,45.5,6.4
2119,12/2015,196,101039.68632085795,9218.672999390654,M,46.2,4.3
2120,12/2015,38,77147.39227195032,7889.893877743006,,51.3,5.9
2121,12/2015,625,99322.50091916598,9919.348770899105,M,57.7,13.8
2122,12/2015,570,85977.82433849508,7705.790336600452,M,47.1,16.8
2123,12/2015,745,79227.17852933923,6700.160917010984,M,51.3,15.9
2124,12/2015,764,82239.14932816492,8528.625765445779,M,47.3,15.0
2125,12/2015,66,139240.84618310616,10798.96663930466,M,40.0,18.9
2126,12/2015,84,90424.23322529926,7950.488248900274,,36.5,18.8
2127,12/2015,462,96310.84839368884,8486.107911644276,,39.3,10.3
2128,12/2015,952,85211.76982372788,10095.560189133403,M,56.4,4.4
2129,12/2015,970,121868.95194780694,9374.351344574223,M,34.0,11.4
2130,12/2015,333,88898.66833735537,9692.286173577577,M,50.1,8.4
2131,12/2015,274,96211.97269147265,8302.890965576795,M,63.7,8.6
2132,12/2015,981,97184.41463671575,9029.294894601324,M,62.2,1.6
2133,12/2015,110,108022.70525235085,8165.200069305683,M,59.4,15.7
2134,12/2015,383,75456.62937378026,8257.589687793412,M,37.5,15.6
2135,12/2015,542,99624.5132485061,8917.712871367316,M,35.2,7.8
2136,12/2015,787,100625.33168352299,8796.776685621486,M,59.9,12.3
2137,12/2015,57,76607.76070261317,8746.511262945354,M,65.6,16.7
2138,12/2015,412,83877.58118096982,7677.647142089786,M,59.3,4.6
2139,12/2015,177,97749.67348606816,8144.221050153164,M,41.0,1.9
2140,12/2015,560,101939.162919805,8482.854315343868,M,41.8,12.4
2141,12/2015,398,71634.94052059895,6579.5531453938165,M,52.0,4.8
2142,12/2015,916,84522.53523382825,9361.036321973737,M,65.1,18.0
2143,12/2015,965,86667.61026624758,7726.495207705635,M,65.8,5.6
2144,12/2015,746,113852.84560279109,8699.026954807085,M,48.2,1.6
2145,12/2015,912,104917.35357721506,8653.96461898944,M,55.6,16.5
2146,12/2015,257,71048.6211394023,7508.602940164735,M,36.1,4.5
2147,12/2015,727,79169.97336823291,7570.854623254152,M,53.5,16.6
2148,12/2015,144,94797.57331380805,7467.620793251113,M,43.3,7.4
2149,12/2015,164,117762.8562640204,8635.026435561704,M,39.8,10.5
2150,12/2015,48,92527.27450120148,8840.061672610924,M,63.4,11.9
2151,12/2015,872,79229.9461160669,9175.344109722697,M,50.2,11.6
2152,12/2015,391,77520.60741694886,7655.708833027507,M,47.8,2.2
2153,12/2015,703,76072.71190110908,8642.434072564061,M,,7.8
2154,12/2015,504,71152.50686699303,6476.141551779971,M,40.0,1.8
2155,12/2015,876,63878.627499418384,6549.967175512741,M,34.7,5.8
2156,12/2015,69,93479.34433349536,8848.624647186773,M,57.1,11.5
2157,12/2015,736,69357.38836186109,8055.599730641028,M,43.1,13.3
2158,12/2015,899,114387.06078522415,8661.808480997974,M,58.6,10.2
2159,12/2015,219,81460.91027791095,7367.923701273298,M,39.4,17.3
2160,12/2015,451,97640.71879979775,8851.904506399664,M,47.1,10.2
2161,12/2015,407,58045.65882679097,6586.135017999957,M,46.4,2.4
2162,12/2015,735,74795.52036698574,8322.180952116973,M,54.1,4.8
2163,12/2015,249,85742.87875295951,8928.078738614397,M,60.9,8.2
2164,12/2015,145,98560.92632307204,8933.29434188083,M,49.4,7.5
2165,12/2015,12,75421.62976292621,8633.043759356302,M,59.0,15.6
2166,12/2015,724,104785.16240586473,9494.981008114288,F,47.8,16.0
2167,12/2015,728,81374.26574340694,8578.771284693905,M,57.5,2.9
2168,12/2015,948,72681.29516960547,7232.355564517555,M,37.5,3.6
2169,12/2015,464,93679.0792503367,8383.059027488971,M,58.4,6.4
2170,12/2015,278,66315.54707628337,7939.690022778162,,47.4,10.8
2171,12/2015,89,97988.14624701312,7341.857181974464,M,42.9,7.5
2172,12/2015,124,92068.20561499396,8892.22015399404,M,35.2,9.5
2173,12/2015,185,84554.71774945028,9614.265043267847,M,35.5,14.5
2174,12/2015,514,105632.65793123013,8538.12510248104,M,45.0,12.9
2175,12/2015,651,65757.3103231308,7442.020398662213,M,39.2,8.3
2176,12/2015,669,63662.168115480075,6534.613317776994,M,52.7,13.9
2177,12/2015,97,82774.27935560832,8696.48595556552,M,62.2,11.0
2178,12/2015,924,93335.26493489214,9028.956409437551,M,64.5,11.3
2179,12/2015,323,99335.93523736451,8432.364631652288,F,48.5,8.9
2180,12/2015,643,112064.67880357936,8916.141876143385,M,35.7,16.0
2181,12/2015,890,95364.79815001744,8194.43407074451,M,55.4,17.6
2182,12/2015,929,77224.26882024427,8949.374610981262,M,41.7,4.4
2183,12/2015,670,106705.59494996011,9706.054278061789,M,36.1,8.3
2184,12/2015,181,77734.67173858076,8681.403442490018,M,36.8,10.0
2185,12/2015,963,84091.62850425583,9043.296017447012,M,50.0,10.8
2186,12/2015,997,89850.90771809267,7383.917589136425,M,61.6,10.5
2187,12/2015,858,93398.01222569335,9556.707595692036,M,38.2,1.5
2188,12/2015,403,97899.3484067981,7470.041524554296,M,45.4,7.8
2189,12/2015,572,101904.30338384042,8914.729213298173,M,,7.6
2190,12/2015,754,96516.66896586333,8871.178858747175,M,55.8,11.8
2191,12/2015,72,62317.052903764714,6742.6623144812,M,46.7,11.5
2192,12/2015,283,77522.7110946893,7341.7864174095785,M,57.9,9.6
2193,12/2015,705,78885.36286879623,9947.648285256137,M,46.5,1.7
2194,12/2015,983,115989.47388687187,9978.130147388056,M,36.0,14.7
2195,12/2015,305,90996.64804344781,10162.953237460522,M,63.1,4.2
2196,12/2015,857,105369.64020213552,9162.044200882276,M,37.8,3.3
2197,12/2015,74,84499.40684015998,8904.530906058879,M,37.2,15.0
2198,12/2015,824,80879.49333009578,9090.454627919546,M,56.3,2.9
2199,12/2015,231,94337.50910074956,9391.57294581294,,42.2,17.8
2200,12/2015,130,86899.16630739607,8016.559333864329,M,59.5,15.0
2201,12/2015,248,109357.6531943763,8479.901738054954,M,36.4,14.8
2202,12/2015,149,77511.67823912125,6853.43648510477,M,52.6,5.5
2203,12/2015,329,92821.339451869,8229.870064134948,M,43.4,4.5
2204,12/2015,582,123782.13631284346,8835.392477685624,M,46.1,4.4
2205,12/2015,328,91300.32319661255,8703.27742988166,M,39.4,11.4
2206,12/2015,779,81445.89352409195,7695.132160834935,M,,18.0
2207,12/2015,807,76046.0202630701,7930.698738072194,M,,12.8
2208,12/2015,821,75315.40101518155,7846.8377455240425,M,55.6,4.4
2209,12/2015,366,118500.29391257926,8790.043121702154,M,42.9,7.5
2210,12/2015,433,80255.83671957247,7447.161057510009,M,37.5,8.6
2211,12/2015,371,67104.50425509427,7622.825101024391,M,52.2,5.6
2212,12/2015,384,93966.04068160545,9651.62712149477,M,43.5,2.5
2213,12/2015,632,112452.33623921988,8614.957469299561,M,35.3,14.1
2214,12/2015,861,100442.52926846754,9076.422063576823,M,48.3,12.6
2215,12/2015,65,61752.21075954857,7413.347504859909,,46.8,15.7
2216,12/2015,877,119774.62542984766,9177.239682487158,M,40.8,16.7
2217,12/2015,244,91516.60248027244,7832.333327451835,M,40.5,3.1
2218,12/2015,863,84190.86693033473,7684.888516089701,M,48.7,17.6
2219,12/2015,350,81320.53900953343,10229.221730848492,M,52.6,18.5
2220,12/2015,160,104285.95170229556,8333.318977718514,M,34.9,18.1
2221,12/2015,45,53269.28301542522,6795.623552637397,M,40.4,11.4
2222,12/2015,497,97878.05824416442,8105.829420582794,,46.3,11.7
2223,12/2015,237,70343.82005985417,7321.774983223793,M,39.1,10.7
2224,12/2015,9,96232.00325654737,10774.052496865055,M,50.3,8.9
2225,12/2015,172,84732.05973112388,7547.235049478704,M,55.4,10.6
2226,12/2015,918,88870.73631092258,7057.158335078513,M,45.0,2.6
2227,12/2015,950,87850.14216084604,8035.8977408566625,M,34.7,6.3
2228,12/2015,134,121036.10865045668,7610.427144925613,M,64.7,6.2
2229,12/2015,140,103689.96934501422,7467.344978246559,M,,14.0
2230,12/2015,238,143353.09209794534,10624.691700855816,M,61.8,3.6
2231,12/2015,567,75850.1947225733,6417.221583778923,M,49.1,15.0
2232,12/2015,146,85702.98921553725,7631.634537205002,M,38.1,5.6
2233,12/2015,519,85979.42004100795,8960.126079253781,,42.7,1.7
2234,12/2015,428,75514.4402287983,9338.24024204357,M,37.0,13.8
2235,12/2015,612,85773.18637485514,8486.874658698169,M,56.8,10.3
2236,12/2015,153,108594.83818892876,9112.374845249442,M,32.3,18.2
2237,12/2015,592,79155.01285011273,7193.701588211484,M,52.6,12.7
2238,12/2015,713,123202.6841730539,7540.858466541116,M,45.8,18.2
2239,12/2015,933,88254.07211291512,9750.71713899095,M,48.6,14.2
2240,12/2015,686,79368.36342848458,9496.3340877707,M,40.8,5.5
2241,12/2015,331,105919.8387455086,9307.868799124848,M,36.7,9.1
2242,12/2015,885,84729.75542149325,9174.930423407377,M,62.8,6.5
2243,12/2015,842,115796.01698848062,10396.549118819787,M,48.5,6.3
2244,12/2015,951,93644.92661651356,7926.015030123333,M,65.1,10.5
2245,12/2015,597,77056.54470092784,7869.216237078702,M,60.0,13.1
2246,12/2015,93,88081.1405992786,8922.256557426792,F,38.4,14.3
2247,12/2015,402,72870.28912290797,7934.437099703013,M,35.4,15.1
2248,12/2015,435,107617.10467460573,9325.247093467598,F,60.5,17.1
2249,12/2015,751,74826.03476706355,7860.690699922421,M,55.1,6.5
2250,12/2015,733,67960.07431450984,7023.866790762319,M,52.2,13.6
2251,12/2015,121,97873.82814536539,9050.963473633115,M,58.7,18.4
2252,12/2015,760,85401.83274537572,9104.221104870026,M,47.8,11.1
2253,12/2015,372,102031.66170356452,7553.738283250915,M,33.0,14.3
2254,12/2015,441,109963.03875626552,8699.989984434998,M,51.6,2.3
2255,12/2015,270,87989.15149335486,7100.135733538697,M,40.7,10.1
2256,12/2015,260,75062.98058532298,8855.594086349556,M,34.6,1.1
2257,12/2015,442,65576.23973342864,8581.62223556976,M,61.5,13.5
2258,12/2015,19,87575.21347975498,7950.28841242502,M,,12.4
2259,12/2015,218,102212.06000693006,8301.927325705019,M,60.8,12.0
2260,12/2015,1000,72210.2739991279,7537.938483587501,M,45.2,4.0
2261,12/2015,967,88658.7923109566,8736.607153925637,M,56.6,2.4
2262,12/2015,413,96831.49582461195,8623.275656643436,M,47.8,1.0
2263,12/2015,780,134463.5759111947,9499.363285640084,M,51.8,1.9
2264,12/2015,538,85972.56204736396,8690.215179322578,,44.3,13.5
2265,12/2015,255,90854.23311158225,7591.747347374204,M,50.9,15.2
2266,12/2015,211,109677.60415926583,9430.909191298253,M,36.7,8.5
2267,12/2015,465,91113.34170519905,9508.779876667764,M,62.0,17.2
2268,12/2015,583,89790.80421961035,9722.1485630338,M,39.0,8.2
2269,12/2015,489,87347.5029127287,8983.559119894942,M,39.7,17.4
2270,12/2015,353,107781.51463502258,9073.351155635712,M,65.9,5.3
2271,12/2015,415,124856.27323952207,9662.029734173053,M,62.5,7.1
2272,12/2015,594,126150.22368510738,10572.835702724733,F,44.6,12.7
2273,12/2015,957,74301.75548124239,9042.765250939858,M,55.4,5.3
2274,12/2015,394,75221.62477438535,7722.160402296238,M,56.1,5.1
2275,12/2015,674,110356.81449844025,10004.809901662782,M,61.2,16.6
2276,12/2015,646,102971.94920395134,8986.369598724665,M,35.1,10.2
2277,12/2015,972,90010.58700835415,8762.114081819409,M,65.6,1.6
2278,12/2015,791,72112.33890839198,6887.077164978018,M,60.0,8.0
2279,12/2015,78,73990.68551090041,8700.282259589829,M,36.8,7.9
2280,12/2015,548,86462.03935983375,8401.98289938295,M,52.2,12.5
2281,12/2015,536,90461.68942085125,9276.492047145066,M,55.4,3.4
2282,12/2015,621,66843.64284633176,7459.861531877593,M,54.8,1.7
2283,12/2015,762,72645.41666238284,7776.092453931621,M,47.3,14.9
2284,12/2015,516,96258.84062684103,8001.1606416163395,M,65.6,18.0
2285,12/2015,216,63052.112851693164,6742.023853538531,M,36.4,14.5
2286,12/2015,635,128403.63885186933,8381.467718411226,M,55.3,14.8
2287,12/2015,926,63881.85062497412,7934.2210473117475,M,43.2,14.0
2288,12/2015,135,82615.10204681891,7968.38693777132,,,10.5
2289,12/2015,387,75443.03322489205,8347.205212182895,M,46.8,16.0
2290,12/2015,925,101958.72125429143,9409.232731589236,M,57.3,5.5
2291,12/2015,85,95733.22524033788,9053.780964321913,M,38.7,16.7
2292,12/2015,586,70695.78145780749,6949.191014007422,M,32.2,7.8
2293,12/2015,571,79847.76897926361,9727.96241568128,M,53.2,13.8
2294,12/2015,855,81086.30983670802,8035.574908229935,M,64.2,15.2
2295,12/2015,685,76550.97028327527,7873.738689490103,M,47.0,7.8
2296,12/2015,63,84698.54918107449,9600.489320267601,M,61.6,12.5
2297,12/2015,264,87000.11366724741,8708.836430546984,M,59.1,12.7
2298,12/2015,701,80020.30610850529,8783.566953801377,M,37.3,10.7
2299,12/2015,73,80167.4430272168,6863.152793230738,M,48.6,14.7
2300,12/2015,478,78159.35137667334,8467.36329804656,M,35.7,7.8
2301,12/2015,661,89076.31487322402,9676.442470578733,M,57.1,1.7
2302,12/2015,228,82335.0958066985,7948.181811694666,M,48.1,9.5
2303,12/2015,309,87367.2146327623,8950.214523579069,M,38.3,14.6
2304,12/2015,382,77595.77957689656,7022.300192929817,M,34.4,10.9
2305,12/2015,914,102799.28977107779,9769.903043546738,M,54.5,6.4
2306,12/2015,170,76565.2349091525,7463.8670775969385,M,34.1,16.2
2307,12/2015,808,76876.2746810285,7954.421195252592,M,45.2,4.6
2308,12/2015,279,92089.96033119243,7820.561830175011,M,44.9,3.9
2309,12/2015,852,84897.19948218325,7560.581715326454,F,37.4,13.3
2310,12/2015,258,107616.8574765433,9629.477708374638,M,43.5,6.3
2311,12/2015,920,85990.8139517371,7987.917170599594,,64.9,14.6
2312,12/2015,167,75856.11145212341,7083.162768574801,M,37.0,6.7
2313,12/2015,229,89931.17106134238,9695.457357115747,M,55.1,7.9
2314,12/2015,293,86967.94823210113,9740.217340089946,M,44.9,10.8
2315,12/2015,569,66285.33353195644,7349.496142665404,M,39.7,13.3
2316,12/2015,39,83103.95042865818,8756.823177189319,M,58.6,1.1
2317,12/2015,562,83324.05746286495,7949.3017478213515,M,43.4,10.0
2318,12/2015,819,81204.28312232219,8466.814535149768,M,33.6,15.2
2319,12/2015,652,90032.80003105196,8142.314486451035,,43.2,1.1
2320,12/2015,827,88889.20429163179,8583.418470542612,M,65.0,3.2
2321,12/2015,915,66302.81541655102,7789.0380634160165,M,47.0,13.0
2322,12/2015,35,80053.85426222534,8003.491294405537,M,53.3,4.0
2323,12/2015,358,73530.91939897995,8286.563124442902,M,35.8,18.3
2324,12/2015,867,87201.854377845,8162.878961331753,M,53.5,10.1
2325,12/2015,979,73870.99413779067,8931.839129129969,M,64.3,9.9
2326,12/2015,599,75811.46193379356,8128.075563209074,M,,18.4
2327,12/2015,470,111460.09472221571,10692.934335267288,M,45.0,3.5
2328,12/2015,903,68027.33714391742,7315.466328760958,M,,16.7
2329,12/2015,420,103148.09601131569,7477.559286878502,M,56.3,5.9
2330,12/2015,150,79656.44956339302,8024.980529441966,M,,10.2
2331,12/2015,631,105844.55591701524,9281.468291424555,M,43.4,6.2
2332,12/2015,616,69325.46613010867,7228.66616706469,M,61.5,8.8
2333,12/2015,373,91999.4005771247,8143.349072760991,M,60.9,5.9
2334,12/2015,577,96125.4447906227,8442.95089348916,M,42.5,15.7
2335,12/2015,901,84697.69235201816,7095.713435269054,M,56.5,9.0
2336,12/2015,55,85291.59797077626,7875.26138715723,M,34.9,2.7
2337,12/2015,908,81721.24921783098,8355.83415696763,M,39.6,15.1
2338,12/2015,883,80114.16963009581,8982.279358664478,M,,15.3
2339,12/2015,522,82550.1654169522,8674.29213561262,M,52.2,14.7
2340,12/2015,811,84019.25547462708,8024.805453704777,M,,18.6
2341,12/2015,137,75899.48127359089,8613.276848283003,M,58.3,17.6
2342,12/2015,600,110864.43839958053,9771.99827753565,M,38.4,17.2
2343,12/2015,673,68528.27509119865,7480.0123675028335,M,49.1,5.2
2344,12/2015,575,69057.9479755839,6448.708241806146,M,32.9,10.9
2345,12/2015,469,98887.12159069466,8126.558886718933,M,64.1,10.3
2346,12/2015,698,73272.94318269924,8290.466530714095,M,62.6,5.0
2347,12/2015,245,90789.30566511398,8192.612439980148,M,60.9,13.2
2348,12/2015,363,69755.46276656412,7589.921837080705,M,45.2,1.3
2349,12/2015,911,89216.49895768927,8894.695495419634,M,53.9,13.9
2350,12/2015,343,77535.54528034317,8276.881264683132,M,63.1,16.4
2351,12/2015,886,98684.14722321204,8206.873822724658,M,59.7,10.7
2352,12/2015,262,68510.29738315333,8076.31811840533,M,64.6,14.7
2353,12/2015,222,68890.79205198344,6686.634520120694,M,39.2,11.6
2354,12/2015,731,79948.12541448262,8938.349614419885,,35.2,7.5
2355,12/2015,31,105804.71192473863,9478.698620991094,,36.7,16.8
2356,12/2015,32,80851.29098841891,8421.078437726947,M,55.5,2.4
2357,12/2015,545,90181.56460294216,9670.31044189878,M,42.4,3.8
2358,12/2015,553,69947.85408692673,7705.172338073725,M,35.3,1.8
2359,12/2015,284,84350.59340162364,9101.619021632485,M,40.5,14.4
2360,12/2015,94,78665.83388899449,7509.3645967300845,M,,9.2
2361,12/2015,472,86640.20056790189,8944.052072781666,,40.5,8.5
2362,12/2015,748,93588.36625073398,9275.467651564624,F,40.7,14.3
2363,12/2015,3,109145.96123969425,8803.137933133235,M,49.3,4.7
2364,12/2015,676,101122.54704703612,8274.165073961887,M,43.8,17.0
2365,12/2015,233,101305.2822808604,9443.683095493714,M,38.2,12.8
2366,12/2015,919,115822.77085125895,8001.48740895216,M,34.6,11.6
2367,12/2015,54,66117.60465560434,7186.755031484421,M,57.6,1.3
2368,12/2015,95,61417.16932915407,7254.816509885383,M,55.1,14.3
2369,12/2015,818,96302.1168037814,8700.374282083885,M,,4.6
2370,12/2015,349,72912.14163407724,8520.855328810196,M,63.1,16.7
2371,12/2015,224,79497.86192645575,7650.187532168391,M,42.2,9.8
2372,12/2015,526,72710.68323860319,7427.474027127993,M,62.7,18.8
2373,12/2015,613,68710.71973400886,7729.95733603736,M,50.9,2.5
2374,12/2015,845,74017.35235858087,7726.97686396045,M,,5.5
2375,12/2015,894,99283.90594878097,10282.876469323153,M,47.3,18.1
2376,12/2015,419,92431.74874263255,9265.449751497878,M,,18.2
2377,12/2015,707,75714.63594316423,8441.433188513922,M,56.4,12.6
2378,12/2015,426,51561.99206428756,7051.011843283044,M,43.0,7.2
2379,12/2015,427,114220.01919224577,9790.980089591443,M,48.1,3.4
2380,12/2015,978,71505.22429239452,7749.337897206524,M,40.8,8.0
2381,12/2015,610,96348.61993161462,8974.25068314508,M,64.5,8.9
2382,12/2015,76,105910.23910928673,9372.633708927824,,46.8,11.5
2383,12/2015,629,101750.1537034547,8265.987817720848,M,46.4,15.7
2384,12/2015,326,91855.0687214926,7796.1274853325785,M,32.6,1.6
2385,12/2015,875,97770.46431078298,7507.12415395485,,42.4,16.3
2386,12/2015,409,80554.7396905942,9292.313345655584,M,45.0,14.6
2387,12/2015,940,85175.98774114499,7098.36934890415,M,53.9,9.6
2388,12/2015,642,60887.18894382694,6958.062163024291,M,43.3,8.4
2389,12/2015,14,74361.07157557186,8895.14665170007,M,56.5,1.7
2390,12/2015,129,74284.09374348895,9031.736610582491,M,35.6,11.3
2391,12/2015,474,96901.36343753559,8076.6897139684115,M,56.2,13.1
2392,12/2015,312,89666.3298557972,9261.570720041518,M,61.2,13.4
2393,12/2015,708,125896.4587050302,8670.858758163262,M,40.4,1.6
2394,12/2015,30,65920.00905601517,8564.77903467821,M,46.1,9.2
2395,12/2015,161,66338.42243736767,6953.417802555972,M,51.3,2.9
2396,12/2015,839,89257.54836658607,9308.048828361609,M,36.7,1.6
2397,12/2015,400,92445.67222173198,9553.42196146257,,58.4,10.9
2398,12/2015,375,96900.49824338143,9718.581002012574,M,43.3,18.2
2399,12/2015,298,95456.17243087465,7706.341913879243,M,39.2,11.8
2400,12/2015,29,97805.919316522,8826.888266218653,M,46.5,10.7
2401,12/2015,679,69704.97076900191,7909.147241621687,M,32.7,10.4
2402,12/2015,422,69643.22395964642,7547.631239391743,M,50.1,11.6
2403,12/2015,50,75857.07790554757,7779.51001211652,M,53.7,9.0
2404,12/2015,804,74404.9668777506,7886.565300509839,M,32.4,13.2
2405,12/2015,627,56693.34767825884,6642.081827238809,M,41.2,15.2
2406,12/2015,874,78038.15605928552,7749.246557103065,M,38.0,2.2
2407,12/2015,165,121815.4150105357,9311.661050413202,F,50.4,17.6
2408,12/2015,905,57529.504531777675,5650.08706380881,M,32.6,15.8
2409,12/2015,37,78764.88972365545,7090.281131341037,M,43.8,12.4
2410,12/2015,501,80640.04480256201,8997.808415000192,M,47.7,9.3
2411,12/2015,529,91583.85755096213,8878.364564712861,M,47.6,6.1
2412,12/2015,774,73704.05940546984,9882.597279559272,M,62.2,17.0
2413,12/2015,772,103563.41294929144,9056.054962762502,M,47.7,8.2
2414,12/2015,773,103950.06326040039,8508.573634927008,M,,14.6
2415,12/2015,388,101632.02424991707,9685.233775882265,M,,1.6
2416,12/2015,194,88523.96157574143,8338.570011921518,M,65.8,18.7
2417,12/2015,778,81653.6224646319,9290.023358810002,M,62.7,4.5
2418,12/2015,830,66684.77755740224,7674.355009883553,M,49.8,5.2
2419,12/2015,655,105430.61140689629,8942.366036828382,M,51.5,7.7
2420,12/2015,461,90288.31230721237,8221.025995392501,M,64.8,2.5
2421,12/2015,927,95872.8742656181,7938.427620540389,M,53.3,9.6
2422,12/2015,90,85292.6469379863,7911.194514607305,M,60.6,11.5
2423,12/2015,348,95855.03347899315,8451.982454853876,M,60.8,1.0
2424,12/2015,313,73582.33751966314,6111.71436747338,M,53.1,14.1
2425,12/2015,590,99588.85024916705,8452.242236634967,M,40.8,4.2
2426,12/2015,179,81523.85462433111,7845.794428710629,,52.8,15.2
2427,12/2015,496,95536.14838691195,9136.09548773778,M,58.0,17.3
2428,12/2015,517,93544.77148633609,9654.412102624743,M,46.1,16.4
2429,12/2015,744,81560.20384734485,8921.292820990935,M,48.2,14.3
2430,12/2015,682,109051.1606872535,9562.24127077492,M,46.5,10.8
2431,12/2015,809,92366.51504163502,8839.099579142478,M,40.3,17.8
2432,12/2015,658,78767.34635997229,9079.00255192813,M,46.5,11.6
2433,12/2015,158,81728.52378443739,7400.044198412014,M,,3.0
2434,12/2015,357,86180.06788011637,7450.738764259212,M,42.8,9.0
2435,12/2015,221,87316.39081716037,8905.558118386158,M,64.0,3.7
2436,12/2015,633,118137.01083511558,9097.620244883368,F,46.4,2.6
2437,12/2015,721,98859.48873043362,9625.270933567415,M,36.7,14.4
2438,12/2015,783,123247.85260678624,8433.976561345095,M,43.3,9.7
2439,12/2015,304,62850.96882185666,7103.4999571240005,M,60.5,17.7
2440,12/2015,789,103979.39503071076,8407.583770722997,F,39.7,8.0
2441,12/2015,486,79638.67362384856,8327.375378207273,M,56.4,5.1
2442,12/2015,580,84188.65177864693,8434.321345451592,M,63.8,10.4
2443,12/2015,6,80518.75166522093,7847.153268972314,M,35.5,15.1
2444,12/2015,934,105786.31446064003,9944.229593160266,M,32.4,13.9
2445,12/2015,645,78485.70741147663,8391.629806008457,M,52.4,2.3
2446,12/2015,206,88920.13257203695,8272.36088363711,M,64.2,5.3
2447,12/2015,401,70864.0496148605,7356.849596683701,M,,13.2
2448,12/2015,826,62697.05009393086,6993.6167152348535,M,33.8,5.3
2449,12/2015,83,114680.87839826912,9682.953005460617,M,65.4,8.2
2450,12/2015,183,71686.82457820416,7518.16521929673,M,41.2,14.6
2451,12/2015,42,76642.6463116344,7325.3355712410985,M,56.3,13.9
2452,12/2015,722,81886.43276132391,9197.78735738878,M,45.4,18.3
2453,12/2015,503,64650.912697834334,8103.34931219579,M,,18.0
2454,12/2015,620,84061.34878576158,8815.120738613006,M,57.3,1.6
2455,12/2015,755,115416.53433036004,9040.197273987826,M,53.1,14.7
2456,12/2015,873,71994.67758254331,8432.648807692603,M,33.1,16.5
2457,12/2015,781,94952.73178109083,8246.741748590106,M,33.4,14.1
2458,12/2015,40,99256.45254056752,9459.551397511117,M,36.4,9.0
2459,12/2015,240,80645.20769678972,7918.172727209722,M,,5.8
2460,12/2015,436,91510.75653846689,7782.499126090469,,37.8,12.0
2461,12/2015,320,86961.87908594776,7952.024406861609,M,43.1,14.4
2462,12/2015,723,67231.33854263727,8152.2302801113965,,,3.7
2463,12/2015,947,88290.98188985913,8700.683458490212,M,41.6,14.9
2464,12/2015,168,125066.49721215287,9849.708640864796,M,60.0,11.2
2465,12/2015,259,79210.35724012635,7759.6806645996685,M,60.8,2.7
2466,12/2015,913,93046.75492896915,9133.245371121415,M,53.6,9.3
2467,12/2015,985,64888.51379463521,7706.788224496176,M,51.8,15.1
2468,12/2015,539,103874.13339879861,8887.392095222902,M,41.5,10.6
2469,12/2015,975,78263.98406780104,8658.331442961871,M,46.1,9.3
2470,12/2015,771,139754.61320596022,10091.344943942806,M,59.1,12.7
2471,12/2015,566,79407.93957746633,8142.115075783284,M,,11.7
2472,12/2015,325,118188.44372884161,10627.68305509137,M,59.5,7.6
2473,12/2015,813,82747.84285458033,9043.559878793792,M,56.3,16.7
2474,12/2015,253,87248.43368293006,8746.655142179117,F,52.5,18.0
2475,12/2015,817,90439.72399147568,7866.309761393808,M,35.7,7.4
2476,12/2015,958,80013.34327156129,9810.21392629497,M,42.6,2.3
2477,12/2015,564,78752.18837516461,8483.708262379138,M,36.5,18.6
2478,12/2015,448,93726.19524933748,9621.235429945333,M,51.5,15.3
2479,12/2015,322,110120.21562089911,8076.616718653327,M,45.2,13.4
2480,12/2015,909,89720.80732892486,8106.746684798,F,45.0,18.5
2481,12/2015,208,95417.21691285263,8102.789745540973,M,57.5,3.7
2482,12/2015,306,87163.27769816123,8733.79575685083,M,57.0,16.2
2483,12/2015,471,72322.5672215123,7975.925892070848,M,64.4,4.4
2484,12/2015,833,99721.09871412667,8946.491390001564,M,45.8,14.0
2485,12/2015,518,86247.8920024207,10040.320640306272,M,55.0,16.6
2486,12/2015,607,128691.54958025584,10509.813048791657,M,34.1,13.1
2487,12/2015,743,77014.47956818271,7760.378905193257,M,55.6,1.1
2488,12/2015,431,82583.31292792855,8261.474344532513,M,42.5,3.0
2489,12/2015,554,91571.4181213916,8852.776747764026,M,40.1,9.5
2490,12/2015,866,86022.41642073951,9339.76836402391,M,35.4,6.1
2491,12/2015,740,95351.20320374722,9043.235577186868,M,54.5,9.9
2492,12/2015,534,83722.49175352401,8496.657732423893,M,63.4,16.5
2493,12/2015,681,86391.33782715026,9612.70305557087,M,56.8,4.5
2494,12/2015,694,72651.53869855205,6303.195575473542,M,56.6,8.8
2495,12/2015,557,102523.78555149963,9708.752870112712,M,61.4,16.5
2496,12/2015,204,84435.97259121855,8742.978241193412,M,54.7,9.8
2497,12/2015,275,89100.81062787723,9171.937400759385,,34.7,14.8
2498,12/2015,525,77008.84426307143,7748.057548958777,M,39.2,9.1
2499,12/2015,33,74725.72343208794,8663.279485884425,M,55.9,15.2
2500,12/2015,18,69578.14774677152,7837.2542173216625,M,36.9,16.0
2501,12/2015,835,97128.3537148991,8093.927064734708,M,,12.8
2502,12/2015,649,88384.90638536711,8603.336933971594,F,41.6,6.4
2503,12/2015,406,69519.98414880944,6823.455610727563,,36.0,1.4
2504,12/2015,640,65836.99493954239,6743.573046892354,,64.7,9.2
2505,12/2015,79,71502.95944886873,7633.105383580003,M,41.3,4.9
2506,12/2015,942,77468.72979964926,8256.54766750771,M,50.2,14.9
2507,12/2015,895,129392.12049322246,9129.589600643023,M,33.5,17.3
2508,12/2015,766,94740.15477047482,8137.732351085135,M,62.4,7.1
2509,12/2015,51,82320.20154592332,9273.484552658425,,39.9,6.9
2510,12/2015,702,107442.36905964173,9517.63688154095,M,57.5,12.7
2511,12/2015,332,79970.09248722745,7327.80095138282,F,55.0,18.7
2512,12/2015,314,97912.0375125062,9199.52477957266,M,49.4,4.0
2513,12/2015,118,79796.92605850782,7528.159123278654,M,39.8,9.3
2514,12/2015,445,92375.13519216374,8524.952475835607,M,59.4,18.6
2515,12/2015,906,86563.11664989572,7380.279404684551,M,57.2,5.3
2516,12/2015,555,65804.07761456036,7218.860389008209,M,62.5,3.5
2517,12/2015,105,110935.52825124345,9592.925393160247,M,48.3,2.2
2518,12/2015,879,107011.04217047596,9476.58661784123,,64.1,3.3
2519,12/2015,175,80192.52290591049,8273.030053451579,M,38.2,7.2
2520,12/2015,367,74428.25881104245,9015.769626348703,M,58.6,5.2
2521,12/2015,810,87232.6163039046,8874.670818957433,M,44.5,2.3
2522,12/2015,892,73385.61796602559,6586.466397777791,M,65.4,15.5
2523,12/2015,964,71979.23676158856,6866.261388047872,M,50.2,6.4
2524,12/2015,946,69535.74211397879,6870.073222159381,M,52.1,6.6
2525,12/2015,547,86289.04616939108,8309.894166921686,M,,7.5
2526,12/2015,999,109201.955324261,9008.844189849486,M,45.1,14.1
2527,12/2015,953,58454.51561534357,6340.215869150555,M,47.7,14.8
2528,12/2015,202,101965.63669121696,8286.231189845928,M,57.6,4.0
2529,12/2015,345,92600.71068411134,9577.171233749143,M,40.8,12.9
2530,12/2015,718,79356.18574563484,8043.8906345677715,M,65.1,1.7
2531,12/2015,276,96711.33636665418,9152.974756506885,M,45.1,18.5
2532,12/2015,768,100281.63624164976,8090.251452142553,M,63.5,6.3
2533,12/2015,411,69905.41587961765,8411.013278514525,M,58.7,2.5
2534,12/2015,192,94088.21700807178,10450.394864622085,M,45.7,5.7
2535,12/2015,115,98503.77056501081,8327.31722520823,M,36.3,17.6
2536,12/2015,162,99038.99044233344,8112.167580993954,M,35.5,12.1
2537,12/2015,636,102515.64056433865,9812.257443371982,F,63.9,7.2
2538,12/2015,870,100629.97908325707,8038.384014350091,M,42.6,2.6
2539,12/2015,468,91623.95159420239,8277.242612355716,M,52.3,3.3
2540,12/2015,490,113706.41018663128,9171.062797305269,M,62.1,12.7
2541,12/2015,558,72448.13504906914,7973.878645157035,M,35.8,9.1
2542,12/2015,662,89900.59174081591,8426.946944121508,M,51.0,6.8
2543,12/2015,834,64135.82840533687,8331.171114059518,M,39.8,1.8
2544,12/2015,907,102486.34667129385,8384.863374256594,F,61.1,3.8
2545,12/2015,15,84783.32622040436,8745.043443734075,M,35.0,4.2
2546,12/2015,588,75291.09498693814,7377.887325129357,F,47.5,14.8
2547,12/2015,859,79935.06749461374,9165.626414421748,M,44.3,4.2
2548,12/2015,109,104189.02169484127,9385.659103133088,M,45.2,7.3
2549,12/2015,369,104781.84208484154,8463.349189864419,M,36.2,8.9
2550,12/2015,188,108907.77481395831,8356.885456249141,M,33.0,18.5
2551,12/2015,166,67791.82582383523,7247.518727218576,M,,1.3
2552,12/2015,180,92417.94228457053,8550.428526383068,M,48.2,10.8
2553,12/2015,986,102151.8201815624,9088.811051490937,M,34.5,8.6
2554,12/2015,438,76892.26982159288,7648.533369026678,M,37.4,7.0
2555,12/2015,120,95953.81293443598,7910.421319260231,F,49.6,7.2
2556,12/2015,414,76244.19519222181,8462.73201712426,M,38.1,7.7
2557,12/2015,389,68768.09755582319,7122.452780967284,M,58.5,1.7
2558,12/2015,91,82594.52524882648,8323.333641766496,M,33.5,2.7
2559,12/2015,565,70655.98814206115,8497.074734182668,M,44.3,17.2
2560,12/2015,16,98564.53034326067,8203.37553805799,M,47.8,8.0
2561,12/2015,443,112111.42962333403,9043.15537077004,M,36.6,1.5
2562,12/2015,507,74351.47921889176,8185.113737278929,M,62.1,9.5
2563,12/2015,404,84456.18446593214,9892.077147255603,M,55.1,14.7
2564,12/2015,280,87768.7571017664,9460.747312535488,,60.1,2.4
2565,12/2015,654,85648.95217905159,9149.952169799812,M,55.4,9.7
2566,12/2015,376,73618.17308060404,8199.26058258383,M,37.8,6.4
2567,12/2015,169,66710.78782735851,8483.751122919151,M,60.7,18.0
2568,12/2015,931,79685.7080708803,7984.964282828982,M,62.2,15.4
2569,12/2015,664,112204.83288650984,9138.49030337138,M,45.7,17.9
2570,12/2015,272,69242.66126886093,6462.54679401842,M,41.3,10.3
2571,12/2015,667,92783.39479433422,9253.777147867604,,53.4,1.7
2572,12/2015,209,80221.55128531164,7090.470315285249,M,47.5,11.3
2573,12/2015,687,69443.7734379339,9051.122951982805,M,43.9,9.8
2574,12/2015,893,75628.46378953438,8182.3172103621355,M,38.7,2.4
2575,12/2015,184,76313.02935486005,7465.781115794777,M,46.3,14.7
2576,12/2015,711,101944.7769316141,9823.640752239591,M,51.6,17.6
2577,12/2015,543,81558.76930910123,8232.930159459404,M,59.2,12.0
2578,12/2015,864,85248.95220366819,7582.20533872041,M,35.7,8.6
2579,12/2015,995,97506.95228618798,7707.812850336144,M,,3.7
2580,12/2015,563,87128.68851294073,7758.479933579664,M,44.1,7.1
2581,12/2015,58,70499.00995884636,6436.83423093576,M,61.0,6.9
2582,12/2015,46,94677.36115722271,8923.67868462747,M,35.1,13.7
2583,12/2015,226,102811.90927740306,8949.92441460754,M,57.1,8.2
2584,12/2015,286,82087.10923733532,8774.7274796574,M,64.2,16.9
2585,12/2015,475,121655.37914929766,8579.401945719052,M,37.6,9.6
2586,12/2015,578,87267.27853672348,8304.385354876656,M,55.7,8.8
2587,12/2015,695,85656.44484844609,9142.49128592635,M,40.3,15.1
2588,12/2015,417,99520.00055631841,8570.931871304296,M,44.2,3.6
2589,12/2015,421,86028.62186722131,7838.577609510929,M,51.3,11.2
2590,12/2015,397,80765.14299232344,10090.503187996059,M,,12.9
2591,12/2015,273,73914.13053852152,8181.857677165938,M,43.7,13.2
2592,12/2015,281,99566.09102249877,8839.289785127437,M,58.1,16.5
2593,12/2015,945,90570.9673232335,9940.130355788593,M,40.5,7.3
2594,12/2015,862,78194.41847311698,7786.925628054736,F,53.6,4.1
2595,12/2015,232,76640.60009748844,8044.889411206065,M,44.7,13.6
2596,12/2015,550,56614.06701919792,6335.873752206593,,46.4,7.5
2597,12/2015,917,68380.48049347769,7746.89270759934,M,32.3,17.7
2598,12/2015,56,85679.10651896137,8292.060033135649,M,38.6,14.0
2599,12/2015,377,71857.89537300731,7717.366578808899,F,57.8,4.0
2600,12/2015,143,83455.4356078254,8221.162928177055,M,,7.3
2601,12/2015,782,80749.80654024714,6771.824794892925,M,57.1,15.8
2602,12/2015,17,89263.72059289528,9421.918619090167,M,,18.5
2603,12/2015,800,80461.48335587571,8376.771538561541,M,55.4,15.0
2604,12/2015,418,79678.9730858948,7730.3716376561915,M,50.6,9.8
2605,12/2015,282,98666.38589528258,9580.028731077091,M,59.1,15.3
2606,12/2015,495,81724.84972898071,7795.649194341502,M,52.5,5.5
2607,12/2015,492,76031.57203752868,7709.288330377954,M,47.2,11.8
2608,12/2015,968,62773.02296938993,7097.741851067553,,59.5,2.6
2609,12/2015,802,91697.67819637927,9418.729098425061,M,37.0,11.4
2610,12/2015,215,65608.32923399312,7432.075628567866,M,52.5,7.2
2611,12/2015,959,120355.75875404388,8186.1030105613945,M,63.1,13.2
2612,12/2015,954,83370.99315930983,7935.347796161704,M,42.1,5.8
2613,12/2015,482,109072.88474183102,9277.179664997635,M,65.9,13.1
2614,12/2015,102,111166.1380312469,9685.934446522153,M,55.2,11.6
2615,12/2015,776,76125.09622398406,8602.898340822043,M,,15.6
2616,12/2015,528,86836.55280452463,9005.750187668002,M,32.7,15.5
2617,12/2015,292,83546.78793166507,8248.138189798672,M,32.6,13.2
2618,12/2015,971,78510.80583530215,7960.508135814918,M,63.6,15.5
2619,12/2015,152,78028.66324922937,8340.081206675575,M,35.5,3.3
2620,12/2015,750,66118.5840540841,6428.3599157957215,M,57.0,16.5
2621,12/2015,199,103798.96219887161,8520.158032754196,M,49.2,13.1
2622,12/2015,154,83733.65671921622,8043.72612934822,M,,6.9
2623,12/2015,675,82280.05592578913,7995.861199262953,M,56.2,10.5
2624,12/2015,288,97892.74231058575,8643.953576598087,,47.6,18.3
2625,12/2015,523,72155.38288284723,7408.867848160606,M,32.1,1.2
2626,12/2015,688,93300.64873079264,8143.953386401536,M,41.3,4.0
2627,12/2015,360,80761.57860135642,8676.794994540402,M,49.5,12.0
2628,12/2015,960,102110.19974115452,9000.267215617605,M,55.1,9.8
2629,12/2015,368,96105.51914142582,8826.238737867778,M,53.8,14.7
2630,12/2015,456,115468.45958820086,8700.631696455426,M,55.8,5.9
2631,12/2015,512,75231.2132601007,7834.334063341031,,50.1,15.9
2632,12/2015,650,79296.10712884474,8087.20124576862,M,43.0,12.5
2633,12/2015,380,93075.64098518244,7186.215437999223,M,61.4,1.5
2634,12/2015,139,97334.94196602354,7991.957402443228,M,56.4,8.7
2635,12/2015,994,59270.646457426,6978.638064250711,M,42.5,2.6
2636,12/2015,689,77517.72056907957,8774.43137209225,M,63.1,2.4
2637,12/2015,243,106577.66556720874,9141.94723821568,M,38.2,16.7
2638,12/2015,148,93506.86418445568,7468.307376339247,M,64.4,9.8
2639,12/2015,252,75946.40993605855,8707.832795970975,M,40.6,14.0
2640,12/2015,265,76278.93357748944,7718.396103264516,M,39.6,3.8
2641,12/2015,362,92997.33288589185,7891.166500990639,M,39.0,3.7
2642,12/2015,336,78200.17754374255,7722.457858451072,M,53.4,15.5
2643,12/2015,928,95750.0033358909,9463.278522509454,M,63.0,14.1
2644,12/2015,515,110631.07893678082,7978.405849978429,M,56.7,9.7
2645,12/2015,483,71571.32313668607,8120.755456503116,M,47.0,12.5
2646,12/2015,395,97621.05885149098,9724.54904431241,M,59.5,16.9
2647,12/2015,758,118567.43418475802,10042.292796451842,M,45.8,3.4
2648,12/2015,361,78807.81467687394,8953.521498791537,,51.1,15.4
2649,12/2015,657,103200.54648812846,9282.083381942515,M,53.9,10.4
2650,12/2015,761,85818.4367183992,7396.079416367009,M,33.4,8.7
2651,12/2015,881,63741.45004091584,7616.348259226132,M,53.5,2.0
2652,12/2015,197,68881.84806997795,8045.71610997308,M,44.6,12.9
2653,12/2015,290,112507.81323839733,9060.968204799761,M,37.7,4.3
2654,12/2015,742,79441.49955993204,8123.12279549312,M,47.7,1.4
2655,12/2015,848,79033.09653727729,6587.994299275643,M,58.3,10.1
2656,12/2015,820,121016.4557557554,8916.061852657134,M,32.4,14.0
2657,12/2015,122,89337.1364812386,9440.866791722694,M,42.0,5.7
2658,12/2015,340,105183.51387737869,9361.187696359284,,43.5,6.5
2659,12/2015,714,78758.76165381062,8372.859843633376,M,39.5,9.7
2660,12/2015,699,84532.13665022932,8109.742498948167,M,38.8,17.8
2661,12/2015,825,68466.0356011572,7657.058772046918,M,39.7,5.7
2662,12/2015,717,99233.07997801475,8665.868902614626,M,51.8,18.7
2663,12/2015,318,108017.6358942875,9251.306066861687,M,60.5,9.5
2664,12/2015,104,101281.87035736282,7594.089278035655,,57.0,5.7
2665,12/2015,816,117129.20029205561,8659.034969688051,M,32.0,1.0
2666,12/2015,296,89972.93633236518,9122.364083359738,M,42.2,11.1
2667,12/2015,696,80055.07625757915,8918.671548772565,M,41.1,14.7
2668,12/2015,27,80563.92164425929,8411.726102820232,M,54.5,12.8
2669,12/2015,22,95997.29694599516,8777.46587690767,M,50.2,13.8
2670,12/2015,785,92024.97966411471,8512.187982793379,M,,14.7
2671,12/2015,256,80900.68569750024,7700.210633257494,M,,8.8
2672,12/2015,75,77610.41366825897,7764.903562025217,M,47.3,6.5
2673,12/2015,5,80826.11209578061,7942.481151268634,M,39.8,4.7
2674,12/2015,217,84009.70765428842,8478.02377848994,M,64.4,14.8
2675,12/2015,869,96986.02011577837,8386.213158851806,M,38.4,13.3
2676,12/2015,385,111363.78247153912,9802.569589948256,M,44.9,9.4
2677,12/2015,941,87175.66851724788,8306.202410977885,M,35.0,2.8
2678,12/2015,712,74398.25885905004,7797.591728641641,F,,13.8
2679,12/2015,939,86571.21378921471,7056.6692297772715,M,49.5,2.4
2680,12/2015,710,108336.79558081449,8306.040846191558,M,57.4,7.4
2681,12/2015,34,90906.58915059853,8377.128429529477,M,,18.6
2682,12/2015,559,73780.73128962648,8261.449433357162,F,62.8,4.7
2683,12/2015,463,100637.11854824702,8719.69659500186,M,48.9,10.3
2684,12/2015,605,96533.38395566742,8648.327449297316,F,63.6,5.9
2685,12/2015,424,93376.54355763903,8638.623233308499,M,49.8,3.8
2686,12/2015,851,63894.80814798845,7704.2237609162985,M,43.5,2.4
2687,12/2015,444,107732.12946622755,7668.690381193332,M,45.4,4.1
2688,12/2015,790,71870.5501412534,6902.373523773777,M,37.6,5.0
2689,12/2015,106,86639.31931103776,7981.279086360109,M,42.4,1.2
2690,12/2015,455,67676.71296869419,7889.738442601379,M,,3.9
2691,12/2015,223,118002.30960488005,9587.929599704403,,53.2,5.2
2692,12/2015,242,80304.43433916796,9099.200217562713,F,46.1,14.5
2693,12/2015,77,91153.73601844175,8383.199034394938,M,63.4,8.9
2694,12/2015,961,108561.48604288834,8219.69734038908,M,62.4,6.9
2695,12/2015,416,73549.65963196455,7901.011479493688,M,50.8,16.2
2696,12/2015,506,86513.6201392813,8964.441177370922,M,38.7,5.6
2697,12/2015,287,82283.53509841347,7849.706678065325,M,40.1,15.2
2698,12/2015,52,73230.22366883796,8220.67213999898,M,55.3,5.2
2699,12/2015,132,85812.30622214964,7448.517110193552,M,60.6,17.3
2700,12/2015,319,91220.76885231357,8842.547037939868,M,42.7,9.7
2701,12/2015,871,98833.28849724692,7500.158597622241,M,,7.2
2702,12/2015,213,84156.53042614371,8990.784919628599,M,40.4,15.2
2703,12/2015,846,61151.74115689035,7605.440470401078,M,33.1,17.2
2704,12/2015,351,94237.55852180657,8716.104400652672,M,53.7,7.8
2705,12/2015,324,109363.06139802051,9449.740452485848,M,54.6,9.8
2706,12/2015,173,77344.60681794719,7909.242983183324,M,46.9,9.3
2707,12/2015,88,86535.01111664104,8068.917017513923,M,43.9,18.0
2708,12/2015,347,115863.0040743848,9062.00010805537,M,,15.2
2709,12/2015,513,82326.97901154227,7933.717336629596,M,42.2,14.3
2710,12/2015,487,116324.26865917565,8862.586329756248,M,32.3,14.8
2711,12/2015,295,76562.58657817892,7483.050729524864,M,46.5,8.4
2712,12/2015,430,84929.3875716412,8673.25355073116,M,,11.6
2713,12/2015,437,81404.36045986005,7858.296989390615,M,35.0,9.8
2714,12/2015,644,78627.35699298682,8312.959306168177,M,60.0,5.4
2715,12/2015,803,95419.65744522175,9023.962747063068,M,39.6,13.8
2716,12/2015,2,98496.87570483849,10772.4319072595,M,65.5,1.0
2717,12/2015,932,98267.44076267577,9754.24144211913,,37.4,12.0
2718,12/2015,843,81044.99204057008,8103.680931961722,F,40.4,15.0
2719,12/2015,138,113417.99284371398,10190.522673070516,M,34.5,5.5
2720,12/2015,356,115134.67012546511,9279.206104980423,M,51.3,12.6
2721,12/2015,466,76618.69583419732,7508.317206692368,M,51.7,13.4
2722,12/2015,729,74113.85744060161,8650.922905915202,M,59.3,9.7
2723,12/2015,535,86844.04112695996,8028.785948828261,M,62.7,2.9
2724,12/2015,715,103303.78669175706,8814.717086946948,M,51.8,5.3
2725,12/2015,70,112770.60759065399,8371.311276810708,F,59.0,4.7
2726,12/2015,485,85310.92992685997,8734.652568845713,M,56.3,15.4
2727,12/2015,128,80370.1648772644,7782.654320912904,M,52.0,5.9
2728,12/2015,587,88529.40781161528,8640.75402134246,M,51.7,9.9
2729,12/2015,142,76820.62300375535,9600.866131056588,,37.3,14.2
2730,12/2015,938,87952.60492374074,8626.41046366435,M,64.5,16.4
2731,12/2015,725,96807.113711068,8208.561644487161,M,39.9,3.3
2732,12/2015,801,100778.54788073195,9319.341951672981,M,42.7,11.4
2733,12/2015,653,90461.31229444133,9028.980783096156,M,57.7,13.8
2734,12/2015,921,69308.42367280724,6854.790489751499,M,55.5,17.4
2735,12/2015,98,107253.16510730358,8433.333727061796,M,39.4,10.5
2736,12/2015,608,67472.10566893811,6982.901263051667,M,63.9,13.4
2737,12/2015,576,81596.15438736492,7836.595840214753,M,64.1,4.1
2738,12/2015,936,93354.18714047947,9084.856963868877,M,55.9,11.4
2739,12/2015,301,75055.05004573615,7468.591226852158,,33.7,2.0
2740,12/2015,266,89165.6942683142,9640.441183855273,M,36.1,1.4
2741,12/2015,499,117748.1260799775,9816.938384800305,M,32.6,1.0
2742,12/2015,133,85958.87404355267,6951.7161812716995,M,43.3,13.8
2743,12/2015,989,67891.94741237708,7803.947423915287,M,,6.4
2744,12/2015,619,75993.08168985962,8741.426635114893,M,55.2,4.2
2745,12/2015,136,63361.89250759816,7994.825676248499,M,58.5,1.0
2746,12/2015,277,100398.06881183211,8137.622877014967,M,33.1,12.5
2747,12/2015,267,81194.28931452337,9116.765837433837,M,52.8,4.8
2748,12/2015,749,108517.66140814274,10468.185994894116,M,40.0,12.2
2749,12/2015,254,100598.6677325658,7223.160786306211,M,57.0,18.2
2750,12/2015,630,108424.0698128883,9232.08039968984,M,45.0,17.3
2751,12/2015,339,118001.93212320423,8851.298414666915,M,41.1,18.1
2752,12/2015,203,77139.39525379972,7170.519317004067,M,59.0,16.3
2753,12/2015,107,85139.61821143804,9182.444267113257,M,49.9,10.0
2754,12/2015,24,76977.30042557926,8109.882532316609,M,33.6,12.8
2755,12/2015,668,75676.42054968793,8388.748820365996,M,,14.9
2756,12/2015,837,99880.43213090362,7034.6673703905735,M,36.8,12.8
2757,12/2015,392,93537.97060879218,7825.93605553801,,33.3,4.8
2758,12/2015,330,65721.69262471897,8644.917518189503,M,,2.2
2759,12/2015,151,86077.96335932659,8357.307467938379,M,48.4,18.7
2760,12/2015,856,75023.88026862194,8303.363806046562,M,53.8,16.7
2761,12/2015,976,98842.00801271883,9673.10297389624,M,57.8,1.9
2762,12/2015,831,74027.51125556501,7031.722916639505,M,54.2,8.5
2763,12/2015,991,84780.4029170383,8347.161767626874,M,35.2,11.1
2764,12/2015,201,92280.87213139514,10039.593071180723,M,57.3,6.1
2765,12/2015,788,114466.39060027282,8579.06616096649,M,32.6,18.3
2766,12/2015,1,80727.80965015618,8815.9539302061,F,43.8,1.4
2767,12/2015,103,65403.97336667371,8309.546759268267,M,64.3,11.8
2768,12/2015,53,89868.42064230226,8868.252179235005,M,56.0,7.9
2769,12/2015,241,100444.56493792214,8881.205216601727,M,36.5,11.2
2770,12/2015,346,84575.29806776835,7563.972190466224,M,49.3,16.0
2771,12/2015,450,89724.97816155269,8339.049937892687,M,57.8,13.3
2772,12/2015,628,75744.7862071763,7273.9759592594655,M,61.0,15.2
2773,12/2015,700,90580.11076760884,9285.772370438943,M,51.2,10.6
2774,12/2015,4,82464.75996734027,8023.479579247623,M,59.6,11.7
2775,12/2015,334,77361.32353370523,8604.544362940502,M,56.3,7.2
2776,12/2015,641,70282.01432467104,7824.2679111447505,M,33.8,11.0
2777,12/2015,794,99603.99504729656,9529.360968150402,M,34.9,12.3
2778,12/2015,390,81579.54337908566,8167.889153619413,M,54.7,12.7
2779,12/2015,141,94842.35231262971,8398.035885670193,M,44.7,8.8
2780,12/2015,980,96210.9485142617,9363.958003012267,M,36.0,2.1
2781,12/2015,734,105569.24749076756,9560.820134169548,M,47.7,11.6
2782,12/2015,342,91754.47035075296,8459.834808496249,M,43.7,4.9
2783,12/2015,370,73615.35805671163,7259.894810453788,M,46.2,1.9
2784,12/2015,480,109994.28673241584,10696.947971741442,M,38.6,11.5
2785,12/2015,902,85557.75767211821,8856.931929989018,M,63.6,5.8
2786,12/2015,477,94198.42718093071,8810.74302365286,M,46.4,8.8
2787,12/2015,193,60950.40311728569,7118.17207167549,M,52.8,16.4
2788,12/2015,476,84500.4458845088,7848.548842316206,M,,18.3
2789,12/2015,537,128443.34455431961,8633.278728651992,M,37.3,2.5
2790,12/2015,591,96353.61426147455,9292.011153029562,M,56.1,9.5
2791,12/2015,189,101697.99534076132,9868.266367291671,M,41.9,5.9
2792,12/2015,596,72160.9666747624,7525.899702852586,M,56.2,13.7
2793,12/2015,235,115243.75841233002,9653.800647039621,M,37.4,9.0
2794,12/2015,520,76400.08229952861,8349.759506158101,M,54.7,8.8
2795,12/2015,677,109227.19441176599,9878.648576733347,M,58.8,14.4
2796,12/2015,704,124213.76966775669,9987.80647049687,F,57.6,7.7
2797,12/2015,355,87081.98428365463,8480.433862832648,M,50.0,3.0
2798,12/2015,247,65008.555741638076,7373.765337169375,M,53.5,2.0
2799,12/2015,207,91056.58934255924,8310.90988024357,M,47.8,3.5
2800,12/2015,990,95844.99344021888,8262.109111564107,M,36.3,4.7
2801,12/2015,41,83038.71261675326,7614.90110785805,M,36.9,10.0
2802,12/2015,678,97934.42163955647,8846.913543568317,M,55.7,7.7
2803,12/2015,663,86910.78597506603,8189.361173900364,M,56.7,12.1
2804,12/2015,28,78495.65430591498,7037.859889098435,M,65.2,4.4
2805,12/2015,672,90062.44624795136,8573.535807739552,M,53.2,13.5
2806,12/2015,393,104707.01964369406,9090.659506851567,M,33.5,7.3
2807,12/2015,615,102022.41512530454,8964.198635183013,M,51.3,2.9
2808,12/2015,923,73424.32513388156,6782.021805677172,M,32.0,7.7
2809,12/2015,544,87531.17826572104,8625.33923330363,M,39.6,13.0
2810,12/2015,364,113621.48724080111,9837.818943913297,M,41.0,9.2
2811,12/2015,573,74992.47999897168,8327.030962548411,M,60.9,6.4
2812,12/2015,125,68812.78354668304,7247.67204035454,M,37.2,9.2
2813,12/2015,949,87670.82361094884,6555.769479182296,M,36.4,12.6
2814,12/2015,510,68019.9595755866,7937.5266093990995,M,55.0,12.2
2815,12/2015,878,89993.49983985399,9007.496961859266,M,36.2,5.5
2816,12/2015,992,84556.81942776708,8902.261279305998,M,36.1,17.3
2817,12/2015,8,82818.34053885611,8125.164006797687,M,39.7,13.2
2818,12/2015,984,71479.29439514533,9111.047529337557,M,42.3,10.7
2819,12/2015,763,111968.85633376983,8572.043119211965,M,37.4,6.6
2820,12/2015,973,91860.18817620474,7842.272059134769,M,39.5,15.8
2821,12/2015,25,70003.08269836621,6761.1471433168335,M,34.8,14.6
2822,12/2015,541,102596.21026859703,8737.913698545133,M,48.7,8.1
2823,12/2015,757,77058.52380920031,7648.21029821018,M,,13.5
2824,12/2015,374,75314.10519483105,7851.832960589378,,39.7,13.9
2825,12/2015,64,81356.69484741753,8881.874961299234,M,46.0,5.6
2826,12/2015,500,139763.07409861241,8869.88183212246,F,46.2,13.5
2827,12/2015,647,114184.55006863286,8903.547536149812,F,63.4,11.7
2828,12/2015,614,90703.14164550795,8571.970610072232,M,59.8,17.8
2829,12/2015,21,125945.2735021849,9110.599956262025,M,32.8,7.5
2830,12/2015,13,76164.41861939608,7545.707913381186,M,43.1,15.2
2831,12/2015,639,141829.45234354315,9198.542641016791,M,50.0,9.2
2832,12/2015,868,70417.32536018237,7952.074565229992,M,32.5,7.3
2833,12/2015,805,76374.60118859498,8207.669414039681,M,40.7,10.5
2834,12/2015,891,76439.964752979,8289.45733030402,M,56.5,13.8
2835,12/2015,561,96963.31068585403,7498.0242094528,,44.2,6.2
2836,12/2015,709,94173.66779349401,9751.562956707696,M,38.7,12.6
2837,12/2015,429,83058.7861561227,8150.8242718561505,M,46.7,4.7
2838,12/2015,720,114697.0857951073,9278.540852663464,M,64.6,15.1
2839,12/2015,187,136122.07876640992,9082.04516076198,M,48.7,17.0
2840,12/2015,457,80803.11347372238,8714.619730325054,M,63.5,10.5
2841,12/2015,844,80854.03941146802,7305.846970659852,M,47.4,2.4
2842,12/2015,552,87010.3616836001,8458.082674545667,M,61.3,7.3
2843,12/2015,498,125570.45898360186,10816.331814837868,M,49.2,15.3
2844,12/2015,230,88952.9896907213,8138.496394047011,M,38.2,5.1
2845,12/2015,131,75230.75129981547,8707.535026535994,M,35.1,16.0
2846,12/2015,268,91932.11483101608,7439.385594623769,M,41.2,11.2
2847,12/2015,634,67671.37612915723,7222.835707414342,M,46.8,4.5
2848,12/2015,930,95308.68684607922,7896.769007662125,M,54.4,16.9
2849,12/2015,730,82802.64610105057,8346.904606599343,M,60.8,1.5
2850,12/2015,386,91320.45767787205,8585.069110268223,M,37.5,12.8
2851,12/2015,897,107093.86033843899,10232.176489532598,M,43.3,2.5
2852,12/2015,604,80082.23171265193,8472.751270165507,M,59.8,7.6
2853,12/2015,850,90337.09689977998,9614.510750772773,M,39.4,1.4
2854,12/2015,626,88637.35023043244,8169.342487459708,M,51.8,18.1
2855,12/2015,163,66744.2664370152,8171.495355913712,M,58.5,9.1
2856,12/2015,82,68838.86780878736,7197.4101367786125,M,61.7,4.0
2857,12/2015,36,97780.70299282587,8586.205580651203,M,37.4,16.3
2858,12/2015,977,82941.82090499859,8698.488851673836,M,56.2,3.7
2859,12/2015,123,64892.24927382714,7674.926851471271,M,65.3,11.5
2860,12/2015,92,110357.75186602783,8989.521452552313,M,41.4,15.1
2861,12/2015,26,75378.10070081783,8868.221499189376,F,47.5,2.7
2862,12/2015,251,78547.51611041014,7290.435919362444,M,43.0,11.9
2863,12/2015,598,99459.2523733026,8393.540429942012,M,51.3,9.4
2864,12/2015,524,79776.30197248206,8245.258653642451,F,39.5,18.5
2865,12/2015,726,76648.90916227596,7687.477427328536,M,58.1,4.5
2866,12/2015,263,105307.74900773379,9279.455414845788,M,52.2,12.2
2867,12/2015,365,90567.77241764173,7822.675573655952,M,37.6,5.3
2868,12/2015,44,60981.79713559323,6867.4582245400115,M,61.5,8.9
2869,12/2015,530,92417.45803265138,8739.925589720284,,47.2,6.9
2870,12/2015,838,68872.28402243649,6927.979126904858,M,,17.2
2871,12/2015,311,88289.12485939845,7795.414862015217,,32.1,9.4
2872,12/2015,447,73196.17586113128,7770.755563293776,M,65.5,12.1
2873,12/2015,993,61096.533120959124,7051.058873337554,M,35.0,2.9
2874,12/2015,315,61229.49346834453,6712.368646615528,M,61.1,8.7
2875,12/2015,20,90733.57841692111,7854.834614448245,M,52.1,18.1
2876,12/2015,618,112201.66337466986,7040.396939144897,M,63.9,9.0
2877,12/2015,43,89597.79559726422,8253.992224395533,M,57.3,1.2
2878,12/2015,190,98603.59574735652,9378.127218617146,M,57.5,14.1
2879,12/2015,659,99900.28551259074,7465.774685748684,M,65.4,14.7
2880,12/2015,47,79758.43809857158,7279.544375551935,M,40.7,5.3
2881,12/2015,987,84633.86819009144,8281.91355888092,M,32.4,13.8
2882,12/2015,71,100333.72986033135,9350.835935815694,M,39.0,1.0
2883,12/2015,198,89614.73385358498,9557.89193831764,M,41.1,16.6
2884,12/2015,473,120501.64551317396,8867.548281359292,M,59.5,14.6
2885,12/2015,338,79406.23251645955,8734.870548896655,M,42.2,4.3
2886,12/2015,440,111998.49216859302,7827.741218562351,F,39.6,4.4
2887,12/2015,246,83120.48853810922,8149.629334777118,M,57.2,15.1
2888,12/2015,116,84798.65888010962,7364.85949445175,M,42.2,10.6
2889,12/2015,849,79085.85835472509,7818.925482751837,M,65.4,12.1
2890,12/2015,900,85296.16002072785,8327.340448683812,M,41.5,9.4
2891,12/2015,359,78709.86830589325,6948.632760428137,M,47.7,7.9
2892,12/2015,299,84184.39949864455,9511.72946192173,M,50.1,2.0
2893,12/2015,7,97564.5694273022,8273.630630925594,M,40.8,14.1
2894,12/2015,297,78457.56342607088,8336.255527518933,M,53.7,1.0
2895,12/2015,822,64339.05803157946,6558.117934462694,,54.0,2.9
2896,12/2015,648,65117.38424056867,7983.981596726377,M,49.6,4.4
2897,12/2015,294,101749.33290454847,8861.950042557606,M,59.6,4.9
2898,12/2015,491,91616.91997149186,8166.451812115846,M,61.1,3.2
2899,12/2015,568,73687.99093123751,8379.224526411006,M,,16.5
2900,12/2015,584,65027.46875903419,6885.465462615904,M,43.3,14.9
2901,12/2015,690,91433.79616068468,8046.7205123677695,M,,8.8
2902,12/2015,291,92326.14789014001,7564.486678735625,M,33.2,5.4
2903,12/2015,49,82662.19394701655,8111.95195169522,M,45.1,3.0
2904,12/2015,585,93018.4447092617,8556.9605749061,M,37.9,11.3
2905,12/2015,606,83253.46725717293,8097.374738021661,M,51.5,15.1
2906,12/2015,693,61680.87282510397,7790.620677445461,,53.1,9.9
2907,12/2015,944,104957.57715158058,7834.373543371443,M,49.4,14.1
2908,12/2015,793,66752.62078007997,8117.685672759503,M,35.0,12.5
2909,12/2015,425,81507.87616079119,9002.460116104305,M,,17.9
2910,12/2015,683,115897.5636706657,9757.653081805778,,54.5,3.6
2911,12/2015,656,72248.00866582672,8803.790785009918,M,56.4,17.8
2912,12/2015,488,80756.80606912622,8780.567614737793,M,32.4,5.8
2913,12/2015,61,90210.17841480034,7974.103704670648,M,34.1,16.4
2914,12/2015,904,69378.38082120793,8175.020459221146,M,,4.0
2915,12/2015,378,64082.00286883356,7210.530094952757,,36.7,3.5
2916,12/2015,269,90229.18767458871,9339.719752409901,M,39.7,8.1
2917,12/2015,889,65423.872700315704,8496.629469315762,,55.5,2.0
2918,12/2015,481,80485.49376654602,7900.216938858083,F,51.5,17.1
2919,12/2015,344,94310.44852212691,8566.75009319857,M,51.0,11.8
2920,12/2015,99,66722.95526511635,7119.012388594582,M,55.3,5.7
2921,12/2015,832,63617.55311108521,6512.051859387298,M,,13.3
2922,12/2015,127,81129.54150618539,7358.337613642401,M,55.8,11.8
2923,12/2015,617,114245.15650697463,7875.926099407327,M,38.2,17.4
2924,12/2015,770,76807.63166647984,8949.189296494578,M,56.6,15.9
2925,12/2015,484,103650.04603245952,8402.009042098167,M,36.2,4.1
2926,12/2015,341,80255.82313513133,8114.448292600583,F,63.1,16.9
2927,12/2015,982,103619.48063122555,8573.189433055335,M,,9.4
2928,12/2015,212,93455.13303367946,9998.23643581496,M,46.4,1.6
2929,12/2015,589,76270.23512483049,8092.546555532006,M,40.7,6.4
2930,12/2015,797,94186.49730201351,10001.781540211046,M,44.6,5.9
2931,12/2015,753,86560.812793953,8597.566555068723,M,32.8,12.8
2932,12/2015,227,75949.00415290825,8316.989971424126,M,,16.2
2933,12/2015,86,79441.40780875966,9478.321937890301,,,5.4
2934,12/2015,680,81130.95262025077,8751.876571205317,M,61.1,18.9
2935,12/2015,195,89182.72234103746,9797.896052143038,,54.1,8.8
2936,12/2015,595,118241.85375665374,8847.97777594684,M,45.4,7.1
2937,12/2015,854,84518.95608858169,8890.443730195597,M,44.2,18.7
2938,12/2015,828,91600.19833177346,9601.110784171746,,50.6,1.1
2939,12/2015,261,69663.44820530442,8396.581114446599,M,36.4,18.5
2940,12/2015,603,101459.88585872439,10773.612216135654,M,34.9,10.7
2941,12/2015,379,53809.751351644605,6818.767067405777,M,65.1,12.4
2942,12/2015,888,68806.58946386198,8509.333302499912,M,,4.0
2943,12/2015,741,64241.18745877125,6731.185835720905,M,42.4,11.2
2944,12/2015,60,91815.30085012954,8527.392073214474,M,53.4,11.0
2945,12/2015,955,55419.02757494892,7007.299549341032,M,35.8,8.5
2946,12/2015,62,95938.95367416904,8974.60994788942,M,34.0,4.3
2947,12/2015,638,118058.52871064433,8175.447570814784,M,62.7,9.4
2948,12/2015,697,85753.81244532634,8716.84888407953,M,35.0,15.2
2949,12/2015,147,89620.24683635289,8861.261681484355,M,53.7,14.7
2950,12/2015,637,101495.80151482996,9391.357187422296,M,63.3,3.0
2951,12/2015,799,85387.87166302037,9865.496926477092,M,45.3,1.1
2952,12/2015,178,97584.7800411459,9516.38542456042,M,49.0,7.8
2953,12/2015,806,104432.18351398707,9701.560775034166,M,50.3,7.6
2954,12/2015,300,82696.78291799987,8248.781795942266,M,35.9,9.5
2955,12/2015,998,92831.52234994175,8648.553888962088,M,32.1,1.4
2956,12/2015,337,92475.31897401033,10026.407820253678,M,36.0,9.4
2957,12/2015,549,89783.35912783063,8720.435344541369,M,55.1,16.4
2958,12/2015,767,98815.27713829264,9358.843156825646,M,56.5,1.2
2959,12/2015,157,88462.94946783577,8276.990772336989,M,56.8,16.2
2960,12/2015,540,67609.55606933909,7564.607811413387,M,41.6,6.5
2961,12/2015,108,91575.5494659832,9072.623292605824,M,51.2,2.9
2962,12/2015,352,104563.13085530775,9242.950747095494,M,58.1,9.3
2963,12/2015,847,86147.01447447938,7411.561964495162,M,51.0,5.2
2964,12/2015,479,79371.56287590423,6969.001558870995,M,54.6,1.0
2965,12/2015,622,90798.09169835415,10602.076063976549,M,53.2,7.6
2966,12/2015,937,80096.17312094911,8076.011252681045,M,54.9,11.5
2967,12/2015,775,110764.62622257098,8046.723839344874,M,50.4,9.8
2968,12/2015,623,75346.41674368044,7575.6274780919675,,,14.4
2969,12/2015,87,71362.8034564338,8669.651606728134,M,48.0,15.4
2970,12/2015,80,83083.08715578083,8781.075849630286,M,57.8,17.5
2971,12/2015,434,75147.35721008097,8379.103131262156,M,36.5,7.7
2972,12/2015,210,86002.29247791378,8881.54426222737,M,37.0,1.9
2973,12/2015,860,66170.06719281754,7748.300401519363,M,38.0,16.8
2974,12/2015,220,69691.66386170883,7933.247761234353,M,32.1,7.3
2975,12/2015,769,79170.19070800961,7700.010873783262,,58.8,18.9
2976,12/2015,692,92928.57891957008,9239.313853419415,M,42.5,2.3
2977,12/2015,546,86579.54701230544,6878.811675702674,M,55.6,13.5
2978,12/2015,777,97327.41877760597,8516.822241747652,M,59.2,16.0
2979,12/2015,581,61151.16077544163,7646.195236941987,M,35.5,18.5
2980,12/2015,452,95371.22093475822,8532.480518509608,M,53.3,4.4
2981,12/2015,511,75333.63670448342,7633.762581466902,M,35.2,10.9
2982,12/2015,214,87611.12519914556,8934.29652561022,M,,5.9
2983,12/2015,234,87280.40482676498,9188.735480878133,M,42.7,6.2
2984,12/2015,853,66887.2884141218,6947.607404999342,M,42.5,2.3
2985,12/2015,551,103082.15565095012,6712.863981560771,M,,4.3
2986,12/2015,505,77000.44640640709,8759.315458356692,M,33.7,2.5
2987,12/2015,508,71250.51586747363,8098.398686333108,M,54.1,8.3
2988,12/2015,795,89374.98278269931,9709.159817094376,M,50.4,8.6
2989,12/2015,317,90798.18780171926,8507.956331864638,M,33.3,2.7
2990,12/2015,792,59751.037554063325,6397.524169164136,M,,8.7
2991,12/2015,974,97332.53104153588,10013.061049556869,M,34.8,8.2
2992,12/2015,117,74192.50932213254,7329.793272714724,M,59.4,17.1
2993,12/2015,410,80196.26907015766,8663.838096439786,M,38.0,17.4
2994,12/2015,182,81046.66369417678,7151.047794654466,M,40.0,14.4
2995,12/2015,119,78956.85475573862,7320.750474219486,M,65.9,15.4
2996,12/2015,236,74956.12531950648,8327.863777948523,M,42.3,6.7
2997,12/2015,449,87572.29536823356,7735.203813244611,M,38.4,18.7
2998,12/2015,494,73576.69894117364,6993.856789063333,M,48.7,7.9
2999,12/2015,609,69067.58507829996,7702.571619092796,M,,4.6
3000,02/2015,943,63862.09508784165,8061.154580355174,F,58.4,0.6
3001,02/2015,966,68384.22364312931,7703.725895926091,M,46.8,0.1
3002,02/2015,250,93776.06522507728,9398.27744470827,M,32.0,0.1
3003,02/2015,156,83668.66099820823,7208.903133209069,,64.8,0.7
3004,02/2015,67,98185.60658707042,8158.375123274221,M,60.7,0.4
3005,02/2015,684,101828.50361126052,9250.702813905495,M,,0.5
3006,02/2015,527,83196.95845241628,7352.544498352979,M,,0.4
3007,02/2015,556,78201.42385362678,7619.970475419952,M,50.7,0.8
3008,02/2015,446,86112.76478305362,8869.111308759173,M,49.5,0.1
3009,02/2015,841,95347.80087592268,9369.648772203143,M,48.2,0.7
3010,02/2015,126,88778.762293586,9692.678714894078,M,53.2,0.7
3011,02/2015,910,78130.2099454934,9195.361227797719,M,58.2,0.6
3012,02/2015,112,101032.12349054201,8296.781521050165,M,54.8,0.9
3013,02/2015,191,162138.7946757656,10492.243692207046,M,50.4,0.1
3014,02/2015,739,74895.23422359604,7107.5672991320325,M,37.6,0.6
3015,02/2015,579,87280.0917469838,8605.398623134482,M,41.3,0.3
3016,02/2015,111,99077.49664722037,10323.232211699313,M,45.4,0.8
3017,02/2015,285,67329.1512558472,7915.168532177455,M,47.3,1.0
3018,02/2015,796,72610.42244751025,8145.675351735438,M,59.2,0.3
3019,02/2015,310,113979.92041578371,9637.335759749467,M,42.2,0.8
3020,02/2015,458,118872.45071887458,8825.909498443589,M,39.7,0.2
3021,02/2015,884,112649.32246379866,9685.568922870782,M,64.1,0.6
3022,02/2015,335,85194.6671607298,7601.119640842535,M,47.0,0.8
3023,02/2015,521,96299.68052305478,9184.248067270184,M,56.1,0.8
3024,02/2015,887,98774.22680474109,9290.345273912835,M,,0.0
3025,02/2015,601,102752.81173058148,9488.160622989324,M,39.8,0.2
3026,02/2015,11,123076.66798202437,11037.631264275218,M,39.1,0.6
3027,02/2015,624,67544.34576090136,7855.041858679105,M,52.8,0.7
3028,02/2015,737,72715.49370068344,7281.868167597802,M,58.1,0.3
3029,02/2015,823,97700.69693653753,9936.244988543709,M,50.6,0.3
3030,02/2015,752,106592.89432441189,9022.650735425368,M,63.6,0.4
3031,02/2015,732,63788.7935966798,6465.547264515824,M,54.1,0.5
3032,02/2015,493,63989.187713817206,6658.055280504099,M,61.1,0.2
3033,02/2015,159,73519.68643966736,7456.456660631951,M,48.4,0.6
3034,02/2015,225,85386.88834778852,7862.145218259601,M,,0.6
3035,02/2015,784,71615.79015769454,7113.778898843674,M,54.3,0.2
3036,02/2015,171,92901.95423837542,8490.541121024127,M,49.4,0.4
3037,02/2015,460,95781.73783065884,9273.542060579202,F,33.0,0.3
3038,02/2015,408,88198.85986857093,8096.909895399279,M,65.0,0.9
3039,02/2015,239,65997.9602385983,7894.905466008655,M,60.4,1.0
3040,02/2015,812,88557.03445273005,8352.796922401263,M,54.7,0.9
3041,02/2015,896,99373.94801772526,8245.345210596257,M,58.5,0.0
3042,02/2015,354,80176.10373870474,8607.806330933066,M,65.2,0.4
3043,02/2015,574,82035.0259806032,7801.136271424819,M,60.7,0.3
3044,02/2015,186,89531.6935119098,9977.735009832326,M,65.7,0.6
3045,02/2015,381,81421.3371847456,8646.16635698568,M,44.0,0.1
3046,02/2015,898,80283.26527377378,7144.630651638919,M,46.5,0.0
3047,02/2015,405,94682.35418402005,8854.570587534965,M,32.2,0.1
3048,02/2015,439,93716.08164660494,7383.7852969513715,M,65.2,0.3
3049,02/2015,532,71642.8950072007,6962.408896141934,M,38.2,0.5
3050,02/2015,665,84503.55527764956,7580.793664459296,M,,0.6
3051,02/2015,962,92935.72815416627,8493.777606793477,,53.5,0.8
3052,02/2015,303,84453.37032685879,8737.516664295104,M,37.0,0.6
3053,02/2015,996,92179.18063997457,8971.760870788976,M,41.0,0.5
3054,02/2015,836,104124.18720625027,9540.00797311676,,55.4,0.2
3055,02/2015,840,62673.63230414957,8520.194446349667,M,35.8,0.3
3056,02/2015,459,113719.64869702986,8806.998404364567,M,36.2,0.4
3057,02/2015,611,81968.07636052417,7993.310907166809,M,62.4,0.4
3058,02/2015,467,82604.25342632347,7734.50683517485,M,,0.5
3059,02/2015,786,104466.56580802484,10447.251729615067,M,46.5,0.0
3060,02/2015,23,87997.64289651341,9031.805188092438,M,51.4,0.9
3061,02/2015,302,103373.15608883215,9591.858931010618,M,47.2,0.2
3062,02/2015,289,56175.27702824466,7116.006521468358,M,39.5,0.5
3063,02/2015,155,95033.16711718346,8958.38970424593,M,57.3,0.4
3064,02/2015,327,102770.3694265457,10849.443560030631,M,51.8,0.8
3065,02/2015,114,69076.47835425087,8778.929805852093,M,61.1,0.9
3066,02/2015,756,97490.61918147706,8734.950832997,,54.8,0.3
3067,02/2015,880,91679.5665363333,8365.706284380807,M,45.6,0.6
3068,02/2015,660,116855.83062314539,10292.814850699868,M,56.5,0.9
3069,02/2015,454,90289.48424216166,7004.3160911747955,M,40.2,0.2
3070,02/2015,969,93019.6967677982,9163.789849449422,F,62.8,0.7
3071,02/2015,176,84302.10672544723,8425.132894278207,M,35.8,0.9
3072,02/2015,432,75099.68009144819,7318.528573189775,M,47.3,0.9
3073,02/2015,531,101072.68632508165,9011.132376831883,M,46.6,0.9
3074,02/2015,101,82553.07886037309,8929.732270345303,M,,0.9
3075,02/2015,738,72630.7446774378,7814.958248264065,M,36.7,0.3
3076,02/2015,271,72675.9056837128,8060.73431038663,M,64.8,0.4
3077,02/2015,423,101675.2344828669,9630.174972086888,M,59.1,0.6
3078,02/2015,765,90286.67870066245,9402.661887988803,M,47.8,0.8
3079,02/2015,691,98460.37703130489,9406.330025145095,M,44.8,0.4
3080,02/2015,533,91792.220685872,9090.751474461582,,35.8,0.1
3081,02/2015,716,111008.98019369115,8268.637834641224,M,39.8,1.0
3082,02/2015,922,92703.24659897329,10114.048690485646,M,58.5,0.8
3083,02/2015,174,75070.02424449782,7810.756511706991,M,46.1,0.9
3084,02/2015,200,78495.4250919707,7805.38158183514,M,39.0,0.7
3085,02/2015,316,85525.71102124496,9286.983663288916,M,34.8,0.2
3086,02/2015,307,60905.97321253167,6687.94394579745,M,65.0,0.7
3087,02/2015,882,86141.78924632318,8092.760781649062,M,33.7,0.6
3088,02/2015,706,88466.48601731277,7938.922799610263,M,51.7,0.3
3089,02/2015,829,119121.97879799508,8365.537963259174,M,35.3,0.5
3090,02/2015,719,103394.86575802293,9641.45703631542,M,32.6,1.0
3091,02/2015,935,72064.686359103,8267.43630862796,M,38.9,0.3
3092,02/2015,68,86114.028900623,9020.806503863596,F,35.8,1.0
3093,02/2015,815,88991.60057495256,9158.50244383591,,64.2,0.3
3094,02/2015,747,119292.45720109702,9114.727551470438,M,43.6,0.7
3095,02/2015,798,91912.97994383019,8561.612562671358,M,35.3,0.4
3096,02/2015,865,69721.70297071194,8103.621532357822,M,58.5,0.3
3097,02/2015,399,74516.01574464791,8424.30010450708,M,53.1,0.9
3098,02/2015,509,107671.19049083027,7891.223434627201,M,46.7,0.5
3099,02/2015,308,92450.02695280447,8761.918429199006,M,48.1,0.9
3100,02/2015,502,87250.95086319771,8559.356793957937,M,61.5,7.9
3101,02/2015,81,100052.88641712313,9354.784407751016,M,42.4,14.4
3102,02/2015,814,107240.87733246731,9865.484427392217,M,33.1,18.7
3103,02/2015,666,80156.8457245554,8025.3689640244365,M,35.3,8.7
3104,02/2015,205,64740.78466896989,6697.193906778761,M,56.6,9.9
3105,02/2015,759,75947.75974350881,7834.286185967958,M,44.5,3.4
3106,02/2015,96,105922.84297195062,8525.317096343402,M,37.2,9.4
3107,02/2015,671,101508.08470324233,8085.991265594048,M,61.4,16.8
3108,02/2015,100,75047.83095541899,7920.38034935734,M,38.1,17.2
3109,02/2015,321,85900.07050964993,8423.957156074779,M,,10.1
3110,02/2015,602,88191.60296251257,8205.19957374992,M,37.3,17.8
3111,02/2015,453,86234.30834568565,8182.8406126864875,F,60.6,5.4
3112,02/2015,396,101272.82450192526,8806.587135963053,M,33.1,12.5
3113,02/2015,113,78423.38006290632,8740.99003048944,M,,16.9
3114,02/2015,988,102514.59637454333,8923.013214772858,M,32.9,11.3
3115,02/2015,956,74387.89891527237,9072.103836224294,M,65.3,15.6
3116,02/2015,59,91150.36762458974,7906.492947582758,M,46.9,8.1
3117,02/2015,593,90058.0081413519,9130.940829571366,M,43.4,15.5
3118,02/2015,10,100600.56653996995,9595.192208428614,M,45.5,6.4
3119,02/2015,196,72863.51462724428,6796.148567643047,M,46.2,4.3
3120,02/2015,38,94383.14560180393,8935.705087035316,,51.3,5.9
3121,02/2015,625,80680.9399414336,7512.82324018269,M,57.7,13.8
3122,02/2015,570,103670.91469176127,9935.932495412544,M,47.1,16.8
3123,02/2015,745,97662.80066475297,10334.11834025689,M,51.3,15.9
3124,02/2015,764,109184.75662337735,9776.995044308633,M,47.3,15.0
3125,02/2015,66,71838.72676025845,8105.41042324454,M,40.0,18.9
3126,02/2015,84,112649.75979427842,8600.475424790746,,36.5,18.8
3127,02/2015,462,92423.97014232143,9976.06857050003,,39.3,10.3
3128,02/2015,952,96150.99776446866,9305.4019875021,M,56.4,4.4
3129,02/2015,970,114482.94597620037,8054.244341061315,M,34.0,11.4
3130,02/2015,333,85026.79955506361,9830.157695187714,M,50.1,8.4
3131,02/2015,274,98296.09169278105,11130.262627540511,M,63.7,8.6
3132,02/2015,981,151107.07844919997,8846.01833582278,M,62.2,1.6
3133,02/2015,110,74861.55723701697,7811.3124905517825,M,59.4,15.7
3134,02/2015,383,72927.43143977622,6352.099497406108,M,37.5,15.6
3135,02/2015,542,102176.45078771135,7136.241587292942,M,35.2,7.8
3136,02/2015,787,105868.5794661013,8481.35960792565,M,59.9,12.3
3137,02/2015,57,96215.14767092175,9681.373505410018,M,65.6,16.7
3138,02/2015,412,60371.361822166764,7701.9509237444345,M,59.3,4.6
3139,02/2015,177,72298.98443315132,7315.243555502664,M,41.0,1.9
3140,02/2015,560,102049.56981174412,9258.086835886188,M,41.8,12.4
3141,02/2015,398,102000.27252650874,10352.87049902623,M,52.0,4.8
3142,02/2015,916,87079.37050037319,9548.461037366938,M,65.1,18.0
3143,02/2015,965,98716.9410145359,7448.187765303053,M,65.8,5.6
3144,02/2015,746,110610.55212363575,7840.065286774618,M,48.2,1.6
3145,02/2015,912,112811.1676378754,7900.628436038726,M,55.6,16.5
3146,02/2015,257,75209.90896163933,7561.796407346701,M,36.1,4.5
3147,02/2015,727,67192.97247736403,5927.519239844486,M,53.5,16.6
3148,02/2015,144,80742.36063861792,8359.759037395563,M,43.3,7.4
3149,02/2015,164,109170.93307387887,8361.439396729795,M,39.8,10.5
3150,02/2015,48,101370.9786175113,8626.212366293974,M,63.4,11.9
3151,02/2015,872,72531.41436948976,7662.604356556514,M,50.2,11.6
3152,02/2015,391,82523.35251800244,8387.277265458662,M,47.8,2.2
3153,02/2015,703,88545.7512301701,9331.297991559826,M,,7.8
3154,02/2015,504,95191.02391105186,9256.1953997847,M,40.0,1.8
3155,02/2015,876,64761.66337589797,8720.348324255516,M,34.7,5.8
3156,02/2015,69,76665.1475597584,8846.552108790213,M,57.1,11.5
3157,02/2015,736,103775.50247586844,9239.854035881608,M,43.1,13.3
3158,02/2015,899,97011.04203795259,8772.42328549909,M,58.6,10.2
3159,02/2015,219,88261.68406408824,7934.828564294021,M,39.4,17.3
3160,02/2015,451,94814.46806484317,9076.64346889773,M,47.1,10.2
3161,02/2015,407,86896.53941688512,8549.063510839022,M,46.4,2.4
3162,02/2015,735,105996.23298415422,9150.656393273575,M,54.1,4.8
3163,02/2015,249,77092.61128381261,9347.92361821963,M,60.9,8.2
3164,02/2015,145,95917.52716255015,8386.592452433148,M,49.4,7.5
3165,02/2015,12,67896.78740835421,7564.65183506899,M,59.0,15.6
3166,02/2015,724,91687.21779354505,7768.444114276655,F,47.8,16.0
3167,02/2015,728,74978.04062130133,8256.343029082016,M,57.5,2.9
3168,02/2015,948,78880.6250086071,8746.105659964494,M,37.5,3.6
3169,02/2015,464,74428.71680626624,7295.4790043181765,M,58.4,6.4
3170,02/2015,278,55448.31805154253,7711.895786425342,,47.4,10.8
3171,02/2015,89,80837.64039815674,10196.691384738211,M,42.9,7.5
3172,02/2015,124,85720.18756295522,9076.651574703144,M,35.2,9.5
3173,02/2015,185,80273.71200379438,9240.366421593826,M,35.5,14.5
3174,02/2015,514,75022.89317238885,8380.86561986879,M,45.0,12.9
3175,02/2015,651,114471.73348951433,9565.622109027678,M,39.2,8.3
3176,02/2015,669,97713.8086539165,8066.9794535897545,M,52.7,13.9
3177,02/2015,97,90327.02036431288,8044.596573667798,M,62.2,11.0
3178,02/2015,924,85808.72291914721,8432.773060248934,M,64.5,11.3
3179,02/2015,323,109129.25255932871,10458.614403889811,F,48.5,8.9
3180,02/2015,643,105908.73594599812,10152.49914902018,M,35.7,16.0
3181,02/2015,890,89979.15733070864,9123.76769473917,M,55.4,17.6
3182,02/2015,929,96272.58666645951,8012.383834464301,M,41.7,4.4
3183,02/2015,670,129871.14710377155,9601.420199943914,M,36.1,8.3
3184,02/2015,181,100449.49669333534,8841.063969894098,M,36.8,10.0
3185,02/2015,963,79030.18096750135,7952.72653834371,M,50.0,10.8
3186,02/2015,997,96308.08990046011,8942.132683198843,M,61.6,10.5
3187,02/2015,858,85220.67828123904,10058.084552913597,M,38.2,1.5
3188,02/2015,403,95723.57455964902,9848.495581789106,M,45.4,7.8
3189,02/2015,572,62040.09648423383,6170.161567984178,M,,7.6
3190,02/2015,754,77517.0741621358,8198.182201558648,M,55.8,11.8
3191,02/2015,72,88596.84233620392,8591.00286409154,M,46.7,11.5
3192,02/2015,283,95601.26623423715,9003.473644136884,M,57.9,9.6
3193,02/2015,705,100501.19721567082,9285.859842980988,M,46.5,1.7
3194,02/2015,983,91092.3317402284,7219.175922580159,M,36.0,14.7
3195,02/2015,305,79985.387754746,8011.830407659026,M,63.1,4.2
3196,02/2015,857,108730.07704319808,8469.296184635781,M,37.8,3.3
3197,02/2015,74,53020.69058670327,6503.3188551512085,M,37.2,15.0
3198,02/2015,824,88234.67280902065,9853.91949441522,M,56.3,2.9
3199,02/2015,231,73877.90774046042,9162.068467808695,,42.2,17.8
3200,02/2015,130,77846.0168905142,8981.814245878873,M,59.5,15.0
3201,02/2015,248,86629.6137361713,7387.855585090685,M,36.4,14.8
3202,02/2015,149,97082.71096421966,8040.681228893324,M,52.6,5.5
3203,02/2015,329,64486.00943183731,8073.534749930204,M,43.4,4.5
3204,02/2015,582,61935.14295887225,6839.924641529545,M,46.1,4.4
3205,02/2015,328,88076.64761904956,8852.310715338712,M,39.4,11.4
3206,02/2015,779,73330.36096513628,8622.56522727233,M,,18.0
3207,02/2015,807,81744.99315485207,8677.198074058402,M,,12.8
3208,02/2015,821,74494.24974777632,7181.995911621594,M,55.6,4.4
3209,02/2015,366,84312.1125872498,8900.37115651226,M,42.9,7.5
3210,02/2015,433,80877.05696431035,8841.100146439514,M,37.5,8.6
3211,02/2015,371,102486.74700807201,8229.430460309755,M,52.2,5.6
3212,02/2015,384,85679.5017924817,9097.727049317233,M,43.5,2.5
3213,02/2015,632,107262.48553803477,10254.164376980068,M,35.3,14.1
3214,02/2015,861,101965.40720444312,8827.785100144714,M,48.3,12.6
3215,02/2015,65,74047.83062223355,8175.425458872239,,46.8,15.7
3216,02/2015,877,113331.98474740374,9295.755428684577,M,40.8,16.7
3217,02/2015,244,63296.535011235275,8020.640433674473,M,40.5,3.1
3218,02/2015,863,106818.06271290882,9606.837010729021,M,48.7,17.6
3219,02/2015,350,104805.6305888187,9460.968327783203,M,52.6,18.5
3220,02/2015,160,128707.64521764836,10215.952198401681,M,34.9,18.1
3221,02/2015,45,95169.40019834765,8557.45952011106,M,40.4,11.4
3222,02/2015,497,83280.02137343913,7617.511679519954,,46.3,11.7
3223,02/2015,237,81996.82525384326,7933.46631777945,M,39.1,10.7
3224,02/2015,9,71558.31475034301,7113.109675068853,M,50.3,8.9
3225,02/2015,172,66370.76813515506,7537.995079629583,M,55.4,10.6
3226,02/2015,918,120703.61655313795,10400.23669074759,M,45.0,2.6
3227,02/2015,950,83875.70582642671,7524.641203509292,M,34.7,6.3
3228,02/2015,134,109522.10692090416,10432.740252228683,M,64.7,6.2
3229,02/2015,140,95762.4506757028,9040.340585944088,M,,14.0
3230,02/2015,238,82413.90063057592,9601.55866361314,M,61.8,3.6
3231,02/2015,567,92168.7836754616,8419.811996332875,M,49.1,15.0
3232,02/2015,146,69225.91734077904,8005.605702830182,M,38.1,5.6
3233,02/2015,519,89874.90444738069,7742.027853379345,,42.7,1.7
3234,02/2015,428,81848.33633468095,7434.543308251895,M,37.0,13.8
3235,02/2015,612,74929.84339995644,8428.286846629195,M,56.8,10.3
3236,02/2015,153,81003.08769424488,8155.55657743021,M,32.3,18.2
3237,02/2015,592,69038.26823390323,6508.615293814956,M,52.6,12.7
3238,02/2015,713,82056.10131573859,8312.5127249376,M,45.8,18.2
3239,02/2015,933,79525.89771062069,9019.255794368622,M,48.6,14.2
3240,02/2015,686,105717.09872531382,9104.57826829214,M,40.8,5.5
3241,02/2015,331,75708.79486020797,8859.492547975968,M,36.7,9.1
3242,02/2015,885,80531.55362631791,7564.877891816265,M,62.8,6.5
3243,02/2015,842,90204.93258367736,8534.332827196948,M,48.5,6.3
3244,02/2015,951,112420.16216687342,8953.304170621333,M,65.1,10.5
3245,02/2015,597,91498.59102579292,8323.86862356634,M,60.0,13.1
3246,02/2015,93,100844.09148368405,8670.918515917074,F,38.4,14.3
3247,02/2015,402,115872.95439650903,8578.58601381918,M,35.4,15.1
3248,02/2015,435,106241.88383571398,7540.194632610553,F,60.5,17.1
3249,02/2015,751,99190.78604671032,9051.686216199145,M,55.1,6.5
3250,02/2015,733,101371.4282591301,9257.371560650752,M,52.2,13.6
3251,02/2015,121,94703.69380551677,9065.063083863204,M,58.7,18.4
3252,02/2015,760,80057.67676590514,8648.751823306016,M,47.8,11.1
3253,02/2015,372,135380.00951942234,10193.572514371932,M,33.0,14.3
3254,02/2015,441,74025.49713047803,8145.075213311643,M,51.6,2.3
3255,02/2015,270,87434.17109938347,9152.70744794332,M,40.7,10.1
3256,02/2015,260,87342.29893876774,7644.630545759609,M,34.6,1.1
3257,02/2015,442,89853.85139493889,10025.891192543582,M,61.5,13.5
3258,02/2015,19,55970.08080894194,6818.567946509492,M,,12.4
3259,02/2015,218,96225.16074165452,9962.49246251495,M,60.8,12.0
3260,02/2015,1000,98526.25341178909,8906.275567569355,M,45.2,4.0
3261,02/2015,967,56936.56609592472,5659.041851565379,M,56.6,2.4
3262,02/2015,413,96667.65917944936,9106.025360490941,M,47.8,1.0
3263,02/2015,780,102579.02414073201,10547.820250944938,M,51.8,1.9
3264,02/2015,538,83820.45685589158,8382.62921281827,,44.3,13.5
3265,02/2015,255,106478.10584628138,9687.895215377044,M,50.9,15.2
3266,02/2015,211,76552.41204485325,8094.922620172925,M,36.7,8.5
3267,02/2015,465,118033.61498457464,8377.514516227724,M,62.0,17.2
3268,02/2015,583,84465.30526578621,8014.667201656767,M,39.0,8.2
3269,02/2015,489,93351.68081610596,8233.909141881724,M,39.7,17.4
3270,02/2015,353,64406.12660413855,8635.565382432564,M,65.9,5.3
3271,02/2015,415,93290.68732851704,7444.395114078871,M,62.5,7.1
3272,02/2015,594,114470.48199494052,8579.383037464368,F,44.6,12.7
3273,02/2015,957,113075.1005323405,10423.051708575967,M,55.4,5.3
3274,02/2015,394,110298.5843538486,9379.573210789975,M,56.1,5.1
3275,02/2015,674,69006.66166320872,8086.90843046748,M,61.2,16.6
3276,02/2015,646,105390.51834373278,8375.496883756636,M,35.1,10.2
3277,02/2015,972,94970.96651871412,9433.046800292093,M,65.6,1.6
3278,02/2015,791,86625.09762377679,8451.722492947105,M,60.0,8.0
3279,02/2015,78,102257.50164179117,9429.061813731547,M,36.8,7.9
3280,02/2015,548,69655.7829097229,6946.892797225923,M,52.2,12.5
3281,02/2015,536,102606.23084943973,8325.068984405387,M,55.4,3.4
3282,02/2015,621,97762.978126758,7401.527774670839,M,54.8,1.7
3283,02/2015,762,94732.13251984221,9203.536437691395,M,47.3,14.9
3284,02/2015,516,89229.5193276191,10539.892622774178,M,65.6,18.0
3285,02/2015,216,88901.92553330229,7699.315628394028,M,36.4,14.5
3286,02/2015,635,74474.05405351064,8395.408243412348,M,55.3,14.8
3287,02/2015,926,94602.55428876038,6958.617718775998,M,43.2,14.0
3288,02/2015,135,91928.37303466519,8186.332204932394,,,10.5
3289,02/2015,387,115375.38279673163,9887.4014867414,M,46.8,16.0
3290,02/2015,925,87890.62349536447,8137.177444990117,M,57.3,5.5
3291,02/2015,85,84721.79117291803,7766.214308866012,M,38.7,16.7
3292,02/2015,586,86549.18619810685,6958.867326124002,M,32.2,7.8
3293,02/2015,571,79486.50674684953,7278.724952809385,M,53.2,13.8
3294,02/2015,855,65307.73063859837,5583.285145720082,M,64.2,15.2
3295,02/2015,685,83456.53369446394,9188.369741717528,M,47.0,7.8
3296,02/2015,63,72716.93038604385,9454.290446556672,M,61.6,12.5
3297,02/2015,264,91827.44904881765,8495.41603299597,M,59.1,12.7
3298,02/2015,701,78486.23133433795,8874.448128472588,M,37.3,10.7
3299,02/2015,73,86784.62659291465,10250.736871725081,M,48.6,14.7
3300,02/2015,478,76505.85928567071,8520.33825943738,M,35.7,7.8
3301,02/2015,661,64347.40938307311,7417.541945673972,M,57.1,1.7
3302,02/2015,228,86516.95031297988,8941.498406571556,M,48.1,9.5
3303,02/2015,309,63514.275862575465,7342.626470240143,M,38.3,14.6
3304,02/2015,382,77936.26040730899,7461.762581061314,M,34.4,10.9
3305,02/2015,914,80057.44940047925,7139.322166387007,M,54.5,6.4
3306,02/2015,170,71857.6127566697,7936.834491983574,M,34.1,16.2
3307,02/2015,808,80440.38047727513,8391.486456590837,M,45.2,4.6
3308,02/2015,279,72194.25275723635,7951.980718580854,M,44.9,3.9
3309,02/2015,852,95885.08568511103,8464.542763728692,F,37.4,13.3
3310,02/2015,258,80380.80322733663,8866.114209160145,M,43.5,6.3
3311,02/2015,920,77075.19484242286,7602.6061571940745,,64.9,14.6
3312,02/2015,167,85370.89401898047,9628.091253909754,M,37.0,6.7
3313,02/2015,229,99206.34037786939,9001.052580404708,M,55.1,7.9
3314,02/2015,293,107488.3948759299,8832.12921434135,M,44.9,10.8
3315,02/2015,569,77474.54503694011,7978.994740000965,M,39.7,13.3
3316,02/2015,39,73870.8531896518,9502.88560941982,M,58.6,1.1
3317,02/2015,562,119741.16624196466,10851.980522677482,M,43.4,10.0
3318,02/2015,819,98466.11827418716,8855.287128734524,M,33.6,15.2
3319,02/2015,652,94655.98650981959,9547.74062497106,,43.2,1.1
3320,02/2015,827,90036.62329974845,9200.788033646633,M,65.0,3.2
3321,02/2015,915,79291.20172840903,8163.477227351013,M,47.0,13.0
3322,02/2015,35,97358.70705326454,9166.992397064685,M,53.3,4.0
3323,02/2015,358,102872.24768962212,8899.467986456468,M,35.8,18.3
3324,02/2015,867,96104.33230906093,9226.333019664771,M,53.5,10.1
3325,02/2015,979,73520.63971614605,7932.807683560441,M,64.3,9.9
3326,02/2015,599,112716.02296972659,9140.541976068118,M,,18.4
3327,02/2015,470,82223.58701981358,8682.860368209964,M,45.0,3.5
3328,02/2015,903,85016.49485838586,7858.500266091577,M,,16.7
3329,02/2015,420,92517.7328755929,9574.571874007424,M,56.3,5.9
3330,02/2015,150,75491.06242582775,8511.658748475189,M,,10.2
3331,02/2015,631,108676.290652493,11262.249655601627,M,43.4,6.2
3332,02/2015,616,79259.5547485826,9013.377056523886,M,61.5,8.8
3333,02/2015,373,88828.2941754491,9131.802077458062,M,60.9,5.9
3334,02/2015,577,106945.63705516569,10047.152319516274,M,42.5,15.7
3335,02/2015,901,77322.20793623276,8091.978268736519,M,56.5,9.0
3336,02/2015,55,69639.52909556194,7554.615753849337,M,34.9,2.7
3337,02/2015,908,73899.86201647476,7395.759147684262,M,39.6,15.1
3338,02/2015,883,88658.45485403515,8715.771756127613,M,,15.3
3339,02/2015,522,74512.1639633441,9088.724595121948,M,52.2,14.7
3340,02/2015,811,78365.10870478045,6666.706048858133,M,,18.6
3341,02/2015,137,61840.854463073556,7289.68764175962,M,58.3,17.6
3342,02/2015,600,67198.93845476482,7634.660802980145,M,38.4,17.2
3343,02/2015,673,99861.39264708702,6967.569967107305,M,49.1,5.2
3344,02/2015,575,94909.21140007515,9760.957209706,M,32.9,10.9
3345,02/2015,469,72836.69866309958,8642.357043301288,M,64.1,10.3
3346,02/2015,698,75577.13202711951,7457.822734396567,M,62.6,5.0
3347,02/2015,245,78041.35458488435,8690.268749553616,M,60.9,13.2
3348,02/2015,363,68353.48901579792,7892.4982697972,M,45.2,1.3
3349,02/2015,911,84186.89402199062,8924.216468430031,M,53.9,13.9
3350,02/2015,343,85140.02862204146,9212.534647262348,M,63.1,16.4
3351,02/2015,886,78357.45007739667,8963.870615366106,M,59.7,10.7
3352,02/2015,262,95272.36170870745,8140.109173259499,M,64.6,14.7
3353,02/2015,222,68537.81084434695,8167.3656991535645,M,39.2,11.6
3354,02/2015,731,72538.25453407159,7987.426091405165,,35.2,7.5
3355,02/2015,31,81324.05527680428,8238.10670632971,,36.7,16.8
3356,02/2015,32,83513.36351517883,8569.800236636449,M,55.5,2.4
3357,02/2015,545,93664.56038092542,8838.67016349265,M,42.4,3.8
3358,02/2015,553,65057.69135248462,7442.3585253810015,M,35.3,1.8
3359,02/2015,284,69036.91738137268,8989.843436675115,M,40.5,14.4
3360,02/2015,94,75187.54591474238,7899.410274113614,M,,9.2
3361,02/2015,472,87141.66991270075,9538.52041277298,,40.5,8.5
3362,02/2015,748,82368.25823831442,8592.458961396953,F,40.7,14.3
3363,02/2015,3,78402.9509951796,6941.217091195075,M,49.3,4.7
3364,02/2015,676,60511.658871058215,7230.700522997709,M,43.8,17.0
3365,02/2015,233,70996.96182890412,6681.565142242794,M,38.2,12.8
3366,02/2015,919,72782.50214820495,7966.0497091004145,M,34.6,11.6
3367,02/2015,54,80074.45861246083,9173.27035734922,M,57.6,1.3
3368,02/2015,95,77140.40626010143,9013.54550684351,M,55.1,14.3
3369,02/2015,818,88682.85114834475,7983.477186658747,M,,4.6
3370,02/2015,349,69943.72234892336,7906.86249704607,M,63.1,16.7
3371,02/2015,224,83634.25301837217,8424.874243369617,M,42.2,9.8
3372,02/2015,526,103149.05995619565,8975.86367399337,M,62.7,18.8
3373,02/2015,613,77043.06148763903,7973.265713442736,M,50.9,2.5
3374,02/2015,845,67451.00401829186,8583.715620554118,M,,5.5
3375,02/2015,894,102805.26175907829,8126.212431889225,M,47.3,18.1
3376,02/2015,419,118064.4255769837,9762.161385497418,M,,18.2
3377,02/2015,707,75804.6339730337,8910.135095193275,M,56.4,12.6
3378,02/2015,426,69315.61748247241,7838.11252449807,M,43.0,7.2
3379,02/2015,427,73311.29581095334,7411.1550944360415,M,48.1,3.4
3380,02/2015,978,99255.84919686496,8739.310139806372,M,40.8,8.0
3381,02/2015,610,84665.35173631024,8183.246159456061,M,64.5,8.9
3382,02/2015,76,75528.16216981286,7962.456346263272,,46.8,11.5
3383,02/2015,629,89218.58065348824,8558.986011117986,M,46.4,15.7
3384,02/2015,326,101231.52483383598,8833.194114593864,M,32.6,1.6
3385,02/2015,875,84941.45963004514,8236.80607831131,,42.4,16.3
3386,02/2015,409,88040.23457637607,8681.669717627065,M,45.0,14.6
3387,02/2015,940,76509.33808398755,8953.744825283151,M,53.9,9.6
3388,02/2015,642,67566.5051380036,7507.06445891971,M,43.3,8.4
3389,02/2015,14,84762.33236298832,8947.393452203776,M,56.5,1.7
3390,02/2015,129,77679.57253822182,7525.528962744161,M,35.6,11.3
3391,02/2015,474,67273.26300213275,6777.871413679282,M,56.2,13.1
3392,02/2015,312,94670.31938372272,7564.9915828376625,M,61.2,13.4
3393,02/2015,708,110461.05031432667,10398.090367465276,M,40.4,1.6
3394,02/2015,30,85814.17102901607,8691.755397510015,M,46.1,9.2
3395,02/2015,161,85936.5934492038,7549.458551915549,M,51.3,2.9
3396,02/2015,839,56828.87088927971,6745.540326791583,M,36.7,1.6
3397,02/2015,400,88481.37359065577,6952.994488467213,,58.4,10.9
3398,02/2015,375,83619.74824047844,7423.111052134326,M,43.3,18.2
3399,02/2015,298,100548.95218698423,9067.838573050092,M,39.2,11.8
3400,02/2015,29,81592.26871885151,7623.928415113802,M,46.5,10.7
3401,02/2015,679,73414.34907828798,7180.6825902520695,M,32.7,10.4
3402,02/2015,422,76406.06764368048,7432.2427195956425,M,50.1,11.6
3403,02/2015,50,80115.37960853774,7205.470414681121,M,53.7,9.0
3404,02/2015,804,77579.89303440113,8501.330476503601,M,32.4,13.2
3405,02/2015,627,80973.97467498467,7429.784885872463,M,41.2,15.2
3406,02/2015,874,81889.55206377275,8837.294669358807,M,38.0,2.2
3407,02/2015,165,137498.90011627215,9787.758371031126,F,50.4,17.6
3408,02/2015,905,94771.95622738134,8203.048593226255,M,32.6,15.8
3409,02/2015,37,115338.9489940252,7827.376495485176,M,43.8,12.4
3410,02/2015,501,72950.86031101289,8856.571423457373,M,47.7,9.3
3411,02/2015,529,102806.66573090666,9642.117200728322,M,47.6,6.1
3412,02/2015,774,103499.80511592333,9352.6126658276,M,62.2,17.0
3413,02/2015,772,81319.94150637498,8360.261016811592,M,47.7,8.2
3414,02/2015,773,74141.2058428718,6806.119045432894,M,,14.6
3415,02/2015,388,78588.56099718083,6212.366227487584,M,,1.6
3416,02/2015,194,87011.19484475769,7747.26215505524,M,65.8,18.7
3417,02/2015,778,84024.11514082637,8932.860855475466,M,62.7,4.5
3418,02/2015,830,92211.3348303634,9664.562375798225,M,49.8,5.2
3419,02/2015,655,99232.63665096363,8435.72768538737,M,51.5,7.7
3420,02/2015,461,103487.019780542,8518.835189859552,M,64.8,2.5
3421,02/2015,927,70666.8956598246,7772.097989666391,M,53.3,9.6
3422,02/2015,90,75620.64958244185,6981.288942419316,M,60.6,11.5
3423,02/2015,348,87515.44387879246,9622.147116981278,M,60.8,1.0
3424,02/2015,313,90476.40314412928,7179.924899409067,M,53.1,14.1
3425,02/2015,590,69044.8525510148,8129.8620788679855,M,40.8,4.2
3426,02/2015,179,85441.58706387371,7108.55945912537,,52.8,15.2
3427,02/2015,496,73748.80012481331,7558.791786671631,M,58.0,17.3
3428,02/2015,517,88964.4075479239,9560.692144477387,M,46.1,16.4
3429,02/2015,744,78634.30164959453,9672.201123616092,M,48.2,14.3
3430,02/2015,682,83103.56653287927,9099.245306328196,M,46.5,10.8
3431,02/2015,809,100062.34141394621,9675.341778844637,M,40.3,17.8
3432,02/2015,658,116227.39507856243,9868.535263647553,M,46.5,11.6
3433,02/2015,158,152720.9762761077,10725.646071112795,M,,3.0
3434,02/2015,357,86834.20115576248,8778.306544607023,M,42.8,9.0
3435,02/2015,221,89771.27134556667,10666.4109575807,M,64.0,3.7
3436,02/2015,633,107064.94156101311,9082.307166019116,F,46.4,2.6
3437,02/2015,721,67097.99911180713,8373.194453412894,M,36.7,14.4
3438,02/2015,783,77156.67618218611,6817.221789238163,M,43.3,9.7
3439,02/2015,304,83681.35439003285,7438.727033336023,M,60.5,17.7
3440,02/2015,789,87316.95548955881,9477.757975330598,F,39.7,8.0
3441,02/2015,486,74083.14168799667,7589.679222932846,M,56.4,5.1
3442,02/2015,580,61173.902889790574,7307.8973335504015,M,63.8,10.4
3443,02/2015,6,83910.51825576767,9641.057659578808,M,35.5,15.1
3444,02/2015,934,106156.34360679172,9000.197901745805,M,32.4,13.9
3445,02/2015,645,84321.78687047162,7591.29688045522,M,52.4,2.3
3446,02/2015,206,70787.79947101713,7767.751268675026,M,64.2,5.3
3447,02/2015,401,76373.86677306631,7896.820857293559,M,,13.2
3448,02/2015,826,98271.8877293725,8716.861627413376,M,33.8,5.3
3449,02/2015,83,72279.35607825653,8703.326422470851,M,65.4,8.2
3450,02/2015,183,60266.7299291043,7611.763659343001,M,41.2,14.6
3451,02/2015,42,86141.38080207529,6861.839701266001,M,56.3,13.9
3452,02/2015,722,73275.75681375146,8253.696259209428,M,45.4,18.3
3453,02/2015,503,92271.06877158488,9024.180211465728,M,,18.0
3454,02/2015,620,78039.31492416564,9405.92105922397,M,57.3,1.6
3455,02/2015,755,102628.26162413464,8720.559893213764,M,53.1,14.7
3456,02/2015,873,96584.57354944278,9499.349062403055,M,33.1,16.5
3457,02/2015,781,81396.67090345916,9793.679720690983,M,33.4,14.1
3458,02/2015,40,80184.71037545255,8493.304245809351,M,36.4,9.0
3459,02/2015,240,88532.89780872982,8978.240892205009,M,,5.8
3460,02/2015,436,81771.24397683919,8158.639106041354,,37.8,12.0
3461,02/2015,320,82561.65341421761,9176.282709543188,M,43.1,14.4
3462,02/2015,723,87780.66737530135,8083.096469401504,,,3.7
3463,02/2015,947,87041.74226077487,7441.958605969332,M,41.6,14.9
3464,02/2015,168,90115.6419783075,9350.526493013092,M,60.0,11.2
3465,02/2015,259,93861.7417401392,9027.826669016351,M,60.8,2.7
3466,02/2015,913,110073.12095217036,8951.63968018466,M,53.6,9.3
3467,02/2015,985,108643.38637838594,9390.300715635674,M,51.8,15.1
3468,02/2015,539,82186.14116792432,8804.521393760195,M,41.5,10.6
3469,02/2015,975,71433.03678092547,8886.803026391979,M,46.1,9.3
3470,02/2015,771,125030.22650684736,10599.136229968875,M,59.1,12.7
3471,02/2015,566,61433.13805203812,6041.059029719914,M,,11.7
3472,02/2015,325,119162.52856610039,11109.273984480655,M,59.5,7.6
3473,02/2015,813,77225.50384431516,8102.255651527032,M,56.3,16.7
3474,02/2015,253,115855.67562696552,8883.776077708302,F,52.5,18.0
3475,02/2015,817,136175.6962310211,9158.059776989863,M,35.7,7.4
3476,02/2015,958,77152.31240244835,6873.37960393851,M,42.6,2.3
3477,02/2015,564,81941.0053565859,9626.530040400303,M,36.5,18.6
3478,02/2015,448,79256.70465257383,7928.033277573599,M,51.5,15.3
3479,02/2015,322,75460.55268765769,8221.078670459301,M,45.2,13.4
3480,02/2015,909,71882.44312082534,7571.214685001858,F,45.0,18.5
3481,02/2015,208,98251.45254062656,10010.94870171228,M,57.5,3.7
3482,02/2015,306,84936.52391809113,7979.644890665017,M,57.0,16.2
3483,02/2015,471,94191.77126572655,8280.108199711645,M,64.4,4.4
3484,02/2015,833,66283.26953031773,7734.374064662704,M,45.8,14.0
3485,02/2015,518,81355.95536890972,8647.844825884382,M,55.0,16.6
3486,02/2015,607,92663.71079572549,8893.022123013303,M,34.1,13.1
3487,02/2015,743,81718.68750706404,9637.92159408156,M,55.6,1.1
3488,02/2015,431,72244.7305084325,7379.238379841926,M,42.5,3.0
3489,02/2015,554,89390.86033106365,8327.182698389048,M,40.1,9.5
3490,02/2015,866,57436.00811620376,6556.116740743232,M,35.4,6.1
3491,02/2015,740,113641.93688960798,9518.47327923727,M,54.5,9.9
3492,02/2015,534,76045.29398133578,7795.320750463194,M,63.4,16.5
3493,02/2015,681,100036.70128960861,9698.846971761106,M,56.8,4.5
3494,02/2015,694,75250.95802075457,8284.831886658325,M,56.6,8.8
3495,02/2015,557,69620.99643405482,7668.426802132984,M,61.4,16.5
3496,02/2015,204,75440.05141077671,7820.031718164102,M,54.7,9.8
3497,02/2015,275,85021.36754964257,9243.591985626066,,34.7,14.8
3498,02/2015,525,64399.04429586402,7470.09383954092,M,39.2,9.1
3499,02/2015,33,77180.75779614056,8740.41966693623,M,55.9,15.2
3500,02/2015,18,95172.12991372176,9773.825023278489,M,36.9,16.0
3501,02/2015,835,89438.10955667238,8797.079655451336,M,,12.8
3502,02/2015,649,82009.73290519761,8533.866413399888,F,41.6,6.4
3503,02/2015,406,79960.47016768868,8029.726170792221,,36.0,1.4
3504,02/2015,640,108329.95699299681,9596.189110553922,,64.7,9.2
3505,02/2015,79,110033.3026407615,9473.786018523935,M,41.3,4.9
3506,02/2015,942,69800.32222660263,6758.649912017391,M,50.2,14.9
3507,02/2015,895,82687.7871817569,8630.367169401738,M,33.5,17.3
3508,02/2015,766,97413.1346272961,8901.41088739561,M,62.4,7.1
3509,02/2015,51,138548.9567598317,10750.446004433908,,39.9,6.9
3510,02/2015,702,93823.59888601386,9446.909332857434,M,57.5,12.7
3511,02/2015,332,73957.7890495567,7756.227447877585,F,55.0,18.7
3512,02/2015,314,100685.43387619186,9773.854458915448,M,49.4,4.0
3513,02/2015,118,89911.89470681126,8039.261645688387,M,39.8,9.3
3514,02/2015,445,73448.64636496165,7614.262450101025,M,59.4,18.6
3515,02/2015,906,89876.00249322568,9605.622579330675,M,57.2,5.3
3516,02/2015,555,59338.69551230768,6878.16236968214,M,62.5,3.5
3517,02/2015,105,96084.27600843743,9485.294201714403,M,48.3,2.2
3518,02/2015,879,112827.53809140873,8792.655705362004,,64.1,3.3
3519,02/2015,175,57882.43027906028,7122.43713360028,M,38.2,7.2
3520,02/2015,367,88066.82976665569,6296.6453766319155,M,58.6,5.2
3521,02/2015,810,92001.18664172565,7724.000157250776,M,44.5,2.3
3522,02/2015,892,121153.32796858523,9443.539886050254,M,65.4,15.5
3523,02/2015,964,86090.63308102617,9556.866837080397,M,50.2,6.4
3524,02/2015,946,103563.87735408498,9176.037448521769,M,52.1,6.6
3525,02/2015,547,92349.87390284847,8670.435619197642,M,,7.5
3526,02/2015,999,81374.40546427146,9305.126410831985,M,45.1,14.1
3527,02/2015,953,66983.6241318014,7230.323129814899,M,47.7,14.8
3528,02/2015,202,93710.75634122842,9902.763044060472,M,57.6,4.0
3529,02/2015,345,88827.6794988189,7175.097342170687,M,40.8,12.9
3530,02/2015,718,90666.02792435,9843.260433598181,M,65.1,1.7
3531,02/2015,276,92478.7480241089,7830.56761792462,M,45.1,18.5
3532,02/2015,768,79837.7284468579,7576.167288743118,M,63.5,6.3
3533,02/2015,411,98992.48228519209,8855.412596165,M,58.7,2.5
3534,02/2015,192,83270.37601268318,7285.551203512075,M,45.7,5.7
3535,02/2015,115,74102.58120586583,7847.232203008682,M,36.3,17.6
3536,02/2015,162,87310.87552857496,6850.754782976854,M,35.5,12.1
3537,02/2015,636,103203.35056274799,9447.225527240309,F,63.9,7.2
3538,02/2015,870,86426.15219663703,9220.256494540203,M,42.6,2.6
3539,02/2015,468,88418.76303886868,9433.013999809715,M,52.3,3.3
3540,02/2015,490,84929.71730965018,8368.182458004865,M,62.1,12.7
3541,02/2015,558,109091.00427646532,9304.541668860657,M,35.8,9.1
3542,02/2015,662,66616.51415784353,6243.872583997562,M,51.0,6.8
3543,02/2015,834,76465.61962467656,8391.877637438105,M,39.8,1.8
3544,02/2015,907,92940.08779953142,6867.015416097958,F,61.1,3.8
3545,02/2015,15,69681.11339267486,7640.893341906184,M,35.0,4.2
3546,02/2015,588,105346.43050176583,9223.365458600614,F,47.5,14.8
3547,02/2015,859,106714.93785603844,8936.93377198935,M,44.3,4.2
3548,02/2015,109,87113.3611429459,9504.559459406853,M,45.2,7.3
3549,02/2015,369,77809.91357534275,6705.598249566234,M,36.2,8.9
3550,02/2015,188,91923.60871680029,7552.120729438528,M,33.0,18.5
3551,02/2015,166,92710.34578728357,9750.379453605266,M,,1.3
3552,02/2015,180,69891.99963038025,8571.53397517303,M,48.2,10.8
3553,02/2015,986,104210.61248001725,9651.685950588011,M,34.5,8.6
3554,02/2015,438,92482.21603801606,9360.88604309542,M,37.4,7.0
3555,02/2015,120,92282.53363414135,7395.324307457643,F,49.6,7.2
3556,02/2015,414,105159.04422831582,8123.702776177889,M,38.1,7.7
3557,02/2015,389,68281.42493402421,8804.191174700625,M,58.5,1.7
3558,02/2015,91,68620.71594034314,8635.312218379293,M,33.5,2.7
3559,02/2015,565,79941.8777333199,8278.960736839392,M,44.3,17.2
3560,02/2015,16,55981.265880161474,6944.7996815587885,M,47.8,8.0
3561,02/2015,443,107192.33078508412,9576.07082567685,M,36.6,1.5
3562,02/2015,507,132928.29707681682,8407.863805972796,M,62.1,9.5
3563,02/2015,404,101127.96107704229,8338.787213537107,M,55.1,14.7
3564,02/2015,280,86012.26608412433,9150.94117207279,,60.1,2.4
3565,02/2015,654,81310.0624315666,8879.464246157686,M,55.4,9.7
3566,02/2015,376,103204.89008950347,8275.189865599485,M,37.8,6.4
3567,02/2015,169,81193.46330320978,8071.124155663125,M,60.7,18.0
3568,02/2015,931,103527.56318757945,10584.127177262237,M,62.2,15.4
3569,02/2015,664,109016.67702265758,9451.502912343842,M,45.7,17.9
3570,02/2015,272,71277.90525378403,7802.184296090753,M,41.3,10.3
3571,02/2015,667,78284.47116483659,6652.211676055814,,53.4,1.7
3572,02/2015,209,66506.14326105485,7391.58329919998,M,47.5,11.3
3573,02/2015,687,83726.10130306157,8347.02994743799,M,43.9,9.8
3574,02/2015,893,109502.77720352144,9896.535487139192,M,38.7,2.4
3575,02/2015,184,95894.22760459356,8707.181628186921,M,46.3,14.7
3576,02/2015,711,93438.47493293224,8454.97771795914,M,51.6,17.6
3577,02/2015,543,87625.34828745436,8125.313417566059,M,59.2,12.0
3578,02/2015,864,81422.90069066454,7982.9775772842895,M,35.7,8.6
3579,02/2015,995,92354.32351609449,8512.784905831153,M,,3.7
3580,02/2015,563,92367.95992843542,9264.396536412984,M,44.1,7.1
3581,02/2015,58,68749.16623066145,7587.380750195506,M,61.0,6.9
3582,02/2015,46,98221.16397397927,9189.099837981465,M,35.1,13.7
3583,02/2015,226,90552.86812564408,7821.188646514429,M,57.1,8.2
3584,02/2015,286,72996.45415520677,7608.334482516925,M,64.2,16.9
3585,02/2015,475,75541.25938799341,8899.87002607505,M,37.6,9.6
3586,02/2015,578,102077.92687739669,8683.656764438285,M,55.7,8.8
3587,02/2015,695,87723.34276415156,7833.993634322802,M,40.3,15.1
3588,02/2015,417,65295.26042571378,6405.118672928921,M,44.2,3.6
3589,02/2015,421,84634.05394344166,9679.982221669252,M,51.3,11.2
3590,02/2015,397,79995.0739507865,7571.5043173786635,M,,12.9
3591,02/2015,273,80335.46176224077,7955.835752380106,M,43.7,13.2
3592,02/2015,281,89938.60752704964,8991.40637273017,M,58.1,16.5
3593,02/2015,945,80713.94649304615,8168.885254902842,M,40.5,7.3
3594,02/2015,862,79462.41334866635,7307.838267581268,F,53.6,4.1
3595,02/2015,232,123610.11849212699,10529.058074938046,M,44.7,13.6
3596,02/2015,550,98807.8329408262,9984.027963105098,,46.4,7.5
3597,02/2015,917,110758.59048110183,8758.525329706257,M,32.3,17.7
3598,02/2015,56,103616.65308551384,8091.2872946834495,M,38.6,14.0
3599,02/2015,377,76090.0516078206,6416.644834750667,F,57.8,4.0
3600,02/2015,143,76416.6769906211,7759.743433787225,M,,7.3
3601,02/2015,782,88290.02280171399,7654.543618494602,M,57.1,15.8
3602,02/2015,17,118433.36811403254,9045.96973253861,M,,18.5
3603,02/2015,800,73787.34401905419,6651.165954517745,M,55.4,15.0
3604,02/2015,418,103781.96317978187,9370.229008215629,M,50.6,9.8
3605,02/2015,282,75300.12217546231,7824.862145647812,M,59.1,15.3
3606,02/2015,495,86034.29151093634,8572.626220164932,M,52.5,5.5
3607,02/2015,492,99358.66193916574,7937.605844160231,M,47.2,11.8
3608,02/2015,968,90373.72165117762,8101.785450403168,,59.5,2.6
3609,02/2015,802,88480.44686875178,9321.72467892747,M,37.0,11.4
3610,02/2015,215,89350.371653177,9156.054078346287,M,52.5,7.2
3611,02/2015,959,63332.154705802925,7301.443598650594,M,63.1,13.2
3612,02/2015,954,128341.07806173421,8823.156870488392,M,42.1,5.8
3613,02/2015,482,92318.06879750799,9132.934333184665,M,65.9,13.1
3614,02/2015,102,102522.68799875566,10609.542888107364,M,55.2,11.6
3615,02/2015,776,102197.17027487172,10235.435190073636,M,,15.6
3616,02/2015,528,61135.9774368014,7436.483165544996,M,32.7,15.5
3617,02/2015,292,86597.0328963514,8289.142550490576,M,32.6,13.2
3618,02/2015,971,100610.4713126992,8844.459630170306,M,63.6,15.5
3619,02/2015,152,78239.047425218,7914.271714456094,M,35.5,3.3
3620,02/2015,750,73642.63688165371,8413.413485502471,M,57.0,16.5
3621,02/2015,199,105938.4083770058,9868.571642091798,M,49.2,13.1
3622,02/2015,154,92718.55132851777,8427.444655538293,M,,6.9
3623,02/2015,675,92577.66974176707,9556.732049665254,M,56.2,10.5
3624,02/2015,288,86262.3832469323,8426.042651808752,,47.6,18.3
3625,02/2015,523,61769.171009570884,7820.00412305409,M,32.1,1.2
3626,02/2015,688,72855.41743653924,6671.022909129712,M,41.3,4.0
3627,02/2015,360,82224.35431423289,7882.829749912445,M,49.5,12.0
3628,02/2015,960,76265.48986704857,7694.848754175438,M,55.1,9.8
3629,02/2015,368,133045.81955630693,10517.86973816361,M,53.8,14.7
3630,02/2015,456,85016.2047960511,8897.23614017246,M,55.8,5.9
3631,02/2015,512,104861.9476835111,8969.188149048408,,50.1,15.9
3632,02/2015,650,101087.51216445393,9056.11377698016,M,43.0,12.5
3633,02/2015,380,91944.02049387728,8559.042870342004,M,61.4,1.5
3634,02/2015,139,88653.8098742533,8184.985447510242,M,56.4,8.7
3635,02/2015,994,91591.87471961559,9052.193054715222,M,42.5,2.6
3636,02/2015,689,70635.4960942103,7094.960615832244,M,63.1,2.4
3637,02/2015,243,82913.09989659069,7619.591155592067,M,38.2,16.7
3638,02/2015,148,95272.9565253231,9326.003366726472,M,64.4,9.8
3639,02/2015,252,96349.83114840105,8050.620615899583,M,40.6,14.0
3640,02/2015,265,94358.96344805916,8845.21923935894,M,39.6,3.8
3641,02/2015,362,85776.68018883905,8803.57980674057,M,39.0,3.7
3642,02/2015,336,75611.67102610924,8146.290297220521,M,53.4,15.5
3643,02/2015,928,101116.25667932563,8946.750975098734,M,63.0,14.1
3644,02/2015,515,103568.56036157909,9439.438366646995,M,56.7,9.7
3645,02/2015,483,84232.02279823749,8565.733788327343,M,47.0,12.5
3646,02/2015,395,56673.17968360136,7623.714692780039,M,59.5,16.9
3647,02/2015,758,106999.69281496163,10306.538820023927,M,45.8,3.4
3648,02/2015,361,72572.98493164622,8369.893842707632,,51.1,15.4
3649,02/2015,657,92637.52541955907,7991.8233805208965,M,53.9,10.4
3650,02/2015,761,121681.1530473026,10119.069249259812,M,33.4,8.7
3651,02/2015,881,62362.51826557522,6492.580957104566,M,53.5,2.0
3652,02/2015,197,79270.17016292209,7032.3470042709805,M,44.6,12.9
3653,02/2015,290,82464.10792211935,8929.373541301149,M,37.7,4.3
3654,02/2015,742,79632.41954377892,7826.018307553039,M,47.7,1.4
3655,02/2015,848,86141.30860445472,8032.823528019791,M,58.3,10.1
3656,02/2015,820,100122.99437029088,8748.965139318074,M,32.4,14.0
3657,02/2015,122,81862.52743078554,9313.644202623527,M,42.0,5.7
3658,02/2015,340,108043.25753472185,7752.3872836532455,,43.5,6.5
3659,02/2015,714,90133.94641723926,7403.576613873921,M,39.5,9.7
3660,02/2015,699,110042.62968606735,9097.33799549346,M,38.8,17.8
3661,02/2015,825,77763.02536849795,7235.814163814402,M,39.7,5.7
3662,02/2015,717,92768.32082421,8156.520753445416,M,51.8,18.7
3663,02/2015,318,88669.50081389154,9216.850998069818,M,60.5,9.5
3664,02/2015,104,89027.64026541282,9631.371048630113,,57.0,5.7
3665,02/2015,816,87624.65900809047,8539.119257612472,M,32.0,1.0
3666,02/2015,296,54752.04943971845,6554.898377191447,M,42.2,11.1
3667,02/2015,696,88275.44253767643,9749.33776903316,M,41.1,14.7
3668,02/2015,27,74035.01459892193,8627.66880332545,M,54.5,12.8
3669,02/2015,22,79760.47204451417,8537.306323196146,M,50.2,13.8
3670,02/2015,785,87958.46197481111,7769.615213581796,M,,14.7
3671,02/2015,256,90561.42536317873,9580.90911413154,M,,8.8
3672,02/2015,75,84466.6283832674,9083.853930255524,M,47.3,6.5
3673,02/2015,5,66876.67513759948,7277.27327368407,M,39.8,4.7
3674,02/2015,217,71375.02296493847,7304.3369511689025,M,64.4,14.8
3675,02/2015,869,80589.7452465631,7423.400960903703,M,38.4,13.3
3676,02/2015,385,77068.56919901927,8743.840445611626,M,44.9,9.4
3677,02/2015,941,71117.69848473469,8608.384734822475,M,35.0,2.8
3678,02/2015,712,80734.87998279913,8153.681409023832,F,,13.8
3679,02/2015,939,109552.7995559764,7205.635423837499,M,49.5,2.4
3680,02/2015,710,72959.96767331395,7903.080577757035,M,57.4,7.4
3681,02/2015,34,119173.07851735459,9069.394410243272,M,,18.6
3682,02/2015,559,100164.83750447174,9074.463652747765,F,62.8,4.7
3683,02/2015,463,79304.08684168514,8180.97174069434,M,48.9,10.3
3684,02/2015,605,74181.88774220836,8328.306447151961,F,63.6,5.9
3685,02/2015,424,73156.63491573563,9168.326036794402,M,49.8,3.8
3686,02/2015,851,98897.01579869339,8514.75654789997,M,43.5,2.4
3687,02/2015,444,115768.00035225325,9002.126110504201,M,45.4,4.1
3688,02/2015,790,108908.33072453836,9422.273673422516,M,37.6,5.0
3689,02/2015,106,124635.55786549077,10399.984597066536,M,42.4,1.2
3690,02/2015,455,82850.22782303864,7478.745589835422,M,,3.9
3691,02/2015,223,75838.65578282077,9686.89454489367,,53.2,5.2
3692,02/2015,242,72412.86679981701,7257.097661641408,F,46.1,14.5
3693,02/2015,77,97012.69583761333,8955.625439732396,M,63.4,8.9
3694,02/2015,961,85947.80659018712,7019.637164289691,M,62.4,6.9
3695,02/2015,416,96230.82805232378,7727.053681974667,M,50.8,16.2
3696,02/2015,506,110044.98894693502,9580.744140152301,M,38.7,5.6
3697,02/2015,287,92468.70278582828,8388.506284344192,M,40.1,15.2
3698,02/2015,52,73950.35572376,7183.504285956187,M,55.3,5.2
3699,02/2015,132,110764.50651386831,9932.094716714335,M,60.6,17.3
3700,02/2015,319,88628.03449327523,8108.721641147935,M,42.7,9.7
3701,02/2015,871,119662.97623614609,10696.823218963527,M,,7.2
3702,02/2015,213,82764.57903908496,9102.320730463347,M,40.4,15.2
3703,02/2015,846,69015.08243193351,8966.808675531243,M,33.1,17.2
3704,02/2015,351,62731.069846630606,7535.58919761857,M,53.7,7.8
3705,02/2015,324,99010.55065033509,9888.867743479796,M,54.6,9.8
3706,02/2015,173,91955.90390516075,7892.922035966221,M,46.9,9.3
3707,02/2015,88,79508.37461350819,9002.878333230381,M,43.9,18.0
3708,02/2015,347,101458.02504607655,10333.683955409862,M,,15.2
3709,02/2015,513,97567.78424443975,10138.575817176516,M,42.2,14.3
3710,02/2015,487,98493.48787447742,8198.910914816272,M,32.3,14.8
3711,02/2015,295,89832.07584325,9014.569914455367,M,46.5,8.4
3712,02/2015,430,87166.56894736853,7745.76518672949,M,,11.6
3713,02/2015,437,85994.67246720071,8931.269105351896,M,35.0,9.8
3714,02/2015,644,106069.52830376494,8985.698921566314,M,60.0,5.4
3715,02/2015,803,95246.91548995089,9567.860565649326,M,39.6,13.8
3716,02/2015,2,111358.95292398926,8284.111335364614,M,65.5,1.0
3717,02/2015,932,139360.047758226,9055.995321260061,,37.4,12.0
3718,02/2015,843,59526.74707609217,7309.246004039398,F,40.4,15.0
3719,02/2015,138,72070.49657136807,8696.768963909213,M,34.5,5.5
3720,02/2015,356,82650.13057356315,8851.998829523429,M,51.3,12.6
3721,02/2015,466,79980.28397479924,8500.042890315033,M,51.7,13.4
3722,02/2015,729,81994.02263662149,8715.94965884518,M,59.3,9.7
3723,02/2015,535,65004.29611552394,6447.028132921345,M,62.7,2.9
3724,02/2015,715,72133.02231899789,8274.953412581208,M,51.8,5.3
3725,02/2015,70,103289.19430888434,9823.280300845958,F,59.0,4.7
3726,02/2015,485,131059.39778060364,9323.256004579625,M,56.3,15.4
3727,02/2015,128,112061.34890329817,8855.211810085828,M,52.0,5.9
3728,02/2015,587,75461.40542188496,7770.55323175943,M,51.7,9.9
3729,02/2015,142,88587.12521015081,9569.099375626944,,37.3,14.2
3730,02/2015,938,58779.65406867033,6439.236831553398,M,64.5,16.4
3731,02/2015,725,68795.23495274028,6895.190705958705,M,39.9,3.3
3732,02/2015,801,103726.69175795316,8340.868815614725,M,42.7,11.4
3733,02/2015,653,138758.85280592376,9778.134478443453,M,57.7,13.8
3734,02/2015,921,105553.64428069677,8841.304395817813,M,55.5,17.4
3735,02/2015,98,95294.18126436735,9513.285759047953,M,39.4,10.5
3736,02/2015,608,76537.12987497183,8772.216847730842,M,63.9,13.4
3737,02/2015,576,95413.69687990032,9788.597980889814,M,64.1,4.1
3738,02/2015,936,96289.40760962393,10501.007957172833,M,55.9,11.4
3739,02/2015,301,72973.90639047431,7839.9127897011895,,33.7,2.0
3740,02/2015,266,75012.51206049148,8495.384348051719,M,36.1,1.4
3741,02/2015,499,70444.83318156486,8214.328004984225,M,32.6,1.0
3742,02/2015,133,104881.36577327101,7749.963042518011,M,43.3,13.8
3743,02/2015,989,77765.06390116642,7592.0155492495005,M,,6.4
3744,02/2015,619,85129.2924065942,8158.332949618535,M,55.2,4.2
3745,02/2015,136,74574.49316191474,7716.67160390799,M,58.5,1.0
3746,02/2015,277,73045.30237427168,8787.75983498489,M,33.1,12.5
3747,02/2015,267,88530.47710195309,8217.067007989719,M,52.8,4.8
3748,02/2015,749,58095.21363532388,7378.271445485562,M,40.0,12.2
3749,02/2015,254,85136.4426533817,8610.943933823288,M,57.0,18.2
3750,02/2015,630,102367.2278941655,7943.224385959806,M,45.0,17.3
3751,02/2015,339,75881.974491868,7913.043690187096,M,41.1,18.1
3752,02/2015,203,88789.49413675535,9297.491165873633,M,59.0,16.3
3753,02/2015,107,90900.7426323647,10794.538313063915,M,49.9,10.0
3754,02/2015,24,77234.5520199648,7469.685904705097,M,33.6,12.8
3755,02/2015,668,88711.47571538798,7952.403956753042,M,,14.9
3756,02/2015,837,119144.91713464765,10183.330781061737,M,36.8,12.8
3757,02/2015,392,97107.51506550374,8216.224340851199,,33.3,4.8
3758,02/2015,330,123908.87710397082,8619.520046880594,M,,2.2
3759,02/2015,151,91882.26396083056,8480.0655389702,M,48.4,18.7
3760,02/2015,856,84539.45746914958,8176.965588047455,M,53.8,16.7
3761,02/2015,976,65367.14930400396,7036.23169549924,M,57.8,1.9
3762,02/2015,831,81725.75374615776,8893.210759241158,M,54.2,8.5
3763,02/2015,991,70440.58813097203,8017.384398181118,M,35.2,11.1
3764,02/2015,201,71741.46508141287,7730.300051542438,M,57.3,6.1
3765,02/2015,788,85860.43933422907,6369.840345434195,M,32.6,18.3
3766,02/2015,1,72076.77147124623,6652.696087215445,F,43.8,1.4
3767,02/2015,103,81982.40400826512,8112.533515727315,M,64.3,11.8
3768,02/2015,53,97861.84462299739,8461.826289084183,M,56.0,7.9
3769,02/2015,241,100937.44676851666,9242.08069827836,M,36.5,11.2
3770,02/2015,346,86492.58113435972,7906.765832958552,M,49.3,16.0
3771,02/2015,450,110940.08446045339,9234.873500967265,M,57.8,13.3
3772,02/2015,628,115805.10331115533,9821.32742819574,M,61.0,15.2
3773,02/2015,700,95022.02955247527,9472.480233460432,M,51.2,10.6
3774,02/2015,4,78982.92078543874,8081.523658581136,M,59.6,11.7
3775,02/2015,334,105596.71945245727,9677.571619795493,M,56.3,7.2
3776,02/2015,641,96071.51250920724,8416.585327696564,M,33.8,11.0
3777,02/2015,794,91483.71679615905,7339.363508021228,M,34.9,12.3
3778,02/2015,390,92143.63060192739,9081.93240301428,M,54.7,12.7
3779,02/2015,141,82247.99415624446,8726.41058449015,M,44.7,8.8
3780,02/2015,980,107737.90712108165,9497.72781832636,M,36.0,2.1
3781,02/2015,734,75720.95838660706,6697.5954054252325,M,47.7,11.6
3782,02/2015,342,75764.9858261604,7833.220602037274,M,43.7,4.9
3783,02/2015,370,93835.63795273118,9518.469023440377,M,46.2,1.9
3784,02/2015,480,95367.59473309517,9039.496354851406,M,38.6,11.5
3785,02/2015,902,69557.64419369637,8138.3679928402225,M,63.6,5.8
3786,02/2015,477,66735.3856000829,7559.668214444744,M,46.4,8.8
3787,02/2015,193,95706.92360525778,9682.12941461941,M,52.8,16.4
3788,02/2015,476,67848.59679675612,7845.19218597459,M,,18.3
3789,02/2015,537,92780.40411419551,8490.46461624384,M,37.3,2.5
3790,02/2015,591,82297.91111192686,7452.451474790655,M,56.1,9.5
3791,02/2015,189,85319.51726960343,8090.661817667535,M,41.9,5.9
3792,02/2015,596,110268.05254272664,9556.757086611546,M,56.2,13.7
3793,02/2015,235,87589.02539878985,7433.503060723834,M,37.4,9.0
3794,02/2015,520,72410.07329003389,7942.107380681096,M,54.7,8.8
3795,02/2015,677,81503.37631576718,9456.945204185777,M,58.8,14.4
3796,02/2015,704,92181.48740073919,6724.04728175978,F,57.6,7.7
3797,02/2015,355,67571.1027671197,7824.594296118974,M,50.0,3.0
3798,02/2015,247,75533.28195429618,8498.085012591542,M,53.5,2.0
3799,02/2015,207,76415.1392778835,9513.272356314808,M,47.8,3.5
3800,02/2015,990,102091.24007360851,9708.83957125183,M,36.3,4.7
3801,02/2015,41,112949.38768709994,10993.68060788488,M,36.9,10.0
3802,02/2015,678,100779.29134679407,8235.486364326776,M,55.7,7.7
3803,02/2015,663,88679.26409456652,8372.347633320027,M,56.7,12.1
3804,02/2015,28,73784.8175652702,6910.448845228464,M,65.2,4.4
3805,02/2015,672,109056.33170301525,7966.91471014849,M,53.2,13.5
3806,02/2015,393,105074.1685350599,9662.764706265278,M,33.5,7.3
3807,02/2015,615,62740.35011825022,8002.847337412703,M,51.3,2.9
3808,02/2015,923,102645.47811523509,8650.379683809875,M,32.0,7.7
3809,02/2015,544,62706.95336003031,7494.991400112157,M,39.6,13.0
3810,02/2015,364,83004.5595434887,9962.327529744189,M,41.0,9.2
3811,02/2015,573,88563.90370762684,8391.81790643311,M,60.9,6.4
3812,02/2015,125,77916.9107359959,8041.652077123568,M,37.2,9.2
3813,02/2015,949,61546.203320177774,7355.197936739408,M,36.4,12.6
3814,02/2015,510,107830.76703518906,10225.146521936102,M,55.0,12.2
3815,02/2015,878,77507.30594536467,7053.3885114231125,M,36.2,5.5
3816,02/2015,992,109462.68140811141,8979.312589163397,M,36.1,17.3
3817,02/2015,8,92151.91015969441,8962.435822578287,M,39.7,13.2
3818,02/2015,984,107815.96511227521,7558.462157695044,M,42.3,10.7
3819,02/2015,763,81662.63577232184,7191.0588479305825,M,37.4,6.6
3820,02/2015,973,67292.31692545279,7594.12102613095,M,39.5,15.8
3821,02/2015,25,70842.01276413596,7496.681037627989,M,34.8,14.6
3822,02/2015,541,114556.49518235581,9299.825007519481,M,48.7,8.1
3823,02/2015,757,100715.4426171113,9134.497484197254,M,,13.5
3824,02/2015,374,74642.44031651794,8320.695456525733,,39.7,13.9
3825,02/2015,64,89757.30851673619,8868.206148626461,M,46.0,5.6
3826,02/2015,500,92382.86431103309,9200.229538797405,F,46.2,13.5
3827,02/2015,647,92338.36708617567,7866.130930221426,F,63.4,11.7
3828,02/2015,614,84676.2643809689,8473.054252233576,M,59.8,17.8
3829,02/2015,21,87789.81906412156,8908.73186278874,M,32.8,7.5
3830,02/2015,13,124891.59724068841,8373.743416362146,M,43.1,15.2
3831,02/2015,639,104089.08218828813,10039.042448054226,M,50.0,9.2
3832,02/2015,868,87737.22511706577,8212.557137245656,M,32.5,7.3
3833,02/2015,805,98823.02444814672,9480.247723484268,M,40.7,10.5
3834,02/2015,891,89742.38177243856,8137.794968030651,M,56.5,13.8
3835,02/2015,561,85915.93182547322,8178.940679262076,,44.2,6.2
3836,02/2015,709,142354.39202056977,8684.321713783615,M,38.7,12.6
3837,02/2015,429,85936.05184014844,9491.486602909596,M,46.7,4.7
3838,02/2015,720,80971.15464218281,7568.896896498091,M,64.6,15.1
3839,02/2015,187,110731.26473032025,9215.171468972414,M,48.7,17.0
3840,02/2015,457,97748.25611231456,9734.079358047973,M,63.5,10.5
3841,02/2015,844,87887.9496690224,8923.743609595564,M,47.4,2.4
3842,02/2015,552,79394.93073147922,9502.164409935755,M,61.3,7.3
3843,02/2015,498,87871.66882925517,10872.397384035476,M,49.2,15.3
3844,02/2015,230,87678.00955565108,7425.200492753064,M,38.2,5.1
3845,02/2015,131,80332.77563538,9222.778745695261,M,35.1,16.0
3846,02/2015,268,97014.87606996112,9442.252864873228,M,41.2,11.2
3847,02/2015,634,71509.30512922285,7849.009768829163,M,46.8,4.5
3848,02/2015,930,111677.51280239233,9026.946991794784,M,54.4,16.9
3849,02/2015,730,79646.24488879132,9159.406346839949,M,60.8,1.5
3850,02/2015,386,94979.76681164876,7613.431362082543,M,37.5,12.8
3851,02/2015,897,67488.33058067379,7706.574070580514,M,43.3,2.5
3852,02/2015,604,97252.96026528314,7883.907225176284,M,59.8,7.6
3853,02/2015,850,110432.80073710492,9679.175848609353,M,39.4,1.4
3854,02/2015,626,85955.70629171813,10157.303508925435,M,51.8,18.1
3855,02/2015,163,87705.93569087931,7242.326636434977,M,58.5,9.1
3856,02/2015,82,92330.44210170758,8285.612338171748,M,61.7,4.0
3857,02/2015,36,71414.03346329789,7383.897441889008,M,37.4,16.3
3858,02/2015,977,92737.78751198671,8989.953885293733,M,56.2,3.7
3859,02/2015,123,81407.72837813923,7378.2758410159195,M,65.3,11.5
3860,02/2015,92,65925.05752923423,6936.2329609720755,M,41.4,15.1
3861,02/2015,26,87942.37362969814,7804.012065467339,F,47.5,2.7
3862,02/2015,251,76765.33070808215,7482.061085453345,M,43.0,11.9
3863,02/2015,598,80121.58352619843,9659.735172332556,M,51.3,9.4
3864,02/2015,524,109248.02246761054,9269.383321081596,F,39.5,18.5
3865,02/2015,726,111832.68712124065,8571.998658468325,M,58.1,4.5
3866,02/2015,263,72962.05269491284,7184.564548439964,M,52.2,12.2
3867,02/2015,365,86237.19340252347,9016.915430457062,M,37.6,5.3
3868,02/2015,44,92735.12408731355,8365.91727387201,M,61.5,8.9
3869,02/2015,530,69761.83845387635,7362.266806709135,,47.2,6.9
3870,02/2015,838,104678.93949125543,9441.833063866858,M,,17.2
3871,02/2015,311,66544.28130814302,7223.3152474479775,,32.1,9.4
3872,02/2015,447,71413.1870403936,7473.963858224546,M,65.5,12.1
3873,02/2015,993,102518.83849914733,8355.952330371807,M,35.0,2.9
3874,02/2015,315,94006.41408021751,7762.119847215016,M,61.1,8.7
3875,02/2015,20,65584.32776689451,7156.073910357465,M,52.1,18.1
3876,02/2015,618,100158.08093186235,8615.065172020008,M,63.9,9.0
3877,02/2015,43,72178.79385516998,7627.78409285017,M,57.3,1.2
3878,02/2015,190,53290.50494598608,7082.391290777305,M,57.5,14.1
3879,02/2015,659,76723.79667147582,7459.844730030811,M,65.4,14.7
3880,02/2015,47,99898.71039357646,8686.490946600263,M,40.7,5.3
3881,02/2015,987,59298.44301230204,8500.608117542672,M,32.4,13.8
3882,02/2015,71,97929.0481680665,10718.186709176267,M,39.0,1.0
3883,02/2015,198,78735.26581096642,8304.481545938814,M,41.1,16.6
3884,02/2015,473,116061.55602336848,8468.072017479391,M,59.5,14.6
3885,02/2015,338,75453.94426931342,8229.180024538746,M,42.2,4.3
3886,02/2015,440,104265.28567687438,8428.68375880978,F,39.6,4.4
3887,02/2015,246,55828.63207850885,7739.159168133446,M,57.2,15.1
3888,02/2015,116,72386.43444454958,8253.319864304345,M,42.2,10.6
3889,02/2015,849,110678.32615543464,9659.98942586948,M,65.4,12.1
3890,02/2015,900,70982.98621285854,7504.033276329454,M,41.5,9.4
3891,02/2015,359,147800.86303700236,10777.932972628456,M,47.7,7.9
3892,02/2015,299,91677.38897191148,8551.594980677,M,50.1,2.0
3893,02/2015,7,131416.4703791195,10278.272806571598,M,40.8,14.1
3894,02/2015,297,81463.02665716008,7522.4484120968555,M,53.7,1.0
3895,02/2015,822,105871.45835697421,9322.950376649545,,54.0,2.9
3896,02/2015,648,72218.52075880187,8339.895401932681,M,49.6,4.4
3897,02/2015,294,100859.78132424368,8630.915973644856,M,59.6,4.9
3898,02/2015,491,122561.0168786082,8525.162884424148,M,61.1,3.2
3899,02/2015,568,78494.00046520153,8659.936555246428,M,,16.5
3900,02/2015,584,91247.0860003741,8751.334837256565,M,43.3,14.9
3901,02/2015,690,74375.92837578902,8239.114302143656,M,,8.8
3902,02/2015,291,96703.66339757098,9463.889831261442,M,33.2,5.4
3903,02/2015,49,131564.27889356253,10210.372044401844,M,45.1,3.0
3904,02/2015,585,104163.06764041659,9555.795513410632,M,37.9,11.3
3905,02/2015,606,62813.63436106426,6808.92228389455,M,51.5,15.1
3906,02/2015,693,93941.29142425735,9093.053198910628,,53.1,9.9
3907,02/2015,944,124903.33194981514,8186.645864307655,M,49.4,14.1
3908,02/2015,793,83936.64189623826,8083.356283610281,M,35.0,12.5
3909,02/2015,425,84005.45869114995,9675.853639477733,M,,17.9
3910,02/2015,683,59827.10766479486,6667.124215535421,,54.5,3.6
3911,02/2015,656,99246.77251815323,9343.003151701874,M,56.4,17.8
3912,02/2015,488,74155.45140579033,8908.870189284506,M,32.4,5.8
3913,02/2015,61,72473.01008976258,6445.456038888986,M,34.1,16.4
3914,02/2015,904,81005.290506133,8521.896689793213,M,,4.0
3915,02/2015,378,86108.10586020257,9399.304528211553,,36.7,3.5
3916,02/2015,269,79882.08934461902,7720.2339778538635,M,39.7,8.1
3917,02/2015,889,82245.93180888717,7872.820207447957,,55.5,2.0
3918,02/2015,481,77579.10415901447,5886.869146333571,F,51.5,17.1
3919,02/2015,344,53759.43215038332,6948.8754326897315,M,51.0,11.8
3920,02/2015,99,63000.44758200051,5930.077157041266,M,55.3,5.7
3921,02/2015,832,66590.12776275542,8240.978886669178,M,,13.3
3922,02/2015,127,88737.65492650217,9756.886126341118,M,55.8,11.8
3923,02/2015,617,86182.13166977743,9808.40132268346,M,38.2,17.4
3924,02/2015,770,69914.35723784845,7672.693539268029,M,56.6,15.9
3925,02/2015,484,95955.50212313523,8525.825294357679,M,36.2,4.1
3926,02/2015,341,80645.36787996558,6905.839356427001,F,63.1,16.9
3927,02/2015,982,106606.56732369693,8880.762316083767,M,,9.4
3928,02/2015,212,83024.05715212134,9015.425723535256,M,46.4,1.6
3929,02/2015,589,83491.765326662,8436.191122487826,M,40.7,6.4
3930,02/2015,797,80608.32423125296,7539.1894743226485,M,44.6,5.9
3931,02/2015,753,66182.43757790723,6968.445477125864,M,32.8,12.8
3932,02/2015,227,93346.39609474978,7989.67046058725,M,,16.2
3933,02/2015,86,84150.96905750588,8891.602270106543,,,5.4
3934,02/2015,680,78638.72316524596,7854.4065548153385,M,61.1,18.9
3935,02/2015,195,57169.98588343867,8262.210609370975,,54.1,8.8
3936,02/2015,595,100358.5277455061,8871.16069852845,M,45.4,7.1
3937,02/2015,854,98600.52429334953,9944.852077480431,M,44.2,18.7
3938,02/2015,828,78793.58337590021,9301.19355732395,,50.6,1.1
3939,02/2015,261,82991.33633683526,7682.488510846549,M,36.4,18.5
3940,02/2015,603,74466.76534730062,7998.215161498396,M,34.9,10.7
3941,02/2015,379,68812.41002698828,6971.16002262148,M,65.1,12.4
3942,02/2015,888,70225.93711485626,7274.953091182959,M,,4.0
3943,02/2015,741,93259.71716153639,7393.023531898322,M,42.4,11.2
3944,02/2015,60,113121.81969465088,8793.612537253302,M,53.4,11.0
3945,02/2015,955,74622.16506786176,8296.368546472248,M,35.8,8.5
3946,02/2015,62,106912.7867180148,10159.982554346503,M,34.0,4.3
3947,02/2015,638,63667.0499875144,7953.053675860039,M,62.7,9.4
3948,02/2015,697,79314.68404819173,8220.452690765074,M,35.0,15.2
3949,02/2015,147,90947.55583975906,9333.654137560483,M,53.7,14.7
3950,02/2015,637,80459.21204895728,8675.248173346143,M,63.3,3.0
3951,02/2015,799,72043.55891321697,7623.676832400784,M,45.3,1.1
3952,02/2015,178,89045.57898575852,7234.952343702666,M,49.0,7.8
3953,02/2015,806,71324.63650544937,8538.9245209471,M,50.3,7.6
3954,02/2015,300,97097.9542605332,8413.758221067988,M,35.9,9.5
3955,02/2015,998,101543.03505596971,8671.810339220561,M,32.1,1.4
3956,02/2015,337,104978.14982374667,8469.965128453532,M,36.0,9.4
3957,02/2015,549,75118.98240790046,8244.351237507422,M,55.1,16.4
3958,02/2015,767,94091.98610074997,7750.606456116853,M,56.5,1.2
3959,02/2015,157,93668.46120007407,8937.69317375188,M,56.8,16.2
3960,02/2015,540,130358.68206141824,9578.640422850602,M,41.6,6.5
3961,02/2015,108,74999.05401095308,8413.203366701771,M,51.2,2.9
3962,02/2015,352,105689.0688066995,10031.333948007095,M,58.1,9.3
3963,02/2015,847,105867.69079854443,8733.72765177308,M,51.0,5.2
3964,02/2015,479,91695.846721563,8638.439851886498,M,54.6,1.0
3965,02/2015,622,94296.64454358822,10326.247655137922,M,53.2,7.6
3966,02/2015,937,66940.80433599166,8335.043615729692,M,54.9,11.5
3967,02/2015,775,74576.78766387787,7840.1010282823545,M,50.4,9.8
3968,02/2015,623,101689.67728753632,8762.868421734012,,,14.4
3969,02/2015,87,81882.6213523135,8353.30143250254,M,48.0,15.4
3970,02/2015,80,96402.06848336574,9161.528929193737,M,57.8,17.5
3971,02/2015,434,84491.08689870457,8492.000143134259,M,36.5,7.7
3972,02/2015,210,110081.84980713786,9564.722504668609,M,37.0,1.9
3973,02/2015,860,71795.01187490975,7869.185798369244,M,38.0,16.8
3974,02/2015,220,106715.67560195974,8747.895077875046,M,32.1,7.3
3975,02/2015,769,106244.6071878061,9215.996250156875,,58.8,18.9
3976,02/2015,692,115388.1398316741,8299.811410911161,M,42.5,2.3
3977,02/2015,546,79342.6118285491,8055.11108838572,M,55.6,13.5
3978,02/2015,777,91755.81732319317,9298.784362837168,M,59.2,16.0
3979,02/2015,581,93174.2212675918,7818.338820363702,M,35.5,18.5
3980,02/2015,452,92324.58365470514,8827.417602173045,M,53.3,4.4
3981,02/2015,511,93522.81449083218,8262.759767865859,M,35.2,10.9
3982,02/2015,214,81084.51469382782,9084.891636221631,M,,5.9
3983,02/2015,234,81791.26906453472,8672.422462562603,M,42.7,6.2
3984,02/2015,853,149534.49919471392,10443.763836631657,M,42.5,2.3
3985,02/2015,551,91073.13865997468,7889.16086959114,M,,4.3
3986,02/2015,505,83260.54288179107,7434.14540900434,M,33.7,2.5
3987,02/2015,508,87679.99433655317,8883.993193925055,M,54.1,8.3
3988,02/2015,795,99851.14444212095,9107.20659903025,M,50.4,8.6
3989,02/2015,317,138448.16756076584,10905.149291245276,M,33.3,2.7
3990,02/2015,792,76620.84518797242,8139.014394577505,M,,8.7
3991,02/2015,974,81234.40879286425,8818.039867646083,M,34.8,8.2
3992,02/2015,117,74141.1613973301,7942.597036100272,M,59.4,17.1
3993,02/2015,410,133143.20030035105,9646.891485519767,M,38.0,17.4
3994,02/2015,182,92147.7772708451,9908.014762842857,M,40.0,14.4
3995,02/2015,119,78108.47000821389,7448.133834172035,M,65.9,15.4
3996,02/2015,236,81291.54927590827,8787.310491223825,M,42.3,6.7
3997,02/2015,449,109363.03022215035,10767.34391559336,M,38.4,18.7
3998,02/2015,494,82481.41161786855,9116.835175222299,M,48.7,7.9
3999,02/2015,609,104425.75722404275,9737.318634671383,M,,4.6
4000,01/2015,943,106560.75220298942,8638.201456680034,F,58.4,0.6
4001,01/2015,966,82178.48533800154,8512.229214035939,M,46.8,0.1
4002,01/2015,250,87468.57524477833,9366.3947874992,M,32.0,0.1
4003,01/2015,156,109295.78842022126,9134.943116479611,,64.8,0.7
4004,01/2015,67,90751.89252464261,8156.272165315685,M,60.7,0.4
4005,01/2015,684,73785.3750231128,8914.656023241583,M,,0.5
4006,01/2015,527,103688.2348941975,9500.558110083904,M,,0.4
4007,01/2015,556,77311.1247103116,8859.668229773972,M,50.7,0.8
4008,01/2015,446,144272.68589965918,10511.184881972067,M,49.5,0.1
4009,01/2015,841,89319.0416791993,9253.878336518212,M,48.2,0.7
4010,01/2015,126,72743.81102608523,7485.620495440593,M,53.2,0.7
4011,01/2015,910,137940.5575128354,9112.607575000347,M,58.2,0.6
4012,01/2015,112,91296.71051052469,9909.722594133545,M,54.8,0.9
4013,01/2015,191,89775.31422844884,7384.466198027817,M,50.4,0.1
4014,01/2015,739,139536.20630338762,9116.933971949195,M,37.6,0.6
4015,01/2015,579,104457.98070136952,8175.478084684777,M,41.3,0.3
4016,01/2015,111,68150.6008178325,8792.368142590667,M,45.4,0.8
4017,01/2015,285,69323.86275740399,7834.465011739817,M,47.3,1.0
4018,01/2015,796,97574.65640126269,8617.653874413416,M,59.2,0.3
4019,01/2015,310,88474.5391834523,8412.380736735382,M,42.2,0.8
4020,01/2015,458,84446.70202862067,8243.833367621744,M,39.7,0.2
4021,01/2015,884,146941.89738316904,8950.165366555655,M,64.1,0.6
4022,01/2015,335,67216.4936291989,7064.483835561657,M,47.0,0.8
4023,01/2015,521,75785.40205576488,7927.120922988619,M,56.1,0.8
4024,01/2015,887,73944.968073336,8754.023835513079,M,,0.0
4025,01/2015,601,98271.415011624,8465.971265778546,M,39.8,0.2
4026,01/2015,11,84930.13057708861,9489.226342636552,M,39.1,0.6
4027,01/2015,624,108550.02221849629,7969.971942506252,M,52.8,0.7
4028,01/2015,737,87440.68427053167,9420.820149920104,M,58.1,0.3
4029,01/2015,823,90261.05607600919,7393.572167767274,M,50.6,0.3
4030,01/2015,752,93751.0838781447,7707.696995963709,M,63.6,0.4
4031,01/2015,732,67099.76655107626,6907.646836012051,M,54.1,0.5
4032,01/2015,493,75943.68933756143,9315.119580384398,M,61.1,0.2
4033,01/2015,159,94153.40705974468,8956.242047031852,M,48.4,0.6
4034,01/2015,225,85212.08935487426,8105.37871049006,M,,0.6
4035,01/2015,784,94895.2396845819,8802.637642856424,M,54.3,0.2
4036,01/2015,171,93820.41290905174,8907.196367880477,M,49.4,0.4
4037,01/2015,460,87740.55857076932,8501.958068371343,F,33.0,0.3
4038,01/2015,408,78640.06581116904,8683.466333088714,M,65.0,0.9
4039,01/2015,239,83330.84091995754,9812.5296545107,M,60.4,1.0
4040,01/2015,812,72959.40301043735,8563.051883025368,M,54.7,0.9
4041,01/2015,896,98952.44785723717,9747.867698736927,M,58.5,0.0
4042,01/2015,354,69064.46305001454,8080.522946397194,M,65.2,0.4
4043,01/2015,574,96070.90216856172,8355.941149351642,M,60.7,0.3
4044,01/2015,186,71234.66681360705,7546.088943714062,M,65.7,0.6
4045,01/2015,381,80528.66267020327,10080.745867024065,M,44.0,0.1
4046,01/2015,898,106175.29450454793,8089.935797028782,M,46.5,0.0
4047,01/2015,405,106676.13168850416,9629.475902541242,M,32.2,0.1
4048,01/2015,439,65468.55143024924,7499.366249505128,M,65.2,0.3
4049,01/2015,532,110403.77639764236,8637.678420797089,M,38.2,0.5
4050,01/2015,665,77641.49798730847,8655.982770534561,M,,0.6
4051,01/2015,962,99668.05732536469,9423.522167607965,,53.5,0.8
4052,01/2015,303,77704.78065074446,7885.388658752475,M,37.0,0.6
4053,01/2015,996,65202.47740258896,7894.661524256007,M,41.0,0.5
4054,01/2015,836,86301.21923830546,9054.704898583863,,55.4,0.2
4055,01/2015,840,89468.32020809446,8109.5638901496795,M,35.8,0.3
4056,01/2015,459,67959.1839949088,8460.569866431028,M,36.2,0.4
4057,01/2015,611,86544.59019663007,7980.505283098993,M,62.4,0.4
4058,01/2015,467,74782.47377782088,7922.9694786162345,M,,0.5
4059,01/2015,786,85216.66443141046,8055.889034272692,M,46.5,0.0
4060,01/2015,23,114998.02919692794,8740.674569769359,M,51.4,0.9
4061,01/2015,302,84486.41732141943,8719.071518484037,M,47.2,0.2
4062,01/2015,289,73442.21883697482,8271.683529646483,M,39.5,0.5
4063,01/2015,155,62040.93555159235,7082.615900996247,M,57.3,0.4
4064,01/2015,327,92798.92651780248,9032.342483094442,M,51.8,0.8
4065,01/2015,114,90674.13360528054,8726.156119426032,M,61.1,0.9
4066,01/2015,756,81588.35647189169,8514.924128844179,,54.8,0.3
4067,01/2015,880,92570.28657772568,8103.475341149178,M,45.6,0.6
4068,01/2015,660,112848.56818937017,9742.40500233965,M,56.5,0.9
4069,01/2015,454,64905.30927712673,6745.7745767458455,M,40.2,0.2
4070,01/2015,969,78720.62578246511,8375.699343965465,F,62.8,0.7
4071,01/2015,176,101368.76481604372,9462.094653719194,M,35.8,0.9
4072,01/2015,432,82720.7073951825,8327.872661794974,M,47.3,0.9
4073,01/2015,531,80057.5266911641,7896.08845706884,M,46.6,0.9
4074,01/2015,101,85132.46212630405,8009.928080926814,M,,0.9
4075,01/2015,738,88114.21108289351,7779.891182339375,M,36.7,0.3
4076,01/2015,271,83891.44463567244,8134.389517362577,M,64.8,0.4
4077,01/2015,423,88532.97096893676,7452.573782233838,M,59.1,0.6
4078,01/2015,765,102223.14620609234,8700.084479098032,M,47.8,0.8
4079,01/2015,691,95218.76633843913,7671.6568550573365,M,44.8,0.4
4080,01/2015,533,144009.2197587999,10287.98410748616,,35.8,0.1
4081,01/2015,716,68274.839119954,6580.4030715206645,M,39.8,1.0
4082,01/2015,922,85261.79056561137,9738.604206974913,M,58.5,0.8
4083,01/2015,174,74703.74214343133,6645.088064784099,M,46.1,0.9
4084,01/2015,200,63362.630615943744,6189.663789815766,M,39.0,0.7
4085,01/2015,316,108531.06333865851,8667.327486500053,M,34.8,0.2
4086,01/2015,307,83103.85107882427,8482.519227518505,M,65.0,0.7
4087,01/2015,882,140414.63826401127,10063.97658750286,M,33.7,0.6
4088,01/2015,706,79335.84623534362,8636.070756944013,M,51.7,0.3
4089,01/2015,829,86820.55340894923,8808.037730719465,M,35.3,0.5
4090,01/2015,719,102108.12540423183,9868.66675833479,M,32.6,1.0
4091,01/2015,935,79543.66145941953,7566.636325868286,M,38.9,0.3
4092,01/2015,68,75618.05368513685,8475.444121079798,F,35.8,1.0
4093,01/2015,815,77020.82907487868,6381.259044071325,,64.2,0.3
4094,01/2015,747,90902.6159674307,8425.882703604839,M,43.6,0.7
4095,01/2015,798,103019.35863349012,9182.945277631354,M,35.3,0.4
4096,01/2015,865,84212.97508936103,7889.783545533084,M,58.5,0.3
4097,01/2015,399,82902.77775009305,8521.46108572106,M,53.1,0.9
4098,01/2015,509,91097.63591108701,8179.353812643164,M,46.7,0.5
4099,01/2015,308,103092.96676186786,8190.8820642953415,M,48.1,0.9
4100,01/2015,502,98293.69985233014,8913.382445985206,M,61.5,7.9
4101,01/2015,81,92143.22349510559,8874.717316493925,M,42.4,14.4
4102,01/2015,814,95240.48317042092,8022.343762743658,M,33.1,18.7
4103,01/2015,666,100043.4049403567,7053.366811214664,M,35.3,8.7
4104,01/2015,205,56661.346712498605,6382.871504162625,M,56.6,9.9
4105,01/2015,759,69567.29466209396,9070.119198669483,M,44.5,3.4
4106,01/2015,96,78415.3534915306,6535.198265109436,M,37.2,9.4
4107,01/2015,671,70998.30845215298,7990.709016782127,M,61.4,16.8
4108,01/2015,100,174100.76003616725,9788.906247661835,M,38.1,17.2
4109,01/2015,321,74115.25205952552,8030.204828313284,M,,10.1
4110,01/2015,602,87361.74484690766,9804.436804177027,M,37.3,17.8
4111,01/2015,453,77871.55466945899,7244.027027598001,F,60.6,5.4
4112,01/2015,396,87783.18444316719,9136.96921576137,M,33.1,12.5
4113,01/2015,113,81482.41525481813,8670.579260149027,M,,16.9
4114,01/2015,988,94305.08139897446,8867.435739931107,M,32.9,11.3
4115,01/2015,956,119336.83031781238,9166.743757138882,M,65.3,15.6
4116,01/2015,59,121864.52206057457,9102.081875925702,M,46.9,8.1
4117,01/2015,593,103179.85050843655,9103.981431540906,M,43.4,15.5
4118,01/2015,10,89225.66015607305,8335.639197540531,M,45.5,6.4
4119,01/2015,196,80088.35166102102,9108.827812401727,M,46.2,4.3
4120,01/2015,38,115905.93948187529,10303.965268910508,,51.3,5.9
4121,01/2015,625,98330.9192145323,9199.295187490041,M,57.7,13.8
4122,01/2015,570,99534.03784752138,10032.749451914684,M,47.1,16.8
4123,01/2015,745,90254.45092865826,8409.07730597209,M,51.3,15.9
4124,01/2015,764,80099.28287325356,8541.695625141447,M,47.3,15.0
4125,01/2015,66,114514.81216208861,8777.923917897779,M,40.0,18.9
4126,01/2015,84,85319.59721323794,7848.229919620094,,36.5,18.8
4127,01/2015,462,143775.9043627659,10434.418445791332,,39.3,10.3
4128,01/2015,952,82395.11994109236,8001.088424970899,M,56.4,4.4
4129,01/2015,970,111510.63256701206,9396.761132480664,M,34.0,11.4
4130,01/2015,333,81526.2372609047,8294.443044703465,M,50.1,8.4
4131,01/2015,274,104243.19698733605,8350.973483127942,M,63.7,8.6
4132,01/2015,981,91621.42383580637,8404.059463419238,M,62.2,1.6
4133,01/2015,110,91071.37200092165,10034.861229606322,M,59.4,15.7
4134,01/2015,383,102069.37266636221,8918.42436279898,M,37.5,15.6
4135,01/2015,542,77676.6823183775,6567.450107978196,M,35.2,7.8
4136,01/2015,787,103479.184748008,7563.11165754319,M,59.9,12.3
4137,01/2015,57,81916.22097962066,9197.100298772722,M,65.6,16.7
4138,01/2015,412,81091.19727384849,8074.729627802108,M,59.3,4.6
4139,01/2015,177,115414.90753693374,11215.799587182779,M,41.0,1.9
4140,01/2015,560,88463.41336826058,8284.597998400872,M,41.8,12.4
4141,01/2015,398,89986.12953111458,9438.854173376893,M,52.0,4.8
4142,01/2015,916,84110.96732678602,7742.420352265185,M,65.1,18.0
4143,01/2015,965,87607.40177047093,8698.73603087874,M,65.8,5.6
4144,01/2015,746,124028.80278150694,7824.696058471914,M,48.2,1.6
4145,01/2015,912,95571.75763090308,8108.361286263216,M,55.6,16.5
4146,01/2015,257,91205.70607936065,9455.940660207052,M,36.1,4.5
4147,01/2015,727,100134.87823503512,8302.625808095576,M,53.5,16.6
4148,01/2015,144,72819.64566778988,8851.819021161378,M,43.3,7.4
4149,01/2015,164,77316.13541530658,8086.250965535554,M,39.8,10.5
4150,01/2015,48,99908.81707900547,9890.254386257468,M,63.4,11.9
4151,01/2015,872,82993.32688856803,8443.251993557089,M,50.2,11.6
4152,01/2015,391,95340.78402877827,7866.726046552744,M,47.8,2.2
4153,01/2015,703,97018.81489518248,8330.936474293208,M,,7.8
4154,01/2015,504,71855.56408335698,7811.350293587221,M,40.0,1.8
4155,01/2015,876,77018.99812486353,8109.65878855155,M,34.7,5.8
4156,01/2015,69,99361.79570365969,8961.181681056485,M,57.1,11.5
4157,01/2015,736,93382.85545612533,9547.876852483174,M,43.1,13.3
4158,01/2015,899,100547.74204559246,8333.49601748337,M,58.6,10.2
4159,01/2015,219,77342.76132615791,7596.157468543112,M,39.4,17.3
4160,01/2015,451,80663.84435941339,7602.192803528719,M,47.1,10.2
4161,01/2015,407,87174.88644440216,9470.855263603626,M,46.4,2.4
4162,01/2015,735,87966.74408185696,9153.063972476932,M,54.1,4.8
4163,01/2015,249,68935.80285000766,7089.583383082131,M,60.9,8.2
4164,01/2015,145,78757.3312322882,8450.221965183186,M,49.4,7.5
4165,01/2015,12,71721.83189439899,8432.011146021292,M,59.0,15.6
4166,01/2015,724,70764.82749601334,6818.1539883626465,F,47.8,16.0
4167,01/2015,728,96029.7933664374,8513.59534994177,M,57.5,2.9
4168,01/2015,948,93935.22754989803,9010.106593455404,M,37.5,3.6
4169,01/2015,464,89251.00378374424,8210.435517557362,M,58.4,6.4
4170,01/2015,278,97270.3524070342,9017.101512312074,,47.4,10.8
4171,01/2015,89,73036.30685504702,8221.147248537285,M,42.9,7.5
4172,01/2015,124,99935.86644085117,8726.967592906385,M,35.2,9.5
4173,01/2015,185,67109.84042458356,7455.662279466182,M,35.5,14.5
4174,01/2015,514,85717.69780202926,8814.33980070857,M,45.0,12.9
4175,01/2015,651,130320.94102880776,9203.584478428547,M,39.2,8.3
4176,01/2015,669,95826.29651622043,10175.492281637264,M,52.7,13.9
4177,01/2015,97,100572.5282338046,9481.350926004367,M,62.2,11.0
4178,01/2015,924,82051.8101326962,7433.1383586908605,M,64.5,11.3
4179,01/2015,323,79196.76044615037,8729.717158373174,F,48.5,8.9
4180,01/2015,643,51421.37623865696,6355.846439085,M,35.7,16.0
4181,01/2015,890,84699.92469368817,8953.477514315406,M,55.4,17.6
4182,01/2015,929,101585.34908141648,8915.86117752471,M,41.7,4.4
4183,01/2015,670,98618.18033829717,10606.521288220882,M,36.1,8.3
4184,01/2015,181,76140.45594687501,7570.1248489488,M,36.8,10.0
4185,01/2015,963,89350.72441181714,8259.368729570228,M,50.0,10.8
4186,01/2015,997,86874.99314519807,9718.48618170683,M,61.6,10.5
4187,01/2015,858,93084.56079823605,7191.6943103757485,M,38.2,1.5
4188,01/2015,403,95048.90884742842,9112.973779139029,M,45.4,7.8
4189,01/2015,572,73214.88696877072,6946.04269595065,M,,7.6
4190,01/2015,754,93857.39918544579,9034.488840943986,M,55.8,11.8
4191,01/2015,72,73405.59108790955,8216.567899599533,M,46.7,11.5
4192,01/2015,283,74656.53639819547,8089.871863608502,M,57.9,9.6
4193,01/2015,705,117455.72311239626,11003.335760621123,M,46.5,1.7
4194,01/2015,983,67088.7402021411,7960.753824939958,M,36.0,14.7
4195,01/2015,305,93024.21875938968,7915.610063828392,M,63.1,4.2
4196,01/2015,857,84296.32746531605,8332.449972895707,M,37.8,3.3
4197,01/2015,74,85976.33699099939,9147.646968109417,M,37.2,15.0
4198,01/2015,824,84160.00520865739,7759.165449845274,M,56.3,2.9
4199,01/2015,231,67306.78247489175,6981.193712609436,,42.2,17.8
4200,01/2015,130,96180.38042716702,9357.474056150026,M,59.5,15.0
4201,01/2015,248,69571.38854653091,7735.272589574874,M,36.4,14.8
4202,01/2015,149,85808.2360410902,9780.351648958393,M,52.6,5.5
4203,01/2015,329,58602.65828976661,5818.403710303165,M,43.4,4.5
4204,01/2015,582,98020.199911769,8906.604092832138,M,46.1,4.4
4205,01/2015,328,91340.34889398405,9638.432849253877,M,39.4,11.4
4206,01/2015,779,100655.62800462334,7465.865689447425,M,,18.0
4207,01/2015,807,82840.21096522946,8434.097086420856,M,,12.8
4208,01/2015,821,63561.418587647604,6978.911253218967,M,55.6,4.4
4209,01/2015,366,74129.4352467039,7768.505193713517,M,42.9,7.5
4210,01/2015,433,117174.2668710618,9772.139599360042,M,37.5,8.6
4211,01/2015,371,63468.04116155486,7582.605421866553,M,52.2,5.6
4212,01/2015,384,109963.39989038081,8926.064290048733,M,43.5,2.5
4213,01/2015,632,56968.05800290206,6079.943556122633,M,35.3,14.1
4214,01/2015,861,82974.41359340893,7806.060280491767,M,48.3,12.6
4215,01/2015,65,72317.68367348364,8203.641832183674,,46.8,15.7
4216,01/2015,877,90542.78756136844,9126.447876682954,M,40.8,16.7
4217,01/2015,244,72882.93926251828,7968.6261767930055,M,40.5,3.1
4218,01/2015,863,95703.8196591094,8599.445227560032,M,48.7,17.6
4219,01/2015,350,93283.33297652358,8755.363191134162,M,52.6,18.5
4220,01/2015,160,93006.6916684684,8010.270602869752,M,34.9,18.1
4221,01/2015,45,52300.890865549256,6141.073376603472,M,40.4,11.4
4222,01/2015,497,86622.0293627732,8402.305546520196,,46.3,11.7
4223,01/2015,237,82444.59479853885,7901.426576290937,M,39.1,10.7
4224,01/2015,9,83744.92482816502,9110.782936919713,M,50.3,8.9
4225,01/2015,172,95720.17455120136,8430.500473574635,M,55.4,10.6
4226,01/2015,918,82630.64740957867,7951.995836087277,M,45.0,2.6
4227,01/2015,950,89759.3392703098,8345.228754329099,M,34.7,6.3
4228,01/2015,134,74690.04134489279,8229.92195511261,M,64.7,6.2
4229,01/2015,140,83080.58991854673,9218.662329192357,M,,14.0
4230,01/2015,238,86312.92215218692,8830.442249836942,M,61.8,3.6
4231,01/2015,567,63702.32595466493,6327.977331807819,M,49.1,15.0
4232,01/2015,146,98493.69183910207,9559.059993834993,M,38.1,5.6
4233,01/2015,519,76016.18501297523,7529.621570370705,,42.7,1.7
4234,01/2015,428,94603.39548692122,8146.994169059629,M,37.0,13.8
4235,01/2015,612,97079.61192780985,10052.962970674747,M,56.8,10.3
4236,01/2015,153,114633.3132210237,9060.285548789456,M,32.3,18.2
4237,01/2015,592,121848.06194777915,9261.197822192675,M,52.6,12.7
4238,01/2015,713,104417.35539517968,8386.288726969406,M,45.8,18.2
4239,01/2015,933,81076.9391579906,9679.191954551105,M,48.6,14.2
4240,01/2015,686,89415.1245336306,9125.45392504356,M,40.8,5.5
4241,01/2015,331,99065.60953268268,9327.45238952513,M,36.7,9.1
4242,01/2015,885,71854.83354763672,7904.303334220607,M,62.8,6.5
4243,01/2015,842,132472.2519451158,9235.40608172755,M,48.5,6.3
4244,01/2015,951,103980.21851082367,7822.462392176569,M,65.1,10.5
4245,01/2015,597,59651.6969360331,6924.917644691379,M,60.0,13.1
4246,01/2015,93,76645.9005417211,7399.709691464984,F,38.4,14.3
4247,01/2015,402,80773.27598240678,8163.50615680439,M,35.4,15.1
4248,01/2015,435,88079.21105969927,9315.298192960629,F,60.5,17.1
4249,01/2015,751,114699.27367624454,9583.254597055831,M,55.1,6.5
4250,01/2015,733,114998.68805773354,9765.333607978284,M,52.2,13.6
4251,01/2015,121,95640.76119201112,9029.262894218848,M,58.7,18.4
4252,01/2015,760,99386.4622362357,9460.986877825611,M,47.8,11.1
4253,01/2015,372,107918.44671884879,9119.20188970153,M,33.0,14.3
4254,01/2015,441,87518.74429187963,7834.113107364936,M,51.6,2.3
4255,01/2015,270,107767.28594905355,9477.25107144712,M,40.7,10.1
4256,01/2015,260,85872.05906614354,9278.51871722248,M,34.6,1.1
4257,01/2015,442,95436.50301059632,10283.158584047836,M,61.5,13.5
4258,01/2015,19,112920.8326060044,9673.510830438474,M,,12.4
4259,01/2015,218,88532.04177407493,7597.574035818278,M,60.8,12.0
4260,01/2015,1000,100647.55569928944,7966.496562122332,M,45.2,4.0
4261,01/2015,967,96229.39898022254,7328.293860283909,M,56.6,2.4
4262,01/2015,413,95156.52412135464,8352.16149331899,M,47.8,1.0
4263,01/2015,780,90459.92831211253,8870.097674627004,M,51.8,1.9
4264,01/2015,538,76637.07651717303,6986.627268578938,,44.3,13.5
4265,01/2015,255,101618.71951572374,9365.959817991978,M,50.9,15.2
4266,01/2015,211,73581.7176235859,8706.347791852959,M,36.7,8.5
4267,01/2015,465,93097.64810546298,9607.78308108195,M,62.0,17.2
4268,01/2015,583,67674.68315764552,7451.419867495434,M,39.0,8.2
4269,01/2015,489,92141.2630522523,8433.496299375967,M,39.7,17.4
4270,01/2015,353,82144.84670584465,7685.212338601253,M,65.9,5.3
4271,01/2015,415,84483.17020596947,9589.303437701486,M,62.5,7.1
4272,01/2015,594,116880.31699525019,9165.791741880696,F,44.6,12.7
4273,01/2015,957,101880.94330644717,8444.354790054258,M,55.4,5.3
4274,01/2015,394,74375.19312297401,7808.469809141652,M,56.1,5.1
4275,01/2015,674,91357.27990431248,10827.427669633964,M,61.2,16.6
4276,01/2015,646,84331.16332194522,8635.006224301425,M,35.1,10.2
4277,01/2015,972,112981.4612219797,10078.419331012257,M,65.6,1.6
4278,01/2015,791,68703.97541343847,7944.250623570535,M,60.0,8.0
4279,01/2015,78,65833.45022009873,7988.19757663921,M,36.8,7.9
4280,01/2015,548,100379.87218099917,10048.998048401403,M,52.2,12.5
4281,01/2015,536,78835.73683689279,7562.781034921466,M,55.4,3.4
4282,01/2015,621,114063.95341733299,8902.122093347627,M,54.8,1.7
4283,01/2015,762,84582.07869978598,8195.3410899197,M,47.3,14.9
4284,01/2015,516,99828.18575970644,10050.859511252016,M,65.6,18.0
4285,01/2015,216,114839.92985050374,9044.324749170662,M,36.4,14.5
4286,01/2015,635,59818.45451177209,6846.375384223667,M,55.3,14.8
4287,01/2015,926,88772.85457159605,8131.811723772079,M,43.2,14.0
4288,01/2015,135,94189.80332316612,7042.795455149393,,,10.5
4289,01/2015,387,108328.22885612345,7839.970315184124,M,46.8,16.0
4290,01/2015,925,62108.63886512129,6544.6894592697345,M,57.3,5.5
4291,01/2015,85,93755.15126763235,8633.105911078592,M,38.7,16.7
4292,01/2015,586,121410.563695812,10098.819000036661,M,32.2,7.8
4293,01/2015,571,89055.31310527191,8663.185567185134,M,53.2,13.8
4294,01/2015,855,91683.97232714946,8193.358686233061,M,64.2,15.2
4295,01/2015,685,75474.86070323008,9335.005900444141,M,47.0,7.8
4296,01/2015,63,82196.05134828523,7743.222079959488,M,61.6,12.5
4297,01/2015,264,100338.73883715655,7827.576097516623,M,59.1,12.7
4298,01/2015,701,71587.16819178645,7013.787300183694,M,37.3,10.7
4299,01/2015,73,123221.8462832847,8093.285288990216,M,48.6,14.7
4300,01/2015,478,88949.74858794115,8366.728184684478,M,35.7,7.8
4301,01/2015,661,58610.48338227674,5151.770565042733,M,57.1,1.7
4302,01/2015,228,82353.27932238553,7374.140098633492,M,48.1,9.5
4303,01/2015,309,79291.90354263996,6775.822692467926,M,38.3,14.6
4304,01/2015,382,92203.31425323605,7569.169624617389,M,34.4,10.9
4305,01/2015,914,81757.82330742973,9180.180295190288,M,54.5,6.4
4306,01/2015,170,125395.63453810046,10308.149358178725,M,34.1,16.2
4307,01/2015,808,109927.67616699057,9792.857904975963,M,45.2,4.6
4308,01/2015,279,75338.85390382257,7276.127088910718,M,44.9,3.9
4309,01/2015,852,86982.4186322627,8651.705551464162,F,37.4,13.3
4310,01/2015,258,95699.42432105672,9260.471131768298,M,43.5,6.3
4311,01/2015,920,66269.88520513718,9050.276726701944,,64.9,14.6
4312,01/2015,167,84420.69681911709,7913.364847881433,M,37.0,6.7
4313,01/2015,229,110582.93745861927,10042.339039621933,M,55.1,7.9
4314,01/2015,293,91346.10786041827,8669.76828861023,M,44.9,10.8
4315,01/2015,569,88110.72433843384,8111.257132185005,M,39.7,13.3
4316,01/2015,39,99642.93824214466,8694.28133059621,M,58.6,1.1
4317,01/2015,562,110786.6510144624,8863.745415572374,M,43.4,10.0
4318,01/2015,819,88973.45230049231,7688.55272196322,M,33.6,15.2
4319,01/2015,652,74090.12642928198,7658.246685767279,,43.2,1.1
4320,01/2015,827,85816.82712006874,8919.054586695638,M,65.0,3.2
4321,01/2015,915,89003.53231469692,7520.566504874895,M,47.0,13.0
4322,01/2015,35,138945.95138853774,10544.962596488735,M,53.3,4.0
4323,01/2015,358,71171.92347293653,8069.802198738642,M,35.8,18.3
4324,01/2015,867,107497.98476705201,10490.760937255453,M,53.5,10.1
4325,01/2015,979,68313.45111533004,8378.35758980542,M,64.3,9.9
4326,01/2015,599,74252.51074584806,8442.739097618338,M,,18.4
4327,01/2015,470,75935.2144709285,7205.027216269981,M,45.0,3.5
4328,01/2015,903,68095.14280414704,8118.132921668346,M,,16.7
4329,01/2015,420,111455.03945684747,8648.702765905522,M,56.3,5.9
4330,01/2015,150,115142.51791837033,10708.218003699225,M,,10.2
4331,01/2015,631,56648.085784601455,7436.938076513354,M,43.4,6.2
4332,01/2015,616,95028.10487742018,8345.03808252118,M,61.5,8.8
4333,01/2015,373,90192.80545744923,8103.321434392181,M,60.9,5.9
4334,01/2015,577,62724.50074057911,7630.253399794235,M,42.5,15.7
4335,01/2015,901,91903.58702928557,7869.597947918699,M,56.5,9.0
4336,01/2015,55,74696.15501481014,7333.5459287955155,M,34.9,2.7
4337,01/2015,908,103206.09954575925,8974.483633459256,M,39.6,15.1
4338,01/2015,883,97670.6377737043,8838.675165756365,M,,15.3
4339,01/2015,522,93899.06148515258,8967.950582177646,M,52.2,14.7
4340,01/2015,811,101330.92055591612,9273.929526102353,M,,18.6
4341,01/2015,137,95110.52722547454,9267.084207083362,M,58.3,17.6
4342,01/2015,600,97817.62513609514,8110.804114071431,M,38.4,17.2
4343,01/2015,673,97817.79791572227,10166.782019267781,M,49.1,5.2
4344,01/2015,575,57269.451309644,6851.5278948883915,M,32.9,10.9
4345,01/2015,469,100405.47456056217,11091.20238171335,M,64.1,10.3
4346,01/2015,698,87619.25960284672,8484.394587703266,M,62.6,5.0
4347,01/2015,245,75992.70060305484,8633.220856105096,M,60.9,13.2
4348,01/2015,363,100708.47469585326,8492.57163498314,M,45.2,1.3
4349,01/2015,911,90215.92842212429,9271.209842128685,M,53.9,13.9
4350,01/2015,343,111523.08058343525,9796.822062680192,M,63.1,16.4
4351,01/2015,886,78592.2075684825,9130.435029520888,M,59.7,10.7
4352,01/2015,262,94670.76458033427,10119.474378367726,M,64.6,14.7
4353,01/2015,222,57922.379367181406,7369.973600740926,M,39.2,11.6
4354,01/2015,731,81169.649186512,8536.145992443804,,35.2,7.5
4355,01/2015,31,66789.67482944664,6821.704342544086,,36.7,16.8
4356,01/2015,32,84759.21213667231,8888.734920523399,M,55.5,2.4
4357,01/2015,545,72585.44598826254,8151.8794935912265,M,42.4,3.8
4358,01/2015,553,107956.90868986039,9308.650035020402,M,35.3,1.8
4359,01/2015,284,126755.85145809491,10517.86210321942,M,40.5,14.4
4360,01/2015,94,72767.4658614014,7281.761987952172,M,,9.2
4361,01/2015,472,76295.22769305625,8437.95365628485,,40.5,8.5
4362,01/2015,748,128581.67107999581,9414.710196518241,F,40.7,14.3
4363,01/2015,3,88678.85188263841,8461.985852314037,M,49.3,4.7
4364,01/2015,676,67833.05542921106,7273.668198986799,M,43.8,17.0
4365,01/2015,233,102315.89305117316,9500.59131597215,M,38.2,12.8
4366,01/2015,919,82238.78141045684,7581.179604217242,M,34.6,11.6
4367,01/2015,54,81959.64652508538,7918.770558728775,M,57.6,1.3
4368,01/2015,95,106986.90279416919,8355.606244555125,M,55.1,14.3
4369,01/2015,818,100349.42853183484,8505.561924845955,M,,4.6
4370,01/2015,349,93148.37635930628,9116.40126507324,M,63.1,16.7
4371,01/2015,224,79936.8451379161,8618.267247444584,M,42.2,9.8
4372,01/2015,526,88590.07304490021,9906.640986571696,M,62.7,18.8
4373,01/2015,613,83413.97858000714,8671.370960827855,M,50.9,2.5
4374,01/2015,845,140113.8329558733,10124.120892553125,M,,5.5
4375,01/2015,894,68986.88874944737,7640.761934557064,M,47.3,18.1
4376,01/2015,419,94722.4187589045,7497.816354109697,M,,18.2
4377,01/2015,707,70022.13071911529,8042.650951689333,M,56.4,12.6
4378,01/2015,426,92638.88819307668,8454.09529310096,M,43.0,7.2
4379,01/2015,427,81692.93861080491,7794.179406902741,M,48.1,3.4
4380,01/2015,978,87675.6397028856,8693.360396775974,M,40.8,8.0
4381,01/2015,610,85466.22143294882,7246.625791297603,M,64.5,8.9
4382,01/2015,76,81986.21140458476,8409.265462811716,,46.8,11.5
4383,01/2015,629,87320.27569557312,8038.185064990721,M,46.4,15.7
4384,01/2015,326,73139.70601509862,9686.054409860444,M,32.6,1.6
4385,01/2015,875,111066.34225436607,7856.396162126477,,42.4,16.3
4386,01/2015,409,107196.17674858055,9770.722769469208,M,45.0,14.6
4387,01/2015,940,100189.05940710119,7691.506047256709,M,53.9,9.6
4388,01/2015,642,88569.70053235794,7331.514677504814,M,43.3,8.4
4389,01/2015,14,103342.00527168831,9040.249955241496,M,56.5,1.7
4390,01/2015,129,87277.4223389009,7380.405010533087,M,35.6,11.3
4391,01/2015,474,91927.73926328657,9337.719744042213,M,56.2,13.1
4392,01/2015,312,86596.15307554501,9030.361844657782,M,61.2,13.4
4393,01/2015,708,68887.44678791784,8067.372513592528,M,40.4,1.6
4394,01/2015,30,117931.19680985447,9052.459354527387,M,46.1,9.2
4395,01/2015,161,103877.44395042855,8703.533314469267,M,51.3,2.9
4396,01/2015,839,88271.39305871341,8224.96977845463,M,36.7,1.6
4397,01/2015,400,77393.70322615099,9559.145212096204,,58.4,10.9
4398,01/2015,375,71570.0030265801,7295.665369138075,M,43.3,18.2
4399,01/2015,298,91254.91735149233,9171.694981709561,M,39.2,11.8
4400,01/2015,29,77683.97511153594,7537.256395449707,M,46.5,10.7
4401,01/2015,679,78682.74358759723,8927.720131339926,M,32.7,10.4
4402,01/2015,422,76931.55429139029,8538.406813892487,M,50.1,11.6
4403,01/2015,50,75858.79104493339,6979.107302394085,M,53.7,9.0
4404,01/2015,804,78365.27790138626,7977.934312815014,M,32.4,13.2
4405,01/2015,627,83111.79611228267,7013.419732611828,M,41.2,15.2
4406,01/2015,874,101073.54430201407,7683.750278176165,M,38.0,2.2
4407,01/2015,165,68827.78378531836,8579.179775472832,F,50.4,17.6
4408,01/2015,905,82022.63434436226,8332.006734365115,M,32.6,15.8
4409,01/2015,37,91154.24924067302,8766.882498510646,M,43.8,12.4
4410,01/2015,501,102312.79642328397,9603.402207634963,M,47.7,9.3
4411,01/2015,529,85090.30690672778,8280.79893388599,M,47.6,6.1
4412,01/2015,774,96968.30327808441,9455.074045643374,M,62.2,17.0
4413,01/2015,772,86467.66471774121,7783.443144436386,M,47.7,8.2
4414,01/2015,773,139963.30915621654,10915.437840939023,M,,14.6
4415,01/2015,388,122552.83410891432,8234.881514321714,M,,1.6
4416,01/2015,194,87507.00078295998,8932.291261314962,M,65.8,18.7
4417,01/2015,778,80250.86342215641,8077.683073889087,M,62.7,4.5
4418,01/2015,830,95620.41922385406,8730.935747744645,M,49.8,5.2
4419,01/2015,655,65114.82611252341,6597.265940944986,M,51.5,7.7
4420,01/2015,461,81768.7374621914,7541.482104641242,M,64.8,2.5
4421,01/2015,927,60335.36394750646,6490.956292551579,M,53.3,9.6
4422,01/2015,90,73220.88341083752,6846.724542166679,M,60.6,11.5
4423,01/2015,348,84755.01278739469,8412.334487111935,M,60.8,1.0
4424,01/2015,313,82127.55662871683,9261.149947938338,M,53.1,14.1
4425,01/2015,590,79807.01106510848,8039.257327160476,M,40.8,4.2
4426,01/2015,179,84060.86833660745,8708.705969574645,,52.8,15.2
4427,01/2015,496,105412.95634782399,9160.658160720277,M,58.0,17.3
4428,01/2015,517,104217.34356853674,9514.12239025105,M,46.1,16.4
4429,01/2015,744,77194.16944422081,8485.924064517987,M,48.2,14.3
4430,01/2015,682,74863.93875626566,7480.443060343225,M,46.5,10.8
4431,01/2015,809,83671.53013885672,9160.912550191222,M,40.3,17.8
4432,01/2015,658,112575.36671144978,9349.349809748275,M,46.5,11.6
4433,01/2015,158,95677.11709636939,8720.670231808152,M,,3.0
4434,01/2015,357,82564.73275002908,7635.681379789268,M,42.8,9.0
4435,01/2015,221,83122.70416240896,8400.682112641985,M,64.0,3.7
4436,01/2015,633,74455.18631040271,7232.867646077272,F,46.4,2.6
4437,01/2015,721,117262.8489870627,9062.155242009489,M,36.7,14.4
4438,01/2015,783,69707.51636021165,7862.289419850273,M,43.3,9.7
4439,01/2015,304,72708.72167761912,8541.473193818729,M,60.5,17.7
4440,01/2015,789,84091.64333321464,7498.340620595636,F,39.7,8.0
4441,01/2015,486,100665.73637389248,8380.619138474416,M,56.4,5.1
4442,01/2015,580,71556.16992355806,8137.157144685641,M,63.8,10.4
4443,01/2015,6,73793.82997023308,8670.802533886039,M,35.5,15.1
4444,01/2015,934,79972.67618736546,8434.22631577399,M,32.4,13.9
4445,01/2015,645,101345.25353242226,10669.204703077085,M,52.4,2.3
4446,01/2015,206,86160.45777776111,8655.616608311886,M,64.2,5.3
4447,01/2015,401,94266.1125631122,8820.220073801354,M,,13.2
4448,01/2015,826,101660.59228055911,8217.956553835465,M,33.8,5.3
4449,01/2015,83,81004.07797887638,8461.62338154598,M,65.4,8.2
4450,01/2015,183,96866.7224997542,9304.396782711761,M,41.2,14.6
4451,01/2015,42,116217.8109736,9288.268609558258,M,56.3,13.9
4452,01/2015,722,90510.90093444679,9479.994591993845,M,45.4,18.3
4453,01/2015,503,86425.57682914527,8023.435385709338,M,,18.0
4454,01/2015,620,78686.72177102078,7580.678627154924,M,57.3,1.6
4455,01/2015,755,69921.71691375558,7765.518304544532,M,53.1,14.7
4456,01/2015,873,111863.71033330043,7939.986838936383,M,33.1,16.5
4457,01/2015,781,77743.97818925182,8810.494479654637,M,33.4,14.1
4458,01/2015,40,106891.4580653663,6933.577885880957,M,36.4,9.0
4459,01/2015,240,75041.97980783142,7172.814382676838,M,,5.8
4460,01/2015,436,93868.93275963249,7670.596046412311,,37.8,12.0
4461,01/2015,320,67612.41991193002,8169.711197517331,M,43.1,14.4
4462,01/2015,723,83220.36405039375,8422.411604626248,,,3.7
4463,01/2015,947,83855.6276008798,11302.882977102376,M,41.6,14.9
4464,01/2015,168,76768.34072783288,8855.82388141626,M,60.0,11.2
4465,01/2015,259,121772.45826807912,8465.884097925993,M,60.8,2.7
4466,01/2015,913,94029.8832493795,8584.819486964416,M,53.6,9.3
4467,01/2015,985,85545.09366504164,7529.990250812456,M,51.8,15.1
4468,01/2015,539,75766.45582594915,8410.768875952926,M,41.5,10.6
4469,01/2015,975,127641.07542547597,7632.7942447902715,M,46.1,9.3
4470,01/2015,771,69162.79586722466,8185.453279512594,M,59.1,12.7
4471,01/2015,566,83918.72663102833,7157.88277628193,M,,11.7
4472,01/2015,325,130327.04584316413,8781.894518664061,M,59.5,7.6
4473,01/2015,813,77106.52980201511,7872.182218153344,M,56.3,16.7
4474,01/2015,253,92067.9993976673,7711.240284236972,F,52.5,18.0
4475,01/2015,817,78397.01598983433,9028.341936611147,M,35.7,7.4
4476,01/2015,958,76142.28020276544,7905.5239518521685,M,42.6,2.3
4477,01/2015,564,87595.78434135807,9316.65941251842,M,36.5,18.6
4478,01/2015,448,91461.64872197123,8780.5892919555,M,51.5,15.3
4479,01/2015,322,74657.13361051785,7803.557091638517,M,45.2,13.4
4480,01/2015,909,128943.82448540034,8574.641528010687,F,45.0,18.5
4481,01/2015,208,94296.07207403563,8926.707626905778,M,57.5,3.7
4482,01/2015,306,84423.14684802889,7791.945814692336,M,57.0,16.2
4483,01/2015,471,98281.74851287236,8551.27251688653,M,64.4,4.4
4484,01/2015,833,81662.6840166921,7848.182247446851,M,45.8,14.0
4485,01/2015,518,99085.81148961897,8371.439108149252,M,55.0,16.6
4486,01/2015,607,85951.09353687601,7677.9880906768,M,34.1,13.1
4487,01/2015,743,101710.77156442722,8610.014110325641,M,55.6,1.1
4488,01/2015,431,68495.01275729363,8252.742483545238,M,42.5,3.0
4489,01/2015,554,82067.76690847783,8466.011664164127,M,40.1,9.5
4490,01/2015,866,95321.95542244318,8672.025847854584,M,35.4,6.1
4491,01/2015,740,78125.14249342577,7684.446533566585,M,54.5,9.9
4492,01/2015,534,100494.67940208125,8814.403308906869,M,63.4,16.5
4493,01/2015,681,72669.45289453484,6664.709586608204,M,56.8,4.5
4494,01/2015,694,76487.68142911179,7547.617439187401,M,56.6,8.8
4495,01/2015,557,91047.41902103236,8895.177349881944,M,61.4,16.5
4496,01/2015,204,90260.85359478883,8472.389559903584,M,54.7,9.8
4497,01/2015,275,90980.83397166016,7697.6790514190325,,34.7,14.8
4498,01/2015,525,103192.64742855374,9001.72448345406,M,39.2,9.1
4499,01/2015,33,117996.0107540708,9318.959008914044,M,55.9,15.2
4500,01/2015,18,98029.40358635169,8388.639634893998,M,36.9,16.0
4501,01/2015,835,85741.1358537602,8766.45583627437,M,,12.8
4502,01/2015,649,97913.64097369659,8986.47937526215,F,41.6,6.4
4503,01/2015,406,72147.79964936229,8535.155052163578,,36.0,1.4
4504,01/2015,640,71880.38254206267,6953.713789243604,,64.7,9.2
4505,01/2015,79,76109.68711105324,6440.61264507994,M,41.3,4.9
4506,01/2015,942,91329.21011063614,9021.463519104642,M,50.2,14.9
4507,01/2015,895,88063.38637663171,8370.110188768162,M,33.5,17.3
4508,01/2015,766,79378.05872089327,10047.030263367027,M,62.4,7.1
4509,01/2015,51,80736.7574857145,9003.171503541624,,39.9,6.9
4510,01/2015,702,84513.73099953616,8854.68193421852,M,57.5,12.7
4511,01/2015,332,99108.393301707,7906.492332482811,F,55.0,18.7
4512,01/2015,314,116259.66162760206,8743.322717019506,M,49.4,4.0
4513,01/2015,118,94913.1405832539,9734.970763278485,M,39.8,9.3
4514,01/2015,445,84971.22908106232,7882.144447783772,M,59.4,18.6
4515,01/2015,906,73276.70571679476,8689.077825620536,M,57.2,5.3
4516,01/2015,555,80986.10339066204,7948.537251708136,M,62.5,3.5
4517,01/2015,105,83515.1005754172,9153.73286732655,M,48.3,2.2
4518,01/2015,879,76788.11197999335,8439.74590762786,,64.1,3.3
4519,01/2015,175,74780.86403272153,7614.340502855871,M,38.2,7.2
4520,01/2015,367,117988.61154816182,9480.590193645116,M,58.6,5.2
4521,01/2015,810,76818.24829227221,8851.891764870485,M,44.5,2.3
4522,01/2015,892,76755.09519860736,9593.0616247229,M,65.4,15.5
4523,01/2015,964,72466.4569798717,6753.064624343035,M,50.2,6.4
4524,01/2015,946,116130.94609876884,8978.395985060904,M,52.1,6.6
4525,01/2015,547,75669.34422382778,7597.190172756033,M,,7.5
4526,01/2015,999,119380.35769387346,9316.087698309226,M,45.1,14.1
4527,01/2015,953,106600.51323855284,8522.056675369398,M,47.7,14.8
4528,01/2015,202,96565.53604685106,7704.610965417793,M,57.6,4.0
4529,01/2015,345,83100.08937659315,10553.0936829836,M,40.8,12.9
4530,01/2015,718,132424.14113591527,10006.565709097973,M,65.1,1.7
4531,01/2015,276,85883.53523118739,7880.9507432566015,M,45.1,18.5
4532,01/2015,768,72822.49712941966,8186.6157515271625,M,63.5,6.3
4533,01/2015,411,115623.4623912765,8131.327522789021,M,58.7,2.5
4534,01/2015,192,96092.18776166388,9419.747651330072,M,45.7,5.7
4535,01/2015,115,70110.49728599688,8155.19162841765,M,36.3,17.6
4536,01/2015,162,101262.4650361908,8078.262442789581,M,35.5,12.1
4537,01/2015,636,104046.94275126982,8450.468695382391,F,63.9,7.2
4538,01/2015,870,85746.01985136593,8587.685833675343,M,42.6,2.6
4539,01/2015,468,82964.6975828077,7806.397673027246,M,52.3,3.3
4540,01/2015,490,74537.38268667115,7492.450262289547,M,62.1,12.7
4541,01/2015,558,92334.28679582146,9666.370465251977,M,35.8,9.1
4542,01/2015,662,88210.71297508627,8724.224409235427,M,51.0,6.8
4543,01/2015,834,79465.59225155327,9158.365997487666,M,39.8,1.8
4544,01/2015,907,74869.14970689353,7872.869150438338,F,61.1,3.8
4545,01/2015,15,90995.7369998089,10885.834855160527,M,35.0,4.2
4546,01/2015,588,128819.85372685605,8377.109374006353,F,47.5,14.8
4547,01/2015,859,79966.09093115487,9066.457356399578,M,44.3,4.2
4548,01/2015,109,80783.99058606576,8822.917664221393,M,45.2,7.3
4549,01/2015,369,120398.44335556551,9212.121563694012,M,36.2,8.9
4550,01/2015,188,76532.95785839144,8441.527292169441,M,33.0,18.5
4551,01/2015,166,87269.49989380584,8351.480033728083,M,,1.3
4552,01/2015,180,81219.76686081632,7486.4391400943605,M,48.2,10.8
4553,01/2015,986,71923.22894625933,7878.8863243460855,M,34.5,8.6
4554,01/2015,438,80981.72796192799,8817.324847756472,M,37.4,7.0
4555,01/2015,120,103996.47257766449,10203.468180150621,F,49.6,7.2
4556,01/2015,414,120860.30041003741,8565.480862476647,M,38.1,7.7
4557,01/2015,389,62892.1831457124,8131.057993397788,M,58.5,1.7
4558,01/2015,91,98755.77794284462,10608.177170387275,M,33.5,2.7
4559,01/2015,565,81677.95586140739,6853.419789767332,M,44.3,17.2
4560,01/2015,16,87140.30815655623,9546.956511400349,M,47.8,8.0
4561,01/2015,443,100706.7921562038,9533.943621670189,M,36.6,1.5
4562,01/2015,507,98569.47290556766,8499.818719047562,M,62.1,9.5
4563,01/2015,404,69676.00598453554,6635.4750963324395,M,55.1,14.7
4564,01/2015,280,81063.84643314459,8742.373786310816,,60.1,2.4
4565,01/2015,654,89896.76652511612,9583.261031922568,M,55.4,9.7
4566,01/2015,376,75566.93304386408,7411.705407825226,M,37.8,6.4
4567,01/2015,169,78977.34299419967,7070.168868890253,M,60.7,18.0
4568,01/2015,931,119856.62944468093,8999.369127764627,M,62.2,15.4
4569,01/2015,664,92896.0831416615,7944.567143473387,M,45.7,17.9
4570,01/2015,272,48795.72031900907,6228.732625268947,M,41.3,10.3
4571,01/2015,667,125725.26939936582,9697.752516189135,,53.4,1.7
4572,01/2015,209,84032.48025134768,9586.204653713934,M,47.5,11.3
4573,01/2015,687,88142.83578072983,8965.204761868636,M,43.9,9.8
4574,01/2015,893,105795.122064863,8768.661317842834,M,38.7,2.4
4575,01/2015,184,77811.8800202567,7746.139750556541,M,46.3,14.7
4576,01/2015,711,85554.56234376342,7730.530986437118,M,51.6,17.6
4577,01/2015,543,116375.50953615164,8042.363672153631,M,59.2,12.0
4578,01/2015,864,90297.7259056393,8015.117345887086,M,35.7,8.6
4579,01/2015,995,105858.07912984221,9632.550517148431,M,,3.7
4580,01/2015,563,95925.48824522024,9117.671020875574,M,44.1,7.1
4581,01/2015,58,76139.20466340418,7237.302427723489,M,61.0,6.9
4582,01/2015,46,88223.33032373578,8426.3780300182,M,35.1,13.7
4583,01/2015,226,65159.92635496045,8835.022561254575,M,57.1,8.2
4584,01/2015,286,136943.90851341898,9758.143529158966,M,64.2,16.9
4585,01/2015,475,63411.53098189,7487.336069164344,M,37.6,9.6
4586,01/2015,578,103590.17602645882,9218.6451065838,M,55.7,8.8
4587,01/2015,695,98972.08250661852,9431.191104817191,M,40.3,15.1
4588,01/2015,417,90620.48176220956,8994.43955644921,M,44.2,3.6
4589,01/2015,421,93139.69109819691,8906.192449779835,M,51.3,11.2
4590,01/2015,397,90737.52969921284,8744.969776150123,M,,12.9
4591,01/2015,273,94320.54423553274,8672.66324845713,M,43.7,13.2
4592,01/2015,281,97635.17613319775,7385.459054304025,M,58.1,16.5
4593,01/2015,945,95908.96135180951,6568.138600194642,M,40.5,7.3
4594,01/2015,862,78138.4980779754,9143.906535044982,F,53.6,4.1
4595,01/2015,232,79328.07792004374,7431.488675634998,M,44.7,13.6
4596,01/2015,550,74751.07257573484,7380.360979114577,,46.4,7.5
4597,01/2015,917,71095.17709850142,9059.488697042065,M,32.3,17.7
4598,01/2015,56,83968.21153032873,7475.3071865665515,M,38.6,14.0
4599,01/2015,377,69400.17584952032,8408.996302637424,F,57.8,4.0
4600,01/2015,143,90733.51802009859,9787.552312498843,M,,7.3
4601,01/2015,782,72472.48285122334,7963.20137654624,M,57.1,15.8
4602,01/2015,17,136203.37664557848,10372.806066399127,M,,18.5
4603,01/2015,800,77992.99488269072,8170.290218418132,M,55.4,15.0
4604,01/2015,418,89234.6190386385,6902.433681521473,M,50.6,9.8
4605,01/2015,282,101297.42871654255,8902.096410416907,M,59.1,15.3
4606,01/2015,495,58550.58828976024,7414.236361065715,M,52.5,5.5
4607,01/2015,492,90560.7947951147,9083.095349296445,M,47.2,11.8
4608,01/2015,968,96589.42007116717,8338.011127703565,,59.5,2.6
4609,01/2015,802,74302.86142205833,7680.57553265032,M,37.0,11.4
4610,01/2015,215,75695.39351820738,9340.245730540259,M,52.5,7.2
4611,01/2015,959,70090.43164159243,8263.787970803076,M,63.1,13.2
4612,01/2015,954,104768.7469091803,9112.808086678984,M,42.1,5.8
4613,01/2015,482,74721.2654116077,9762.798380917713,M,65.9,13.1
4614,01/2015,102,106964.2795943278,9560.803745206602,M,55.2,11.6
4615,01/2015,776,64408.05757515971,6337.337481290806,M,,15.6
4616,01/2015,528,68357.77060122447,8590.645609182584,M,32.7,15.5
4617,01/2015,292,92247.30154895529,7993.260068905923,M,32.6,13.2
4618,01/2015,971,83676.08417649665,7799.499963961815,M,63.6,15.5
4619,01/2015,152,97464.56226966996,8243.75467631135,M,35.5,3.3
4620,01/2015,750,100628.99087945679,9142.46304460898,M,57.0,16.5
4621,01/2015,199,68727.62460933231,7415.147020054264,M,49.2,13.1
4622,01/2015,154,93265.90184806041,8217.19578422394,M,,6.9
4623,01/2015,675,110429.81633818611,10107.59154134575,M,56.2,10.5
4624,01/2015,288,86774.90505363501,8703.018372203807,,47.6,18.3
4625,01/2015,523,86829.67288612959,7425.954299545133,M,32.1,1.2
4626,01/2015,688,130003.90589472232,9267.205508455721,M,41.3,4.0
4627,01/2015,360,79470.65605576725,7730.884652687142,M,49.5,12.0
4628,01/2015,960,74618.65367013846,8864.308891965971,M,55.1,9.8
4629,01/2015,368,72933.09996302746,5584.17019555047,M,53.8,14.7
4630,01/2015,456,68104.93953276241,7851.2422351899595,M,55.8,5.9
4631,01/2015,512,102705.51876749481,9710.98210273801,,50.1,15.9
4632,01/2015,650,113400.1349467413,9682.965350900413,M,43.0,12.5
4633,01/2015,380,74432.691610374,7938.845553405215,M,61.4,1.5
4634,01/2015,139,93950.52525958254,9946.934110713462,M,56.4,8.7
4635,01/2015,994,67794.13220524509,8349.021371571089,M,42.5,2.6
4636,01/2015,689,65434.41405357656,7882.810634968409,M,63.1,2.4
4637,01/2015,243,108660.98640654694,9763.767293275938,M,38.2,16.7
4638,01/2015,148,81878.68331781104,8718.582290464117,M,64.4,9.8
4639,01/2015,252,76371.44445937622,7006.128108742635,M,40.6,14.0
4640,01/2015,265,87753.89668596732,9161.398501984371,M,39.6,3.8
4641,01/2015,362,93635.22663676583,7993.1866023119765,M,39.0,3.7
4642,01/2015,336,88109.16189878664,8059.817029702322,M,53.4,15.5
4643,01/2015,928,68220.96521628238,8986.210905846756,M,63.0,14.1
4644,01/2015,515,75336.22321164148,7678.872314108906,M,56.7,9.7
4645,01/2015,483,92001.1636814635,9010.378614794467,M,47.0,12.5
4646,01/2015,395,84932.24149515471,8737.136238971401,M,59.5,16.9
4647,01/2015,758,96739.92989528686,8963.87066932307,M,45.8,3.4
4648,01/2015,361,83246.59643067162,8397.092422507003,,51.1,15.4
4649,01/2015,657,61227.831081891076,8346.120185826407,M,53.9,10.4
4650,01/2015,761,124101.63799579824,11613.889304086813,M,33.4,8.7
4651,01/2015,881,95927.07966032776,9679.749549496793,M,53.5,2.0
4652,01/2015,197,97626.98110179616,10164.392855438186,M,44.6,12.9
4653,01/2015,290,104189.60615038297,8309.355556857241,M,37.7,4.3
4654,01/2015,742,94528.80736049499,9311.177066938968,M,47.7,1.4
4655,01/2015,848,67914.81153074926,7232.354325992052,M,58.3,10.1
4656,01/2015,820,87907.68196706935,10202.029535256821,M,32.4,14.0
4657,01/2015,122,72588.39738557646,9306.28058583654,M,42.0,5.7
4658,01/2015,340,115199.85784111577,10331.650378074391,,43.5,6.5
4659,01/2015,714,69910.43929528943,8806.595547796514,M,39.5,9.7
4660,01/2015,699,69480.54667528874,7798.120320619591,M,38.8,17.8
4661,01/2015,825,101049.81475331842,7781.3075769930565,M,39.7,5.7
4662,01/2015,717,74764.67593749626,8153.105940893119,M,51.8,18.7
4663,01/2015,318,111645.17074033956,9133.752588388554,M,60.5,9.5
4664,01/2015,104,63501.58502728973,7070.654600825808,,57.0,5.7
4665,01/2015,816,115178.40172518749,8850.273102220921,M,32.0,1.0
4666,01/2015,296,75782.27238836294,7680.6976430447685,M,42.2,11.1
4667,01/2015,696,113099.65450618711,8748.374641593773,M,41.1,14.7
4668,01/2015,27,90614.33096196769,8493.585019570854,M,54.5,12.8
4669,01/2015,22,100456.83220388845,10482.055232759863,M,50.2,13.8
4670,01/2015,785,95781.98008922457,8340.729395446191,M,,14.7
4671,01/2015,256,99454.53788046032,7725.119812774588,M,,8.8
4672,01/2015,75,114490.27870857318,8577.586046205339,M,47.3,6.5
4673,01/2015,5,91913.33816874349,9628.259970755576,M,39.8,4.7
4674,01/2015,217,106832.52627592269,9833.460779337485,M,64.4,14.8
4675,01/2015,869,86596.04082820643,7962.709837982863,M,38.4,13.3
4676,01/2015,385,67378.70330237459,7688.51542592177,M,44.9,9.4
4677,01/2015,941,74495.20941731351,8077.84905648083,M,35.0,2.8
4678,01/2015,712,72085.27348547024,7095.04909081232,F,,13.8
4679,01/2015,939,103020.93134261422,8876.370348986537,M,49.5,2.4
4680,01/2015,710,119937.74088655821,9561.112457122279,M,57.4,7.4
4681,01/2015,34,95844.84547331941,8992.93019608069,M,,18.6
4682,01/2015,559,85683.37902917943,7956.733975722199,F,62.8,4.7
4683,01/2015,463,59379.54600931074,7348.383861723067,M,48.9,10.3
4684,01/2015,605,102770.57864056165,8825.255536258814,F,63.6,5.9
4685,01/2015,424,118668.75364683222,9085.605387084679,M,49.8,3.8
4686,01/2015,851,71612.25271054731,8105.667525999606,M,43.5,2.4
4687,01/2015,444,85994.56736492687,9110.585631609269,M,45.4,4.1
4688,01/2015,790,64900.163079074184,7877.261169030381,M,37.6,5.0
4689,01/2015,106,87413.58724785411,9581.52121916744,M,42.4,1.2
4690,01/2015,455,99738.81774708552,8996.39421447945,M,,3.9
4691,01/2015,223,111978.42859344723,7882.501226258362,,53.2,5.2
4692,01/2015,242,87735.04265070536,8504.220806973146,F,46.1,14.5
4693,01/2015,77,75594.88750759358,8663.219135882107,M,63.4,8.9
4694,01/2015,961,90611.80907602943,10136.18844414949,M,62.4,6.9
4695,01/2015,416,109437.58818859915,10242.58011369029,M,50.8,16.2
4696,01/2015,506,100743.75361767999,7590.2213823544525,M,38.7,5.6
4697,01/2015,287,79589.19962659603,8752.872868632498,M,40.1,15.2
4698,01/2015,52,94960.78067481567,9161.310781346692,M,55.3,5.2
4699,01/2015,132,104920.56713927815,9597.892613202072,M,60.6,17.3
4700,01/2015,319,103121.10175697996,8649.847114996743,M,42.7,9.7
4701,01/2015,871,83866.33448520706,8231.855828973912,M,,7.2
4702,01/2015,213,84308.41190771833,8312.383273766434,M,40.4,15.2
4703,01/2015,846,81305.42997425099,8946.68976729936,M,33.1,17.2
4704,01/2015,351,127792.73062238883,9259.364600182878,M,53.7,7.8
4705,01/2015,324,100238.53550896766,8215.96532328826,M,54.6,9.8
4706,01/2015,173,94648.07592468048,9161.220164565155,M,46.9,9.3
4707,01/2015,88,71037.0441599075,8801.384049028906,M,43.9,18.0
4708,01/2015,347,102940.71259144373,8784.072710829698,M,,15.2
4709,01/2015,513,115464.07311669554,9574.263938254306,M,42.2,14.3
4710,01/2015,487,70064.3769427889,8131.200846290755,M,32.3,14.8
4711,01/2015,295,80382.9542437236,7706.255820955586,M,46.5,8.4
4712,01/2015,430,108490.70313188748,8835.603059334619,M,,11.6
4713,01/2015,437,79956.01605423544,7709.853517159406,M,35.0,9.8
4714,01/2015,644,66747.06746545584,6737.014631546325,M,60.0,5.4
4715,01/2015,803,90217.85461999192,9046.066729710883,M,39.6,13.8
4716,01/2015,2,104000.21236150595,9616.136017606646,M,65.5,1.0
4717,01/2015,932,69705.91850533897,7487.320937214079,,37.4,12.0
4718,01/2015,843,66679.79325822226,6601.672213587895,F,40.4,15.0
4719,01/2015,138,94837.17375368143,8614.029667822964,M,34.5,5.5
4720,01/2015,356,92277.97784671647,7672.877882030057,M,51.3,12.6
4721,01/2015,466,112827.93242351382,9530.166621569664,M,51.7,13.4
4722,01/2015,729,130839.46141150754,11436.335690104486,M,59.3,9.7
4723,01/2015,535,88786.28101040324,8431.013283032711,M,62.7,2.9
4724,01/2015,715,104192.48667759058,9197.301616271263,M,51.8,5.3
4725,01/2015,70,69863.9864146243,7605.963183479196,F,59.0,4.7
4726,01/2015,485,83489.72253074744,8463.26771325394,M,56.3,15.4
4727,01/2015,128,124178.5696779846,9589.190501907286,M,52.0,5.9
4728,01/2015,587,70134.73330800293,8406.729669250524,M,51.7,9.9
4729,01/2015,142,132620.9131774216,11732.660111875002,,37.3,14.2
4730,01/2015,938,101127.06252190607,7385.5005151498735,M,64.5,16.4
4731,01/2015,725,87270.47831788902,9418.244823916382,M,39.9,3.3
4732,01/2015,801,109978.63598661537,10375.879335118889,M,42.7,11.4
4733,01/2015,653,85862.06965680639,6907.771632035613,M,57.7,13.8
4734,01/2015,921,106866.30248771327,9052.301723975677,M,55.5,17.4
4735,01/2015,98,99821.14959854518,9947.721676171886,M,39.4,10.5
4736,01/2015,608,108640.8488158854,9566.289056684032,M,63.9,13.4
4737,01/2015,576,78959.3304621175,7548.403638139606,M,64.1,4.1
4738,01/2015,936,113090.43244963973,9477.220183532889,M,55.9,11.4
4739,01/2015,301,92732.59593337192,10389.351114228322,,33.7,2.0
4740,01/2015,266,61380.96961298228,6810.644468041341,M,36.1,1.4
4741,01/2015,499,90317.04755379696,8329.778363308389,M,32.6,1.0
4742,01/2015,133,76456.99410124005,7503.326209087975,M,43.3,13.8
4743,01/2015,989,94948.54967799017,8227.707492448162,M,,6.4
4744,01/2015,619,65291.07999918045,7137.194304675339,M,55.2,4.2
4745,01/2015,136,86329.26159807587,9729.794524518446,M,58.5,1.0
4746,01/2015,277,92098.65092477087,8408.121707772698,M,33.1,12.5
4747,01/2015,267,66506.42124908051,7962.384875691894,M,52.8,4.8
4748,01/2015,749,94989.88592232803,8902.243957524046,M,40.0,12.2
4749,01/2015,254,78676.16611229042,9721.118132024889,M,57.0,18.2
4750,01/2015,630,92787.23028373577,8536.172972322907,M,45.0,17.3
4751,01/2015,339,83338.24679797796,8689.468091532804,M,41.1,18.1
4752,01/2015,203,95769.80751369856,8938.945107505422,M,59.0,16.3
4753,01/2015,107,93294.79702561082,9606.072346147372,M,49.9,10.0
4754,01/2015,24,89309.99871464378,8503.332738823308,M,33.6,12.8
4755,01/2015,668,108352.41935108448,8923.411016966233,M,,14.9
4756,01/2015,837,86228.67982003636,6621.800283987832,M,36.8,12.8
4757,01/2015,392,79659.08994687552,7454.850039315119,,33.3,4.8
4758,01/2015,330,85607.13140728946,7744.331553161689,M,,2.2
4759,01/2015,151,78040.69198251051,7374.255173570198,M,48.4,18.7
4760,01/2015,856,111000.90864906665,9700.950831653012,M,53.8,16.7
4761,01/2015,976,85847.75424208457,8240.88884946368,M,57.8,1.9
4762,01/2015,831,98714.90372737341,10154.566286746945,M,54.2,8.5
4763,01/2015,991,83600.07685778927,8521.886950946719,M,35.2,11.1
4764,01/2015,201,98945.78610037334,9204.90318903876,M,57.3,6.1
4765,01/2015,788,105041.90821140625,8572.19477235277,M,32.6,18.3
4766,01/2015,1,87488.36906676121,8155.8456936189405,F,43.8,1.4
4767,01/2015,103,75500.54523614142,9714.190744231379,M,64.3,11.8
4768,01/2015,53,111109.68713724964,8968.188852954132,M,56.0,7.9
4769,01/2015,241,78953.54544441418,8487.141339825535,M,36.5,11.2
4770,01/2015,346,105277.00083542972,9772.40091735696,M,49.3,16.0
4771,01/2015,450,69230.43172705609,7068.057140427858,M,57.8,13.3
4772,01/2015,628,81797.87564796442,8721.920317930626,M,61.0,15.2
4773,01/2015,700,98200.6625169563,9652.442894876214,M,51.2,10.6
4774,01/2015,4,69055.10435994208,6694.813849433521,M,59.6,11.7
4775,01/2015,334,106182.16425526793,7901.098875456411,M,56.3,7.2
4776,01/2015,641,79779.20372360601,8385.235745971346,M,33.8,11.0
4777,01/2015,794,104578.95027161622,9348.016886372694,M,34.9,12.3
4778,01/2015,390,116525.05631623758,8789.083475565818,M,54.7,12.7
4779,01/2015,141,74462.22389330133,7282.399613145733,M,44.7,8.8
4780,01/2015,980,114709.84372225894,8638.265945593914,M,36.0,2.1
4781,01/2015,734,85075.46396041199,8011.825857950711,M,47.7,11.6
4782,01/2015,342,81279.90264446702,8017.269839814783,M,43.7,4.9
4783,01/2015,370,93979.33371448802,9414.268098556016,M,46.2,1.9
4784,01/2015,480,100410.58834823662,7514.414298750791,M,38.6,11.5
4785,01/2015,902,111926.48376362483,9759.366199406595,M,63.6,5.8
4786,01/2015,477,77902.07788490082,8817.319552756924,M,46.4,8.8
4787,01/2015,193,72181.99463554472,8675.88963781492,M,52.8,16.4
4788,01/2015,476,90641.50466128404,9176.737980830621,M,,18.3
4789,01/2015,537,115334.4329282877,8547.15613403684,M,37.3,2.5
4790,01/2015,591,108612.09545180968,7924.810714926384,M,56.1,9.5
4791,01/2015,189,116821.47602051462,11220.829110187598,M,41.9,5.9
4792,01/2015,596,76303.92370353962,8479.864283493795,M,56.2,13.7
4793,01/2015,235,87461.99031016511,8452.286785624874,M,37.4,9.0
4794,01/2015,520,69915.80419864981,6863.368783247912,M,54.7,8.8
4795,01/2015,677,85540.57447917433,8940.706297074703,M,58.8,14.4
4796,01/2015,704,73130.87331538279,8693.171217044619,F,57.6,7.7
4797,01/2015,355,79046.42406933103,8812.28563582472,M,50.0,3.0
4798,01/2015,247,86823.29599287825,8823.474594217338,M,53.5,2.0
4799,01/2015,207,87599.84966817618,9970.942188493704,M,47.8,3.5
4800,01/2015,990,91920.79255681738,8191.324062309238,M,36.3,4.7
4801,01/2015,41,63529.24903545413,8327.930177908518,M,36.9,10.0
4802,01/2015,678,69153.06258445214,8046.223665303986,M,55.7,7.7
4803,01/2015,663,67772.51669564912,7348.8343772208145,M,56.7,12.1
4804,01/2015,28,90360.3318898066,7904.7534863744295,M,65.2,4.4
4805,01/2015,672,94997.7234104809,9123.966072453273,M,53.2,13.5
4806,01/2015,393,93123.32550788274,9278.938353418449,M,33.5,7.3
4807,01/2015,615,61941.05506749494,7608.377792283688,M,51.3,2.9
4808,01/2015,923,81811.89888199726,8024.722948639559,M,32.0,7.7
4809,01/2015,544,98471.48651299233,8452.501138415792,M,39.6,13.0
4810,01/2015,364,92156.04270721188,9889.27036435272,M,41.0,9.2
4811,01/2015,573,99844.07487821268,8018.057512187692,M,60.9,6.4
4812,01/2015,125,98859.00661983932,7974.221088421719,M,37.2,9.2
4813,01/2015,949,95515.39315964586,8848.784708150053,M,36.4,12.6
4814,01/2015,510,96243.03947246459,7921.4059200879265,M,55.0,12.2
4815,01/2015,878,123602.81542091617,10320.42601256144,M,36.2,5.5
4816,01/2015,992,104043.36119972225,7698.263317287624,M,36.1,17.3
4817,01/2015,8,94914.65623662558,9496.859011184632,M,39.7,13.2
4818,01/2015,984,86856.50526186886,9218.122183579699,M,42.3,10.7
4819,01/2015,763,98495.09653370432,9015.26030492603,M,37.4,6.6
4820,01/2015,973,66063.17089751973,6692.437220802076,M,39.5,15.8
4821,01/2015,25,85905.4816201368,7060.048550634447,M,34.8,14.6
4822,01/2015,541,76182.06873648947,8258.895618736493,M,48.7,8.1
4823,01/2015,757,64216.593341161824,8052.034984951408,M,,13.5
4824,01/2015,374,74570.64905215855,7836.14388756573,,39.7,13.9
4825,01/2015,64,85756.27404386326,8922.953698141673,M,46.0,5.6
4826,01/2015,500,113099.90741221972,8624.611611647788,F,46.2,13.5
4827,01/2015,647,71845.60325069222,7366.855188896312,F,63.4,11.7
4828,01/2015,614,86894.3602144324,8142.38470592461,M,59.8,17.8
4829,01/2015,21,75190.77664613367,6733.455431373112,M,32.8,7.5
4830,01/2015,13,99081.67687601862,10251.360171367283,M,43.1,15.2
4831,01/2015,639,84201.80386400742,8108.758834784685,M,50.0,9.2
4832,01/2015,868,83692.93672904762,7496.695825986138,M,32.5,7.3
4833,01/2015,805,80287.00130954893,8673.057222971305,M,40.7,10.5
4834,01/2015,891,89821.67198784089,7075.7542932120605,M,56.5,13.8
4835,01/2015,561,74409.21622754255,8249.06010379081,,44.2,6.2
4836,01/2015,709,93830.32715939228,10026.014653759195,M,38.7,12.6
4837,01/2015,429,77979.92471795085,7465.966606289614,M,46.7,4.7
4838,01/2015,720,97245.37938220234,7914.986140839924,M,64.6,15.1
4839,01/2015,187,76426.01975030049,7563.816977549757,M,48.7,17.0
4840,01/2015,457,99030.4916945504,8467.869994866824,M,63.5,10.5
4841,01/2015,844,80382.46619924848,9422.376288172412,M,47.4,2.4
4842,01/2015,552,67750.87762586722,7688.521049983262,M,61.3,7.3
4843,01/2015,498,85128.21016387909,7938.849350142159,M,49.2,15.3
4844,01/2015,230,73839.53237447643,8044.722927497255,M,38.2,5.1
4845,01/2015,131,66885.40269550307,7297.945996049259,M,35.1,16.0
4846,01/2015,268,85844.99595550481,8590.069812009338,M,41.2,11.2
4847,01/2015,634,70742.86001803928,7147.552065270376,M,46.8,4.5
4848,01/2015,930,82694.97734215586,9337.835885755941,M,54.4,16.9
4849,01/2015,730,85631.22881474551,8708.770692720658,M,60.8,1.5
4850,01/2015,386,65678.40247573225,7150.927347796857,M,37.5,12.8
4851,01/2015,897,104322.17775143583,8460.268753710227,M,43.3,2.5
4852,01/2015,604,98247.35273572113,8578.032522976158,M,59.8,7.6
4853,01/2015,850,65989.18726763249,7996.843163301151,M,39.4,1.4
4854,01/2015,626,70082.26279558949,8024.508392530057,M,51.8,18.1
4855,01/2015,163,86158.6425975866,7210.074095971705,M,58.5,9.1
4856,01/2015,82,111112.88251481643,9296.257306202788,M,61.7,4.0
4857,01/2015,36,140356.72658308793,10376.135830554033,M,37.4,16.3
4858,01/2015,977,85782.80498162651,9168.007696961535,M,56.2,3.7
4859,01/2015,123,91189.72491162116,8216.274912951621,M,65.3,11.5
4860,01/2015,92,75317.85234643194,6541.016700208585,M,41.4,15.1
4861,01/2015,26,98880.17019002972,9453.26676110367,F,47.5,2.7
4862,01/2015,251,103383.15148298007,9447.326833370065,M,43.0,11.9
4863,01/2015,598,79081.44211372666,7368.846513997034,M,51.3,9.4
4864,01/2015,524,99105.15442478945,9063.448512110836,F,39.5,18.5
4865,01/2015,726,82112.30579689045,6611.992956032704,M,58.1,4.5
4866,01/2015,263,89542.00595779161,7801.716723843432,M,52.2,12.2
4867,01/2015,365,73857.60949390344,7529.563411918944,M,37.6,5.3
4868,01/2015,44,92269.07678294065,9973.183200860092,M,61.5,8.9
4869,01/2015,530,58866.19968214758,7404.328898369773,,47.2,6.9
4870,01/2015,838,91578.70626608144,8078.684644749853,M,,17.2
4871,01/2015,311,75447.51122663775,7353.432061247613,,32.1,9.4
4872,01/2015,447,100111.02261716872,10647.156831224142,M,65.5,12.1
4873,01/2015,993,77410.08685108121,7559.572857433345,M,35.0,2.9
4874,01/2015,315,77569.66701057272,6531.341246467788,M,61.1,8.7
4875,01/2015,20,72793.9610596548,7223.122712231395,M,52.1,18.1
4876,01/2015,618,75324.93358963057,8796.246388103093,M,63.9,9.0
4877,01/2015,43,71927.6391799347,7423.69074918372,M,57.3,1.2
4878,01/2015,190,86376.10477235462,8499.589570079923,M,57.5,14.1
4879,01/2015,659,98552.25890427863,7556.268637192123,M,65.4,14.7
4880,01/2015,47,78852.0661905169,8483.70392856309,M,40.7,5.3
4881,01/2015,987,85792.31435495004,8237.311790965996,M,32.4,13.8
4882,01/2015,71,113983.8781481144,9077.299137758946,M,39.0,1.0
4883,01/2015,198,81430.16456611954,7555.204129649179,M,41.1,16.6
4884,01/2015,473,78067.85510736772,8622.978485448428,M,59.5,14.6
4885,01/2015,338,97370.7120461469,8679.153508839709,M,42.2,4.3
4886,01/2015,440,113019.14278218252,8761.290536963448,F,39.6,4.4
4887,01/2015,246,95893.58767647046,8933.909178917283,M,57.2,15.1
4888,01/2015,116,85810.24396554167,8887.075331236943,M,42.2,10.6
4889,01/2015,849,84531.99327395612,8324.876504542635,M,65.4,12.1
4890,01/2015,900,76235.26556699572,7636.959003282146,M,41.5,9.4
4891,01/2015,359,81680.18702231809,7391.997707483909,M,47.7,7.9
4892,01/2015,299,102205.95685052383,10257.1535443065,M,50.1,2.0
4893,01/2015,7,69414.32856188982,7316.1409520967045,M,40.8,14.1
4894,01/2015,297,69826.48976056497,7356.466372940783,M,53.7,1.0
4895,01/2015,822,84542.90891850283,8586.186650291622,,54.0,2.9
4896,01/2015,648,88745.89459017769,8111.11908420409,M,49.6,4.4
4897,01/2015,294,76463.49846300931,6790.640613050807,M,59.6,4.9
4898,01/2015,491,79124.8280363958,7372.546503591937,M,61.1,3.2
4899,01/2015,568,69287.6148133488,8084.812572383025,M,,16.5
4900,01/2015,584,91260.33346755314,9704.970622656034,M,43.3,14.9
4901,01/2015,690,72862.0582031113,7478.197588278623,M,,8.8
4902,01/2015,291,72762.16461941248,8272.709217383761,M,33.2,5.4
4903,01/2015,49,85101.81181890589,7601.012215164964,M,45.1,3.0
4904,01/2015,585,85368.7336871339,9020.259639713233,M,37.9,11.3
4905,01/2015,606,95039.46788622261,8384.185806464651,M,51.5,15.1
4906,01/2015,693,96444.54230218379,8386.275959056538,,53.1,9.9
4907,01/2015,944,78991.98123627706,9857.519454979012,M,49.4,14.1
4908,01/2015,793,85984.34681985281,7829.761482440235,M,35.0,12.5
4909,01/2015,425,76302.85959576185,9013.265065458403,M,,17.9
4910,01/2015,683,111335.6864319364,8341.906320612394,,54.5,3.6
4911,01/2015,656,98442.22489297311,9741.497659261193,M,56.4,17.8
4912,01/2015,488,106484.45476461177,8895.538993853917,M,32.4,5.8
4913,01/2015,61,74130.54319387229,7627.56296533554,M,34.1,16.4
4914,01/2015,904,85989.3310449187,7996.66853470562,M,,4.0
4915,01/2015,378,75174.23990662982,7557.1692238592,,36.7,3.5
4916,01/2015,269,78444.66608979396,9063.267345632217,M,39.7,8.1
4917,01/2015,889,99729.45574359635,8880.261242262208,,55.5,2.0
4918,01/2015,481,107035.85311558614,8383.25277533749,F,51.5,17.1
4919,01/2015,344,82351.93644582058,8820.823195376828,M,51.0,11.8
4920,01/2015,99,80203.63240091983,8531.033677808147,M,55.3,5.7
4921,01/2015,832,105593.2804901069,9832.694117493917,M,,13.3
4922,01/2015,127,85835.3682225927,8674.918697963622,M,55.8,11.8
4923,01/2015,617,83801.86361019357,8087.870053683182,M,38.2,17.4
4924,01/2015,770,86007.6228193181,8866.54799793542,M,56.6,15.9
4925,01/2015,484,106701.32742483639,9687.798132215445,M,36.2,4.1
4926,01/2015,341,97172.15632398055,9857.63510897725,F,63.1,16.9
4927,01/2015,982,88090.84736321209,8606.535467067128,M,,9.4
4928,01/2015,212,103570.2385657854,8216.808061655845,M,46.4,1.6
4929,01/2015,589,67586.72411765251,6170.912946890299,M,40.7,6.4
4930,01/2015,797,81424.99539965541,9318.391157861213,M,44.6,5.9
4931,01/2015,753,92683.35486313852,8777.67346192963,M,32.8,12.8
4932,01/2015,227,82624.15488908101,7505.8702936053405,M,,16.2
4933,01/2015,86,67295.16625187847,8320.504120098043,,,5.4
4934,01/2015,680,82100.66099375671,8253.948280232173,M,61.1,18.9
4935,01/2015,195,73699.76404407823,8272.376923808026,,54.1,8.8
4936,01/2015,595,91638.79135619859,7481.743504552786,M,45.4,7.1
4937,01/2015,854,70008.93309044887,7486.952169820782,M,44.2,18.7
4938,01/2015,828,81231.29711690529,8203.03275573665,,50.6,1.1
4939,01/2015,261,108301.61941992189,9890.242171700393,M,36.4,18.5
4940,01/2015,603,78520.25058194404,9764.370554455496,M,34.9,10.7
4941,01/2015,379,89350.26413572722,7967.93048075007,M,65.1,12.4
4942,01/2015,888,80946.26693031592,6930.984232520668,M,,4.0
4943,01/2015,741,104082.68066857022,8949.109673808314,M,42.4,11.2
4944,01/2015,60,98955.19961913726,8131.219799422425,M,53.4,11.0
4945,01/2015,955,68504.35296569906,7358.175973608828,M,35.8,8.5
4946,01/2015,62,102942.35387439192,8973.425613243657,M,34.0,4.3
4947,01/2015,638,117321.41154753501,9684.37731978906,M,62.7,9.4
4948,01/2015,697,82399.06234858473,9352.780452817811,M,35.0,15.2
4949,01/2015,147,75885.51303369025,7803.551193780276,M,53.7,14.7
4950,01/2015,637,114623.45332738913,9334.788132958032,M,63.3,3.0
4951,01/2015,799,96224.09453178065,7919.770106189686,M,45.3,1.1
4952,01/2015,178,105245.84959374947,10579.689149074067,M,49.0,7.8
4953,01/2015,806,94183.70449966352,7346.941526656132,M,50.3,7.6
4954,01/2015,300,123936.03196057834,10617.257243266773,M,35.9,9.5
4955,01/2015,998,103716.77037617657,9969.601391703845,M,32.1,1.4
4956,01/2015,337,110617.68775578523,9862.711805146844,M,36.0,9.4
4957,01/2015,549,96443.13587627598,8464.0103215571,M,55.1,16.4
4958,01/2015,767,72508.20860621701,9376.296832922644,M,56.5,1.2
4959,01/2015,157,79561.63031099983,8352.152129639531,M,56.8,16.2
4960,01/2015,540,83292.1800722143,8228.04344680133,M,41.6,6.5
4961,01/2015,108,67495.62296965187,7878.5174972581935,M,51.2,2.9
4962,01/2015,352,82967.17560793059,7574.242620706199,M,58.1,9.3
4963,01/2015,847,84343.55918582802,8413.915920102138,M,51.0,5.2
4964,01/2015,479,80047.87980452357,7911.675402784935,M,54.6,1.0
4965,01/2015,622,92411.5475125811,7508.110457948229,M,53.2,7.6
4966,01/2015,937,84952.23743293418,8399.791034425456,M,54.9,11.5
4967,01/2015,775,73649.36898043758,7847.57850380745,M,50.4,9.8
4968,01/2015,623,58220.811736619595,6395.1984786325,,,14.4
4969,01/2015,87,58933.67423864627,6480.046349046942,M,48.0,15.4
4970,01/2015,80,81417.03132807148,8633.864943034658,M,57.8,17.5
4971,01/2015,434,76569.37574527299,7623.56668613377,M,36.5,7.7
4972,01/2015,210,96668.86156300879,7352.412453649881,M,37.0,1.9
4973,01/2015,860,111469.5055146431,9289.788342278833,M,38.0,16.8
4974,01/2015,220,127948.76857970351,10091.362788942512,M,32.1,7.3
4975,01/2015,769,76796.18006853774,8683.94284372212,,58.8,18.9
4976,01/2015,692,65694.92778955605,7581.958263727729,M,42.5,2.3
4977,01/2015,546,86316.96667549107,9245.672940051727,M,55.6,13.5
4978,01/2015,777,76422.36114784944,7552.472592551419,M,59.2,16.0
4979,01/2015,581,86117.612535882,9120.023711103579,M,35.5,18.5
4980,01/2015,452,77533.41545439551,8734.08317687463,M,53.3,4.4
4981,01/2015,511,66582.2620604187,7867.5061473150845,M,35.2,10.9
4982,01/2015,214,64648.92966537213,6967.533019431637,M,,5.9
4983,01/2015,234,65737.33268328568,6734.001172099856,M,42.7,6.2
4984,01/2015,853,78980.83769657204,7754.305492180148,M,42.5,2.3
4985,01/2015,551,105736.20384328009,9104.3430969427,M,,4.3
4986,01/2015,505,92462.58251767876,7903.94904856076,M,33.7,2.5
4987,01/2015,508,71263.23067463758,6944.529544780298,M,54.1,8.3
4988,01/2015,795,62937.32004606792,7888.780943933827,M,50.4,8.6
4989,01/2015,317,114485.72189033705,8607.221568744604,M,33.3,2.7
4990,01/2015,792,85667.50016189768,8629.888114706964,M,,8.7
4991,01/2015,974,112296.27801158115,8005.045120200006,M,34.8,8.2
4992,01/2015,117,105712.47932927728,9571.17289782213,M,59.4,17.1
4993,01/2015,410,91921.43023505362,8664.6349736501,M,38.0,17.4
4994,01/2015,182,99717.73195628637,6742.904330923707,M,40.0,14.4
4995,01/2015,119,84767.55062881071,8521.874237064463,M,65.9,15.4
4996,01/2015,236,89242.12806186924,8552.1688515752,M,42.3,6.7
4997,01/2015,449,64471.74976283121,7917.494307380161,M,38.4,18.7
4998,01/2015,494,108071.29437295537,7904.138743410686,M,48.7,7.9
4999,01/2015,609,89815.41655951134,10400.18322132119,M,,4.6
5000,07/2015,943,100274.36421449098,8386.898925322927,F,58.4,0.6
5001,07/2015,966,88819.27283845731,8473.858272591298,M,46.8,0.1
5002,07/2015,250,107379.62849142156,9082.933246709565,M,32.0,0.1
5003,07/2015,156,82607.7816315734,7291.159446294531,,64.8,0.7
5004,07/2015,67,118986.86212081085,9967.303225021176,M,60.7,0.4
5005,07/2015,684,72094.10346751183,8495.938256380388,M,,0.5
5006,07/2015,527,77966.02821935921,8236.969742915153,M,,0.4
5007,07/2015,556,85570.73131424046,9185.602625352632,M,50.7,0.8
5008,07/2015,446,93571.31874248789,9184.024933306764,M,49.5,0.1
5009,07/2015,841,72400.24325271866,8708.086174452772,M,48.2,0.7
5010,07/2015,126,82681.25033988,9470.400858726971,M,53.2,0.7
5011,07/2015,910,116990.45707141026,8296.833486398236,M,58.2,0.6
5012,07/2015,112,102953.3097269127,10672.73126317216,M,54.8,0.9
5013,07/2015,191,99981.7662790935,9691.978064342538,M,50.4,0.1
5014,07/2015,739,78981.4090448137,7563.888669986959,M,37.6,0.6
5015,07/2015,579,94618.71731555962,7751.051111070185,M,41.3,0.3
5016,07/2015,111,80380.97734368114,9380.337562978708,M,45.4,0.8
5017,07/2015,285,78891.89538448364,9003.293700771077,M,47.3,1.0
5018,07/2015,796,97138.38011190365,8763.591452673934,M,59.2,0.3
5019,07/2015,310,115507.93123622531,9075.269416500478,M,42.2,0.8
5020,07/2015,458,105101.45188393095,10119.974807576204,M,39.7,0.2
5021,07/2015,884,70814.33694653794,8148.724033305751,M,64.1,0.6
5022,07/2015,335,107586.27390560905,9636.712305596235,M,47.0,0.8
5023,07/2015,521,86597.27093435699,9313.227425421712,M,56.1,0.8
5024,07/2015,887,68035.30606874905,7286.628853559276,M,,0.0
5025,07/2015,601,72289.0526653063,8785.263244747946,M,39.8,0.2
5026,07/2015,11,81933.69562228597,7246.01814131263,M,39.1,0.6
5027,07/2015,624,63093.87626842665,7468.885024831805,M,52.8,0.7
5028,07/2015,737,98982.10130608788,7946.855707091564,M,58.1,0.3
5029,07/2015,823,75242.94749888005,8493.232262139494,M,50.6,0.3
5030,07/2015,752,62459.4737046948,7685.073433544952,M,63.6,0.4
5031,07/2015,732,107606.9116056153,7462.534342744741,M,54.1,0.5
5032,07/2015,493,92992.18688731598,7799.486348379995,M,61.1,0.2
5033,07/2015,159,85553.4845102232,8889.639103483985,M,48.4,0.6
5034,07/2015,225,91445.72937470801,8214.176207863242,M,,0.6
5035,07/2015,784,75224.62820488717,7878.41424304198,M,54.3,0.2
5036,07/2015,171,64917.63035958959,7979.089270248396,M,49.4,0.4
5037,07/2015,460,66581.0351920718,7270.735093556354,F,33.0,0.3
5038,07/2015,408,91082.40371276338,8918.819312824415,M,65.0,0.9
5039,07/2015,239,96527.36023177975,9585.163305432263,M,60.4,1.0
5040,07/2015,812,121309.9080485091,8781.64382456557,M,54.7,0.9
5041,07/2015,896,75194.68186189272,8297.33475332586,M,58.5,0.0
5042,07/2015,354,84100.91202184973,8717.962659740246,M,65.2,0.4
5043,07/2015,574,78420.32042886704,7846.709932944467,M,60.7,0.3
5044,07/2015,186,77353.07616037244,8317.76671165299,M,65.7,0.6
5045,07/2015,381,134004.81613439563,8988.535109340517,M,44.0,0.1
5046,07/2015,898,80479.79688797845,8957.241621393632,M,46.5,0.0
5047,07/2015,405,64792.083877097815,7548.216170436379,M,32.2,0.1
5048,07/2015,439,75538.61774954961,8067.307998498148,M,65.2,0.3
5049,07/2015,532,76142.6924699998,6628.976195005691,M,38.2,0.5
5050,07/2015,665,109830.00358140057,8372.634780232605,M,,0.6
5051,07/2015,962,86714.45858855717,7335.863756592299,,53.5,0.8
5052,07/2015,303,98049.00718826016,8815.86438863401,M,37.0,0.6
5053,07/2015,996,111851.8841224893,9361.932100364405,M,41.0,0.5
5054,07/2015,836,95113.28257643498,8965.123161051833,,55.4,0.2
5055,07/2015,840,120516.07082340875,9072.696909326787,M,35.8,0.3
5056,07/2015,459,116246.00415928502,8142.137567435828,M,36.2,0.4
5057,07/2015,611,118304.94161914036,8808.084909037423,M,62.4,0.4
5058,07/2015,467,82679.96247784617,8338.146076975656,M,,0.5
5059,07/2015,786,103509.64018026045,7823.732962708069,M,46.5,0.0
5060,07/2015,23,60876.09937941426,7129.8229194469495,M,51.4,0.9
5061,07/2015,302,123593.76077029615,10416.303985118548,M,47.2,0.2
5062,07/2015,289,91153.67607477338,7637.798003211299,M,39.5,0.5
5063,07/2015,155,94173.04259796283,8011.851533840509,M,57.3,0.4
5064,07/2015,327,90950.12931561934,7793.695116369333,M,51.8,0.8
5065,07/2015,114,92475.73140897945,7791.56259921181,M,61.1,0.9
5066,07/2015,756,84717.68962973956,7359.206010533993,,54.8,0.3
5067,07/2015,880,90209.53279120888,8381.200451945686,M,45.6,0.6
5068,07/2015,660,82421.33865810212,6159.705885063804,M,56.5,0.9
5069,07/2015,454,77368.51777737273,9120.83605463184,M,40.2,0.2
5070,07/2015,969,76908.13201502929,7719.8488899102285,F,62.8,0.7
5071,07/2015,176,77116.61788401299,7365.731429451882,M,35.8,0.9
5072,07/2015,432,71372.35422214154,7541.401147139438,M,47.3,0.9
5073,07/2015,531,98978.03855705651,9739.33834831347,M,46.6,0.9
5074,07/2015,101,100876.95561294204,6209.907221805973,M,,0.9
5075,07/2015,738,70101.7332010485,9470.799327844365,M,36.7,0.3
5076,07/2015,271,133183.49456651555,9942.582635414583,M,64.8,0.4
5077,07/2015,423,87082.8004575984,9704.039131971564,M,59.1,0.6
5078,07/2015,765,79719.97716004221,8469.59204632776,M,47.8,0.8
5079,07/2015,691,74489.90886786909,7477.928044774546,M,44.8,0.4
5080,07/2015,533,88159.09425048462,9825.887124994719,,35.8,0.1
5081,07/2015,716,113629.06658123528,9870.748220995316,M,39.8,1.0
5082,07/2015,922,68575.95547997975,7599.762547927045,M,58.5,0.8
5083,07/2015,174,79568.45761369896,9903.703676048914,M,46.1,0.9
5084,07/2015,200,69652.38999503928,7152.617361987124,M,39.0,0.7
5085,07/2015,316,98787.85732594985,9696.989396674218,M,34.8,0.2
5086,07/2015,307,65855.8083929186,7890.870156497988,M,65.0,0.7
5087,07/2015,882,62103.777395147,7572.205316773216,M,33.7,0.6
5088,07/2015,706,101403.08268691011,8262.095589148183,M,51.7,0.3
5089,07/2015,829,83536.22702878942,8581.027206606113,M,35.3,0.5
5090,07/2015,719,106441.42177512635,7805.913667063561,M,32.6,1.0
5091,07/2015,935,97832.05589081062,9579.98715724535,M,38.9,0.3
5092,07/2015,68,94674.9079235264,8224.513468749014,F,35.8,1.0
5093,07/2015,815,78858.85464322973,8844.237641360594,,64.2,0.3
5094,07/2015,747,123500.22421922338,10061.516170793955,M,43.6,0.7
5095,07/2015,798,69854.33619665576,7446.529446624451,M,35.3,0.4
5096,07/2015,865,62165.77132698192,7112.32082324393,M,58.5,0.3
5097,07/2015,399,89855.27616823395,8992.366076789007,M,53.1,0.9
5098,07/2015,509,105690.18637496937,9621.979859933113,M,46.7,0.5
5099,07/2015,308,84341.39951062105,8934.741599893363,M,48.1,0.9
5100,07/2015,502,99042.5530844361,8203.209758987554,M,61.5,7.9
5101,07/2015,81,71583.05962116366,7352.298266262638,M,42.4,14.4
5102,07/2015,814,103820.86351353825,8154.674056797696,M,33.1,18.7
5103,07/2015,666,130730.475227461,10262.75127590073,M,35.3,8.7
5104,07/2015,205,68607.1998727255,9152.92060262047,M,56.6,9.9
5105,07/2015,759,81918.13861729176,7874.125691138953,M,44.5,3.4
5106,07/2015,96,141421.3532969331,10498.618315610427,M,37.2,9.4
5107,07/2015,671,114507.11251735357,9638.058438163855,M,61.4,16.8
5108,07/2015,100,84799.86961372093,9466.31711883038,M,38.1,17.2
5109,07/2015,321,71819.50025058853,7718.366267836509,M,,10.1
5110,07/2015,602,100628.11603718916,7638.62119731664,M,37.3,17.8
5111,07/2015,453,71576.39628456607,7693.9758594928335,F,60.6,5.4
5112,07/2015,396,98329.04751611009,8994.513389628624,M,33.1,12.5
5113,07/2015,113,93750.07688670323,8389.048964408013,M,,16.9
5114,07/2015,988,67185.56736173933,8136.044534504331,M,32.9,11.3
5115,07/2015,956,80399.06704656016,8264.994888292846,M,65.3,15.6
5116,07/2015,59,82249.48747629288,9604.955194717904,M,46.9,8.1
5117,07/2015,593,111448.0313873961,9294.223782375457,M,43.4,15.5
5118,07/2015,10,110800.57171623966,9196.775982632309,M,45.5,6.4
5119,07/2015,196,76139.23377324306,8782.906060866979,M,46.2,4.3
5120,07/2015,38,66192.67327812008,8509.277025862453,,51.3,5.9
5121,07/2015,625,90702.72581881046,7357.030858758452,M,57.7,13.8
5122,07/2015,570,74224.57647109494,8307.188239224051,M,47.1,16.8
5123,07/2015,745,74425.40374286009,7922.522107251206,M,51.3,15.9
5124,07/2015,764,104699.7442823324,8545.51547973655,M,47.3,15.0
5125,07/2015,66,101661.1385590349,10183.54666436884,M,40.0,18.9
5126,07/2015,84,96424.52334252658,8007.081561482745,,36.5,18.8
5127,07/2015,462,97751.90444729557,8967.676906521207,,39.3,10.3
5128,07/2015,952,81965.79862395306,8709.420692593632,M,56.4,4.4
5129,07/2015,970,73995.57855466902,7477.353042678878,M,34.0,11.4
5130,07/2015,333,80148.26631993256,7830.932501795206,M,50.1,8.4
5131,07/2015,274,82471.73951996412,7859.363290440742,M,63.7,8.6
5132,07/2015,981,80154.87029966713,7807.180731733834,M,62.2,1.6
5133,07/2015,110,98770.46394020996,10677.13874605309,M,59.4,15.7
5134,07/2015,383,98650.8838474159,8571.587572720218,M,37.5,15.6
5135,07/2015,542,93605.96498698983,9889.780840733603,M,35.2,7.8
5136,07/2015,787,56000.57719933137,7416.304335561297,M,59.9,12.3
5137,07/2015,57,110619.40612515359,7945.271811898932,M,65.6,16.7
5138,07/2015,412,114157.92410543951,10727.472896741565,M,59.3,4.6
5139,07/2015,177,79031.16194581064,7380.355099008024,M,41.0,1.9
5140,07/2015,560,107921.28303595608,8124.8900470287335,M,41.8,12.4
5141,07/2015,398,84362.68830828277,9133.925316177343,M,52.0,4.8
5142,07/2015,916,73951.29516357256,7604.772663799042,M,65.1,18.0
5143,07/2015,965,86555.5473799733,9030.361450869243,M,65.8,5.6
5144,07/2015,746,92479.82891392538,9089.8314333929,M,48.2,1.6
5145,07/2015,912,100586.60341625357,9036.290086134795,M,55.6,16.5
5146,07/2015,257,79479.29860507304,9187.600880280932,M,36.1,4.5
5147,07/2015,727,86843.24459153264,8857.199598927626,M,53.5,16.6
5148,07/2015,144,88355.809859645,8962.485392423614,M,43.3,7.4
5149,07/2015,164,93501.19069711167,8644.230618527366,M,39.8,10.5
5150,07/2015,48,77905.8459814403,8497.772989373196,M,63.4,11.9
5151,07/2015,872,82485.03077187933,9268.327426107693,M,50.2,11.6
5152,07/2015,391,89547.46987974505,10000.94408423471,M,47.8,2.2
5153,07/2015,703,97734.68399615315,10616.980506587199,M,,7.8
5154,07/2015,504,121144.69020578678,9978.78583069116,M,40.0,1.8
5155,07/2015,876,100256.03403893969,8445.14939753734,M,34.7,5.8
5156,07/2015,69,73168.82497644803,8914.154121552201,M,57.1,11.5
5157,07/2015,736,92295.62089514355,8859.461133852665,M,43.1,13.3
5158,07/2015,899,104304.4722546303,8340.72009371149,M,58.6,10.2
5159,07/2015,219,88337.6958074602,8672.061567565323,M,39.4,17.3
5160,07/2015,451,77652.4194094169,9702.054134770036,M,47.1,10.2
5161,07/2015,407,75476.12987508715,9418.605742131735,M,46.4,2.4
5162,07/2015,735,75048.96631799273,9336.139443095912,M,54.1,4.8
5163,07/2015,249,100567.86597975752,7850.5728079821,M,60.9,8.2
5164,07/2015,145,101480.62782427731,8965.413440514621,M,49.4,7.5
5165,07/2015,12,81750.9690669024,7961.264876878596,M,59.0,15.6
5166,07/2015,724,82265.537362389,9097.27876469097,F,47.8,16.0
5167,07/2015,728,72410.73046609145,8025.249163761054,M,57.5,2.9
5168,07/2015,948,83258.35580877418,9059.90532199089,M,37.5,3.6
5169,07/2015,464,79882.9935004417,8600.695390535366,M,58.4,6.4
5170,07/2015,278,118778.3200290516,9148.58482091077,,47.4,10.8
5171,07/2015,89,123037.90379868631,9659.262217890704,M,42.9,7.5
5172,07/2015,124,66457.14976368142,7951.959027546552,M,35.2,9.5
5173,07/2015,185,105990.63457872518,10241.125811052638,M,35.5,14.5
5174,07/2015,514,99789.5830313771,9047.120980908587,M,45.0,12.9
5175,07/2015,651,70497.33644666935,7591.4154826566955,M,39.2,8.3
5176,07/2015,669,71338.81788216993,7835.032981821952,M,52.7,13.9
5177,07/2015,97,66567.40770009138,6820.233333082025,M,62.2,11.0
5178,07/2015,924,96000.42695972038,7951.752221118436,M,64.5,11.3
5179,07/2015,323,90835.29529397878,7342.638578263414,F,48.5,8.9
5180,07/2015,643,85764.90085671177,8075.12623842555,M,35.7,16.0
5181,07/2015,890,101796.91272539711,8725.436768286321,M,55.4,17.6
5182,07/2015,929,99351.10471257255,9423.613424363943,M,41.7,4.4
5183,07/2015,670,84381.27441935867,9182.733709240589,M,36.1,8.3
5184,07/2015,181,93081.2676992853,8522.906100831258,M,36.8,10.0
5185,07/2015,963,78330.92066814894,8068.986536191337,M,50.0,10.8
5186,07/2015,997,99411.3364573684,8902.027801113118,M,61.6,10.5
5187,07/2015,858,61188.49489418632,7701.2706004700285,M,38.2,1.5
5188,07/2015,403,90838.6457001735,7559.497798543369,M,45.4,7.8
5189,07/2015,572,78547.7091914379,8250.553194076547,M,,7.6
5190,07/2015,754,70782.57859277222,8699.22958483359,M,55.8,11.8
5191,07/2015,72,88907.72124268548,8840.186815734203,M,46.7,11.5
5192,07/2015,283,70113.76548311279,7800.103298620465,M,57.9,9.6
5193,07/2015,705,77341.61628567084,6870.951138590017,M,46.5,1.7
5194,07/2015,983,94178.31657047145,8795.383391467054,M,36.0,14.7
5195,07/2015,305,76148.67602911692,8069.653150913402,M,63.1,4.2
5196,07/2015,857,89730.13326786709,10004.938121630576,M,37.8,3.3
5197,07/2015,74,79799.90289816112,9584.030705235493,M,37.2,15.0
5198,07/2015,824,104626.00557692087,8840.423147296442,M,56.3,2.9
5199,07/2015,231,77326.41410373959,8316.279133486738,,42.2,17.8
5200,07/2015,130,116615.56068566503,9210.279811828763,M,59.5,15.0
5201,07/2015,248,73727.86837583901,7771.945190640131,M,36.4,14.8
5202,07/2015,149,88008.14613188036,8185.759944263175,M,52.6,5.5
5203,07/2015,329,77894.01230020105,7657.522412672295,M,43.4,4.5
5204,07/2015,582,77896.79889547134,10123.738216660406,M,46.1,4.4
5205,07/2015,328,82084.57419395407,8823.52138093462,M,39.4,11.4
5206,07/2015,779,86130.41201166328,9157.70077358644,M,,18.0
5207,07/2015,807,87376.85183438282,8171.109075502844,M,,12.8
5208,07/2015,821,104136.10842704108,7298.571591358317,M,55.6,4.4
5209,07/2015,366,62979.04483621798,7487.767402621861,M,42.9,7.5
5210,07/2015,433,65296.75491282842,8369.478450020808,M,37.5,8.6
5211,07/2015,371,83679.92403524465,8899.038305611608,M,52.2,5.6
5212,07/2015,384,84372.85890670623,7398.947816820688,M,43.5,2.5
5213,07/2015,632,77231.51428710565,7370.7793151510205,M,35.3,14.1
5214,07/2015,861,111848.73600845333,8946.494514370504,M,48.3,12.6
5215,07/2015,65,86322.30798512815,9248.289294510347,,46.8,15.7
5216,07/2015,877,74974.1608327579,6467.20434245883,M,40.8,16.7
5217,07/2015,244,93259.0330380424,7948.446578467775,M,40.5,3.1
5218,07/2015,863,79801.97281473472,9126.799990880743,M,48.7,17.6
5219,07/2015,350,67781.65761506186,7208.058188562048,M,52.6,18.5
5220,07/2015,160,70640.06956790085,8904.449571110985,M,34.9,18.1
5221,07/2015,45,138048.10390817907,10266.211387132424,M,40.4,11.4
5222,07/2015,497,84874.99310901776,6983.844085523504,,46.3,11.7
5223,07/2015,237,103514.4740686976,8910.391891937028,M,39.1,10.7
5224,07/2015,9,81979.85564357754,9306.95708446715,M,50.3,8.9
5225,07/2015,172,78157.32226498549,7620.190168394688,M,55.4,10.6
5226,07/2015,918,122127.99762462544,8340.918140722259,M,45.0,2.6
5227,07/2015,950,106288.92268819723,10421.440933504671,M,34.7,6.3
5228,07/2015,134,114984.65296123114,10988.388815057724,M,64.7,6.2
5229,07/2015,140,90686.00538552589,7491.4204647534425,M,,14.0
5230,07/2015,238,77874.98605036312,8411.970163481701,M,61.8,3.6
5231,07/2015,567,66142.06552203665,6904.770124962346,M,49.1,15.0
5232,07/2015,146,82015.64120803715,10400.975049112822,M,38.1,5.6
5233,07/2015,519,94038.91108021824,7978.0122629616535,,42.7,1.7
5234,07/2015,428,72796.83568605558,7970.823751565088,M,37.0,13.8
5235,07/2015,612,73965.99601199875,7924.788702186471,M,56.8,10.3
5236,07/2015,153,98459.75356594894,8594.457086384666,M,32.3,18.2
5237,07/2015,592,84199.63960433117,8832.061281885028,M,52.6,12.7
5238,07/2015,713,124028.51901038934,8421.598710630236,M,45.8,18.2
5239,07/2015,933,121410.87959626997,10083.899927210932,M,48.6,14.2
5240,07/2015,686,65636.24571683575,7578.32416767947,M,40.8,5.5
5241,07/2015,331,82331.29698464279,7985.946762717503,M,36.7,9.1
5242,07/2015,885,84162.70918326902,7566.001509205014,M,62.8,6.5
5243,07/2015,842,85986.68109200691,8285.753879271,M,48.5,6.3
5244,07/2015,951,106854.98617712114,9252.763633594328,M,65.1,10.5
5245,07/2015,597,75807.10195034537,8405.566722443271,M,60.0,13.1
5246,07/2015,93,111426.5964287328,8327.526912465613,F,38.4,14.3
5247,07/2015,402,86200.56896712522,8361.696130741362,M,35.4,15.1
5248,07/2015,435,71297.49115597198,6525.308409574971,F,60.5,17.1
5249,07/2015,751,85995.54795555164,8440.408220393967,M,55.1,6.5
5250,07/2015,733,78509.56407068494,9008.453903003116,M,52.2,13.6
5251,07/2015,121,91103.29540771456,7886.8921470947,M,58.7,18.4
5252,07/2015,760,78861.24415181008,7717.34017072731,M,47.8,11.1
5253,07/2015,372,84596.8185550195,8462.430437210405,M,33.0,14.3
5254,07/2015,441,74898.33233533827,7993.287044084248,M,51.6,2.3
5255,07/2015,270,97237.85705435603,8869.407844477835,M,40.7,10.1
5256,07/2015,260,80855.15253221265,9699.716805053853,M,34.6,1.1
5257,07/2015,442,94257.75503111542,9022.339695147832,M,61.5,13.5
5258,07/2015,19,83197.54864382789,8411.643688126596,M,,12.4
5259,07/2015,218,102232.33093772165,8677.847532462532,M,60.8,12.0
5260,07/2015,1000,87184.4807737189,7624.739872132812,M,45.2,4.0
5261,07/2015,967,103193.07216757478,9601.24766196956,M,56.6,2.4
5262,07/2015,413,117266.13081597711,8476.4928259403,M,47.8,1.0
5263,07/2015,780,68905.43794750208,9922.440317285424,M,51.8,1.9
5264,07/2015,538,106756.58692798605,8286.90419666576,,44.3,13.5
5265,07/2015,255,91632.74381969532,8643.358749242283,M,50.9,15.2
5266,07/2015,211,118980.15596430612,8899.51228674017,M,36.7,8.5
5267,07/2015,465,63772.14163863775,7629.528469342049,M,62.0,17.2
5268,07/2015,583,76517.17003633098,8777.96521368563,M,39.0,8.2
5269,07/2015,489,65879.52977963386,6899.070361320266,M,39.7,17.4
5270,07/2015,353,84525.22874276494,8835.122750736664,M,65.9,5.3
5271,07/2015,415,79989.03062368752,8181.537403023637,M,62.5,7.1
5272,07/2015,594,85442.23799237469,8358.601576111703,F,44.6,12.7
5273,07/2015,957,79934.28554287039,8279.955346625018,M,55.4,5.3
5274,07/2015,394,72490.39171212699,8194.654085888973,M,56.1,5.1
5275,07/2015,674,104946.64863983252,8289.230336111232,M,61.2,16.6
5276,07/2015,646,104038.87089373796,8962.241867745799,M,35.1,10.2
5277,07/2015,972,71315.88597278364,8599.268008466011,M,65.6,1.6
5278,07/2015,791,137327.98441176343,10927.51319975877,M,60.0,8.0
5279,07/2015,78,103299.8783495486,9214.800895322136,M,36.8,7.9
5280,07/2015,548,84982.80859900739,7180.115256076151,M,52.2,12.5
5281,07/2015,536,86433.09831741346,8071.698124288492,M,55.4,3.4
5282,07/2015,621,100751.0632956053,9746.206331793797,M,54.8,1.7
5283,07/2015,762,79445.90532337636,8140.966690641715,M,47.3,14.9
5284,07/2015,516,101350.42107413853,9655.489051746861,M,65.6,18.0
5285,07/2015,216,77114.30602498315,8085.500989421922,M,36.4,14.5
5286,07/2015,635,86512.48006712853,7910.319470499987,M,55.3,14.8
5287,07/2015,926,86989.12237435182,7786.200612277134,M,43.2,14.0
5288,07/2015,135,85551.67472893129,6779.874903924993,,,10.5
5289,07/2015,387,117066.60913234594,8713.320636612341,M,46.8,16.0
5290,07/2015,925,111088.71439030583,9502.65596227236,M,57.3,5.5
5291,07/2015,85,66229.1646109367,6809.786116688095,M,38.7,16.7
5292,07/2015,586,77378.76669080183,10748.882296557718,M,32.2,7.8
5293,07/2015,571,73777.70181573853,7741.046099603617,M,53.2,13.8
5294,07/2015,855,91078.51858933904,9389.961714885356,M,64.2,15.2
5295,07/2015,685,98147.92520853809,7045.630643273675,M,47.0,7.8
5296,07/2015,63,123951.45413875338,9800.218379893624,M,61.6,12.5
5297,07/2015,264,80941.77586241567,8774.30657841667,M,59.1,12.7
5298,07/2015,701,116431.06966014096,9747.826927263479,M,37.3,10.7
5299,07/2015,73,86984.45391920363,7517.515855105849,M,48.6,14.7
5300,07/2015,478,96472.4382263177,8281.059101847695,M,35.7,7.8
5301,07/2015,661,87557.64918020806,8253.883280340991,M,57.1,1.7
5302,07/2015,228,124091.94630898722,8147.227619821485,M,48.1,9.5
5303,07/2015,309,110490.62702340461,10120.738206434726,M,38.3,14.6
5304,07/2015,382,73589.36555009845,6656.730146757043,M,34.4,10.9
5305,07/2015,914,107647.04330812173,10222.857940604968,M,54.5,6.4
5306,07/2015,170,88544.39789476375,8476.034631829243,M,34.1,16.2
5307,07/2015,808,95435.82395124594,8936.03536655657,M,45.2,4.6
5308,07/2015,279,130444.40632490221,9290.032019750062,M,44.9,3.9
5309,07/2015,852,90847.0491917962,8779.972717354547,F,37.4,13.3
5310,07/2015,258,67167.6417736618,8310.736261595188,M,43.5,6.3
5311,07/2015,920,111789.91463626664,8987.364810063347,,64.9,14.6
5312,07/2015,167,90875.61445758847,9828.702107388322,M,37.0,6.7
5313,07/2015,229,104449.75322631301,8210.278274273001,M,55.1,7.9
5314,07/2015,293,77003.64472278755,9423.830516470702,M,44.9,10.8
5315,07/2015,569,79323.06368762859,7759.418483828612,M,39.7,13.3
5316,07/2015,39,74518.68629641342,8671.45649882771,M,58.6,1.1
5317,07/2015,562,88416.66818861153,8483.121078289998,M,43.4,10.0
5318,07/2015,819,84276.52986973038,8247.202611456747,M,33.6,15.2
5319,07/2015,652,88145.27506477482,9023.46859055557,,43.2,1.1
5320,07/2015,827,105775.34796266464,7378.190803629807,M,65.0,3.2
5321,07/2015,915,91148.90705766263,9429.468098376274,M,47.0,13.0
5322,07/2015,35,106504.80761797406,9626.84706265864,M,53.3,4.0
5323,07/2015,358,103537.72062840562,9461.794529668567,M,35.8,18.3
5324,07/2015,867,103305.43924513394,9016.285434785,M,53.5,10.1
5325,07/2015,979,86862.8554741403,9493.079239713905,M,64.3,9.9
5326,07/2015,599,80260.84798855531,8158.727084841507,M,,18.4
5327,07/2015,470,67725.59877650993,7118.727861014113,M,45.0,3.5
5328,07/2015,903,83220.59413296235,8720.799478050241,M,,16.7
5329,07/2015,420,87924.39869580361,8089.274361374424,M,56.3,5.9
5330,07/2015,150,90406.59868305984,9018.752179417785,M,,10.2
5331,07/2015,631,118694.30978224955,9485.717706527626,M,43.4,6.2
5332,07/2015,616,89010.0539125437,7566.000496337635,M,61.5,8.8
5333,07/2015,373,96456.49768513026,8057.762590509223,M,60.9,5.9
5334,07/2015,577,62261.744842553024,6777.533428707914,M,42.5,15.7
5335,07/2015,901,78478.87626780427,9205.530408694467,M,56.5,9.0
5336,07/2015,55,81924.55468973413,9157.446329206206,M,34.9,2.7
5337,07/2015,908,106702.38259786135,6891.499234440662,M,39.6,15.1
5338,07/2015,883,103476.72456054194,10538.90601671911,M,,15.3
5339,07/2015,522,126373.06491979983,10244.367869209465,M,52.2,14.7
5340,07/2015,811,62528.0588468851,7285.966416894899,M,,18.6
5341,07/2015,137,94768.5351389366,8122.485384853982,M,58.3,17.6
5342,07/2015,600,100454.56739126188,9261.015456033172,M,38.4,17.2
5343,07/2015,673,84613.0626624007,7613.254796180484,M,49.1,5.2
5344,07/2015,575,112331.55759557745,7556.64005349943,M,32.9,10.9
5345,07/2015,469,102371.72542940846,7913.301482945702,M,64.1,10.3
5346,07/2015,698,83609.9168404837,7603.884518400652,M,62.6,5.0
5347,07/2015,245,95167.56983573838,8797.039787772848,M,60.9,13.2
5348,07/2015,363,85109.67700320396,8768.167396616645,M,45.2,1.3
5349,07/2015,911,94940.05835578236,8557.219715081017,M,53.9,13.9
5350,07/2015,343,64750.7239805035,7946.557078564599,M,63.1,16.4
5351,07/2015,886,88468.55175884813,9252.847510908772,M,59.7,10.7
5352,07/2015,262,79240.93902741204,9619.589611978321,M,64.6,14.7
5353,07/2015,222,62236.13541003907,6672.3414455664815,M,39.2,11.6
5354,07/2015,731,84538.98482672137,7185.257614816978,,35.2,7.5
5355,07/2015,31,101158.23238674577,8342.122671193922,,36.7,16.8
5356,07/2015,32,91256.13981610202,7425.805401399222,M,55.5,2.4
5357,07/2015,545,112597.77178902258,8231.597799055307,M,42.4,3.8
5358,07/2015,553,66149.23336017608,7486.040670636005,M,35.3,1.8
5359,07/2015,284,87987.83452272209,8918.480531820642,M,40.5,14.4
5360,07/2015,94,100211.60242927431,8891.637037900407,M,,9.2
5361,07/2015,472,86224.00349050961,8708.708432064972,,40.5,8.5
5362,07/2015,748,77789.38176076654,8424.373828526723,F,40.7,14.3
5363,07/2015,3,91561.38138049,8057.0525128947675,M,49.3,4.7
5364,07/2015,676,88650.56368584344,8470.576161815745,M,43.8,17.0
5365,07/2015,233,86754.22498441089,9064.658075821924,M,38.2,12.8
5366,07/2015,919,85977.67282423296,8927.2990574024,M,34.6,11.6
5367,07/2015,54,86909.97624672795,8025.8927167854845,M,57.6,1.3
5368,07/2015,95,79986.23845187548,8641.838506608872,M,55.1,14.3
5369,07/2015,818,67020.69207475148,7741.65180626542,M,,4.6
5370,07/2015,349,105583.83015109759,9447.874078161152,M,63.1,16.7
5371,07/2015,224,79200.51842868689,7035.674924111312,M,42.2,9.8
5372,07/2015,526,90951.99108173483,7621.873977920038,M,62.7,18.8
5373,07/2015,613,86116.63481434598,9417.691329453768,M,50.9,2.5
5374,07/2015,845,94260.39657499752,8852.10841402783,M,,5.5
5375,07/2015,894,117375.86265019416,9630.927661219286,M,47.3,18.1
5376,07/2015,419,91848.35075876731,9395.227205721583,M,,18.2
5377,07/2015,707,112564.5803967473,9840.607912893052,M,56.4,12.6
5378,07/2015,426,78066.67272983957,6738.420688011125,M,43.0,7.2
5379,07/2015,427,88582.29666054371,8377.060608929422,M,48.1,3.4
5380,07/2015,978,100357.17677090231,8843.968869108887,M,40.8,8.0
5381,07/2015,610,88810.94949684464,8209.67384962568,M,64.5,8.9
5382,07/2015,76,105686.80794892735,8578.954235406678,,46.8,11.5
5383,07/2015,629,116581.37385953497,8451.949787719546,M,46.4,15.7
5384,07/2015,326,76722.6140022246,8628.04594680418,M,32.6,1.6
5385,07/2015,875,94468.46590043903,10422.181463610761,,42.4,16.3
5386,07/2015,409,93699.49905398973,9343.940679444453,M,45.0,14.6
5387,07/2015,940,87633.25544888651,6472.625048021073,M,53.9,9.6
5388,07/2015,642,96506.69172223254,8506.657876553467,M,43.3,8.4
5389,07/2015,14,61026.16298054446,7692.322407517562,M,56.5,1.7
5390,07/2015,129,98622.13307412122,9468.484269020864,M,35.6,11.3
5391,07/2015,474,95484.68293452782,9365.962622667059,M,56.2,13.1
5392,07/2015,312,89976.45810763857,8244.240911350644,M,61.2,13.4
5393,07/2015,708,76504.41650690399,7340.633592889751,M,40.4,1.6
5394,07/2015,30,85540.0348323813,7546.623252590266,M,46.1,9.2
5395,07/2015,161,84174.17536583694,8301.122399881258,M,51.3,2.9
5396,07/2015,839,131997.31163335717,9974.480771061615,M,36.7,1.6
5397,07/2015,400,68278.78910825124,7406.944309829073,,58.4,10.9
5398,07/2015,375,89112.52440588793,8996.808734967906,M,43.3,18.2
5399,07/2015,298,124010.37789414462,10305.3135988134,M,39.2,11.8
5400,07/2015,29,77966.56897919216,8634.454146799339,M,46.5,10.7
5401,07/2015,679,87891.4817397474,7519.841603879221,M,32.7,10.4
5402,07/2015,422,112741.28479600251,9619.946154142057,M,50.1,11.6
5403,07/2015,50,104814.21055841571,8561.639660886718,M,53.7,9.0
5404,07/2015,804,87080.73259993643,7191.463276500815,M,32.4,13.2
5405,07/2015,627,69877.27261698399,8205.450177944604,M,41.2,15.2
5406,07/2015,874,90849.24249684566,9753.628847639939,M,38.0,2.2
5407,07/2015,165,120529.05390616172,9777.352500601402,F,50.4,17.6
5408,07/2015,905,117829.67899262799,8997.160806024813,M,32.6,15.8
5409,07/2015,37,80657.6065350402,8444.2641892338,M,43.8,12.4
5410,07/2015,501,76086.55606974133,7825.841781793853,M,47.7,9.3
5411,07/2015,529,81819.51507050799,8402.779291258383,M,47.6,6.1
5412,07/2015,774,69648.05712914112,7922.808043635317,M,62.2,17.0
5413,07/2015,772,84135.44716252285,9391.837631226264,M,47.7,8.2
5414,07/2015,773,108282.51540830787,8724.698979308914,M,,14.6
5415,07/2015,388,96039.9528085214,9592.559080422028,M,,1.6
5416,07/2015,194,94849.71820299073,8436.254829488109,M,65.8,18.7
5417,07/2015,778,76871.61936250173,8405.712420389174,M,62.7,4.5
5418,07/2015,830,76992.13647466346,8872.926818163764,M,49.8,5.2
5419,07/2015,655,90356.42046763678,9641.994186967875,M,51.5,7.7
5420,07/2015,461,102785.39799332556,8811.773289068517,M,64.8,2.5
5421,07/2015,927,86672.29194616065,8032.286369261228,M,53.3,9.6
5422,07/2015,90,72505.86803444322,8327.588172192121,M,60.6,11.5
5423,07/2015,348,123074.43007145455,9576.945212430435,M,60.8,1.0
5424,07/2015,313,69117.48776090698,7968.735077311228,M,53.1,14.1
5425,07/2015,590,64937.41572004302,7899.059476866475,M,40.8,4.2
5426,07/2015,179,85706.23032817667,7316.0437263216145,,52.8,15.2
5427,07/2015,496,99335.36126203965,8394.461248923002,M,58.0,17.3
5428,07/2015,517,82857.7202491218,8887.20017572538,M,46.1,16.4
5429,07/2015,744,107848.53177841901,8520.872626429473,M,48.2,14.3
5430,07/2015,682,95807.71144411754,9422.571029254523,M,46.5,10.8
5431,07/2015,809,79033.99532523703,9496.767493406345,M,40.3,17.8
5432,07/2015,658,80927.94053522291,8687.575449902351,M,46.5,11.6
5433,07/2015,158,94958.21422187782,8637.080932972052,M,,3.0
5434,07/2015,357,84754.6044284065,8850.20912563451,M,42.8,9.0
5435,07/2015,221,92030.84450766272,9697.954340991419,M,64.0,3.7
5436,07/2015,633,112182.11431248482,8358.0713163718,F,46.4,2.6
5437,07/2015,721,77496.85818218997,7456.16263029918,M,36.7,14.4
5438,07/2015,783,90175.17710509784,8574.057901890532,M,43.3,9.7
5439,07/2015,304,94259.13512274619,9047.977148892593,M,60.5,17.7
5440,07/2015,789,94936.22280715637,8213.37887227498,F,39.7,8.0
5441,07/2015,486,86233.94292406447,7655.805398818587,M,56.4,5.1
5442,07/2015,580,69567.68756985325,7107.624587123633,M,63.8,10.4
5443,07/2015,6,78238.20208973887,7553.312371180277,M,35.5,15.1
5444,07/2015,934,112419.61557263878,8687.593408246621,M,32.4,13.9
5445,07/2015,645,94738.49330798099,8144.909010053742,M,52.4,2.3
5446,07/2015,206,68180.09918176068,6110.249635517136,M,64.2,5.3
5447,07/2015,401,72621.1703234288,7003.433765326064,M,,13.2
5448,07/2015,826,102220.97876371046,8109.759406201151,M,33.8,5.3
5449,07/2015,83,76621.19422629422,8408.931815947235,M,65.4,8.2
5450,07/2015,183,70646.88301865064,8339.792907162198,M,41.2,14.6
5451,07/2015,42,80802.31154966194,7593.341854725586,M,56.3,13.9
5452,07/2015,722,84487.54851166207,8673.701283275585,M,45.4,18.3
5453,07/2015,503,84649.98505998959,8866.696303615434,M,,18.0
5454,07/2015,620,97106.28592803513,9414.855613911624,M,57.3,1.6
5455,07/2015,755,86192.4094296211,7828.860617711807,M,53.1,14.7
5456,07/2015,873,79496.44075772379,8601.189850321296,M,33.1,16.5
5457,07/2015,781,82464.32926235753,7665.849067746714,M,33.4,14.1
5458,07/2015,40,98920.75980220697,9043.507814448298,M,36.4,9.0
5459,07/2015,240,76061.73843515877,8008.166260716782,M,,5.8
5460,07/2015,436,76721.33228165407,8145.503574525093,,37.8,12.0
5461,07/2015,320,80529.75877337046,6394.598476364523,M,43.1,14.4
5462,07/2015,723,87157.27723409544,8913.212452821053,,,3.7
5463,07/2015,947,99261.81575233166,9414.400371930431,M,41.6,14.9
5464,07/2015,168,117379.9392696582,11145.126085583594,M,60.0,11.2
5465,07/2015,259,63579.03723775725,6695.450712913376,M,60.8,2.7
5466,07/2015,913,74244.48615525672,6913.193392811442,M,53.6,9.3
5467,07/2015,985,63646.84135097129,7270.417104142983,M,51.8,15.1
5468,07/2015,539,111751.18527048858,9306.698556552697,M,41.5,10.6
5469,07/2015,975,78261.33641573146,7948.4835574976105,M,46.1,9.3
5470,07/2015,771,100645.20979264699,8931.969459848724,M,59.1,12.7
5471,07/2015,566,97493.69820571944,9007.801952983578,M,,11.7
5472,07/2015,325,95057.53096735095,7579.80605122388,M,59.5,7.6
5473,07/2015,813,120954.87585062278,8950.997967244108,M,56.3,16.7
5474,07/2015,253,101773.44905442694,9127.41312386165,F,52.5,18.0
5475,07/2015,817,93716.49670431014,8984.43518038674,M,35.7,7.4
5476,07/2015,958,89606.34664658019,6787.538802369913,M,42.6,2.3
5477,07/2015,564,101453.55057501481,10039.121995712383,M,36.5,18.6
5478,07/2015,448,77225.99952399945,7667.636353818687,M,51.5,15.3
5479,07/2015,322,80539.48154655362,8206.171915011388,M,45.2,13.4
5480,07/2015,909,72896.52208664764,7516.195675084859,F,45.0,18.5
5481,07/2015,208,103974.24930021027,8761.136369267982,M,57.5,3.7
5482,07/2015,306,112850.06529616039,9220.261380892167,M,57.0,16.2
5483,07/2015,471,108275.26118554069,9560.52381897211,M,64.4,4.4
5484,07/2015,833,66892.48111436154,8512.775168588108,M,45.8,14.0
5485,07/2015,518,106410.44491127302,9376.437651658927,M,55.0,16.6
5486,07/2015,607,93477.36576864247,7816.087562304155,M,34.1,13.1
5487,07/2015,743,116491.44511065667,10352.738635281195,M,55.6,1.1
5488,07/2015,431,80499.58446423298,7900.820807270408,M,42.5,3.0
5489,07/2015,554,114574.89672639781,8735.37921498608,M,40.1,9.5
5490,07/2015,866,102300.6281819065,7676.698155720756,M,35.4,6.1
5491,07/2015,740,65520.50194653681,7486.257160998259,M,54.5,9.9
5492,07/2015,534,116039.21055558187,9363.371661970094,M,63.4,16.5
5493,07/2015,681,80707.84866240801,6870.024796469398,M,56.8,4.5
5494,07/2015,694,77967.2867775039,8146.643865461174,M,56.6,8.8
5495,07/2015,557,94827.413507601,8588.735264613093,M,61.4,16.5
5496,07/2015,204,76950.63391669861,8302.212077903387,M,54.7,9.8
5497,07/2015,275,79890.45132427571,8836.482155815553,,34.7,14.8
5498,07/2015,525,116830.5528528947,10680.104251073057,M,39.2,9.1
5499,07/2015,33,87413.20250873565,8165.747140367035,M,55.9,15.2
5500,07/2015,18,75172.18457562866,7904.676188279533,M,36.9,16.0
5501,07/2015,835,75201.07778077945,8604.874908340347,M,,12.8
5502,07/2015,649,98437.61994973994,8233.0724798141,F,41.6,6.4
5503,07/2015,406,69113.02298556824,7379.870030882389,,36.0,1.4
5504,07/2015,640,129148.32404948442,9932.962168222413,,64.7,9.2
5505,07/2015,79,82769.97201273723,7206.058373557744,M,41.3,4.9
5506,07/2015,942,76942.07800366817,8029.281140934913,M,50.2,14.9
5507,07/2015,895,78616.15759298457,7963.49811036693,M,33.5,17.3
5508,07/2015,766,80462.49393318823,6736.107050383268,M,62.4,7.1
5509,07/2015,51,75484.47706055283,8615.216339464369,,39.9,6.9
5510,07/2015,702,80307.43035497674,6977.781308698189,M,57.5,12.7
5511,07/2015,332,100781.30946692487,8408.845753024805,F,55.0,18.7
5512,07/2015,314,68875.43372272718,7163.901447824044,M,49.4,4.0
5513,07/2015,118,71306.46021923087,9144.249886712794,M,39.8,9.3
5514,07/2015,445,133407.94483990915,11219.258355607426,M,59.4,18.6
5515,07/2015,906,91713.89106439169,10157.955126770652,M,57.2,5.3
5516,07/2015,555,106612.11617854977,8952.17691191582,M,62.5,3.5
5517,07/2015,105,84403.85521301335,7139.758027204438,M,48.3,2.2
5518,07/2015,879,65183.47523379278,7207.930576541751,,64.1,3.3
5519,07/2015,175,90358.06399017923,7610.070614787904,M,38.2,7.2
5520,07/2015,367,81535.36637491421,9566.763367471729,M,58.6,5.2
5521,07/2015,810,94028.01930641865,7301.737790855253,M,44.5,2.3
5522,07/2015,892,85045.70364389109,8878.684539078497,M,65.4,15.5
5523,07/2015,964,88285.63930256845,9701.31499102279,M,50.2,6.4
5524,07/2015,946,81444.4778419855,7879.475737676998,M,52.1,6.6
5525,07/2015,547,79217.20623866038,8381.865343497284,M,,7.5
5526,07/2015,999,80393.24976472442,9180.599398086115,M,45.1,14.1
5527,07/2015,953,116331.32846777322,7831.540647664079,M,47.7,14.8
5528,07/2015,202,99699.07960768252,9440.875536602205,M,57.6,4.0
5529,07/2015,345,78205.38369380175,7756.048243338068,M,40.8,12.9
5530,07/2015,718,98282.50673445052,9998.720392173456,M,65.1,1.7
5531,07/2015,276,84794.18924672404,10300.613645496158,M,45.1,18.5
5532,07/2015,768,99629.87441630439,8408.883001742603,M,63.5,6.3
5533,07/2015,411,100698.15462106184,8988.951384540973,M,58.7,2.5
5534,07/2015,192,85997.52127173857,8596.423562076649,M,45.7,5.7
5535,07/2015,115,94726.90864813265,8157.465478785194,M,36.3,17.6
5536,07/2015,162,51641.82454530751,6987.439515741946,M,35.5,12.1
5537,07/2015,636,93598.83946346019,7255.738959738554,F,63.9,7.2
5538,07/2015,870,98565.7159832118,9054.11550846158,M,42.6,2.6
5539,07/2015,468,68864.61838308483,7727.371436834007,M,52.3,3.3
5540,07/2015,490,117513.53475387435,9860.68095770423,M,62.1,12.7
5541,07/2015,558,62864.86679148798,7009.62693005332,M,35.8,9.1
5542,07/2015,662,77144.67526894517,8478.02352152804,M,51.0,6.8
5543,07/2015,834,74509.5579008304,8027.21842609918,M,39.8,1.8
5544,07/2015,907,81747.75638429377,8957.846533736769,F,61.1,3.8
5545,07/2015,15,85851.27573059073,8851.137284010283,M,35.0,4.2
5546,07/2015,588,72398.93147529746,7566.567608935243,F,47.5,14.8
5547,07/2015,859,80638.9655943568,7785.2712803773675,M,44.3,4.2
5548,07/2015,109,78483.37334375503,8004.196601291502,M,45.2,7.3
5549,07/2015,369,60479.70895263977,6799.750705559394,M,36.2,8.9
5550,07/2015,188,74187.6287041627,6182.063427021295,M,33.0,18.5
5551,07/2015,166,89865.01941025506,7789.57362775779,M,,1.3
5552,07/2015,180,89644.33956785193,7278.467455415562,M,48.2,10.8
5553,07/2015,986,99217.94931346671,8750.431251432352,M,34.5,8.6
5554,07/2015,438,81476.08963146199,8808.204858869962,M,37.4,7.0
5555,07/2015,120,94317.99120620458,7421.040811442965,F,49.6,7.2
5556,07/2015,414,65010.819700388354,7067.474430457184,M,38.1,7.7
5557,07/2015,389,78993.86961908026,8375.14616818908,M,58.5,1.7
5558,07/2015,91,104895.85426678728,10088.608053599442,M,33.5,2.7
5559,07/2015,565,75559.43231500425,7970.43577165148,M,44.3,17.2
5560,07/2015,16,79751.34312773807,8117.4043663037855,M,47.8,8.0
5561,07/2015,443,77693.86305470078,7044.415375241424,M,36.6,1.5
5562,07/2015,507,75176.39406230202,8673.126555351811,M,62.1,9.5
5563,07/2015,404,85176.72013320173,9453.964143661096,M,55.1,14.7
5564,07/2015,280,92386.36849415148,8782.014769574145,,60.1,2.4
5565,07/2015,654,76013.20209524782,7876.696964019212,M,55.4,9.7
5566,07/2015,376,71284.32334289003,5820.362465488933,M,37.8,6.4
5567,07/2015,169,91095.65584276301,8115.3212256232955,M,60.7,18.0
5568,07/2015,931,104886.03500745069,9204.791993128256,M,62.2,15.4
5569,07/2015,664,80049.10644935993,8644.454936872447,M,45.7,17.9
5570,07/2015,272,90294.93541602013,9262.03914482096,M,41.3,10.3
5571,07/2015,667,78892.03122711954,9153.624706483877,,53.4,1.7
5572,07/2015,209,76208.08088317649,8400.58056465091,M,47.5,11.3
5573,07/2015,687,68390.17416594867,7534.759738554353,M,43.9,9.8
5574,07/2015,893,77394.11437174169,8696.920913014903,M,38.7,2.4
5575,07/2015,184,92436.41754400278,8347.083360105898,M,46.3,14.7
5576,07/2015,711,88698.77498045709,7364.9834538230925,M,51.6,17.6
5577,07/2015,543,64598.50602699701,6731.8465213521395,M,59.2,12.0
5578,07/2015,864,63288.74137240564,7570.723671948751,M,35.7,8.6
5579,07/2015,995,100898.83950690542,9221.876883662984,M,,3.7
5580,07/2015,563,83145.78490385535,8039.903244750087,M,44.1,7.1
5581,07/2015,58,58423.869319650206,6096.901069923929,M,61.0,6.9
5582,07/2015,46,79461.17486918838,8143.004674060073,M,35.1,13.7
5583,07/2015,226,102254.18682199415,9535.368539307825,M,57.1,8.2
5584,07/2015,286,84352.22058862953,9478.49051268142,M,64.2,16.9
5585,07/2015,475,97944.93190440474,8160.648925439802,M,37.6,9.6
5586,07/2015,578,72294.42576748034,6602.7619695600515,M,55.7,8.8
5587,07/2015,695,69356.15341844161,6292.072244796616,M,40.3,15.1
5588,07/2015,417,98202.52526704442,8919.318022726433,M,44.2,3.6
5589,07/2015,421,82527.09678000762,7626.389271995743,M,51.3,11.2
5590,07/2015,397,85564.10874308328,10725.569268868681,M,,12.9
5591,07/2015,273,81481.01068082928,7090.943023135908,M,43.7,13.2
5592,07/2015,281,86561.69605727453,8519.393886329712,M,58.1,16.5
5593,07/2015,945,50131.8205955233,5504.655511615931,M,40.5,7.3
5594,07/2015,862,81467.677145367,7887.948004293256,F,53.6,4.1
5595,07/2015,232,86722.43488426109,8693.558801432358,M,44.7,13.6
5596,07/2015,550,79594.71083267395,8452.249281753111,,46.4,7.5
5597,07/2015,917,84640.28008359304,8401.399611793822,M,32.3,17.7
5598,07/2015,56,85994.17514535408,7835.029201086716,M,38.6,14.0
5599,07/2015,377,94371.2507583934,8801.140952958556,F,57.8,4.0
5600,07/2015,143,94121.91033100158,7439.000249849755,M,,7.3
5601,07/2015,782,106604.29815651751,10246.552906552093,M,57.1,15.8
5602,07/2015,17,81086.25307312368,8305.33383046537,M,,18.5
5603,07/2015,800,97715.60411792062,10103.36835394116,M,55.4,15.0
5604,07/2015,418,69432.96168697819,6760.802052141597,M,50.6,9.8
5605,07/2015,282,97226.61634695016,9868.167834559848,M,59.1,15.3
5606,07/2015,495,72649.2230394682,8262.57872177373,M,52.5,5.5
5607,07/2015,492,81368.09661842595,8379.856602142625,M,47.2,11.8
5608,07/2015,968,69585.96182214622,7121.9965312775685,,59.5,2.6
5609,07/2015,802,80028.0614851065,8505.972390361609,M,37.0,11.4
5610,07/2015,215,97900.87740211427,10183.5991679978,M,52.5,7.2
5611,07/2015,959,110911.43677712357,9764.209752635197,M,63.1,13.2
5612,07/2015,954,77893.7449583486,8734.12077626516,M,42.1,5.8
5613,07/2015,482,74419.72219547183,8197.327266589564,M,65.9,13.1
5614,07/2015,102,121120.17700464079,8174.142180679031,M,55.2,11.6
5615,07/2015,776,89083.24376684308,9553.568250375603,M,,15.6
5616,07/2015,528,107600.43895495698,9187.035385213969,M,32.7,15.5
5617,07/2015,292,110415.73353825329,8779.313395010302,M,32.6,13.2
5618,07/2015,971,106795.46005354662,8230.981748405546,M,63.6,15.5
5619,07/2015,152,70130.21679224873,8801.92967095306,M,35.5,3.3
5620,07/2015,750,82805.80685062587,8016.4723380644555,M,57.0,16.5
5621,07/2015,199,71106.29296064429,6799.730697914273,M,49.2,13.1
5622,07/2015,154,74126.60908696591,7708.516620857574,M,,6.9
5623,07/2015,675,92304.021972217,7840.31038749163,M,56.2,10.5
5624,07/2015,288,91362.7987588053,8674.459044032135,,47.6,18.3
5625,07/2015,523,81520.86342411285,7605.183622142524,M,32.1,1.2
5626,07/2015,688,80235.3568077774,9161.42218605904,M,41.3,4.0
5627,07/2015,360,89254.3962767618,8507.46357418822,M,49.5,12.0
5628,07/2015,960,127503.47614993942,9344.22388062438,M,55.1,9.8
5629,07/2015,368,67527.73560135893,7365.779661180314,M,53.8,14.7
5630,07/2015,456,87561.73253663916,8568.604995227468,M,55.8,5.9
5631,07/2015,512,64335.460369938126,7834.035715286733,,50.1,15.9
5632,07/2015,650,64352.979311899035,8154.150786600316,M,43.0,12.5
5633,07/2015,380,64989.14101407623,6200.964652230113,M,61.4,1.5
5634,07/2015,139,66671.77393574658,8057.848422273802,M,56.4,8.7
5635,07/2015,994,87944.21629770848,8645.307746881843,M,42.5,2.6
5636,07/2015,689,78070.46566670427,8691.132238102116,M,63.1,2.4
5637,07/2015,243,94400.02756111739,7043.394959642297,M,38.2,16.7
5638,07/2015,148,88584.99780540689,8327.232065715825,M,64.4,9.8
5639,07/2015,252,73667.89816201657,8046.158263550948,M,40.6,14.0
5640,07/2015,265,88859.63443885559,8200.349284844106,M,39.6,3.8
5641,07/2015,362,88288.78261238323,9199.080795146174,M,39.0,3.7
5642,07/2015,336,95963.17597015915,7838.289065587415,M,53.4,15.5
5643,07/2015,928,80853.09250830614,7659.722093070555,M,63.0,14.1
5644,07/2015,515,94567.17391948345,8771.222977882455,M,56.7,9.7
5645,07/2015,483,73309.39464307585,8643.584988986815,M,47.0,12.5
5646,07/2015,395,99851.16792493872,7978.608421980283,M,59.5,16.9
5647,07/2015,758,86526.67171951194,7726.964938438663,M,45.8,3.4
5648,07/2015,361,75209.46782843219,7086.228890137072,,51.1,15.4
5649,07/2015,657,61190.18432502114,7620.441793932561,M,53.9,10.4
5650,07/2015,761,109700.79688741408,9469.741315605877,M,33.4,8.7
5651,07/2015,881,65504.730720282634,7776.870041182154,M,53.5,2.0
5652,07/2015,197,70515.24957226127,8156.6606022397555,M,44.6,12.9
5653,07/2015,290,82514.79793598382,8136.266122050812,M,37.7,4.3
5654,07/2015,742,80745.12577305644,9097.413892696646,M,47.7,1.4
5655,07/2015,848,97539.42410682168,8378.15073842607,M,58.3,10.1
5656,07/2015,820,86392.4344711745,8258.720523386046,M,32.4,14.0
5657,07/2015,122,105214.0959960117,7569.694747464278,M,42.0,5.7
5658,07/2015,340,100396.66977262827,7816.715905677154,,43.5,6.5
5659,07/2015,714,86222.94291195733,8050.042064929935,M,39.5,9.7
5660,07/2015,699,100524.73142785935,9115.701613930407,M,38.8,17.8
5661,07/2015,825,81461.84557258633,7925.383070461896,M,39.7,5.7
5662,07/2015,717,95201.92613809102,7040.727574293716,M,51.8,18.7
5663,07/2015,318,54088.69520067537,6216.7050418885465,M,60.5,9.5
5664,07/2015,104,103948.47766201678,8416.529636394444,,57.0,5.7
5665,07/2015,816,71926.10465538246,7163.229918186511,M,32.0,1.0
5666,07/2015,296,90188.53995179693,9058.704996475148,M,42.2,11.1
5667,07/2015,696,81020.92422590156,7499.864902976868,M,41.1,14.7
5668,07/2015,27,101848.82157766483,8718.761897549666,M,54.5,12.8
5669,07/2015,22,77510.1512370575,8778.323944839458,M,50.2,13.8
5670,07/2015,785,82071.2020788453,8754.58078179727,M,,14.7
5671,07/2015,256,91992.27229800203,9059.561123079327,M,,8.8
5672,07/2015,75,88898.04694318582,8602.194951089657,M,47.3,6.5
5673,07/2015,5,92751.79468641676,8104.8723311999065,M,39.8,4.7
5674,07/2015,217,81933.75454756863,7573.4216173741315,M,64.4,14.8
5675,07/2015,869,128678.3887758752,8903.567069325167,M,38.4,13.3
5676,07/2015,385,88597.49636745409,8799.997448816417,M,44.9,9.4
5677,07/2015,941,97640.07689854196,7661.181443192719,M,35.0,2.8
5678,07/2015,712,92406.41560643229,8150.700917785224,F,,13.8
5679,07/2015,939,74220.44653364626,7582.761927385006,M,49.5,2.4
5680,07/2015,710,97753.00479718593,8042.153151681914,M,57.4,7.4
5681,07/2015,34,84529.22432580947,8526.415479424631,M,,18.6
5682,07/2015,559,113256.02968240323,9026.015763866615,F,62.8,4.7
5683,07/2015,463,65141.995122230575,6930.677311956662,M,48.9,10.3
5684,07/2015,605,88658.37285581855,8992.809622156028,F,63.6,5.9
5685,07/2015,424,82636.16872497438,8152.437920920978,M,49.8,3.8
5686,07/2015,851,89621.17471659466,9252.109614794454,M,43.5,2.4
5687,07/2015,444,86682.3427971015,7837.609612605805,M,45.4,4.1
5688,07/2015,790,110723.46648854925,7847.406693597892,M,37.6,5.0
5689,07/2015,106,82179.57012492782,7988.159439410875,M,42.4,1.2
5690,07/2015,455,142759.75958456658,8766.105134818492,M,,3.9
5691,07/2015,223,73958.65795369989,9302.315984168652,,53.2,5.2
5692,07/2015,242,108320.17910754983,8700.998590566413,F,46.1,14.5
5693,07/2015,77,50928.266331232204,6203.783452092784,M,63.4,8.9
5694,07/2015,961,73448.83137240537,7184.7366044051305,M,62.4,6.9
5695,07/2015,416,73426.71343065216,7514.535189125258,M,50.8,16.2
5696,07/2015,506,77240.97992836834,9038.537690220184,M,38.7,5.6
5697,07/2015,287,133448.4060915409,9469.316837454493,M,40.1,15.2
5698,07/2015,52,101337.65670938636,9347.477864932127,M,55.3,5.2
5699,07/2015,132,89279.97030677977,7187.166232232489,M,60.6,17.3
5700,07/2015,319,101891.2171518186,9458.359318484543,M,42.7,9.7
5701,07/2015,871,91093.28529976087,8260.096647026765,M,,7.2
5702,07/2015,213,97467.67267008354,10013.392242538359,M,40.4,15.2
5703,07/2015,846,73620.87033854649,6713.613566320195,M,33.1,17.2
5704,07/2015,351,68544.22387137532,8222.494773559874,M,53.7,7.8
5705,07/2015,324,84990.18642968818,8808.933559325536,M,54.6,9.8
5706,07/2015,173,72957.49714531837,8404.679655747534,M,46.9,9.3
5707,07/2015,88,107515.0466539421,9084.943202898634,M,43.9,18.0
5708,07/2015,347,89360.54885922944,9187.81041767371,M,,15.2
5709,07/2015,513,93224.01666102924,7795.690250250671,M,42.2,14.3
5710,07/2015,487,67035.09553573918,8286.178229624671,M,32.3,14.8
5711,07/2015,295,89521.14419192332,7743.960415516413,M,46.5,8.4
5712,07/2015,430,64767.48830538693,7015.245863191772,M,,11.6
5713,07/2015,437,90242.6729749387,9434.432603722822,M,35.0,9.8
5714,07/2015,644,154244.44955152203,9516.769956397708,M,60.0,5.4
5715,07/2015,803,114510.67539305438,8650.27873647851,M,39.6,13.8
5716,07/2015,2,101548.3527665846,8545.860667790925,M,65.5,1.0
5717,07/2015,932,94982.56437750041,7910.859461074845,,37.4,12.0
5718,07/2015,843,89726.47059369895,7703.006963060244,F,40.4,15.0
5719,07/2015,138,119816.9657264143,9582.631372278143,M,34.5,5.5
5720,07/2015,356,83846.40925847211,9534.827538577316,M,51.3,12.6
5721,07/2015,466,53664.83363822334,6161.316025684328,M,51.7,13.4
5722,07/2015,729,95026.33220059739,9150.546362859453,M,59.3,9.7
5723,07/2015,535,84558.33682379664,8610.198160762962,M,62.7,2.9
5724,07/2015,715,96789.81281788631,8510.902615093488,M,51.8,5.3
5725,07/2015,70,87699.16426490762,9212.029797323818,F,59.0,4.7
5726,07/2015,485,102196.98401457242,9367.121442437616,M,56.3,15.4
5727,07/2015,128,83861.99199836036,8682.330014557683,M,52.0,5.9
5728,07/2015,587,75814.52267657501,9283.083522182296,M,51.7,9.9
5729,07/2015,142,115666.76102502208,9052.444637347886,,37.3,14.2
5730,07/2015,938,81268.09259382279,8576.56246940343,M,64.5,16.4
5731,07/2015,725,71340.8789254884,7619.140360286532,M,39.9,3.3
5732,07/2015,801,63761.44627366343,7075.056592005739,M,42.7,11.4
5733,07/2015,653,76986.77283978686,9178.18785666259,M,57.7,13.8
5734,07/2015,921,84506.97292269218,9276.025463058693,M,55.5,17.4
5735,07/2015,98,76500.74575551288,7462.703714968117,M,39.4,10.5
5736,07/2015,608,100781.48186867974,8869.300657664631,M,63.9,13.4
5737,07/2015,576,82311.80498340096,8647.310145504396,M,64.1,4.1
5738,07/2015,936,97451.87635809122,8664.388333147557,M,55.9,11.4
5739,07/2015,301,95444.09434917281,8227.806760137404,,33.7,2.0
5740,07/2015,266,87623.12198508575,7902.302676018253,M,36.1,1.4
5741,07/2015,499,105571.39970294363,7752.556352308783,M,32.6,1.0
5742,07/2015,133,103932.64742205603,7739.69206008836,M,43.3,13.8
5743,07/2015,989,117148.84388820479,9497.406619625941,M,,6.4
5744,07/2015,619,94379.02524308665,8123.120290705759,M,55.2,4.2
5745,07/2015,136,111249.24514307636,10089.849218742542,M,58.5,1.0
5746,07/2015,277,62593.29839868819,6821.95979286462,M,33.1,12.5
5747,07/2015,267,79785.64859426761,8148.871736227503,M,52.8,4.8
5748,07/2015,749,110494.78149771702,10982.746956384035,M,40.0,12.2
5749,07/2015,254,77559.17497339704,7448.188159304637,M,57.0,18.2
5750,07/2015,630,71469.52998810193,7297.374517641266,M,45.0,17.3
5751,07/2015,339,111613.4507780252,8771.096764664535,M,41.1,18.1
5752,07/2015,203,81142.3256155057,9285.684482549823,M,59.0,16.3
5753,07/2015,107,71683.84715239069,7110.720806214592,M,49.9,10.0
5754,07/2015,24,78232.32326044474,8698.656358009639,M,33.6,12.8
5755,07/2015,668,111372.68114986921,9528.9517842069,M,,14.9
5756,07/2015,837,109012.01556145347,8782.99441149279,M,36.8,12.8
5757,07/2015,392,113501.83054133056,9450.84864446316,,33.3,4.8
5758,07/2015,330,106736.23599054124,9066.780911141626,M,,2.2
5759,07/2015,151,74410.91753058933,8064.887511080811,M,48.4,18.7
5760,07/2015,856,67439.50746422484,8494.824044280944,M,53.8,16.7
5761,07/2015,976,69663.55352663141,6773.284971443393,M,57.8,1.9
5762,07/2015,831,92886.90174079842,8655.97159240176,M,54.2,8.5
5763,07/2015,991,85872.14726615105,7430.858142400088,M,35.2,11.1
5764,07/2015,201,102018.1253274682,9411.622850723661,M,57.3,6.1
5765,07/2015,788,106497.14937427208,9614.874236886795,M,32.6,18.3
5766,07/2015,1,88823.08703195071,8968.232705191798,F,43.8,1.4
5767,07/2015,103,82563.81599558801,8843.673892016839,M,64.3,11.8
5768,07/2015,53,90065.4506954857,8108.276390763539,M,56.0,7.9
5769,07/2015,241,78674.8355991159,8395.339310088028,M,36.5,11.2
5770,07/2015,346,81985.98335575183,7212.143225937634,M,49.3,16.0
5771,07/2015,450,77276.36948434803,8240.078253740377,M,57.8,13.3
5772,07/2015,628,69818.41291597382,8047.5762785122,M,61.0,15.2
5773,07/2015,700,92122.27665585218,8007.3243604809595,M,51.2,10.6
5774,07/2015,4,77201.64692111532,8188.843600442312,M,59.6,11.7
5775,07/2015,334,69780.95894058731,7918.761355106112,M,56.3,7.2
5776,07/2015,641,56138.31985857094,6262.143690939601,M,33.8,11.0
5777,07/2015,794,77867.23671571368,9074.534962669535,M,34.9,12.3
5778,07/2015,390,97291.37189356041,8534.117874380656,M,54.7,12.7
5779,07/2015,141,67158.40203044578,7492.21631124093,M,44.7,8.8
5780,07/2015,980,73663.66806352645,8797.019869505004,M,36.0,2.1
5781,07/2015,734,91872.59069282764,8644.532255039361,M,47.7,11.6
5782,07/2015,342,81959.50251260494,7446.630067911892,M,43.7,4.9
5783,07/2015,370,112205.39654278681,10606.905007061565,M,46.2,1.9
5784,07/2015,480,99031.03546831977,8068.544292096161,M,38.6,11.5
5785,07/2015,902,66643.97186642315,8208.353788838565,M,63.6,5.8
5786,07/2015,477,89263.1246744543,9323.59076886061,M,46.4,8.8
5787,07/2015,193,90021.88169798444,8782.80803693279,M,52.8,16.4
5788,07/2015,476,84031.1048098262,9830.645987779393,M,,18.3
5789,07/2015,537,96788.3411581766,9000.713133202451,M,37.3,2.5
5790,07/2015,591,62012.00871685071,6562.630802054617,M,56.1,9.5
5791,07/2015,189,80783.21502067924,7068.436628705665,M,41.9,5.9
5792,07/2015,596,77708.01253716937,9284.122455937579,M,56.2,13.7
5793,07/2015,235,119442.7099918964,9483.022892502662,M,37.4,9.0
5794,07/2015,520,98765.53785750351,8434.969413560017,M,54.7,8.8
5795,07/2015,677,84083.15253067853,9094.030280146499,M,58.8,14.4
5796,07/2015,704,107316.43592896847,10610.31388182306,F,57.6,7.7
5797,07/2015,355,116537.14190205911,8573.898716421285,M,50.0,3.0
5798,07/2015,247,68008.98808612261,7289.756032271505,M,53.5,2.0
5799,07/2015,207,95057.06462004806,8728.918241961244,M,47.8,3.5
5800,07/2015,990,82638.06615746304,9691.180094323281,M,36.3,4.7
5801,07/2015,41,86329.95177404201,9528.311935019792,M,36.9,10.0
5802,07/2015,678,71199.60963161271,8435.643374007559,M,55.7,7.7
5803,07/2015,663,86496.41567716088,7816.277036856752,M,56.7,12.1
5804,07/2015,28,84558.95479406432,10044.781549510726,M,65.2,4.4
5805,07/2015,672,104331.7065304532,9128.212022600923,M,53.2,13.5
5806,07/2015,393,87278.3691537796,6985.218354414485,M,33.5,7.3
5807,07/2015,615,108849.81812397335,9194.730868933708,M,51.3,2.9
5808,07/2015,923,64057.24529417664,8314.585263576933,M,32.0,7.7
5809,07/2015,544,78979.29272347987,8501.589910711316,M,39.6,13.0
5810,07/2015,364,100686.66934171348,8924.90884771924,M,41.0,9.2
5811,07/2015,573,74814.73232565662,7427.153280804885,M,60.9,6.4
5812,07/2015,125,81806.19618963845,7014.7364992930625,M,37.2,9.2
5813,07/2015,949,91897.2457027418,7860.626441462402,M,36.4,12.6
5814,07/2015,510,62809.03788537395,7171.363200653709,M,55.0,12.2
5815,07/2015,878,76332.13113894808,8944.965615564442,M,36.2,5.5
5816,07/2015,992,83213.43777990525,8420.330500934486,M,36.1,17.3
5817,07/2015,8,76476.60974148582,8148.733638234847,M,39.7,13.2
5818,07/2015,984,107129.8403357962,7487.802814659783,M,42.3,10.7
5819,07/2015,763,75536.97408069763,6773.498408323471,M,37.4,6.6
5820,07/2015,973,118006.18413830655,9706.159513667968,M,39.5,15.8
5821,07/2015,25,85985.4215522551,6645.326909869129,M,34.8,14.6
5822,07/2015,541,92314.67404372728,10910.442832920404,M,48.7,8.1
5823,07/2015,757,109268.39543702664,10034.977599550646,M,,13.5
5824,07/2015,374,95916.61491894249,8020.875753029594,,39.7,13.9
5825,07/2015,64,83234.21557127545,7895.9457061516205,M,46.0,5.6
5826,07/2015,500,76518.24351702162,7560.982244750355,F,46.2,13.5
5827,07/2015,647,107515.54206182799,8838.532145543579,F,63.4,11.7
5828,07/2015,614,75728.8413086875,6683.172789346089,M,59.8,17.8
5829,07/2015,21,94223.98079444023,8873.368655404734,M,32.8,7.5
5830,07/2015,13,93701.56160361003,8458.459818076934,M,43.1,15.2
5831,07/2015,639,78364.94908175433,6117.320253288631,M,50.0,9.2
5832,07/2015,868,112801.06200860761,10540.149783056335,M,32.5,7.3
5833,07/2015,805,72264.20770808937,8016.983048432763,M,40.7,10.5
5834,07/2015,891,90499.86141218181,7969.820466447759,M,56.5,13.8
5835,07/2015,561,77195.92546126951,9148.501887365635,,44.2,6.2
5836,07/2015,709,63142.09626899754,6936.607792232602,M,38.7,12.6
5837,07/2015,429,90074.16191275405,7659.805067753424,M,46.7,4.7
5838,07/2015,720,62331.586615069966,6805.073606291094,M,64.6,15.1
5839,07/2015,187,63124.41437760012,7362.538626962794,M,48.7,17.0
5840,07/2015,457,83110.02726773692,8613.991959620702,M,63.5,10.5
5841,07/2015,844,75750.35310002335,7936.016885265662,M,47.4,2.4
5842,07/2015,552,101097.20419467082,9893.899474269323,M,61.3,7.3
5843,07/2015,498,109456.40458106833,8029.012531301335,M,49.2,15.3
5844,07/2015,230,83880.82374233552,7644.66146390138,M,38.2,5.1
5845,07/2015,131,70960.97633898485,7938.328973729023,M,35.1,16.0
5846,07/2015,268,92503.36761307695,9530.37163865018,M,41.2,11.2
5847,07/2015,634,72335.67806411325,7120.584560901144,M,46.8,4.5
5848,07/2015,930,61918.71269980346,7145.941734603398,M,54.4,16.9
5849,07/2015,730,85378.85000280096,7564.984394103745,M,60.8,1.5
5850,07/2015,386,71231.50024074105,7708.1637558980865,M,37.5,12.8
5851,07/2015,897,87356.1081652102,7618.313320577994,M,43.3,2.5
5852,07/2015,604,103566.36327541697,9710.161866595265,M,59.8,7.6
5853,07/2015,850,133018.01162308155,9040.471897290576,M,39.4,1.4
5854,07/2015,626,75697.84011553248,8433.914265400163,M,51.8,18.1
5855,07/2015,163,116823.06809382206,10224.585169276776,M,58.5,9.1
5856,07/2015,82,78251.87921759968,7338.245874516747,M,61.7,4.0
5857,07/2015,36,76072.89306400272,8375.267742282029,M,37.4,16.3
5858,07/2015,977,90940.34576393683,9285.084674520716,M,56.2,3.7
5859,07/2015,123,76145.14758981839,8499.287811749515,M,65.3,11.5
5860,07/2015,92,173430.60153277495,10058.864452637554,M,41.4,15.1
5861,07/2015,26,70511.27856099044,7937.946311185978,F,47.5,2.7
5862,07/2015,251,122170.3053572879,11013.034424137855,M,43.0,11.9
5863,07/2015,598,92232.0163825099,8681.682744468331,M,51.3,9.4
5864,07/2015,524,63863.479846360984,6603.748995937789,F,39.5,18.5
5865,07/2015,726,85280.68059186875,7908.388784652649,M,58.1,4.5
5866,07/2015,263,84860.29246197149,7697.967557443835,M,52.2,12.2
5867,07/2015,365,72204.16008883357,6949.276679657506,M,37.6,5.3
5868,07/2015,44,108336.8257520884,8213.714393123448,M,61.5,8.9
5869,07/2015,530,73219.59240259195,6993.46348252658,,47.2,6.9
5870,07/2015,838,94574.73080264134,8336.001293665824,M,,17.2
5871,07/2015,311,100310.94178024803,10200.716254194625,,32.1,9.4
5872,07/2015,447,92382.36284055424,9270.881580698753,M,65.5,12.1
5873,07/2015,993,76853.75819069373,9164.13485344798,M,35.0,2.9
5874,07/2015,315,79899.42156368318,7061.779348673381,M,61.1,8.7
5875,07/2015,20,111491.58658269934,8857.364309843664,M,52.1,18.1
5876,07/2015,618,95698.60023903608,8048.195403178047,M,63.9,9.0
5877,07/2015,43,123937.04904721808,9897.323411177531,M,57.3,1.2
5878,07/2015,190,86093.0429482057,10159.46569089691,M,57.5,14.1
5879,07/2015,659,76017.46829360229,8711.998415191094,M,65.4,14.7
5880,07/2015,47,82002.63149229928,7765.911532711107,M,40.7,5.3
5881,07/2015,987,102811.79009521368,9140.094182151108,M,32.4,13.8
5882,07/2015,71,83460.30163457336,8156.485486958585,M,39.0,1.0
5883,07/2015,198,93327.97504659048,8707.896678239726,M,41.1,16.6
5884,07/2015,473,110170.24989880249,10511.98230552374,M,59.5,14.6
5885,07/2015,338,69087.90200741144,7866.549751699676,M,42.2,4.3
5886,07/2015,440,71676.97428553185,7663.849921068831,F,39.6,4.4
5887,07/2015,246,115551.6358527116,9572.31839860103,M,57.2,15.1
5888,07/2015,116,127093.55962741593,8783.922992358028,M,42.2,10.6
5889,07/2015,849,88126.61963093634,8509.880306125904,M,65.4,12.1
5890,07/2015,900,112429.35251562798,9797.22149752816,M,41.5,9.4
5891,07/2015,359,67104.37462721474,7506.806848568843,M,47.7,7.9
5892,07/2015,299,70192.97143900112,8504.470734781935,M,50.1,2.0
5893,07/2015,7,89034.33948095769,9319.694400454046,M,40.8,14.1
5894,07/2015,297,116254.98094632872,10031.970933952412,M,53.7,1.0
5895,07/2015,822,96123.35204525277,8739.608839294619,,54.0,2.9
5896,07/2015,648,87197.99480723956,9415.24516489327,M,49.6,4.4
5897,07/2015,294,87736.86313480257,8831.428980003302,M,59.6,4.9
5898,07/2015,491,92262.06638134981,6890.298672456821,M,61.1,3.2
5899,07/2015,568,109386.23888335853,8971.246189967553,M,,16.5
5900,07/2015,584,96871.1140979259,7784.081506852458,M,43.3,14.9
5901,07/2015,690,74451.80585167442,8057.093225740463,M,,8.8
5902,07/2015,291,81418.79122551861,9564.096096857069,M,33.2,5.4
5903,07/2015,49,95205.07792839815,7852.550368841895,M,45.1,3.0
5904,07/2015,585,61717.96936915879,7354.27950343127,M,37.9,11.3
5905,07/2015,606,65939.76443233299,6592.3211240557375,M,51.5,15.1
5906,07/2015,693,78057.94796406693,8076.594906119939,,53.1,9.9
5907,07/2015,944,107755.99067498508,8374.91192934694,M,49.4,14.1
5908,07/2015,793,77483.17480616365,9293.82378578434,M,35.0,12.5
5909,07/2015,425,125051.15023512824,8385.85174934656,M,,17.9
5910,07/2015,683,73064.70835897897,7794.281496504465,,54.5,3.6
5911,07/2015,656,70625.8274089484,8125.841004350259,M,56.4,17.8
5912,07/2015,488,93393.81084063908,8419.63580321983,M,32.4,5.8
5913,07/2015,61,123348.66277389179,9086.663624078372,M,34.1,16.4
5914,07/2015,904,90241.17418901333,9646.24299967359,M,,4.0
5915,07/2015,378,122386.48286811866,11679.4480824599,,36.7,3.5
5916,07/2015,269,74075.2040546256,7680.266716058693,M,39.7,8.1
5917,07/2015,889,102060.76936597153,9287.338744558176,,55.5,2.0
5918,07/2015,481,88797.26953742903,9107.453030760136,F,51.5,17.1
5919,07/2015,344,75644.83477640453,8456.533300257066,M,51.0,11.8
5920,07/2015,99,78345.09106066913,7386.7538815208645,M,55.3,5.7
5921,07/2015,832,99838.16338369568,8071.864091294919,M,,13.3
5922,07/2015,127,89305.28890855274,9070.186758137881,M,55.8,11.8
5923,07/2015,617,82666.77661573363,7832.961370999725,M,38.2,17.4
5924,07/2015,770,83405.2814854017,9296.543003753293,M,56.6,15.9
5925,07/2015,484,83876.7202621842,8704.20308849099,M,36.2,4.1
5926,07/2015,341,65025.61617673415,7712.170162815105,F,63.1,16.9
5927,07/2015,982,88358.9036110988,7763.050836781808,M,,9.4
5928,07/2015,212,102655.84681696251,8109.07331053442,M,46.4,1.6
5929,07/2015,589,77467.20238457216,8453.49965183464,M,40.7,6.4
5930,07/2015,797,68005.12868546236,8124.06596592309,M,44.6,5.9
5931,07/2015,753,64843.90923804265,8162.909044685906,M,32.8,12.8
5932,07/2015,227,86250.94262872891,7626.006737568189,M,,16.2
5933,07/2015,86,66506.33437512514,6699.630655068831,,,5.4
5934,07/2015,680,59195.60873918642,7044.524590273974,M,61.1,18.9
5935,07/2015,195,121285.66531639044,7749.65449262204,,54.1,8.8
5936,07/2015,595,82820.88320576926,8613.5560044768,M,45.4,7.1
5937,07/2015,854,73221.19798153403,6575.7890669126355,M,44.2,18.7
5938,07/2015,828,108874.67505441101,9327.561310556188,,50.6,1.1
5939,07/2015,261,71252.30661555176,7354.039379126791,M,36.4,18.5
5940,07/2015,603,90742.65660027001,7213.695851274238,M,34.9,10.7
5941,07/2015,379,99190.7241605774,8218.47554296137,M,65.1,12.4
5942,07/2015,888,95937.3183633634,9115.579459050829,M,,4.0
5943,07/2015,741,81043.13116991102,9377.426585184015,M,42.4,11.2
5944,07/2015,60,97909.67721379291,9036.244545961345,M,53.4,11.0
5945,07/2015,955,86602.9135131316,7422.839236584117,M,35.8,8.5
5946,07/2015,62,87898.63747827486,8678.969222486812,M,34.0,4.3
5947,07/2015,638,82243.43268115632,9030.778301060607,M,62.7,9.4
5948,07/2015,697,93356.41530262258,7839.697152316023,M,35.0,15.2
5949,07/2015,147,89058.9813330485,8608.750349419799,M,53.7,14.7
5950,07/2015,637,87817.22399178044,7624.917692627069,M,63.3,3.0
5951,07/2015,799,106631.30336137391,9538.960957802648,M,45.3,1.1
5952,07/2015,178,81613.50826073538,8037.991126058594,M,49.0,7.8
5953,07/2015,806,77911.1784470666,8361.57919195124,M,50.3,7.6
5954,07/2015,300,85092.41501267623,7359.52680187885,M,35.9,9.5
5955,07/2015,998,90013.75029341738,9247.971283012825,M,32.1,1.4
5956,07/2015,337,66561.38936477675,7892.204226155817,M,36.0,9.4
5957,07/2015,549,112326.75460554082,10761.893539790583,M,55.1,16.4
5958,07/2015,767,94522.99721809373,8759.393929334703,M,56.5,1.2
5959,07/2015,157,91367.45376106241,8635.257876743477,M,56.8,16.2
5960,07/2015,540,90905.42650446224,7627.214465545315,M,41.6,6.5
5961,07/2015,108,83024.45674054438,7691.3795798500105,M,51.2,2.9
5962,07/2015,352,65249.519628864924,8012.879209625093,M,58.1,9.3
5963,07/2015,847,74163.27189285542,7364.692444202752,M,51.0,5.2
5964,07/2015,479,118210.59214052194,8871.14713998634,M,54.6,1.0
5965,07/2015,622,78210.75725175942,8832.57790126315,M,53.2,7.6
5966,07/2015,937,87082.82835010518,7835.993339996515,M,54.9,11.5
5967,07/2015,775,83245.62601264028,9323.273950106937,M,50.4,9.8
5968,07/2015,623,63744.76788324828,6445.4388551695965,,,14.4
5969,07/2015,87,82243.69402783204,9851.978399581185,M,48.0,15.4
5970,07/2015,80,87098.81558197485,9366.223284502119,M,57.8,17.5
5971,07/2015,434,110746.57993780448,8934.190351733156,M,36.5,7.7
5972,07/2015,210,71738.07444346942,6813.0557898454745,M,37.0,1.9
5973,07/2015,860,99105.41930935187,9604.607313777387,M,38.0,16.8
5974,07/2015,220,125329.57394744107,11175.102825468939,M,32.1,7.3
5975,07/2015,769,157455.2529457357,10565.861447854206,,58.8,18.9
5976,07/2015,692,73627.15799684732,8397.899352233606,M,42.5,2.3
5977,07/2015,546,100330.17822841441,10180.327068477032,M,55.6,13.5
5978,07/2015,777,77128.68143819168,8619.798089262204,M,59.2,16.0
5979,07/2015,581,95285.40125523516,9283.427644487816,M,35.5,18.5
5980,07/2015,452,68154.34473019371,7488.406148684745,M,53.3,4.4
5981,07/2015,511,69509.07552636863,7812.289980093846,M,35.2,10.9
5982,07/2015,214,97655.46503777441,9531.08052537449,M,,5.9
5983,07/2015,234,93819.12623424096,8841.138247456864,M,42.7,6.2
5984,07/2015,853,94621.49004002265,9268.444881496505,M,42.5,2.3
5985,07/2015,551,98895.56666695014,7885.588403811609,M,,4.3
5986,07/2015,505,65834.7402724732,7933.509325086201,M,33.7,2.5
5987,07/2015,508,94745.7541256932,10158.169504711463,M,54.1,8.3
5988,07/2015,795,103898.84912330554,9150.2768722372,M,50.4,8.6
5989,07/2015,317,84454.75979064958,9301.92047362285,M,33.3,2.7
5990,07/2015,792,105761.69022997699,8859.656188001736,M,,8.7
5991,07/2015,974,77997.66680387489,7860.649991043798,M,34.8,8.2
5992,07/2015,117,104333.4425497777,9739.313289205855,M,59.4,17.1
5993,07/2015,410,75356.16374103523,8323.156950720064,M,38.0,17.4
5994,07/2015,182,96160.61501345616,8232.574648440419,M,40.0,14.4
5995,07/2015,119,79839.02704603088,8922.8559829306,M,65.9,15.4
5996,07/2015,236,118094.3969761413,9038.044933827849,M,42.3,6.7
5997,07/2015,449,87793.2976880585,8513.726658690495,M,38.4,18.7
5998,07/2015,494,94599.33848448665,7882.601020174522,M,48.7,7.9
5999,07/2015,609,120045.48461812412,9177.9893609508,M,,4.6
6000,06/2015,943,98517.17590812573,10469.303876684458,F,58.4,0.6
6001,06/2015,966,75630.85982023591,7215.204950135588,M,46.8,0.1
6002,06/2015,250,76611.03395350493,7230.788659174523,M,32.0,0.1
6003,06/2015,156,94976.18859850946,8956.530510268809,,64.8,0.7
6004,06/2015,67,84705.32935812265,8985.813263823402,M,60.7,0.4
6005,06/2015,684,100440.65895140856,8864.075667660585,M,,0.5
6006,06/2015,527,98299.83836174417,8493.083753301677,M,,0.4
6007,06/2015,556,122790.02055175221,9357.007969228715,M,50.7,0.8
6008,06/2015,446,87933.47755619603,9350.50394344184,M,49.5,0.1
6009,06/2015,841,92667.25924029064,8005.048534929685,M,48.2,0.7
6010,06/2015,126,113863.5187208153,9082.909651028798,M,53.2,0.7
6011,06/2015,910,78625.70505065339,7339.781359732027,M,58.2,0.6
6012,06/2015,112,74680.86968431607,8121.058998219554,M,54.8,0.9
6013,06/2015,191,98646.71506573897,8816.5956648678,M,50.4,0.1
6014,06/2015,739,72212.36558442492,8749.974478315537,M,37.6,0.6
6015,06/2015,579,76622.03101244061,9314.701534754482,M,41.3,0.3
6016,06/2015,111,71349.5915795395,6129.773949630386,M,45.4,0.8
6017,06/2015,285,56836.0727471571,5552.6728033522195,M,47.3,1.0
6018,06/2015,796,71346.56510617444,6825.773187956976,M,59.2,0.3
6019,06/2015,310,112932.82179485641,9696.501459067442,M,42.2,0.8
6020,06/2015,458,71844.16408375857,7465.702441145645,M,39.7,0.2
6021,06/2015,884,85259.14371681586,8144.826448275774,M,64.1,0.6
6022,06/2015,335,77235.60834155507,6996.307530854198,M,47.0,0.8
6023,06/2015,521,72682.20385116007,7989.663176912055,M,56.1,0.8
6024,06/2015,887,70338.61241771326,7237.503730498361,M,,0.0
6025,06/2015,601,78862.42557821672,8616.884634779733,M,39.8,0.2
6026,06/2015,11,80841.04291699006,8937.631961978572,M,39.1,0.6
6027,06/2015,624,83643.07101758754,8061.744064011985,M,52.8,0.7
6028,06/2015,737,82827.13350733931,7882.597498417885,M,58.1,0.3
6029,06/2015,823,77432.41914759878,7666.768052615165,M,50.6,0.3
6030,06/2015,752,76728.73441364529,9311.793930984073,M,63.6,0.4
6031,06/2015,732,112044.92011731092,8123.1530575772695,M,54.1,0.5
6032,06/2015,493,86482.29124422635,7329.960304235542,M,61.1,0.2
6033,06/2015,159,91429.10626548185,8565.009974717465,M,48.4,0.6
6034,06/2015,225,104065.79831841824,9488.08649435547,M,,0.6
6035,06/2015,784,81063.2812855315,8576.503955473823,M,54.3,0.2
6036,06/2015,171,109702.70377550763,7828.396300747178,M,49.4,0.4
6037,06/2015,460,70183.31240080166,7776.55198915627,F,33.0,0.3
6038,06/2015,408,68077.48786800062,7273.766013019932,M,65.0,0.9
6039,06/2015,239,71970.72893600022,8067.125195574977,M,60.4,1.0
6040,06/2015,812,91431.30479444799,7540.574411622344,M,54.7,0.9
6041,06/2015,896,87671.03993022612,8713.613694642543,M,58.5,0.0
6042,06/2015,354,67255.0727829721,6141.565483609755,M,65.2,0.4
6043,06/2015,574,62379.56544403296,7126.889456789376,M,60.7,0.3
6044,06/2015,186,97530.15746645267,9322.112167143983,M,65.7,0.6
6045,06/2015,381,78034.46377312465,7578.689898186563,M,44.0,0.1
6046,06/2015,898,85481.95720982432,7430.5264458178535,M,46.5,0.0
6047,06/2015,405,107311.47274555187,8499.488012049509,M,32.2,0.1
6048,06/2015,439,85653.01489998108,7645.578185844716,M,65.2,0.3
6049,06/2015,532,74928.43006392346,7653.529804129045,M,38.2,0.5
6050,06/2015,665,99439.17540677471,9397.138073046437,M,,0.6
6051,06/2015,962,71432.95338812687,7334.159980182587,,53.5,0.8
6052,06/2015,303,85005.08270934128,7353.954830380517,M,37.0,0.6
6053,06/2015,996,85457.11716187299,8603.176523573338,M,41.0,0.5
6054,06/2015,836,88568.62448832873,10214.87316130326,,55.4,0.2
6055,06/2015,840,101490.97954086548,9687.758669953022,M,35.8,0.3
6056,06/2015,459,91672.76073285498,8341.827866844069,M,36.2,0.4
6057,06/2015,611,111471.88866332542,8924.947228845433,M,62.4,0.4
6058,06/2015,467,108388.53445860566,9232.45777596898,M,,0.5
6059,06/2015,786,77590.26872878322,8072.461378474793,M,46.5,0.0
6060,06/2015,23,78145.40185971257,7600.982316213274,M,51.4,0.9
6061,06/2015,302,80415.62998857751,7612.979674277704,M,47.2,0.2
6062,06/2015,289,93721.24074230726,8471.993601347986,M,39.5,0.5
6063,06/2015,155,97789.67863642382,9817.506325145374,M,57.3,0.4
6064,06/2015,327,73050.5734572084,7149.169899654946,M,51.8,0.8
6065,06/2015,114,74717.95059886292,7232.943027702951,M,61.1,0.9
6066,06/2015,756,83266.9635014615,8974.218525130156,,54.8,0.3
6067,06/2015,880,92123.642880705,8549.367842077841,M,45.6,0.6
6068,06/2015,660,95912.05304007456,8679.087796678803,M,56.5,0.9
6069,06/2015,454,76997.22942765449,8323.389025080813,M,40.2,0.2
6070,06/2015,969,74349.05428127684,7097.072689476336,F,62.8,0.7
6071,06/2015,176,78417.73311043558,7584.794147863477,M,35.8,0.9
6072,06/2015,432,94302.41979969859,8231.46378057748,M,47.3,0.9
6073,06/2015,531,92782.11410028867,9318.219233085514,M,46.6,0.9
6074,06/2015,101,107884.17059177282,7095.970225578635,M,,0.9
6075,06/2015,738,80149.31284714704,7297.949397793131,M,36.7,0.3
6076,06/2015,271,77410.28765394345,7897.752152291414,M,64.8,0.4
6077,06/2015,423,114356.81214702244,10015.831998628066,M,59.1,0.6
6078,06/2015,765,84513.5585488065,7119.639156484731,M,47.8,0.8
6079,06/2015,691,84444.35410964093,8894.161541833451,M,44.8,0.4
6080,06/2015,533,88009.88136578794,8314.775408936437,,35.8,0.1
6081,06/2015,716,84595.5676841005,7731.59883252242,M,39.8,1.0
6082,06/2015,922,68487.17140538868,8137.093922053747,M,58.5,0.8
6083,06/2015,174,96179.4197190419,8418.785060572114,M,46.1,0.9
6084,06/2015,200,135189.36607597946,10835.09830077904,M,39.0,0.7
6085,06/2015,316,105801.42407287275,7969.168447522359,M,34.8,0.2
6086,06/2015,307,68641.15214266478,7016.779157365038,M,65.0,0.7
6087,06/2015,882,96953.59386258155,9847.063570537177,M,33.7,0.6
6088,06/2015,706,94148.73861588152,8154.154417066598,M,51.7,0.3
6089,06/2015,829,89146.0760929966,7196.0159369322355,M,35.3,0.5
6090,06/2015,719,95318.95429198563,10169.437563156074,M,32.6,1.0
6091,06/2015,935,107306.46320176948,9217.593044686542,M,38.9,0.3
6092,06/2015,68,84184.25876107583,8062.078968165591,F,35.8,1.0
6093,06/2015,815,77116.43357354385,7395.793743087483,,64.2,0.3
6094,06/2015,747,83507.21306832127,7971.070715611371,M,43.6,0.7
6095,06/2015,798,63326.261328939894,6711.340036315444,M,35.3,0.4
6096,06/2015,865,64602.88570782252,9336.985904062169,M,58.5,0.3
6097,06/2015,399,88656.92599608027,8262.234021481956,M,53.1,0.9
6098,06/2015,509,75855.44159263864,8079.878787016671,M,46.7,0.5
6099,06/2015,308,96569.25718388848,7672.875359313481,M,48.1,0.9
6100,06/2015,502,103062.3465728022,9156.290790702598,M,61.5,7.9
6101,06/2015,81,75922.94818037683,7025.565261587394,M,42.4,14.4
6102,06/2015,814,83314.74347712987,8176.17891295485,M,33.1,18.7
6103,06/2015,666,96905.81740995146,7778.026144223259,M,35.3,8.7
6104,06/2015,205,92394.43703400498,9616.435280887974,M,56.6,9.9
6105,06/2015,759,107029.78169843725,8954.009375427338,M,44.5,3.4
6106,06/2015,96,73192.98287013284,6845.796241127165,M,37.2,9.4
6107,06/2015,671,90802.92928790938,8972.557567767957,M,61.4,16.8
6108,06/2015,100,78591.72538698521,8908.155410610512,M,38.1,17.2
6109,06/2015,321,100862.60648119598,8680.674277898808,M,,10.1
6110,06/2015,602,93023.24230854999,7914.441640447211,M,37.3,17.8
6111,06/2015,453,103612.04986165746,9683.045021269128,F,60.6,5.4
6112,06/2015,396,78467.96383487062,8012.769533702424,M,33.1,12.5
6113,06/2015,113,108718.13758343758,7651.132028416482,M,,16.9
6114,06/2015,988,65840.44576740963,7612.954892671782,M,32.9,11.3
6115,06/2015,956,87775.8080922473,8881.594526815574,M,65.3,15.6
6116,06/2015,59,101383.8130873719,8815.399030414179,M,46.9,8.1
6117,06/2015,593,88347.3128502731,8496.310990345444,M,43.4,15.5
6118,06/2015,10,70248.79319056889,7404.166810997459,M,45.5,6.4
6119,06/2015,196,79080.4570915313,8536.765363200995,M,46.2,4.3
6120,06/2015,38,78050.4661088002,7905.064957499677,,51.3,5.9
6121,06/2015,625,95262.46114481246,8125.3236529854385,M,57.7,13.8
6122,06/2015,570,104622.94621989352,7445.641754668608,M,47.1,16.8
6123,06/2015,745,102313.65487406902,8045.919969597755,M,51.3,15.9
6124,06/2015,764,75233.95920958564,7749.124780579681,M,47.3,15.0
6125,06/2015,66,90930.92952717365,7101.059110255272,M,40.0,18.9
6126,06/2015,84,99841.97534985981,8109.917339442099,,36.5,18.8
6127,06/2015,462,100455.20449462881,9711.882562469695,,39.3,10.3
6128,06/2015,952,60062.14158919328,7107.085241738818,M,56.4,4.4
6129,06/2015,970,78174.46739278745,8352.541837079843,M,34.0,11.4
6130,06/2015,333,87696.47716900574,8382.077965381795,M,50.1,8.4
6131,06/2015,274,68010.56128038735,6962.3062838576525,M,63.7,8.6
6132,06/2015,981,91334.40444429211,9391.672199580511,M,62.2,1.6
6133,06/2015,110,92756.16025448075,7793.747416902152,M,59.4,15.7
6134,06/2015,383,59941.06021368681,7743.708960107589,M,37.5,15.6
6135,06/2015,542,83888.21181521977,9589.312330090312,M,35.2,7.8
6136,06/2015,787,90917.00409252946,8772.37927377295,M,59.9,12.3
6137,06/2015,57,98423.56573860998,9041.42593773986,M,65.6,16.7
6138,06/2015,412,84900.472316093,9721.228697791432,M,59.3,4.6
6139,06/2015,177,156999.4124262447,9960.114894250419,M,41.0,1.9
6140,06/2015,560,85877.05100039813,9021.785487690247,M,41.8,12.4
6141,06/2015,398,77616.67144602879,8676.518996677412,M,52.0,4.8
6142,06/2015,916,78735.96922763034,9512.267373423265,M,65.1,18.0
6143,06/2015,965,85823.39150362943,7698.7862601474135,M,65.8,5.6
6144,06/2015,746,95029.63042678789,9222.053427806262,M,48.2,1.6
6145,06/2015,912,71950.50496903635,8459.7465333537,M,55.6,16.5
6146,06/2015,257,69372.94706586438,7522.913379784567,M,36.1,4.5
6147,06/2015,727,109737.65142942664,9190.209669521502,M,53.5,16.6
6148,06/2015,144,94683.09390512244,7701.58721160706,M,43.3,7.4
6149,06/2015,164,104830.18549856984,8384.237876215127,M,39.8,10.5
6150,06/2015,48,121185.86977888891,10802.689399250918,M,63.4,11.9
6151,06/2015,872,75453.27987129238,8577.577991833306,M,50.2,11.6
6152,06/2015,391,71348.07491060624,7506.8480702492925,M,47.8,2.2
6153,06/2015,703,73802.25776566847,8260.7996482703,M,,7.8
6154,06/2015,504,71035.24190360159,7923.173652026232,M,40.0,1.8
6155,06/2015,876,85700.40375981116,8533.216481601043,M,34.7,5.8
6156,06/2015,69,80085.88012108636,8107.837566344856,M,57.1,11.5
6157,06/2015,736,91049.60034135226,8493.614929660485,M,43.1,13.3
6158,06/2015,899,64939.244548607734,8072.3820433198525,M,58.6,10.2
6159,06/2015,219,75424.10568662272,7158.648044869613,M,39.4,17.3
6160,06/2015,451,57542.367476909385,6018.635371097692,M,47.1,10.2
6161,06/2015,407,99177.24481569696,8653.683526194163,M,46.4,2.4
6162,06/2015,735,71047.14653129321,7720.205313345277,M,54.1,4.8
6163,06/2015,249,87754.35534134871,7385.893275969814,M,60.9,8.2
6164,06/2015,145,84420.99124320043,7822.215352512179,M,49.4,7.5
6165,06/2015,12,85281.0103251905,8737.728606234443,M,59.0,15.6
6166,06/2015,724,103046.88921245505,7407.199522234796,F,47.8,16.0
6167,06/2015,728,79292.2684542369,8841.15724688439,M,57.5,2.9
6168,06/2015,948,119301.55351086902,8626.26347395535,M,37.5,3.6
6169,06/2015,464,91953.5814799811,9258.663447589608,M,58.4,6.4
6170,06/2015,278,87516.77058764358,8872.148437680784,,47.4,10.8
6171,06/2015,89,97095.37486168966,8787.130394838383,M,42.9,7.5
6172,06/2015,124,78981.27232435218,7939.327756167017,M,35.2,9.5
6173,06/2015,185,57318.191570279436,6697.539328389567,M,35.5,14.5
6174,06/2015,514,89266.47067997619,9601.73065934912,M,45.0,12.9
6175,06/2015,651,67145.70338676564,7123.625481199746,M,39.2,8.3
6176,06/2015,669,66653.2871223467,7101.543295003338,M,52.7,13.9
6177,06/2015,97,105140.10163876369,8991.602379654138,M,62.2,11.0
6178,06/2015,924,105109.25139254697,6721.188475277272,M,64.5,11.3
6179,06/2015,323,95769.5815528816,8504.534511705124,F,48.5,8.9
6180,06/2015,643,69452.75535736635,7371.5732966875,M,35.7,16.0
6181,06/2015,890,93333.74035460912,9734.457453244953,M,55.4,17.6
6182,06/2015,929,78830.37465304106,9555.896089309388,M,41.7,4.4
6183,06/2015,670,82438.26611621297,8471.919122461499,M,36.1,8.3
6184,06/2015,181,66481.02533134185,7360.602634110612,M,36.8,10.0
6185,06/2015,963,54737.84305234766,7593.598321092499,M,50.0,10.8
6186,06/2015,997,100283.72639755924,9289.714467781308,M,61.6,10.5
6187,06/2015,858,85585.07037387691,9024.955795891918,M,38.2,1.5
6188,06/2015,403,73909.7274985777,7784.564891864805,M,45.4,7.8
6189,06/2015,572,92949.16393450982,7410.427830905399,M,,7.6
6190,06/2015,754,88434.88102297443,9466.192279653416,M,55.8,11.8
6191,06/2015,72,71163.1878865234,8112.245921516872,M,46.7,11.5
6192,06/2015,283,102721.90458041843,8402.161603762617,M,57.9,9.6
6193,06/2015,705,98816.68438233201,9862.31737738934,M,46.5,1.7
6194,06/2015,983,83429.85511414385,8966.895138593696,M,36.0,14.7
6195,06/2015,305,65757.27411828705,7915.556503126582,M,63.1,4.2
6196,06/2015,857,72543.23237162341,8613.75203216599,M,37.8,3.3
6197,06/2015,74,78338.21028258874,7898.365355222114,M,37.2,15.0
6198,06/2015,824,81653.05673871019,6126.977048993322,M,56.3,2.9
6199,06/2015,231,82218.37400535558,7214.996669787461,,42.2,17.8
6200,06/2015,130,80900.29766965847,9173.972902548363,M,59.5,15.0
6201,06/2015,248,78973.93254520229,9208.619893495159,M,36.4,14.8
6202,06/2015,149,76020.91801176398,7405.647237712117,M,52.6,5.5
6203,06/2015,329,91209.2434920069,9203.28348452329,M,43.4,4.5
6204,06/2015,582,83759.43371712964,7984.798320750196,M,46.1,4.4
6205,06/2015,328,109880.71974492435,9374.673929771436,M,39.4,11.4
6206,06/2015,779,80789.92492949948,8320.046506574992,M,,18.0
6207,06/2015,807,88568.20233930134,10249.970801764337,M,,12.8
6208,06/2015,821,71870.46338369821,7543.070701171016,M,55.6,4.4
6209,06/2015,366,106994.35857514846,8141.845443815891,M,42.9,7.5
6210,06/2015,433,67686.11650139123,8444.604726591151,M,37.5,8.6
6211,06/2015,371,108054.28216756415,9354.889945201901,M,52.2,5.6
6212,06/2015,384,100980.24502853103,7304.728891187797,M,43.5,2.5
6213,06/2015,632,87402.03759194829,8716.0349697625,M,35.3,14.1
6214,06/2015,861,73975.37780241581,8225.652049584329,M,48.3,12.6
6215,06/2015,65,96558.54771311015,9699.348840010809,,46.8,15.7
6216,06/2015,877,70558.67048130001,7261.214762190903,M,40.8,16.7
6217,06/2015,244,68285.27447801727,7936.634896214145,M,40.5,3.1
6218,06/2015,863,96414.34039373444,8509.950677375984,M,48.7,17.6
6219,06/2015,350,113818.45198929244,9027.798075451028,M,52.6,18.5
6220,06/2015,160,62200.78190952426,7130.77151709271,M,34.9,18.1
6221,06/2015,45,79675.28662964479,7759.109370301401,M,40.4,11.4
6222,06/2015,497,52950.08047153708,6314.416714391228,,46.3,11.7
6223,06/2015,237,102776.35967912746,8755.549046417473,M,39.1,10.7
6224,06/2015,9,77134.93577425239,7504.691579528712,M,50.3,8.9
6225,06/2015,172,104198.27960370934,8625.496936693835,M,55.4,10.6
6226,06/2015,918,69999.12840397682,7481.749583206497,M,45.0,2.6
6227,06/2015,950,99447.06009292946,9576.894647131165,M,34.7,6.3
6228,06/2015,134,67302.24146570306,7149.930174267144,M,64.7,6.2
6229,06/2015,140,95543.50574121953,7794.402512106667,M,,14.0
6230,06/2015,238,81776.71192704195,8605.185613607226,M,61.8,3.6
6231,06/2015,567,97413.90121847934,8561.166318241318,M,49.1,15.0
6232,06/2015,146,61095.54294271375,5852.687509609603,M,38.1,5.6
6233,06/2015,519,114860.7748839032,9330.893370540733,,42.7,1.7
6234,06/2015,428,87531.28898954303,8933.289301464563,M,37.0,13.8
6235,06/2015,612,107299.0382152459,9701.359536442584,M,56.8,10.3
6236,06/2015,153,91695.46750678186,8881.301220631622,M,32.3,18.2
6237,06/2015,592,72159.04314924282,8573.837454880595,M,52.6,12.7
6238,06/2015,713,128059.65576216731,9744.648729413237,M,45.8,18.2
6239,06/2015,933,108363.12323650988,8622.493792922587,M,48.6,14.2
6240,06/2015,686,71410.78606046796,7769.441876779874,M,40.8,5.5
6241,06/2015,331,64407.8571242236,6584.966679067274,M,36.7,9.1
6242,06/2015,885,97117.68103059163,9332.505436917356,M,62.8,6.5
6243,06/2015,842,69801.5099624394,7432.364204388027,M,48.5,6.3
6244,06/2015,951,127827.64588451276,9557.236264821206,M,65.1,10.5
6245,06/2015,597,74673.93398379392,8013.812867410568,M,60.0,13.1
6246,06/2015,93,83103.92266074308,7938.564340666446,F,38.4,14.3
6247,06/2015,402,72588.39882627268,6939.23677182049,M,35.4,15.1
6248,06/2015,435,72088.25253360835,8186.790511354237,F,60.5,17.1
6249,06/2015,751,89328.66260113119,8325.850110053927,M,55.1,6.5
6250,06/2015,733,78443.03363299408,7799.3273351384805,M,52.2,13.6
6251,06/2015,121,61125.80079375544,8462.632484747446,M,58.7,18.4
6252,06/2015,760,73006.88447153156,7417.218415801299,M,47.8,11.1
6253,06/2015,372,66408.91137556588,7642.981478617359,M,33.0,14.3
6254,06/2015,441,65210.61132025364,6630.064776324922,M,51.6,2.3
6255,06/2015,270,68839.03766649163,7286.873676758118,M,40.7,10.1
6256,06/2015,260,79090.35615990075,7972.828268097618,M,34.6,1.1
6257,06/2015,442,87224.37291568535,8208.750840170629,M,61.5,13.5
6258,06/2015,19,90023.52387597946,8407.63471673475,M,,12.4
6259,06/2015,218,107427.54826544586,8158.4189338158,M,60.8,12.0
6260,06/2015,1000,71896.35548800901,8095.330624819544,M,45.2,4.0
6261,06/2015,967,66873.52753457014,7201.896301581907,M,56.6,2.4
6262,06/2015,413,109159.47808816184,9508.185160421133,M,47.8,1.0
6263,06/2015,780,103173.06672168188,7434.591775091948,M,51.8,1.9
6264,06/2015,538,88047.24671456961,8620.155203172153,,44.3,13.5
6265,06/2015,255,80213.86939740548,8570.398562123793,M,50.9,15.2
6266,06/2015,211,70601.09671540697,9002.634081741024,M,36.7,8.5
6267,06/2015,465,94604.24667619634,8156.452383003038,M,62.0,17.2
6268,06/2015,583,95422.5893052799,9272.458272832842,M,39.0,8.2
6269,06/2015,489,97397.23874806524,9328.035871675098,M,39.7,17.4
6270,06/2015,353,66682.38339281395,7550.425456343417,M,65.9,5.3
6271,06/2015,415,81011.18735911763,7783.056424059893,M,62.5,7.1
6272,06/2015,594,87321.61726842192,9421.244436108873,F,44.6,12.7
6273,06/2015,957,73338.4666528108,7924.797504537017,M,55.4,5.3
6274,06/2015,394,78429.54224878934,7793.51867338829,M,56.1,5.1
6275,06/2015,674,89303.88058591615,8703.712568043256,M,61.2,16.6
6276,06/2015,646,89286.23099020598,8396.660282096223,M,35.1,10.2
6277,06/2015,972,81291.13240450801,7912.312134001882,M,65.6,1.6
6278,06/2015,791,83114.79173793802,9599.47487235111,M,60.0,8.0
6279,06/2015,78,66349.87125502847,7398.158823198887,M,36.8,7.9
6280,06/2015,548,84658.25256243236,8589.903533041608,M,52.2,12.5
6281,06/2015,536,65498.497247729116,6204.65822273475,M,55.4,3.4
6282,06/2015,621,107969.99602133644,8212.259719452766,M,54.8,1.7
6283,06/2015,762,71599.51617578809,9278.73741215251,M,47.3,14.9
6284,06/2015,516,101579.69571375554,8111.226116618481,M,65.6,18.0
6285,06/2015,216,85259.81859384416,7444.865240000736,M,36.4,14.5
6286,06/2015,635,96966.84476638923,9136.923779473787,M,55.3,14.8
6287,06/2015,926,91166.35997629943,9687.434395269114,M,43.2,14.0
6288,06/2015,135,107018.3695739174,8399.201757788569,,,10.5
6289,06/2015,387,83163.73515199371,8450.994875809085,M,46.8,16.0
6290,06/2015,925,71936.08549963743,9604.12795612579,M,57.3,5.5
6291,06/2015,85,70684.64123296457,7280.393762519377,M,38.7,16.7
6292,06/2015,586,82129.24546719524,8750.423422603462,M,32.2,7.8
6293,06/2015,571,85735.69698306498,8269.187419538364,M,53.2,13.8
6294,06/2015,855,78092.8586265871,8557.101954887934,M,64.2,15.2
6295,06/2015,685,70284.26364664447,7780.63350276967,M,47.0,7.8
6296,06/2015,63,92963.22987514694,8683.584206910517,M,61.6,12.5
6297,06/2015,264,89011.60167755533,8460.840766535053,M,59.1,12.7
6298,06/2015,701,84669.58530993269,9285.316573095468,M,37.3,10.7
6299,06/2015,73,66654.0227715529,8609.71913732201,M,48.6,14.7
6300,06/2015,478,80847.7237546225,6782.30819480106,M,35.7,7.8
6301,06/2015,661,97225.76875323619,9825.576458213234,M,57.1,1.7
6302,06/2015,228,84647.9311184062,8663.574594977516,M,48.1,9.5
6303,06/2015,309,96384.04076048806,8204.00998490417,M,38.3,14.6
6304,06/2015,382,85501.13535462508,8564.253312378913,M,34.4,10.9
6305,06/2015,914,68448.08432576933,6759.558052881802,M,54.5,6.4
6306,06/2015,170,95046.7891134596,8193.432652759866,M,34.1,16.2
6307,06/2015,808,115574.5906613594,10778.640964762913,M,45.2,4.6
6308,06/2015,279,108973.52321786305,8920.202648781771,M,44.9,3.9
6309,06/2015,852,101288.08752701481,9571.446603171411,F,37.4,13.3
6310,06/2015,258,100318.26872079638,9696.28490716126,M,43.5,6.3
6311,06/2015,920,78181.0220261508,8835.646870027249,,64.9,14.6
6312,06/2015,167,93386.50164778669,8700.360429134715,M,37.0,6.7
6313,06/2015,229,83320.71512179515,8071.840580378399,M,55.1,7.9
6314,06/2015,293,90416.69806952859,8513.984176814474,M,44.9,10.8
6315,06/2015,569,77610.82786519332,8594.41398342591,M,39.7,13.3
6316,06/2015,39,68982.23048740678,7492.792716986282,M,58.6,1.1
6317,06/2015,562,77371.93687782678,9173.757435020801,M,43.4,10.0
6318,06/2015,819,76736.95513130688,7779.762907789654,M,33.6,15.2
6319,06/2015,652,84426.59573265073,7395.015270973866,,43.2,1.1
6320,06/2015,827,88150.83747094606,8470.298196248057,M,65.0,3.2
6321,06/2015,915,90586.167255255,8975.924459905113,M,47.0,13.0
6322,06/2015,35,105600.62482472385,9249.9024989175,M,53.3,4.0
6323,06/2015,358,117248.82370238623,8495.94033406017,M,35.8,18.3
6324,06/2015,867,112701.09198587906,10365.800060673326,M,53.5,10.1
6325,06/2015,979,98912.92596376388,8301.553519556066,M,64.3,9.9
6326,06/2015,599,61286.37170656853,7055.033644137334,M,,18.4
6327,06/2015,470,81603.1411582198,8097.368689099106,M,45.0,3.5
6328,06/2015,903,88610.20536782697,8398.929207876963,M,,16.7
6329,06/2015,420,81537.10718665256,8960.248765836901,M,56.3,5.9
6330,06/2015,150,62187.77198410841,7362.302728744314,M,,10.2
6331,06/2015,631,74795.51392827484,8394.563720844102,M,43.4,6.2
6332,06/2015,616,129058.18251009073,9881.395129570417,M,61.5,8.8
6333,06/2015,373,92103.11390191487,9120.638163988702,M,60.9,5.9
6334,06/2015,577,96728.81074775012,9802.720965874241,M,42.5,15.7
6335,06/2015,901,92500.10833573899,9421.236135213576,M,56.5,9.0
6336,06/2015,55,93248.48612221889,8685.788535421423,M,34.9,2.7
6337,06/2015,908,117325.05121959737,9152.088545791723,M,39.6,15.1
6338,06/2015,883,95124.56843854752,7801.044878691477,M,,15.3
6339,06/2015,522,79404.52228263965,8502.855264647516,M,52.2,14.7
6340,06/2015,811,112834.52101868592,9433.840381690074,M,,18.6
6341,06/2015,137,143535.6979378768,9585.661008235566,M,58.3,17.6
6342,06/2015,600,83235.61302300781,8629.0191442846,M,38.4,17.2
6343,06/2015,673,78082.21364415552,8607.234067067338,M,49.1,5.2
6344,06/2015,575,74477.15524960618,7860.470212108347,M,32.9,10.9
6345,06/2015,469,92118.18628812129,9335.886520407452,M,64.1,10.3
6346,06/2015,698,82626.11541294966,9771.954293793717,M,62.6,5.0
6347,06/2015,245,73607.74149161209,7869.483850646052,M,60.9,13.2
6348,06/2015,363,84794.54600540495,8873.433857755836,M,45.2,1.3
6349,06/2015,911,109584.49093506028,9415.575879445063,M,53.9,13.9
6350,06/2015,343,82638.39633646743,8810.398771673114,M,63.1,16.4
6351,06/2015,886,72445.52823659338,8898.061922167548,M,59.7,10.7
6352,06/2015,262,118553.63886223164,9354.204111992707,M,64.6,14.7
6353,06/2015,222,96118.88076068873,9285.183808939715,M,39.2,11.6
6354,06/2015,731,84711.68386891003,8204.223188457518,,35.2,7.5
6355,06/2015,31,95577.2649634715,8330.768457331418,,36.7,16.8
6356,06/2015,32,68296.4149562325,7886.549480041027,M,55.5,2.4
6357,06/2015,545,92349.54179345208,8343.116952653349,M,42.4,3.8
6358,06/2015,553,60922.76164000617,6773.322570576353,M,35.3,1.8
6359,06/2015,284,78940.78077034478,8276.3309907099,M,40.5,14.4
6360,06/2015,94,95714.99991259325,9083.729618393872,M,,9.2
6361,06/2015,472,69183.7014254527,7030.591108181623,,40.5,8.5
6362,06/2015,748,91301.9613716415,9271.715978458127,F,40.7,14.3
6363,06/2015,3,65816.23976432206,7126.7990932327275,M,49.3,4.7
6364,06/2015,676,73438.8545492808,7439.719533632342,M,43.8,17.0
6365,06/2015,233,82063.13479418057,7904.946723837864,M,38.2,12.8
6366,06/2015,919,80263.51722326102,7769.106307592666,M,34.6,11.6
6367,06/2015,54,95505.10398022179,8029.109386328526,M,57.6,1.3
6368,06/2015,95,81747.62983857442,7266.649111537611,M,55.1,14.3
6369,06/2015,818,91283.65125452433,7914.067334499557,M,,4.6
6370,06/2015,349,86287.81538143547,9914.59748905465,M,63.1,16.7
6371,06/2015,224,75494.87910633972,7769.298251769124,M,42.2,9.8
6372,06/2015,526,85450.47484262596,7980.709017630322,M,62.7,18.8
6373,06/2015,613,98331.77454182919,8793.997339459791,M,50.9,2.5
6374,06/2015,845,79932.95259419309,7851.00272577197,M,,5.5
6375,06/2015,894,63794.107740857035,7371.503058098888,M,47.3,18.1
6376,06/2015,419,84516.34588382012,7746.558847596146,M,,18.2
6377,06/2015,707,110556.34242442375,8898.301691158413,M,56.4,12.6
6378,06/2015,426,73574.29055812773,8662.780331388933,M,43.0,7.2
6379,06/2015,427,62496.690410762036,6274.484933075604,M,48.1,3.4
6380,06/2015,978,106591.3253398421,9757.61768856854,M,40.8,8.0
6381,06/2015,610,75216.85847362096,7112.957803670423,M,64.5,8.9
6382,06/2015,76,129005.7201452759,8870.645445866361,,46.8,11.5
6383,06/2015,629,78329.5587266222,8433.704900478217,M,46.4,15.7
6384,06/2015,326,88072.46926754349,7580.790201476621,M,32.6,1.6
6385,06/2015,875,128929.19039588487,9918.977354610062,,42.4,16.3
6386,06/2015,409,79433.45663176397,8710.988397203906,M,45.0,14.6
6387,06/2015,940,71900.04011117897,8168.757435200574,M,53.9,9.6
6388,06/2015,642,87521.25378518036,8093.259814093153,M,43.3,8.4
6389,06/2015,14,88183.91942300339,7087.776239442267,M,56.5,1.7
6390,06/2015,129,96683.51211190096,9560.271910349136,M,35.6,11.3
6391,06/2015,474,83447.60921047836,7038.9170889716115,M,56.2,13.1
6392,06/2015,312,68876.24938578173,7664.240007694745,M,61.2,13.4
6393,06/2015,708,104681.65575347429,7633.797758690251,M,40.4,1.6
6394,06/2015,30,90337.64521266306,8168.834789891838,M,46.1,9.2
6395,06/2015,161,84404.67510796436,8146.777304991099,M,51.3,2.9
6396,06/2015,839,88295.82941690399,7747.393020691185,M,36.7,1.6
6397,06/2015,400,79182.20268446812,7486.685766655116,,58.4,10.9
6398,06/2015,375,86741.69417338815,7937.144162570659,M,43.3,18.2
6399,06/2015,298,74769.85758668862,8856.121562497725,M,39.2,11.8
6400,06/2015,29,86741.96425969055,9414.839124123599,M,46.5,10.7
6401,06/2015,679,70096.44251765631,6619.82574076537,M,32.7,10.4
6402,06/2015,422,108459.43884291511,10103.07622525861,M,50.1,11.6
6403,06/2015,50,120400.4951567993,8637.539762640841,M,53.7,9.0
6404,06/2015,804,81552.86960784969,7957.846544806518,M,32.4,13.2
6405,06/2015,627,93234.4125597165,8178.471819434734,M,41.2,15.2
6406,06/2015,874,70299.63038907576,8482.380576971324,M,38.0,2.2
6407,06/2015,165,81560.26044282131,7986.942582825613,F,50.4,17.6
6408,06/2015,905,75831.59489545357,8328.878354485538,M,32.6,15.8
6409,06/2015,37,82102.7457776192,8946.804761327792,M,43.8,12.4
6410,06/2015,501,87815.2845337769,9041.93277591864,M,47.7,9.3
6411,06/2015,529,113074.34845521027,8764.081139014366,M,47.6,6.1
6412,06/2015,774,97073.66032701981,9959.954498001713,M,62.2,17.0
6413,06/2015,772,71430.37936126726,7772.913658377258,M,47.7,8.2
6414,06/2015,773,101012.91016421787,8719.056745674128,M,,14.6
6415,06/2015,388,104346.80479282794,8667.539626347303,M,,1.6
6416,06/2015,194,118017.3066732111,9085.752585540553,M,65.8,18.7
6417,06/2015,778,86654.4797878444,7661.9241943776715,M,62.7,4.5
6418,06/2015,830,81191.10187009795,8578.841648184727,M,49.8,5.2
6419,06/2015,655,95665.49775115839,8184.750953751525,M,51.5,7.7
6420,06/2015,461,79865.09923659642,8604.630282404605,M,64.8,2.5
6421,06/2015,927,59193.87501944594,6967.5248839224505,M,53.3,9.6
6422,06/2015,90,96484.73694708766,9357.290445655568,M,60.6,11.5
6423,06/2015,348,92768.096227841,8615.605962291495,M,60.8,1.0
6424,06/2015,313,84391.92045664984,7955.442190398534,M,53.1,14.1
6425,06/2015,590,108953.84555444309,7354.33599852495,M,40.8,4.2
6426,06/2015,179,109669.81034545918,9376.666463377336,,52.8,15.2
6427,06/2015,496,98043.56589024696,8915.308616875293,M,58.0,17.3
6428,06/2015,517,82478.15176945641,9166.718212446693,M,46.1,16.4
6429,06/2015,744,62851.563497166535,7269.367667990974,M,48.2,14.3
6430,06/2015,682,85221.06643106429,8316.660042570655,M,46.5,10.8
6431,06/2015,809,104046.6122988136,9750.572776002258,M,40.3,17.8
6432,06/2015,658,83375.2304507216,8161.54208282653,M,46.5,11.6
6433,06/2015,158,80864.46114600482,8402.95227810468,M,,3.0
6434,06/2015,357,91661.68906548189,7935.584312641296,M,42.8,9.0
6435,06/2015,221,84513.59409147769,6973.720087787612,M,64.0,3.7
6436,06/2015,633,77445.8038500326,7924.02245524441,F,46.4,2.6
6437,06/2015,721,109327.37946815317,10197.67814108466,M,36.7,14.4
6438,06/2015,783,103145.65053781433,9859.092845272018,M,43.3,9.7
6439,06/2015,304,75986.83195742237,8149.692740228536,M,60.5,17.7
6440,06/2015,789,115745.92728597361,9172.740497866866,F,39.7,8.0
6441,06/2015,486,78193.9909995985,8561.137460282314,M,56.4,5.1
6442,06/2015,580,86385.64664579328,7896.799914916138,M,63.8,10.4
6443,06/2015,6,95080.81267124224,8927.59951140505,M,35.5,15.1
6444,06/2015,934,66943.39989751697,8133.935519136096,M,32.4,13.9
6445,06/2015,645,101020.0637491976,9037.141611784164,M,52.4,2.3
6446,06/2015,206,90961.33873017752,7746.586129111481,M,64.2,5.3
6447,06/2015,401,71064.53882329166,8276.809311427029,M,,13.2
6448,06/2015,826,77139.44585154827,8736.650728491115,M,33.8,5.3
6449,06/2015,83,84847.006228709,8748.743396975608,M,65.4,8.2
6450,06/2015,183,91559.12982595783,8180.686857486247,M,41.2,14.6
6451,06/2015,42,77148.05039388937,6935.639689674056,M,56.3,13.9
6452,06/2015,722,76204.64198590908,7237.051448373408,M,45.4,18.3
6453,06/2015,503,82560.9520099361,8037.154604202612,M,,18.0
6454,06/2015,620,116209.59045618073,8114.016559617449,M,57.3,1.6
6455,06/2015,755,85614.44099458274,7570.7597136013765,M,53.1,14.7
6456,06/2015,873,86966.14531308516,8844.514281026175,M,33.1,16.5
6457,06/2015,781,74983.37692500972,7574.947530010901,M,33.4,14.1
6458,06/2015,40,81413.92300844844,8122.218050455977,M,36.4,9.0
6459,06/2015,240,74897.6744968855,8518.153456876636,M,,5.8
6460,06/2015,436,57900.49877729153,5837.981234856848,,37.8,12.0
6461,06/2015,320,85422.3981924878,9690.06150186678,M,43.1,14.4
6462,06/2015,723,81534.1577275199,8444.917154164268,,,3.7
6463,06/2015,947,94029.14441906376,8047.181848151576,M,41.6,14.9
6464,06/2015,168,68526.72742699686,7399.867942785849,M,60.0,11.2
6465,06/2015,259,88850.4426935962,8657.18855515273,M,60.8,2.7
6466,06/2015,913,81256.00648195679,8003.916828803122,M,53.6,9.3
6467,06/2015,985,95290.51759932344,7747.265593282542,M,51.8,15.1
6468,06/2015,539,64119.685295176794,6878.263967847003,M,41.5,10.6
6469,06/2015,975,84663.29341607222,6469.499378378958,M,46.1,9.3
6470,06/2015,771,51321.99668649798,5814.745223481919,M,59.1,12.7
6471,06/2015,566,109875.22397576977,9390.120593164052,M,,11.7
6472,06/2015,325,93171.47249219267,7432.771548925209,M,59.5,7.6
6473,06/2015,813,88480.69656173767,8153.021637934043,M,56.3,16.7
6474,06/2015,253,106706.33748667093,8128.69809821217,F,52.5,18.0
6475,06/2015,817,102595.96286200745,9326.886523911253,M,35.7,7.4
6476,06/2015,958,81156.81984717907,7544.1653961130705,M,42.6,2.3
6477,06/2015,564,98115.22324149791,8776.386488065633,M,36.5,18.6
6478,06/2015,448,87191.65484979817,7969.271599724806,M,51.5,15.3
6479,06/2015,322,84947.67404210853,8328.108089213063,M,45.2,13.4
6480,06/2015,909,81544.89108879394,7947.308514680279,F,45.0,18.5
6481,06/2015,208,97772.05758314775,9425.290668829104,M,57.5,3.7
6482,06/2015,306,95611.69807604444,7915.701251017247,M,57.0,16.2
6483,06/2015,471,65215.79510460368,6964.977471545926,M,64.4,4.4
6484,06/2015,833,68554.91348242949,8034.491869186886,M,45.8,14.0
6485,06/2015,518,89934.51326761155,8819.909284529867,M,55.0,16.6
6486,06/2015,607,78093.57558881986,8600.215466102789,M,34.1,13.1
6487,06/2015,743,69474.56713694069,7054.785908321038,M,55.6,1.1
6488,06/2015,431,113542.21965808776,9421.360119705136,M,42.5,3.0
6489,06/2015,554,63899.10354327859,6911.822198223586,M,40.1,9.5
6490,06/2015,866,61473.59462449384,7924.105078746536,M,35.4,6.1
6491,06/2015,740,85725.19043177478,7036.905431694181,M,54.5,9.9
6492,06/2015,534,87506.9249405619,9254.286657443101,M,63.4,16.5
6493,06/2015,681,76172.0416183316,7804.254589797966,M,56.8,4.5
6494,06/2015,694,84764.43768566396,7715.678822707761,M,56.6,8.8
6495,06/2015,557,90990.02596162306,9549.623870468424,M,61.4,16.5
6496,06/2015,204,67361.25349186915,6240.445942766206,M,54.7,9.8
6497,06/2015,275,92557.60766922994,8646.498127367531,,34.7,14.8
6498,06/2015,525,83832.81828176633,6724.252678400381,M,39.2,9.1
6499,06/2015,33,76254.49419645348,7033.431665000999,M,55.9,15.2
6500,06/2015,18,86666.17659305749,9798.133439341647,M,36.9,16.0
6501,06/2015,835,76751.40593989953,8684.151541099973,M,,12.8
6502,06/2015,649,121908.20491818183,7569.766704664131,F,41.6,6.4
6503,06/2015,406,74234.58981207277,8829.477070003104,,36.0,1.4
6504,06/2015,640,83465.00072177558,9230.97907451212,,64.7,9.2
6505,06/2015,79,100853.6154600947,8468.01641626942,M,41.3,4.9
6506,06/2015,942,103348.87813305018,9517.87493038346,M,50.2,14.9
6507,06/2015,895,73223.91497543037,8308.518682442498,M,33.5,17.3
6508,06/2015,766,115482.15769398242,8521.089186746547,M,62.4,7.1
6509,06/2015,51,80048.45883510189,7884.180954413622,,39.9,6.9
6510,06/2015,702,82456.99993825334,8011.962019682188,M,57.5,12.7
6511,06/2015,332,73621.12002331259,7868.137102166638,F,55.0,18.7
6512,06/2015,314,81325.54307727757,7459.933281246887,M,49.4,4.0
6513,06/2015,118,79788.11359101589,9410.765672802481,M,39.8,9.3
6514,06/2015,445,65898.68195162354,7730.071901054181,M,59.4,18.6
6515,06/2015,906,90542.25066475368,6810.96796912779,M,57.2,5.3
6516,06/2015,555,70559.20491763516,8675.227242728726,M,62.5,3.5
6517,06/2015,105,125562.00244678426,9567.168612420111,M,48.3,2.2
6518,06/2015,879,117160.56059978665,8358.031062561684,,64.1,3.3
6519,06/2015,175,72761.04379769613,8259.881732919956,M,38.2,7.2
6520,06/2015,367,74043.72730822377,8839.286406575133,M,58.6,5.2
6521,06/2015,810,82338.92953470821,9632.149555633523,M,44.5,2.3
6522,06/2015,892,117148.52549812592,9216.653260017656,M,65.4,15.5
6523,06/2015,964,102249.23848542364,9400.301374769217,M,50.2,6.4
6524,06/2015,946,80329.99341621084,7464.508964015171,M,52.1,6.6
6525,06/2015,547,81009.3380004074,8397.422279592489,M,,7.5
6526,06/2015,999,69931.65576323685,5913.801484324324,M,45.1,14.1
6527,06/2015,953,97919.73993588088,8729.263209440993,M,47.7,14.8
6528,06/2015,202,80961.5247031106,8103.123821801231,M,57.6,4.0
6529,06/2015,345,59483.124035481254,6522.192997372567,M,40.8,12.9
6530,06/2015,718,78081.0991721434,7771.762076152998,M,65.1,1.7
6531,06/2015,276,98251.2722596006,9059.19016191583,M,45.1,18.5
6532,06/2015,768,89175.53374211119,9773.113904101452,M,63.5,6.3
6533,06/2015,411,92538.27377073956,8492.079947075814,M,58.7,2.5
6534,06/2015,192,86264.58158955288,6496.630639783629,M,45.7,5.7
6535,06/2015,115,92088.1004580877,7960.752578807689,M,36.3,17.6
6536,06/2015,162,81208.4623810503,7555.541476149583,M,35.5,12.1
6537,06/2015,636,74445.62169156235,7846.3951543306075,F,63.9,7.2
6538,06/2015,870,77006.68712359655,7739.221949073934,M,42.6,2.6
6539,06/2015,468,154377.67846342575,10576.661022549042,M,52.3,3.3
6540,06/2015,490,95264.65362228535,7997.6068084157,M,62.1,12.7
6541,06/2015,558,91902.05500963386,8223.915450392486,M,35.8,9.1
6542,06/2015,662,74298.40401875495,8353.856812960745,M,51.0,6.8
6543,06/2015,834,100571.98116973431,8782.874088527857,M,39.8,1.8
6544,06/2015,907,69420.8092328086,7737.378615920546,F,61.1,3.8
6545,06/2015,15,74502.7155477972,8897.384052358037,M,35.0,4.2
6546,06/2015,588,82488.1821655236,8254.525227104185,F,47.5,14.8
6547,06/2015,859,106108.52250292526,9245.251285771894,M,44.3,4.2
6548,06/2015,109,63031.59668465282,7843.678407196346,M,45.2,7.3
6549,06/2015,369,91418.64897955918,9758.624204173155,M,36.2,8.9
6550,06/2015,188,83284.69743782238,8675.914875628705,M,33.0,18.5
6551,06/2015,166,91851.74762215845,8527.836029773389,M,,1.3
6552,06/2015,180,82785.19182766325,8803.019353606294,M,48.2,10.8
6553,06/2015,986,102487.21348108699,9683.065677443718,M,34.5,8.6
6554,06/2015,438,93287.1943817224,9701.513655622784,M,37.4,7.0
6555,06/2015,120,74470.01203967819,7389.958843932527,F,49.6,7.2
6556,06/2015,414,82678.1933748155,8227.780038762032,M,38.1,7.7
6557,06/2015,389,87692.32236919843,8568.96013323355,M,58.5,1.7
6558,06/2015,91,83950.64610500456,7848.916309890641,M,33.5,2.7
6559,06/2015,565,113649.02537364574,8486.262045264633,M,44.3,17.2
6560,06/2015,16,57611.16621542188,5667.368962953863,M,47.8,8.0
6561,06/2015,443,89317.01005062717,8531.983255674751,M,36.6,1.5
6562,06/2015,507,85995.3688756429,9603.869432670917,M,62.1,9.5
6563,06/2015,404,67300.44878155935,7372.605523235588,M,55.1,14.7
6564,06/2015,280,104210.24093574105,8201.323949831069,,60.1,2.4
6565,06/2015,654,89805.8162913814,9451.944279955133,M,55.4,9.7
6566,06/2015,376,104655.79738615018,9487.131545124319,M,37.8,6.4
6567,06/2015,169,100516.05113568074,7656.984445517713,M,60.7,18.0
6568,06/2015,931,93046.2952348787,9450.34004564601,M,62.2,15.4
6569,06/2015,664,90467.28433115197,8254.391956903984,M,45.7,17.9
6570,06/2015,272,84252.81771646322,7669.473104053905,M,41.3,10.3
6571,06/2015,667,98670.82584423896,9547.875138470987,,53.4,1.7
6572,06/2015,209,103614.73925770001,8373.845880818102,M,47.5,11.3
6573,06/2015,687,98115.04407472903,8689.622390458177,M,43.9,9.8
6574,06/2015,893,88126.25295548717,8385.658610965216,M,38.7,2.4
6575,06/2015,184,80804.28691182517,8954.828700654638,M,46.3,14.7
6576,06/2015,711,100263.22869328693,8405.50402570138,M,51.6,17.6
6577,06/2015,543,67347.89284185025,8860.741723911893,M,59.2,12.0
6578,06/2015,864,100327.80453671294,10289.687422774798,M,35.7,8.6
6579,06/2015,995,95565.2383339285,10139.088467277075,M,,3.7
6580,06/2015,563,78625.479044133,7723.223794869861,M,44.1,7.1
6581,06/2015,58,84914.65227536472,7964.319704794867,M,61.0,6.9
6582,06/2015,46,92900.63062664015,8089.0248643179375,M,35.1,13.7
6583,06/2015,226,92243.10356629296,9464.535235287145,M,57.1,8.2
6584,06/2015,286,97052.72628350471,9536.492032219398,M,64.2,16.9
6585,06/2015,475,69899.71279469518,8408.753637089256,M,37.6,9.6
6586,06/2015,578,81991.43192181653,8750.688698918291,M,55.7,8.8
6587,06/2015,695,76640.74308185607,7038.819007695552,M,40.3,15.1
6588,06/2015,417,101402.16229944983,9020.112626389437,M,44.2,3.6
6589,06/2015,421,74478.9367770392,8661.865393485788,M,51.3,11.2
6590,06/2015,397,84383.598177321,9858.01625306288,M,,12.9
6591,06/2015,273,88153.44124431272,9138.189603790655,M,43.7,13.2
6592,06/2015,281,83635.69146388199,9076.49595846254,M,58.1,16.5
6593,06/2015,945,66425.72961892892,7628.588454944056,M,40.5,7.3
6594,06/2015,862,102940.43334035044,9822.510705130479,F,53.6,4.1
6595,06/2015,232,89733.9890693315,9672.927784893538,M,44.7,13.6
6596,06/2015,550,61520.00266200191,7734.632671116781,,46.4,7.5
6597,06/2015,917,88404.62891043087,8002.241221451304,M,32.3,17.7
6598,06/2015,56,98483.08451626182,7096.427660546168,M,38.6,14.0
6599,06/2015,377,74906.5160902313,7311.2340535320045,F,57.8,4.0
6600,06/2015,143,103947.71964720015,9412.568174734099,M,,7.3
6601,06/2015,782,80231.48015212167,7264.263246900995,M,57.1,15.8
6602,06/2015,17,81870.20359487,9346.519785793269,M,,18.5
6603,06/2015,800,77508.45032404149,9107.101980299214,M,55.4,15.0
6604,06/2015,418,63305.06960536232,6862.208215934344,M,50.6,9.8
6605,06/2015,282,78360.52015643839,7661.295118074248,M,59.1,15.3
6606,06/2015,495,84132.92261889309,8923.976168589139,M,52.5,5.5
6607,06/2015,492,86515.5584903048,8466.010310048963,M,47.2,11.8
6608,06/2015,968,91654.8175526581,9477.273266293869,,59.5,2.6
6609,06/2015,802,76241.48591318961,7735.350318849075,M,37.0,11.4
6610,06/2015,215,71375.18427922811,7839.681070562598,M,52.5,7.2
6611,06/2015,959,98528.93615484305,8786.95165770066,M,63.1,13.2
6612,06/2015,954,85788.55735147555,8993.055463639175,M,42.1,5.8
6613,06/2015,482,90171.13035585072,7944.822731641327,M,65.9,13.1
6614,06/2015,102,67839.15162055242,6770.276571417196,M,55.2,11.6
6615,06/2015,776,94552.65363463492,7763.401386580711,M,,15.6
6616,06/2015,528,57386.38783268328,7035.520987041248,M,32.7,15.5
6617,06/2015,292,102461.72357857884,9708.052759367107,M,32.6,13.2
6618,06/2015,971,72045.96321206419,7560.591659599097,M,63.6,15.5
6619,06/2015,152,89195.22387365004,6894.294031525889,M,35.5,3.3
6620,06/2015,750,62504.37918210908,6512.267518130616,M,57.0,16.5
6621,06/2015,199,76336.68439046665,8143.251419088722,M,49.2,13.1
6622,06/2015,154,107127.23734761681,9488.027585012653,M,,6.9
6623,06/2015,675,96094.27795820333,8862.092151409399,M,56.2,10.5
6624,06/2015,288,78027.47141468652,8655.895978200197,,47.6,18.3
6625,06/2015,523,70168.62309573234,6787.734317106065,M,32.1,1.2
6626,06/2015,688,62333.338599832845,6923.662333250957,M,41.3,4.0
6627,06/2015,360,98908.38310594796,7839.170217947016,M,49.5,12.0
6628,06/2015,960,92338.58714988951,8512.16275229099,M,55.1,9.8
6629,06/2015,368,108474.42761255678,9100.61091568795,M,53.8,14.7
6630,06/2015,456,93973.02554943526,8367.207637071973,M,55.8,5.9
6631,06/2015,512,68971.15912810786,7145.610853711253,,50.1,15.9
6632,06/2015,650,98225.86460357359,8530.247274462508,M,43.0,12.5
6633,06/2015,380,56243.55204633704,7452.685916436106,M,61.4,1.5
6634,06/2015,139,102276.69764282857,8916.84536130906,M,56.4,8.7
6635,06/2015,994,90655.73148735087,8387.384435668791,M,42.5,2.6
6636,06/2015,689,109717.8084866893,9065.337507265667,M,63.1,2.4
6637,06/2015,243,87711.93338934175,7783.149611718959,M,38.2,16.7
6638,06/2015,148,67937.01893590536,6815.784506899323,M,64.4,9.8
6639,06/2015,252,96379.9014004906,8687.46692458515,M,40.6,14.0
6640,06/2015,265,67505.29235885083,7564.651744340767,M,39.6,3.8
6641,06/2015,362,66786.29803243409,7430.275612246569,M,39.0,3.7
6642,06/2015,336,86951.97907932126,9510.011261299436,M,53.4,15.5
6643,06/2015,928,88632.91239818938,8544.485427534866,M,63.0,14.1
6644,06/2015,515,119756.66324991775,7242.016165212292,M,56.7,9.7
6645,06/2015,483,85569.40915058169,8911.526201696715,M,47.0,12.5
6646,06/2015,395,95254.9963258971,9493.272734151156,M,59.5,16.9
6647,06/2015,758,95218.57369916944,8280.166912052682,M,45.8,3.4
6648,06/2015,361,94991.95961533628,9258.879104898664,,51.1,15.4
6649,06/2015,657,110600.67234909351,10304.064529948972,M,53.9,10.4
6650,06/2015,761,100551.61809837534,9059.876593898374,M,33.4,8.7
6651,06/2015,881,76761.08482765206,7458.646462434086,M,53.5,2.0
6652,06/2015,197,90766.01087469916,8044.756811702456,M,44.6,12.9
6653,06/2015,290,105295.36255259992,10788.026351512468,M,37.7,4.3
6654,06/2015,742,78956.81259491423,8761.949412176029,M,47.7,1.4
6655,06/2015,848,89920.51799131346,7706.453928853003,M,58.3,10.1
6656,06/2015,820,109481.88536167392,9157.802473620717,M,32.4,14.0
6657,06/2015,122,91393.6845668556,9452.347380950654,M,42.0,5.7
6658,06/2015,340,70281.62482274906,8003.616759090894,,43.5,6.5
6659,06/2015,714,83279.23754456681,7508.6271829425905,M,39.5,9.7
6660,06/2015,699,82228.63750484203,8639.877128609858,M,38.8,17.8
6661,06/2015,825,85982.98640587178,7524.850149829344,M,39.7,5.7
6662,06/2015,717,85169.2898151773,9212.593272182565,M,51.8,18.7
6663,06/2015,318,84914.78644149515,7564.823572280224,M,60.5,9.5
6664,06/2015,104,80223.82023362687,7671.300814567268,,57.0,5.7
6665,06/2015,816,79137.60003286452,8238.495045058326,M,32.0,1.0
6666,06/2015,296,86515.90888706302,9878.822707873882,M,42.2,11.1
6667,06/2015,696,65401.950727772215,6830.262953308297,M,41.1,14.7
6668,06/2015,27,78746.18427522073,7943.660658296768,M,54.5,12.8
6669,06/2015,22,80794.56849018612,8340.199653184318,M,50.2,13.8
6670,06/2015,785,65947.80156369592,6381.511192951334,M,,14.7
6671,06/2015,256,117146.80611631332,9036.252698909168,M,,8.8
6672,06/2015,75,91990.94471192654,9525.081249525709,M,47.3,6.5
6673,06/2015,5,99805.84456447382,7902.872026197421,M,39.8,4.7
6674,06/2015,217,79991.67818566275,10121.274195779512,M,64.4,14.8
6675,06/2015,869,96865.34731049134,8644.715897976832,M,38.4,13.3
6676,06/2015,385,79454.77028257752,9615.127984448287,M,44.9,9.4
6677,06/2015,941,86480.73951138085,9098.259298935387,M,35.0,2.8
6678,06/2015,712,124306.76547877117,8903.875687971704,F,,13.8
6679,06/2015,939,62548.0834065723,6905.603860817348,M,49.5,2.4
6680,06/2015,710,68953.65925010818,6934.678663406497,M,57.4,7.4
6681,06/2015,34,94406.87624565676,9436.60916780361,M,,18.6
6682,06/2015,559,102518.96090981836,7240.14756499935,F,62.8,4.7
6683,06/2015,463,99975.59310830162,9135.029364523207,M,48.9,10.3
6684,06/2015,605,71080.4767925784,7226.4853306724835,F,63.6,5.9
6685,06/2015,424,54257.05919286279,5946.732061441995,M,49.8,3.8
6686,06/2015,851,100311.48823927378,9061.42498319828,M,43.5,2.4
6687,06/2015,444,67096.38975206057,7527.6927782964385,M,45.4,4.1
6688,06/2015,790,84869.79940714409,8581.434502713842,M,37.6,5.0
6689,06/2015,106,69741.55254432152,7748.144682670273,M,42.4,1.2
6690,06/2015,455,88522.95598922837,8254.253261198266,M,,3.9
6691,06/2015,223,73878.70984532028,7475.4302767220115,,53.2,5.2
6692,06/2015,242,69542.43164514289,6681.64097088315,F,46.1,14.5
6693,06/2015,77,64842.47227317591,7434.286852603251,M,63.4,8.9
6694,06/2015,961,67750.47625531451,7222.551731227387,M,62.4,6.9
6695,06/2015,416,89467.73877585978,9047.545622926094,M,50.8,16.2
6696,06/2015,506,74123.1061725665,7355.888202473074,M,38.7,5.6
6697,06/2015,287,100457.37178182598,9852.20337873107,M,40.1,15.2
6698,06/2015,52,80173.9649132397,9346.79966179656,M,55.3,5.2
6699,06/2015,132,92187.54195623052,8709.710440525243,M,60.6,17.3
6700,06/2015,319,109330.22483783572,9410.987220437952,M,42.7,9.7
6701,06/2015,871,74913.87981578417,7995.348023967979,M,,7.2
6702,06/2015,213,66825.01327881729,6841.895270407426,M,40.4,15.2
6703,06/2015,846,67335.36087699266,7608.427341029957,M,33.1,17.2
6704,06/2015,351,78436.90494561402,6916.33968933279,M,53.7,7.8
6705,06/2015,324,89985.30384338486,8953.397808933894,M,54.6,9.8
6706,06/2015,173,89462.52770136624,8871.421005239172,M,46.9,9.3
6707,06/2015,88,100336.53597357262,8853.143225650056,M,43.9,18.0
6708,06/2015,347,101144.70041862548,8184.912783501996,M,,15.2
6709,06/2015,513,96728.16988046802,9847.370693638344,M,42.2,14.3
6710,06/2015,487,105614.73060329551,8456.805244524181,M,32.3,14.8
6711,06/2015,295,68126.8093603768,7369.530918959781,M,46.5,8.4
6712,06/2015,430,91788.54599577776,8933.52503428351,M,,11.6
6713,06/2015,437,67064.83570174055,6790.352264409477,M,35.0,9.8
6714,06/2015,644,71832.07387828427,7873.50503673774,M,60.0,5.4
6715,06/2015,803,79888.24648378778,8627.648510611487,M,39.6,13.8
6716,06/2015,2,90389.85670196672,9725.471346083768,M,65.5,1.0
6717,06/2015,932,130855.87812790115,9072.29694432185,,37.4,12.0
6718,06/2015,843,98495.03465360423,9123.482800466512,F,40.4,15.0
6719,06/2015,138,84265.61097361214,7672.449141883296,M,34.5,5.5
6720,06/2015,356,82334.93033057546,6709.944590023826,M,51.3,12.6
6721,06/2015,466,58249.71821279022,8137.119508916831,M,51.7,13.4
6722,06/2015,729,85797.49256612008,8310.798485631776,M,59.3,9.7
6723,06/2015,535,89467.52783016695,7657.829145457446,M,62.7,2.9
6724,06/2015,715,99075.87460262561,7852.051083907776,M,51.8,5.3
6725,06/2015,70,88518.97300390856,7202.961525760694,F,59.0,4.7
6726,06/2015,485,86638.50759175973,7610.669429979223,M,56.3,15.4
6727,06/2015,128,84212.49844780633,8313.90964715061,M,52.0,5.9
6728,06/2015,587,73570.39613161069,7977.807105241642,M,51.7,9.9
6729,06/2015,142,116852.16062690967,9886.697713949163,,37.3,14.2
6730,06/2015,938,95387.81693219932,9441.810198980098,M,64.5,16.4
6731,06/2015,725,94955.44929711589,10083.705270645474,M,39.9,3.3
6732,06/2015,801,72638.99184043422,6728.983745799989,M,42.7,11.4
6733,06/2015,653,86276.70470041876,7227.9438357327235,M,57.7,13.8
6734,06/2015,921,91413.69507893435,7139.078725855991,M,55.5,17.4
6735,06/2015,98,69990.13970607643,8021.007568949105,M,39.4,10.5
6736,06/2015,608,91919.23957519939,8719.928284443704,M,63.9,13.4
6737,06/2015,576,91616.13637100575,8403.839218372288,M,64.1,4.1
6738,06/2015,936,176957.451212482,10422.168419056048,M,55.9,11.4
6739,06/2015,301,84665.14683181758,8987.242959855892,,33.7,2.0
6740,06/2015,266,89545.87741411041,8931.08593918542,M,36.1,1.4
6741,06/2015,499,99332.02093307361,8227.877844046761,M,32.6,1.0
6742,06/2015,133,77473.83011303657,8256.306845597366,M,43.3,13.8
6743,06/2015,989,80450.19080840673,8221.923365258355,M,,6.4
6744,06/2015,619,75103.96440984399,7632.1311072803755,M,55.2,4.2
6745,06/2015,136,94685.02205464752,7183.657807421793,M,58.5,1.0
6746,06/2015,277,103431.41507293325,8464.132806704712,M,33.1,12.5
6747,06/2015,267,101585.85254570367,8452.273204705241,M,52.8,4.8
6748,06/2015,749,80418.82992082527,7954.777701266024,M,40.0,12.2
6749,06/2015,254,71580.74464935242,7079.33337843658,M,57.0,18.2
6750,06/2015,630,67875.05643193473,8441.652480426603,M,45.0,17.3
6751,06/2015,339,100248.39146001206,7591.3292471335735,M,41.1,18.1
6752,06/2015,203,85496.07823837787,8157.276376236506,M,59.0,16.3
6753,06/2015,107,68542.87128560654,6206.000291367867,M,49.9,10.0
6754,06/2015,24,84665.70696394122,8754.592933859221,M,33.6,12.8
6755,06/2015,668,90519.96677829976,8850.411210535298,M,,14.9
6756,06/2015,837,91660.17231060892,8317.08276165477,M,36.8,12.8
6757,06/2015,392,87214.3068317722,7995.0737972952065,,33.3,4.8
6758,06/2015,330,116869.35621272687,10948.931812806002,M,,2.2
6759,06/2015,151,86255.70961344783,7025.8756841059585,M,48.4,18.7
6760,06/2015,856,99917.79469426861,8522.970705892827,M,53.8,16.7
6761,06/2015,976,81797.97380606133,8798.869135686675,M,57.8,1.9
6762,06/2015,831,85766.1550358075,7321.98102269303,M,54.2,8.5
6763,06/2015,991,70868.59834027136,8321.170407585678,M,35.2,11.1
6764,06/2015,201,118718.67768041597,9368.33100673221,M,57.3,6.1
6765,06/2015,788,91756.91840388461,9098.633905592636,M,32.6,18.3
6766,06/2015,1,58959.891403592264,6914.1006966834075,F,43.8,1.4
6767,06/2015,103,67935.48759330287,7193.322970972213,M,64.3,11.8
6768,06/2015,53,103403.4705540312,9586.957014783666,M,56.0,7.9
6769,06/2015,241,93214.08308875312,8389.567012567899,M,36.5,11.2
6770,06/2015,346,86996.57187083666,10333.35239747912,M,49.3,16.0
6771,06/2015,450,88715.05984358308,9344.506959546006,M,57.8,13.3
6772,06/2015,628,78514.47598903302,7150.604403238053,M,61.0,15.2
6773,06/2015,700,81047.69198472476,6972.881604301291,M,51.2,10.6
6774,06/2015,4,138859.0378216087,10669.53276557156,M,59.6,11.7
6775,06/2015,334,70099.1067313441,7807.338320293252,M,56.3,7.2
6776,06/2015,641,70636.24039198122,8290.300204020257,M,33.8,11.0
6777,06/2015,794,82334.03425806575,8839.657267832396,M,34.9,12.3
6778,06/2015,390,79977.5461805634,7929.6785727218175,M,54.7,12.7
6779,06/2015,141,95335.5884893363,10158.027615361661,M,44.7,8.8
6780,06/2015,980,76027.15958242152,7032.701803067983,M,36.0,2.1
6781,06/2015,734,66521.234609584,7531.580010519311,M,47.7,11.6
6782,06/2015,342,69332.25800893585,7651.7007502789,M,43.7,4.9
6783,06/2015,370,107522.66730294438,9673.71915106235,M,46.2,1.9
6784,06/2015,480,99893.72022889872,8222.683411998134,M,38.6,11.5
6785,06/2015,902,78381.92758295684,8370.58552364222,M,63.6,5.8
6786,06/2015,477,80057.72323582643,9221.708337446036,M,46.4,8.8
6787,06/2015,193,94905.952107506,8494.527291793078,M,52.8,16.4
6788,06/2015,476,69884.05439297334,7557.4973260359375,M,,18.3
6789,06/2015,537,62895.118312967934,6822.900538447806,M,37.3,2.5
6790,06/2015,591,85146.1934163137,7936.61846953297,M,56.1,9.5
6791,06/2015,189,105251.16609670925,9028.76469725184,M,41.9,5.9
6792,06/2015,596,103254.21007164381,9045.854937342014,M,56.2,13.7
6793,06/2015,235,76009.45997867936,7356.299228184158,M,37.4,9.0
6794,06/2015,520,78847.79677175706,6978.516724341856,M,54.7,8.8
6795,06/2015,677,64065.27014195884,7081.98949631651,M,58.8,14.4
6796,06/2015,704,69289.22507099202,6472.165631558877,F,57.6,7.7
6797,06/2015,355,93537.62192126251,8157.924811094485,M,50.0,3.0
6798,06/2015,247,88364.22803293797,8206.835369065057,M,53.5,2.0
6799,06/2015,207,92265.56630563087,8662.89828659414,M,47.8,3.5
6800,06/2015,990,71889.79612695651,8413.740533403787,M,36.3,4.7
6801,06/2015,41,63066.2787680687,6898.851199632405,M,36.9,10.0
6802,06/2015,678,100239.62770996091,10247.734506782652,M,55.7,7.7
6803,06/2015,663,86574.56073363006,6206.150424698913,M,56.7,12.1
6804,06/2015,28,95851.44707107887,8151.714851152963,M,65.2,4.4
6805,06/2015,672,75585.24759721813,8092.069889411513,M,53.2,13.5
6806,06/2015,393,78001.36745488518,8392.288522849538,M,33.5,7.3
6807,06/2015,615,74763.68967400068,7949.960736002248,M,51.3,2.9
6808,06/2015,923,88229.39876886076,8075.4592638748245,M,32.0,7.7
6809,06/2015,544,71151.85761877573,6920.733757661105,M,39.6,13.0
6810,06/2015,364,68581.47879104436,5950.617103696589,M,41.0,9.2
6811,06/2015,573,79096.57837207349,10614.911818691355,M,60.9,6.4
6812,06/2015,125,102142.54249447244,8186.158799585514,M,37.2,9.2
6813,06/2015,949,112914.28665383527,7058.251700985814,M,36.4,12.6
6814,06/2015,510,100494.4046732947,8543.468414333167,M,55.0,12.2
6815,06/2015,878,91188.11139275687,9713.620494749133,M,36.2,5.5
6816,06/2015,992,93357.25718366868,8924.346181061379,M,36.1,17.3
6817,06/2015,8,74062.46674818383,8379.94163810394,M,39.7,13.2
6818,06/2015,984,87289.09872522458,7688.825787946789,M,42.3,10.7
6819,06/2015,763,101450.1235405573,9885.079394329936,M,37.4,6.6
6820,06/2015,973,113389.40799200397,7181.32068035139,M,39.5,15.8
6821,06/2015,25,71670.47606091016,7293.042017160143,M,34.8,14.6
6822,06/2015,541,71036.77771936676,6590.677806719205,M,48.7,8.1
6823,06/2015,757,75807.09856222622,8384.384582951398,M,,13.5
6824,06/2015,374,116539.39316242143,8862.840303753475,,39.7,13.9
6825,06/2015,64,62243.30547714691,6574.184597196566,M,46.0,5.6
6826,06/2015,500,92786.93475267726,7974.099802442424,F,46.2,13.5
6827,06/2015,647,67546.48625048835,7947.883234793362,F,63.4,11.7
6828,06/2015,614,82949.32157583104,8079.517860168717,M,59.8,17.8
6829,06/2015,21,101215.77490865634,7982.376558582367,M,32.8,7.5
6830,06/2015,13,83884.32849186822,8595.315056047626,M,43.1,15.2
6831,06/2015,639,121895.66288253014,9589.651783900552,M,50.0,9.2
6832,06/2015,868,94587.85909615672,9333.640036967761,M,32.5,7.3
6833,06/2015,805,78702.21570037273,8838.649401613959,M,40.7,10.5
6834,06/2015,891,80428.1398101112,7605.619788138239,M,56.5,13.8
6835,06/2015,561,105986.24715673462,9529.665978667257,,44.2,6.2
6836,06/2015,709,80591.77379951217,8080.234665435291,M,38.7,12.6
6837,06/2015,429,85046.61086231771,8851.368841420623,M,46.7,4.7
6838,06/2015,720,77433.03009622819,8409.550896589768,M,64.6,15.1
6839,06/2015,187,70538.13032730676,6003.530697530122,M,48.7,17.0
6840,06/2015,457,60236.36623830109,6487.770903438422,M,63.5,10.5
6841,06/2015,844,106194.28021602254,8748.413146880344,M,47.4,2.4
6842,06/2015,552,82739.8982078316,8669.461876538622,M,61.3,7.3
6843,06/2015,498,84859.46723211295,8689.727508357693,M,49.2,15.3
6844,06/2015,230,96683.44293257211,9429.009226621616,M,38.2,5.1
6845,06/2015,131,65890.79338062929,8160.696427646045,M,35.1,16.0
6846,06/2015,268,65854.59097154628,8134.470868410683,M,41.2,11.2
6847,06/2015,634,106824.18770119429,9091.425182091327,M,46.8,4.5
6848,06/2015,930,83510.0750494649,8613.398792437652,M,54.4,16.9
6849,06/2015,730,73025.62049164211,8091.694287903714,M,60.8,1.5
6850,06/2015,386,107364.13587165027,8607.407796519166,M,37.5,12.8
6851,06/2015,897,114685.77906085073,8602.619054027276,M,43.3,2.5
6852,06/2015,604,91769.49891005174,8277.40899065176,M,59.8,7.6
6853,06/2015,850,108961.18769735558,8683.969419308938,M,39.4,1.4
6854,06/2015,626,80318.08186389747,7783.397394805115,M,51.8,18.1
6855,06/2015,163,99996.75977897368,8856.701235852324,M,58.5,9.1
6856,06/2015,82,63166.87508276269,7617.589615618351,M,61.7,4.0
6857,06/2015,36,92760.11485912459,8071.027808451716,M,37.4,16.3
6858,06/2015,977,119523.08652032149,10201.071845548033,M,56.2,3.7
6859,06/2015,123,124744.83834291401,8329.34163742686,M,65.3,11.5
6860,06/2015,92,100308.22715460001,8378.677852305042,M,41.4,15.1
6861,06/2015,26,102357.52597164633,9913.27408902724,F,47.5,2.7
6862,06/2015,251,78333.15363590234,6620.9777543179625,M,43.0,11.9
6863,06/2015,598,79432.52621707314,8276.7887163113,M,51.3,9.4
6864,06/2015,524,82698.38324474865,7836.916397161183,F,39.5,18.5
6865,06/2015,726,80917.79176919375,8229.141004972173,M,58.1,4.5
6866,06/2015,263,79375.76018711302,8747.923669814072,M,52.2,12.2
6867,06/2015,365,82313.02144995709,9319.813126364557,M,37.6,5.3
6868,06/2015,44,86440.35313636283,8082.368083659869,M,61.5,8.9
6869,06/2015,530,71955.77919313675,7111.309455977435,,47.2,6.9
6870,06/2015,838,59206.794284561875,5825.019097687935,M,,17.2
6871,06/2015,311,64665.18451251815,6742.709044751764,,32.1,9.4
6872,06/2015,447,63928.21397946032,7064.716991621028,M,65.5,12.1
6873,06/2015,993,92856.81610059456,9869.285626854113,M,35.0,2.9
6874,06/2015,315,74263.95618467624,7368.1929670775025,M,61.1,8.7
6875,06/2015,20,89073.87058500887,8603.177785491353,M,52.1,18.1
6876,06/2015,618,106563.02428765918,8007.619133105392,M,63.9,9.0
6877,06/2015,43,131570.82917579808,8520.128568083242,M,57.3,1.2
6878,06/2015,190,64789.87163016257,7288.401256192047,M,57.5,14.1
6879,06/2015,659,72143.32112849157,7649.670514220613,M,65.4,14.7
6880,06/2015,47,87259.86206134433,7555.856499480417,M,40.7,5.3
6881,06/2015,987,123441.33756509864,9025.42504497459,M,32.4,13.8
6882,06/2015,71,69218.20303766501,9439.226833985485,M,39.0,1.0
6883,06/2015,198,90942.89217264287,8778.138028669919,M,41.1,16.6
6884,06/2015,473,84126.25669000656,10128.140730892863,M,59.5,14.6
6885,06/2015,338,99382.71309820935,9213.084433656511,M,42.2,4.3
6886,06/2015,440,78652.36671889867,8437.2055371596,F,39.6,4.4
6887,06/2015,246,55404.11805508228,7021.604879655498,M,57.2,15.1
6888,06/2015,116,96841.8608265649,8640.126480150626,M,42.2,10.6
6889,06/2015,849,111336.72225803418,9337.932487072358,M,65.4,12.1
6890,06/2015,900,76602.22786073745,8794.445959981376,M,41.5,9.4
6891,06/2015,359,72196.15190594942,7949.688321358409,M,47.7,7.9
6892,06/2015,299,97729.17745789766,8799.66515279241,M,50.1,2.0
6893,06/2015,7,79462.51117901188,7819.816858395209,M,40.8,14.1
6894,06/2015,297,91220.68719426998,8215.626196502824,M,53.7,1.0
6895,06/2015,822,87167.5062346222,8994.861529339629,,54.0,2.9
6896,06/2015,648,68905.62795540984,7031.2197715203665,M,49.6,4.4
6897,06/2015,294,68994.56355212485,7469.435024945475,M,59.6,4.9
6898,06/2015,491,78067.27194448153,7477.578322688136,M,61.1,3.2
6899,06/2015,568,87566.83836511231,8379.633791527069,M,,16.5
6900,06/2015,584,120492.15550479964,9527.950613782092,M,43.3,14.9
6901,06/2015,690,107991.48799457018,9507.986034223042,M,,8.8
6902,06/2015,291,78245.82120740307,9399.23348622721,M,33.2,5.4
6903,06/2015,49,77711.04631977425,8253.631892057325,M,45.1,3.0
6904,06/2015,585,94046.5212767423,9644.464006001686,M,37.9,11.3
6905,06/2015,606,115037.10631547635,8893.720077448415,M,51.5,15.1
6906,06/2015,693,92974.09775316203,9071.037188585757,,53.1,9.9
6907,06/2015,944,95651.62943547142,9909.517874679646,M,49.4,14.1
6908,06/2015,793,87181.21381533476,8417.760139460544,M,35.0,12.5
6909,06/2015,425,102594.88650165153,9437.437633847285,M,,17.9
6910,06/2015,683,104728.78686937023,9330.161538744815,,54.5,3.6
6911,06/2015,656,110258.39828646454,9220.292592238304,M,56.4,17.8
6912,06/2015,488,106209.81247014919,10220.581049506818,M,32.4,5.8
6913,06/2015,61,83105.54826719432,8526.75807313084,M,34.1,16.4
6914,06/2015,904,88201.34682248124,9314.471833586054,M,,4.0
6915,06/2015,378,115885.67736545051,9507.416012961787,,36.7,3.5
6916,06/2015,269,99384.35862758709,10419.834712301224,M,39.7,8.1
6917,06/2015,889,77350.5127062976,8348.077056615519,,55.5,2.0
6918,06/2015,481,61539.03839085004,6150.231775448343,F,51.5,17.1
6919,06/2015,344,77206.83935835004,7907.7253083371415,M,51.0,11.8
6920,06/2015,99,68791.92082327475,7586.173042507241,M,55.3,5.7
6921,06/2015,832,111396.43883477955,9545.155296946074,M,,13.3
6922,06/2015,127,102498.3027987705,7056.150947914915,M,55.8,11.8
6923,06/2015,617,93835.04075352049,7600.16402811938,M,38.2,17.4
6924,06/2015,770,85422.10131841604,7902.915812512797,M,56.6,15.9
6925,06/2015,484,105191.51531946789,8302.765745891364,M,36.2,4.1
6926,06/2015,341,120111.75362294972,9673.246339826821,F,63.1,16.9
6927,06/2015,982,69434.25093208042,7797.72310936888,M,,9.4
6928,06/2015,212,81693.11192697377,8485.23036589175,M,46.4,1.6
6929,06/2015,589,83686.04613309579,8886.803248157536,M,40.7,6.4
6930,06/2015,797,91879.75445418553,8724.350288802721,M,44.6,5.9
6931,06/2015,753,86386.69390136478,9134.442195349086,M,32.8,12.8
6932,06/2015,227,91519.4087873276,10685.439274830956,M,,16.2
6933,06/2015,86,93574.19177762,9060.808281221813,,,5.4
6934,06/2015,680,72397.76992375372,8302.79111148943,M,61.1,18.9
6935,06/2015,195,83351.85626336376,9113.072444342615,,54.1,8.8
6936,06/2015,595,70573.00652483592,7444.547538669387,M,45.4,7.1
6937,06/2015,854,67703.24452853338,8564.108647198715,M,44.2,18.7
6938,06/2015,828,74078.97057204793,8178.41121400054,,50.6,1.1
6939,06/2015,261,79420.14079928279,7934.741161951955,M,36.4,18.5
6940,06/2015,603,93787.57409314724,7961.293502729725,M,34.9,10.7
6941,06/2015,379,68338.69947273331,7872.467238602351,M,65.1,12.4
6942,06/2015,888,83975.67973290967,8093.451265522012,M,,4.0
6943,06/2015,741,99009.89124171122,8877.366056995941,M,42.4,11.2
6944,06/2015,60,83101.41332359817,8167.041059292433,M,53.4,11.0
6945,06/2015,955,96927.73241253215,8529.733838996932,M,35.8,8.5
6946,06/2015,62,77835.57614448981,7458.876309173604,M,34.0,4.3
6947,06/2015,638,71161.88702975363,6698.462895764119,M,62.7,9.4
6948,06/2015,697,86131.76176015251,10071.612568057653,M,35.0,15.2
6949,06/2015,147,77130.01399186326,7993.8137546132575,M,53.7,14.7
6950,06/2015,637,73539.47503018432,8511.034686035937,M,63.3,3.0
6951,06/2015,799,116065.26631280858,9010.555330956517,M,45.3,1.1
6952,06/2015,178,98995.46420869666,9729.106803276518,M,49.0,7.8
6953,06/2015,806,71036.30020115105,8451.955345397342,M,50.3,7.6
6954,06/2015,300,117099.84002125757,9268.823322791579,M,35.9,9.5
6955,06/2015,998,84542.98315077958,8428.754214774048,M,32.1,1.4
6956,06/2015,337,139100.16321179213,12040.432955391752,M,36.0,9.4
6957,06/2015,549,123980.93452434186,9402.986661925761,M,55.1,16.4
6958,06/2015,767,64643.50737588868,7724.892825188193,M,56.5,1.2
6959,06/2015,157,76507.01406448914,8317.9666254353,M,56.8,16.2
6960,06/2015,540,99442.68700630171,7360.295278222672,M,41.6,6.5
6961,06/2015,108,78624.15275536815,8159.81404283405,M,51.2,2.9
6962,06/2015,352,83950.54424491902,7786.556891840435,M,58.1,9.3
6963,06/2015,847,75139.49997247435,7532.778010180791,M,51.0,5.2
6964,06/2015,479,67985.89939075173,8214.633222206274,M,54.6,1.0
6965,06/2015,622,84806.82268446354,9261.32814696071,M,53.2,7.6
6966,06/2015,937,111055.95416648587,7595.081507590452,M,54.9,11.5
6967,06/2015,775,101193.18517888444,9573.32101844614,M,50.4,9.8
6968,06/2015,623,104532.96036795172,9661.928264436887,,,14.4
6969,06/2015,87,87348.0541813093,7296.817403064658,M,48.0,15.4
6970,06/2015,80,95735.21939450163,8379.317176809654,M,57.8,17.5
6971,06/2015,434,86392.26669292775,7889.120761005961,M,36.5,7.7
6972,06/2015,210,98285.92713039342,8675.966605523743,M,37.0,1.9
6973,06/2015,860,106221.26431812473,7486.463122696589,M,38.0,16.8
6974,06/2015,220,81979.90321801174,9019.415238339308,M,32.1,7.3
6975,06/2015,769,94878.12065639162,6601.212276785913,,58.8,18.9
6976,06/2015,692,96823.46457750612,9363.348250116169,M,42.5,2.3
6977,06/2015,546,65410.945593141536,7472.440408937518,M,55.6,13.5
6978,06/2015,777,82070.83060686364,7554.493464167781,M,59.2,16.0
6979,06/2015,581,100915.3262066338,8270.888903251682,M,35.5,18.5
6980,06/2015,452,94052.49902409919,7729.512191788462,M,53.3,4.4
6981,06/2015,511,79263.2727821515,7715.361691414022,M,35.2,10.9
6982,06/2015,214,68551.79757296442,8688.96841831082,M,,5.9
6983,06/2015,234,58895.685581224585,6730.197649504222,M,42.7,6.2
6984,06/2015,853,90369.88700988477,8246.543393101065,M,42.5,2.3
6985,06/2015,551,75481.9528563502,8736.912009083593,M,,4.3
6986,06/2015,505,84998.05432733403,9022.29602510892,M,33.7,2.5
6987,06/2015,508,63699.17060900356,7383.879374099628,M,54.1,8.3
6988,06/2015,795,77832.37171684125,7435.889293763816,M,50.4,8.6
6989,06/2015,317,124311.45517256243,10338.969908433408,M,33.3,2.7
6990,06/2015,792,75180.84396896207,7075.914521935072,M,,8.7
6991,06/2015,974,122970.428150563,9118.385099014933,M,34.8,8.2
6992,06/2015,117,79703.97608999422,8898.378258167815,M,59.4,17.1
6993,06/2015,410,66143.03877337756,7044.0688951252105,M,38.0,17.4
6994,06/2015,182,96077.01797985114,8855.015622355639,M,40.0,14.4
6995,06/2015,119,94429.55178045016,7846.516404658775,M,65.9,15.4
6996,06/2015,236,72952.57051566849,6539.200151357637,M,42.3,6.7
6997,06/2015,449,76716.88350149304,7427.755138677142,M,38.4,18.7
6998,06/2015,494,100300.79088904361,8553.917906753855,M,48.7,7.9
6999,06/2015,609,55937.61480311714,7095.0400997053885,M,,4.6
7000,03/2015,943,63730.67418214933,6756.005542523571,F,58.4,0.6
7001,03/2015,966,102922.47632683354,8973.082017723813,M,46.8,0.1
7002,03/2015,250,80862.35833568302,8442.129400668293,M,32.0,0.1
7003,03/2015,156,81052.02465902457,8174.542196426117,,64.8,0.7
7004,03/2015,67,81981.60289013485,9084.171401554726,M,60.7,0.4
7005,03/2015,684,100377.0426783369,9024.94212852887,M,,0.5
7006,03/2015,527,81742.3339635261,8068.726769240415,M,,0.4
7007,03/2015,556,90387.02761760283,9563.467636414742,M,50.7,0.8
7008,03/2015,446,106719.28845558267,7576.277175508583,M,49.5,0.1
7009,03/2015,841,90237.72340648143,9513.608328810398,M,48.2,0.7
7010,03/2015,126,70900.59271975943,7695.848004763807,M,53.2,0.7
7011,03/2015,910,119934.2345870839,8376.68648722964,M,58.2,0.6
7012,03/2015,112,65893.84215037969,6755.232878046793,M,54.8,0.9
7013,03/2015,191,75279.4784116804,9225.938208739197,M,50.4,0.1
7014,03/2015,739,90221.4507202349,8568.384693436481,M,37.6,0.6
7015,03/2015,579,85912.66016966804,8055.095828691041,M,41.3,0.3
7016,03/2015,111,90693.36289744207,8334.09998474754,M,45.4,0.8
7017,03/2015,285,100810.11956354095,9091.949981239599,M,47.3,1.0
7018,03/2015,796,66507.55720624674,6930.413470362884,M,59.2,0.3
7019,03/2015,310,66668.96572999166,6913.319393112494,M,42.2,0.8
7020,03/2015,458,102410.1327551839,9999.170000787635,M,39.7,0.2
7021,03/2015,884,73927.63178755934,7619.778795876377,M,64.1,0.6
7022,03/2015,335,76639.12684758994,8599.559679556845,M,47.0,0.8
7023,03/2015,521,100650.02471601196,8259.207385967477,M,56.1,0.8
7024,03/2015,887,97262.14226066005,9113.855102980197,M,,0.0
7025,03/2015,601,80673.01766005724,7945.136007324269,M,39.8,0.2
7026,03/2015,11,66224.70589208181,8353.99150601891,M,39.1,0.6
7027,03/2015,624,73049.26024540502,7640.354530770043,M,52.8,0.7
7028,03/2015,737,101594.7389023029,8079.6604832908,M,58.1,0.3
7029,03/2015,823,93305.27691688322,8790.546593073208,M,50.6,0.3
7030,03/2015,752,98004.4210427471,8895.247354499923,M,63.6,0.4
7031,03/2015,732,90400.47906127153,8122.471163528007,M,54.1,0.5
7032,03/2015,493,98501.22689624036,9050.65294197992,M,61.1,0.2
7033,03/2015,159,71060.47971860917,9292.430604666706,M,48.4,0.6
7034,03/2015,225,69797.87872359245,6925.598404121945,M,,0.6
7035,03/2015,784,108150.34161632915,8419.934080785362,M,54.3,0.2
7036,03/2015,171,95497.77923047423,8231.629596960101,M,49.4,0.4
7037,03/2015,460,104877.8787278053,8481.390935851441,F,33.0,0.3
7038,03/2015,408,109555.2207566663,8784.943984741782,M,65.0,0.9
7039,03/2015,239,81361.34956985655,9297.205935147229,M,60.4,1.0
7040,03/2015,812,60732.407393667956,7149.459865855733,M,54.7,0.9
7041,03/2015,896,98073.54779559803,9718.494747759552,M,58.5,0.0
7042,03/2015,354,112770.10680364667,9389.717298257658,M,65.2,0.4
7043,03/2015,574,94894.9171286132,7778.734469628436,M,60.7,0.3
7044,03/2015,186,65548.68969450475,7376.601917090792,M,65.7,0.6
7045,03/2015,381,80311.04635485982,7995.148584442241,M,44.0,0.1
7046,03/2015,898,95347.72055927881,8737.224714362223,M,46.5,0.0
7047,03/2015,405,72363.7393803222,8390.195313051529,M,32.2,0.1
7048,03/2015,439,80889.118355322,7553.641045523468,M,65.2,0.3
7049,03/2015,532,151064.7731232801,10185.344412390123,M,38.2,0.5
7050,03/2015,665,92467.75808840472,8563.923813545623,M,,0.6
7051,03/2015,962,76531.35795999895,9787.521671820252,,53.5,0.8
7052,03/2015,303,93397.05607031651,8268.417810847117,M,37.0,0.6
7053,03/2015,996,113593.32313986536,9295.802874523193,M,41.0,0.5
7054,03/2015,836,76058.0491874832,8531.96500943113,,55.4,0.2
7055,03/2015,840,65548.70898807202,8159.662622163037,M,35.8,0.3
7056,03/2015,459,107981.72906879002,8958.930061477684,M,36.2,0.4
7057,03/2015,611,111320.40143189376,9381.314243942039,M,62.4,0.4
7058,03/2015,467,91216.12691116007,8404.75410096534,M,,0.5
7059,03/2015,786,105589.68178779107,9249.000836758494,M,46.5,0.0
7060,03/2015,23,71930.13142631785,6752.736332866703,M,51.4,0.9
7061,03/2015,302,102026.65270664945,9354.133627196517,M,47.2,0.2
7062,03/2015,289,76801.1675411494,6962.2657719248,M,39.5,0.5
7063,03/2015,155,80174.50351004036,7879.544298479059,M,57.3,0.4
7064,03/2015,327,110514.74331943096,8199.004666562163,M,51.8,0.8
7065,03/2015,114,70898.08221933951,8554.920064181959,M,61.1,0.9
7066,03/2015,756,99821.49431036822,9751.52442469733,,54.8,0.3
7067,03/2015,880,70946.51623995177,9086.87508051144,M,45.6,0.6
7068,03/2015,660,128247.84640982651,10605.146082226078,M,56.5,0.9
7069,03/2015,454,107001.9975362578,10519.344563590308,M,40.2,0.2
7070,03/2015,969,105844.13481248956,9124.78892705226,F,62.8,0.7
7071,03/2015,176,76383.02729324793,8210.468532234545,M,35.8,0.9
7072,03/2015,432,114543.72559031183,10480.54802281575,M,47.3,0.9
7073,03/2015,531,88093.0269832252,9540.108636973175,M,46.6,0.9
7074,03/2015,101,73471.33549582072,8065.150590668256,M,,0.9
7075,03/2015,738,93305.16914206621,8733.112148432097,M,36.7,0.3
7076,03/2015,271,127214.2991855752,9178.62833684663,M,64.8,0.4
7077,03/2015,423,123440.760012367,9798.294931844357,M,59.1,0.6
7078,03/2015,765,88878.29768133015,6843.879230184251,M,47.8,0.8
7079,03/2015,691,81311.06658676788,8027.044163870633,M,44.8,0.4
7080,03/2015,533,83859.1572401458,8995.501684135521,,35.8,0.1
7081,03/2015,716,118343.63251549816,10355.927311585803,M,39.8,1.0
7082,03/2015,922,101187.44878725235,9574.688186334364,M,58.5,0.8
7083,03/2015,174,59721.67791197697,7309.397913456268,M,46.1,0.9
7084,03/2015,200,93706.90309895675,10505.401384217801,M,39.0,0.7
7085,03/2015,316,85570.64169040057,9345.690268059752,M,34.8,0.2
7086,03/2015,307,99111.77442818471,9036.87594713837,M,65.0,0.7
7087,03/2015,882,76001.73672016125,8946.176719143661,M,33.7,0.6
7088,03/2015,706,75770.33360679097,7780.256021136637,M,51.7,0.3
7089,03/2015,829,89366.06516977755,8584.305895383528,M,35.3,0.5
7090,03/2015,719,119869.74557012838,10061.06862006716,M,32.6,1.0
7091,03/2015,935,89238.13824851495,8283.807539716781,M,38.9,0.3
7092,03/2015,68,121911.13553541033,8503.658772429857,F,35.8,1.0
7093,03/2015,815,87056.8263874839,7162.177780614665,,64.2,0.3
7094,03/2015,747,68113.96466598148,7993.746029551588,M,43.6,0.7
7095,03/2015,798,104259.50099912095,9874.115585033504,M,35.3,0.4
7096,03/2015,865,104907.42476312754,9074.75931834359,M,58.5,0.3
7097,03/2015,399,85221.31251696835,9294.951794471812,M,53.1,0.9
7098,03/2015,509,97636.72346779521,8304.690792514399,M,46.7,0.5
7099,03/2015,308,92690.40012445835,7685.695123223398,M,48.1,0.9
7100,03/2015,502,87569.47674571408,8152.706359713186,M,61.5,7.9
7101,03/2015,81,82321.66202867322,9266.72308294038,M,42.4,14.4
7102,03/2015,814,86082.75142261342,8661.993173181727,M,33.1,18.7
7103,03/2015,666,66613.14287326823,8127.479715538551,M,35.3,8.7
7104,03/2015,205,73414.32139745126,9604.178272996176,M,56.6,9.9
7105,03/2015,759,107608.48580985832,9695.986204557736,M,44.5,3.4
7106,03/2015,96,121585.3864472324,10507.846084949182,M,37.2,9.4
7107,03/2015,671,93709.79178150262,8766.430690591045,M,61.4,16.8
7108,03/2015,100,82667.67080488712,7845.128389256976,M,38.1,17.2
7109,03/2015,321,91824.31495357766,9002.779814574411,M,,10.1
7110,03/2015,602,82895.8755341909,8441.038784401127,M,37.3,17.8
7111,03/2015,453,60721.29621199187,6604.230331817218,F,60.6,5.4
7112,03/2015,396,113215.19834892289,7926.095590705091,M,33.1,12.5
7113,03/2015,113,96080.56850934544,8726.954694368202,M,,16.9
7114,03/2015,988,81160.45408355466,7794.0616457192955,M,32.9,11.3
7115,03/2015,956,76340.39614133605,8499.66498335386,M,65.3,15.6
7116,03/2015,59,64903.495202271864,7042.150509950518,M,46.9,8.1
7117,03/2015,593,94059.53806930124,8989.258145831682,M,43.4,15.5
7118,03/2015,10,104184.90908429104,8304.167079137827,M,45.5,6.4
7119,03/2015,196,84460.47862376162,8402.281031233764,M,46.2,4.3
7120,03/2015,38,80077.98531590078,9056.46653675108,,51.3,5.9
7121,03/2015,625,90743.69574858117,7854.468335655015,M,57.7,13.8
7122,03/2015,570,74623.18311041765,7689.050557071187,M,47.1,16.8
7123,03/2015,745,82802.89115334593,8909.813120369716,M,51.3,15.9
7124,03/2015,764,90501.15609998263,9990.622018385968,M,47.3,15.0
7125,03/2015,66,80548.04432612134,8135.542456868477,M,40.0,18.9
7126,03/2015,84,115049.07318795226,9471.830786758072,,36.5,18.8
7127,03/2015,462,86857.82439492982,8889.040887827281,,39.3,10.3
7128,03/2015,952,65430.89928825131,7106.447422037283,M,56.4,4.4
7129,03/2015,970,74097.51289919156,7381.1306201067555,M,34.0,11.4
7130,03/2015,333,80502.03666271085,8095.061196706754,M,50.1,8.4
7131,03/2015,274,95753.00040722785,8862.875125107246,M,63.7,8.6
7132,03/2015,981,64919.977566989306,7328.206107696156,M,62.2,1.6
7133,03/2015,110,150825.70640821068,10944.77373885029,M,59.4,15.7
7134,03/2015,383,64152.89991075073,7925.566116095073,M,37.5,15.6
7135,03/2015,542,81186.13467983934,8981.274739947845,M,35.2,7.8
7136,03/2015,787,79694.93699083793,7760.019668817971,M,59.9,12.3
7137,03/2015,57,77330.96408103924,8110.338407562418,M,65.6,16.7
7138,03/2015,412,80127.36775325419,6218.483060130462,M,59.3,4.6
7139,03/2015,177,72954.78282655452,7497.301936576526,M,41.0,1.9
7140,03/2015,560,99929.5782913053,8777.957335614983,M,41.8,12.4
7141,03/2015,398,98693.33108786272,7973.176701622877,M,52.0,4.8
7142,03/2015,916,86967.39017527679,8408.88825699966,M,65.1,18.0
7143,03/2015,965,73062.60831554222,8715.549063692642,M,65.8,5.6
7144,03/2015,746,81070.84530814853,8437.81578257733,M,48.2,1.6
7145,03/2015,912,104213.97529856877,8516.621933979875,M,55.6,16.5
7146,03/2015,257,95602.58494598334,9286.293106834277,M,36.1,4.5
7147,03/2015,727,86329.17934177346,9566.20753358747,M,53.5,16.6
7148,03/2015,144,94967.71557906643,9768.124551993955,M,43.3,7.4
7149,03/2015,164,91628.29518526637,7812.3929040465155,M,39.8,10.5
7150,03/2015,48,80942.35469647536,10180.227170209577,M,63.4,11.9
7151,03/2015,872,87142.44751422906,8702.57090509352,M,50.2,11.6
7152,03/2015,391,93204.1558242785,7878.648992233988,M,47.8,2.2
7153,03/2015,703,115578.71737851964,8358.746297434518,M,,7.8
7154,03/2015,504,81747.53349766938,7750.7665345679525,M,40.0,1.8
7155,03/2015,876,73385.09469197602,8535.250460627154,M,34.7,5.8
7156,03/2015,69,94141.0843931879,8240.598355211052,M,57.1,11.5
7157,03/2015,736,93621.8819646133,9497.788107899185,M,43.1,13.3
7158,03/2015,899,88662.40539975613,8389.85769672389,M,58.6,10.2
7159,03/2015,219,85068.35237414426,7837.634902230516,M,39.4,17.3
7160,03/2015,451,95740.00906288752,7757.371124858917,M,47.1,10.2
7161,03/2015,407,91373.4410955705,9170.492378862278,M,46.4,2.4
7162,03/2015,735,78992.24227048033,8538.392568835414,M,54.1,4.8
7163,03/2015,249,75066.41297466023,7394.921038310986,M,60.9,8.2
7164,03/2015,145,72088.64664986437,7931.762077539852,M,49.4,7.5
7165,03/2015,12,93015.19868679413,6514.256852611374,M,59.0,15.6
7166,03/2015,724,71318.70187935201,8279.996680680224,F,47.8,16.0
7167,03/2015,728,81516.27848604482,8680.761655905952,M,57.5,2.9
7168,03/2015,948,99589.81607556614,7397.022738592713,M,37.5,3.6
7169,03/2015,464,75260.54223155991,7386.838819983588,M,58.4,6.4
7170,03/2015,278,117020.10547947643,9560.029234810068,,47.4,10.8
7171,03/2015,89,67721.96536224951,7095.096134019848,M,42.9,7.5
7172,03/2015,124,95643.25015400429,9813.60070017931,M,35.2,9.5
7173,03/2015,185,67469.69888734506,8158.230846790538,M,35.5,14.5
7174,03/2015,514,66786.42999590306,7378.726874695728,M,45.0,12.9
7175,03/2015,651,69661.68264877447,6642.011128151576,M,39.2,8.3
7176,03/2015,669,83407.16283572493,9739.255330209624,M,52.7,13.9
7177,03/2015,97,110229.59614388747,8257.821842091782,M,62.2,11.0
7178,03/2015,924,101370.55898843237,9407.336584962019,M,64.5,11.3
7179,03/2015,323,94205.85626472642,9844.497074934121,F,48.5,8.9
7180,03/2015,643,89470.57578740064,10797.254771423892,M,35.7,16.0
7181,03/2015,890,91059.22649716801,9385.28202218109,M,55.4,17.6
7182,03/2015,929,105264.13784409252,8420.113867475811,M,41.7,4.4
7183,03/2015,670,88828.85652814871,10017.97404689141,M,36.1,8.3
7184,03/2015,181,88249.95317457641,10650.89054683467,M,36.8,10.0
7185,03/2015,963,86084.46236453135,8626.853225785322,M,50.0,10.8
7186,03/2015,997,87398.21499789016,7920.823661185506,M,61.6,10.5
7187,03/2015,858,115122.14612904153,9982.242283425816,M,38.2,1.5
7188,03/2015,403,82425.4264913702,8630.408354423842,M,45.4,7.8
7189,03/2015,572,116168.96796177751,9553.518364152282,M,,7.6
7190,03/2015,754,91208.57046932884,9141.146938998792,M,55.8,11.8
7191,03/2015,72,91239.46563016674,7794.06706508993,M,46.7,11.5
7192,03/2015,283,80024.85163554885,8897.690078642407,M,57.9,9.6
7193,03/2015,705,99674.26957647502,7878.1851434153705,M,46.5,1.7
7194,03/2015,983,91323.17336357383,9112.366863862186,M,36.0,14.7
7195,03/2015,305,105402.17091588178,7456.654663152344,M,63.1,4.2
7196,03/2015,857,85647.63360237789,6916.737701482822,M,37.8,3.3
7197,03/2015,74,98254.3770859582,9344.940741348782,M,37.2,15.0
7198,03/2015,824,97747.59127280586,10100.566636745161,M,56.3,2.9
7199,03/2015,231,67175.56151206861,8395.755336938271,,42.2,17.8
7200,03/2015,130,83523.19280412563,7871.049119238477,M,59.5,15.0
7201,03/2015,248,69823.1371820648,7431.586695248718,M,36.4,14.8
7202,03/2015,149,68522.98371689122,8692.750394097715,M,52.6,5.5
7203,03/2015,329,64918.87767686941,8730.486793843627,M,43.4,4.5
7204,03/2015,582,100125.83798195794,9100.022996777881,M,46.1,4.4
7205,03/2015,328,84619.12071705074,7613.441999784986,M,39.4,11.4
7206,03/2015,779,134505.39860123873,10646.829303072413,M,,18.0
7207,03/2015,807,64972.74643463941,7745.512394754995,M,,12.8
7208,03/2015,821,78796.53921946112,7227.623022881459,M,55.6,4.4
7209,03/2015,366,99483.49147568883,8241.83473928187,M,42.9,7.5
7210,03/2015,433,84176.22452343888,8558.910049239317,M,37.5,8.6
7211,03/2015,371,68965.75280421994,10131.83155787444,M,52.2,5.6
7212,03/2015,384,100337.19730154831,9595.668690457285,M,43.5,2.5
7213,03/2015,632,99818.20679894721,9403.77210104745,M,35.3,14.1
7214,03/2015,861,119193.91531181606,9872.875096184986,M,48.3,12.6
7215,03/2015,65,101832.87171962149,9937.219731737452,,46.8,15.7
7216,03/2015,877,78066.21355834922,8171.178280701347,M,40.8,16.7
7217,03/2015,244,73315.273952889,7732.263889324045,M,40.5,3.1
7218,03/2015,863,79633.00051612161,7627.00571649635,M,48.7,17.6
7219,03/2015,350,93726.5705203741,9081.94604411007,M,52.6,18.5
7220,03/2015,160,85798.11505846615,9181.334516362163,M,34.9,18.1
7221,03/2015,45,105172.52110418864,8351.063514232239,M,40.4,11.4
7222,03/2015,497,91842.73622062561,8057.979134240376,,46.3,11.7
7223,03/2015,237,90076.20826101217,8225.631881550155,M,39.1,10.7
7224,03/2015,9,104056.16975919952,7280.5216129691535,M,50.3,8.9
7225,03/2015,172,94416.97744295624,10298.587239987688,M,55.4,10.6
7226,03/2015,918,84223.60220121089,8300.707270404488,M,45.0,2.6
7227,03/2015,950,93776.48787917265,9117.343876559838,M,34.7,6.3
7228,03/2015,134,86595.15868644878,8820.577896853336,M,64.7,6.2
7229,03/2015,140,102968.21215792443,9802.317145718265,M,,14.0
7230,03/2015,238,67454.29863644339,8335.572293732122,M,61.8,3.6
7231,03/2015,567,102959.93332177166,9664.075945374905,M,49.1,15.0
7232,03/2015,146,99254.29662207706,8181.264222805841,M,38.1,5.6
7233,03/2015,519,80737.87671884704,9667.421341988807,,42.7,1.7
7234,03/2015,428,83620.80953115305,8273.62935440064,M,37.0,13.8
7235,03/2015,612,84847.81647324056,7576.828259123468,M,56.8,10.3
7236,03/2015,153,87180.98366304509,8143.115794689079,M,32.3,18.2
7237,03/2015,592,63509.02545915283,7701.913683977297,M,52.6,12.7
7238,03/2015,713,58909.02360596409,7306.349176152855,M,45.8,18.2
7239,03/2015,933,90759.30546038871,8495.402960146514,M,48.6,14.2
7240,03/2015,686,113147.9447783542,10364.562210732669,M,40.8,5.5
7241,03/2015,331,77827.98807854265,8319.067323409337,M,36.7,9.1
7242,03/2015,885,99256.85291285696,9347.557382794064,M,62.8,6.5
7243,03/2015,842,75577.21685239526,8570.44238626849,M,48.5,6.3
7244,03/2015,951,110068.74144121289,9099.754785169021,M,65.1,10.5
7245,03/2015,597,79199.84397913021,7775.616039240292,M,60.0,13.1
7246,03/2015,93,85427.5230646102,8483.275944257004,F,38.4,14.3
7247,03/2015,402,73481.45079669534,8826.463340456285,M,35.4,15.1
7248,03/2015,435,77230.79337082674,7843.869176081663,F,60.5,17.1
7249,03/2015,751,91096.14704064911,8443.333747096627,M,55.1,6.5
7250,03/2015,733,114253.2124962873,9059.423900073789,M,52.2,13.6
7251,03/2015,121,113248.00241034664,10867.10608966367,M,58.7,18.4
7252,03/2015,760,83715.89327221483,7905.149544811418,M,47.8,11.1
7253,03/2015,372,90734.0536372507,9591.27585893817,M,33.0,14.3
7254,03/2015,441,71269.93191170027,6871.5705333289425,M,51.6,2.3
7255,03/2015,270,104644.51069947536,7977.977884923375,M,40.7,10.1
7256,03/2015,260,78622.87986465433,7622.028953922109,M,34.6,1.1
7257,03/2015,442,101297.86505937643,9304.514912969551,M,61.5,13.5
7258,03/2015,19,60229.65430423405,7998.125554357921,M,,12.4
7259,03/2015,218,79082.28828854594,7932.923928956947,M,60.8,12.0
7260,03/2015,1000,88960.74834218388,9278.343549461435,M,45.2,4.0
7261,03/2015,967,83705.9766592493,8428.404713128826,M,56.6,2.4
7262,03/2015,413,76832.7632121604,8418.259763291355,M,47.8,1.0
7263,03/2015,780,100058.1091793219,9290.177931533284,M,51.8,1.9
7264,03/2015,538,76482.18186499701,8190.74759680022,,44.3,13.5
7265,03/2015,255,72365.35874656358,7595.454014086343,M,50.9,15.2
7266,03/2015,211,75169.39167407202,8425.462951220952,M,36.7,8.5
7267,03/2015,465,92164.3299831769,9202.901642072859,M,62.0,17.2
7268,03/2015,583,67581.95352755356,8077.3548075532235,M,39.0,8.2
7269,03/2015,489,66184.42750437385,7314.6164732645475,M,39.7,17.4
7270,03/2015,353,95105.15177215719,8908.92891904355,M,65.9,5.3
7271,03/2015,415,70076.61277429551,6882.564496445584,M,62.5,7.1
7272,03/2015,594,82166.5424503651,7899.300391831927,F,44.6,12.7
7273,03/2015,957,86805.40378228885,9399.577592900883,M,55.4,5.3
7274,03/2015,394,95447.26152669484,7716.880710651193,M,56.1,5.1
7275,03/2015,674,112654.48417990061,9690.832999319457,M,61.2,16.6
7276,03/2015,646,82525.46238991432,7474.630659678671,M,35.1,10.2
7277,03/2015,972,127941.15353144196,8916.116742299946,M,65.6,1.6
7278,03/2015,791,103262.76639579989,9352.137057833765,M,60.0,8.0
7279,03/2015,78,110831.06110750999,9421.34302858327,M,36.8,7.9
7280,03/2015,548,104202.51813729049,10074.637586509798,M,52.2,12.5
7281,03/2015,536,66639.87735146396,7098.047799048757,M,55.4,3.4
7282,03/2015,621,76251.55380980019,7199.869544599301,M,54.8,1.7
7283,03/2015,762,85699.14409969973,8306.523592693808,M,47.3,14.9
7284,03/2015,516,112473.06147052327,8658.486894631951,M,65.6,18.0
7285,03/2015,216,67221.11799051099,7642.233628779486,M,36.4,14.5
7286,03/2015,635,114700.65436732312,8891.610021524537,M,55.3,14.8
7287,03/2015,926,72097.25149913665,8492.547595571936,M,43.2,14.0
7288,03/2015,135,80146.0318046972,8970.750457358405,,,10.5
7289,03/2015,387,77248.95516221337,8036.2761582668645,M,46.8,16.0
7290,03/2015,925,76710.00101731461,8592.482306656051,M,57.3,5.5
7291,03/2015,85,101943.75252368247,9916.757646012771,M,38.7,16.7
7292,03/2015,586,89714.18453430134,8656.602377473011,M,32.2,7.8
7293,03/2015,571,73026.89372882257,7709.60039017893,M,53.2,13.8
7294,03/2015,855,72235.01897846967,7548.383557777573,M,64.2,15.2
7295,03/2015,685,98641.50832548809,9982.555301395709,M,47.0,7.8
7296,03/2015,63,92130.64297907753,8405.814996353347,M,61.6,12.5
7297,03/2015,264,69232.29560288701,8254.797478621855,M,59.1,12.7
7298,03/2015,701,71990.07677583101,8570.080405721357,M,37.3,10.7
7299,03/2015,73,62882.95511813283,7252.764543995307,M,48.6,14.7
7300,03/2015,478,69912.35040027264,8720.552143709496,M,35.7,7.8
7301,03/2015,661,62693.328540779265,7800.468857680069,M,57.1,1.7
7302,03/2015,228,86130.1074833372,7479.631975300619,M,48.1,9.5
7303,03/2015,309,107794.10452690563,8104.575866650138,M,38.3,14.6
7304,03/2015,382,78055.83975468717,7366.800370906371,M,34.4,10.9
7305,03/2015,914,61352.373683151796,6719.733923951257,M,54.5,6.4
7306,03/2015,170,123879.47427788991,8034.196261433571,M,34.1,16.2
7307,03/2015,808,83863.67675389213,9336.142480876688,M,45.2,4.6
7308,03/2015,279,103428.76298227902,8337.128355898138,M,44.9,3.9
7309,03/2015,852,71122.94632800184,8511.742700891391,F,37.4,13.3
7310,03/2015,258,113205.75686757598,9181.382420556267,M,43.5,6.3
7311,03/2015,920,66879.58984053181,7986.116081683164,,64.9,14.6
7312,03/2015,167,89014.13511976665,8023.218430764094,M,37.0,6.7
7313,03/2015,229,75281.02135599426,8351.32659875105,M,55.1,7.9
7314,03/2015,293,107486.08977977578,8835.461313722413,M,44.9,10.8
7315,03/2015,569,87372.36903410906,8263.122757450032,M,39.7,13.3
7316,03/2015,39,75297.25488359206,8916.353567408829,M,58.6,1.1
7317,03/2015,562,99842.41899691091,9431.129905511536,M,43.4,10.0
7318,03/2015,819,73850.12315684227,7017.623139172297,M,33.6,15.2
7319,03/2015,652,81344.7249410317,8670.87102758043,,43.2,1.1
7320,03/2015,827,82671.04664858518,8432.610569161718,M,65.0,3.2
7321,03/2015,915,83405.55139631318,7386.0671236271755,M,47.0,13.0
7322,03/2015,35,99463.19470520422,8807.963918146785,M,53.3,4.0
7323,03/2015,358,106186.72854343988,8646.478121458902,M,35.8,18.3
7324,03/2015,867,85093.15623125072,8417.926339371983,M,53.5,10.1
7325,03/2015,979,102123.26685623957,10286.73253837842,M,64.3,9.9
7326,03/2015,599,68532.91181328558,7648.247732954706,M,,18.4
7327,03/2015,470,80234.32029437763,8357.487337303623,M,45.0,3.5
7328,03/2015,903,81363.44032218806,8170.13226699844,M,,16.7
7329,03/2015,420,73288.1537314642,7586.330074514011,M,56.3,5.9
7330,03/2015,150,90491.39478663511,8280.13606039605,M,,10.2
7331,03/2015,631,106018.80159831891,7502.135743640876,M,43.4,6.2
7332,03/2015,616,80329.79103616466,8230.593611252887,M,61.5,8.8
7333,03/2015,373,76422.30871985434,7361.733480265777,M,60.9,5.9
7334,03/2015,577,100051.73619369644,8863.667044165664,M,42.5,15.7
7335,03/2015,901,71022.05696891733,7056.8731008222685,M,56.5,9.0
7336,03/2015,55,65432.51656395769,7782.569259400034,M,34.9,2.7
7337,03/2015,908,78407.87336205122,9097.601684721747,M,39.6,15.1
7338,03/2015,883,71000.04892353156,8568.648944410957,M,,15.3
7339,03/2015,522,133646.310773519,7451.3953556913,M,52.2,14.7
7340,03/2015,811,60842.06007373029,7561.598637967937,M,,18.6
7341,03/2015,137,76271.11414531387,8298.782003904857,M,58.3,17.6
7342,03/2015,600,90334.37796514445,9113.16766896334,M,38.4,17.2
7343,03/2015,673,90594.6829364691,7822.651416703807,M,49.1,5.2
7344,03/2015,575,66682.85093458355,6983.439641857369,M,32.9,10.9
7345,03/2015,469,87348.6166766109,7757.880639312802,M,64.1,10.3
7346,03/2015,698,90344.14634172236,8598.842825964652,M,62.6,5.0
7347,03/2015,245,105644.24904696674,8848.292352676517,M,60.9,13.2
7348,03/2015,363,99031.15312037879,9042.289757956105,M,45.2,1.3
7349,03/2015,911,84672.30320822899,9241.801871456793,M,53.9,13.9
7350,03/2015,343,60747.834394770965,7482.3217689710655,M,63.1,16.4
7351,03/2015,886,64073.978872567095,7931.293521229169,M,59.7,10.7
7352,03/2015,262,87784.48921963229,7992.47778044858,M,64.6,14.7
7353,03/2015,222,83165.27867544649,8431.327422188302,M,39.2,11.6
7354,03/2015,731,117397.05367319814,8372.171659197955,,35.2,7.5
7355,03/2015,31,78707.31552515496,8218.420762399777,,36.7,16.8
7356,03/2015,32,99604.10777598937,8234.407078595224,M,55.5,2.4
7357,03/2015,545,69852.59035205918,7325.303863146506,M,42.4,3.8
7358,03/2015,553,89297.86305436493,8967.813897332993,M,35.3,1.8
7359,03/2015,284,94659.78891265589,8579.115027602204,M,40.5,14.4
7360,03/2015,94,90742.41858650067,9547.061604720046,M,,9.2
7361,03/2015,472,87224.81376152429,9603.043225773983,,40.5,8.5
7362,03/2015,748,87699.27582824638,7901.088055905268,F,40.7,14.3
7363,03/2015,3,74162.74250756862,8451.564107673446,M,49.3,4.7
7364,03/2015,676,85499.30448034636,7701.678149075351,M,43.8,17.0
7365,03/2015,233,88474.32233685101,8546.030257809893,M,38.2,12.8
7366,03/2015,919,124434.6079842536,8844.466382222838,M,34.6,11.6
7367,03/2015,54,76706.19936209483,8518.208504574975,M,57.6,1.3
7368,03/2015,95,76193.2568924256,8815.37387914492,M,55.1,14.3
7369,03/2015,818,91200.30156301713,7617.669579368058,M,,4.6
7370,03/2015,349,85943.22459756397,8372.951106628498,M,63.1,16.7
7371,03/2015,224,107787.18578970246,8993.840980852729,M,42.2,9.8
7372,03/2015,526,80052.70915951752,9094.55921623429,M,62.7,18.8
7373,03/2015,613,88172.43969368566,8997.777309888876,M,50.9,2.5
7374,03/2015,845,92978.65506635158,8100.130948780274,M,,5.5
7375,03/2015,894,89890.9823980583,8624.576358683724,M,47.3,18.1
7376,03/2015,419,87039.16280160446,8098.1508213532825,M,,18.2
7377,03/2015,707,72152.91429198754,7663.27096813198,M,56.4,12.6
7378,03/2015,426,78606.9998523616,8497.039704011266,M,43.0,7.2
7379,03/2015,427,70019.3923655995,8764.887725101402,M,48.1,3.4
7380,03/2015,978,82900.55312626064,7354.955938761434,M,40.8,8.0
7381,03/2015,610,101872.91851178702,8426.88004320664,M,64.5,8.9
7382,03/2015,76,84815.90187081632,7416.218706918624,,46.8,11.5
7383,03/2015,629,80761.84004801276,8164.026683035554,M,46.4,15.7
7384,03/2015,326,81441.47935617117,8919.44697851348,M,32.6,1.6
7385,03/2015,875,114614.80989369126,9098.92362290926,,42.4,16.3
7386,03/2015,409,102886.54471639507,7464.914124459117,M,45.0,14.6
7387,03/2015,940,63676.20241006564,7909.134256246501,M,53.9,9.6
7388,03/2015,642,92597.11900439762,8169.737614025731,M,43.3,8.4
7389,03/2015,14,70828.04007460854,8400.291090156074,M,56.5,1.7
7390,03/2015,129,116415.67544516757,9680.63374041884,M,35.6,11.3
7391,03/2015,474,110267.72821220536,9178.547353722533,M,56.2,13.1
7392,03/2015,312,86236.38955862152,6419.277964715313,M,61.2,13.4
7393,03/2015,708,101105.95329566846,9130.553395647124,M,40.4,1.6
7394,03/2015,30,94849.31831881803,8137.745692673464,M,46.1,9.2
7395,03/2015,161,72296.18874653718,7441.812399184564,M,51.3,2.9
7396,03/2015,839,91530.22453990996,8959.535358220972,M,36.7,1.6
7397,03/2015,400,84759.76813667522,9045.109841615253,,58.4,10.9
7398,03/2015,375,65033.52826468641,7811.091897949682,M,43.3,18.2
7399,03/2015,298,93385.26755724626,7569.495590795095,M,39.2,11.8
7400,03/2015,29,82498.15092278155,8046.157117386523,M,46.5,10.7
7401,03/2015,679,84728.1096727107,7134.671319601715,M,32.7,10.4
7402,03/2015,422,86321.64638981581,9065.268163260833,M,50.1,11.6
7403,03/2015,50,81681.61224821994,8993.83734828551,M,53.7,9.0
7404,03/2015,804,93610.93560735107,7550.141449328703,M,32.4,13.2
7405,03/2015,627,82312.8348187668,7525.778776421625,M,41.2,15.2
7406,03/2015,874,85694.84487787138,7026.403379583845,M,38.0,2.2
7407,03/2015,165,97238.52584039087,7068.866079924737,F,50.4,17.6
7408,03/2015,905,75490.88970091169,6933.562708543712,M,32.6,15.8
7409,03/2015,37,85222.56733747156,7637.472272332311,M,43.8,12.4
7410,03/2015,501,84075.42736406821,8393.246850352454,M,47.7,9.3
7411,03/2015,529,79922.75445894427,7934.699157626442,M,47.6,6.1
7412,03/2015,774,107280.58264475157,10666.124290430229,M,62.2,17.0
7413,03/2015,772,72833.97653977573,7084.358354795812,M,47.7,8.2
7414,03/2015,773,68198.88653528474,6943.398060736568,M,,14.6
7415,03/2015,388,70957.92749945416,8470.172863625901,M,,1.6
7416,03/2015,194,114026.97321720529,8203.716415893072,M,65.8,18.7
7417,03/2015,778,101143.09141011638,8557.212286935275,M,62.7,4.5
7418,03/2015,830,98064.62740232964,9099.914464945508,M,49.8,5.2
7419,03/2015,655,82791.57653989547,6849.288529796414,M,51.5,7.7
7420,03/2015,461,92198.26419019286,7726.654988966405,M,64.8,2.5
7421,03/2015,927,79942.13841207988,8478.904804323813,M,53.3,9.6
7422,03/2015,90,101152.16835677427,8944.263329711195,M,60.6,11.5
7423,03/2015,348,111269.36703199912,9272.25441528106,M,60.8,1.0
7424,03/2015,313,90108.84166752092,8689.358574601943,M,53.1,14.1
7425,03/2015,590,68300.06364349514,7774.659597166022,M,40.8,4.2
7426,03/2015,179,74922.16809419155,8232.774434273704,,52.8,15.2
7427,03/2015,496,74276.16831310838,7522.498067024133,M,58.0,17.3
7428,03/2015,517,85188.05013928495,7957.979844759749,M,46.1,16.4
7429,03/2015,744,70399.48832657943,8440.680165691767,M,48.2,14.3
7430,03/2015,682,89960.65343720416,8318.32322632216,M,46.5,10.8
7431,03/2015,809,87750.10072797589,8155.208996971902,M,40.3,17.8
7432,03/2015,658,91180.83207942534,7583.768815123711,M,46.5,11.6
7433,03/2015,158,68367.04682739964,8059.986985419879,M,,3.0
7434,03/2015,357,91234.88455237985,8989.856889908306,M,42.8,9.0
7435,03/2015,221,85073.7677748157,7857.582478189294,M,64.0,3.7
7436,03/2015,633,81193.62254644433,9024.005674753505,F,46.4,2.6
7437,03/2015,721,74111.92548248226,7512.418488562549,M,36.7,14.4
7438,03/2015,783,86746.38679813992,8504.060577142267,M,43.3,9.7
7439,03/2015,304,87860.28414113651,9046.626441841921,M,60.5,17.7
7440,03/2015,789,84309.51616576675,7672.377583600158,F,39.7,8.0
7441,03/2015,486,122950.11987897045,9507.29139632268,M,56.4,5.1
7442,03/2015,580,91318.37917424731,10277.136656178483,M,63.8,10.4
7443,03/2015,6,83779.75391302713,8292.262550537893,M,35.5,15.1
7444,03/2015,934,90080.39872867244,8312.120927435084,M,32.4,13.9
7445,03/2015,645,94366.85744814806,11170.45414350796,M,52.4,2.3
7446,03/2015,206,137301.1742950554,9854.329962565114,M,64.2,5.3
7447,03/2015,401,102178.99277301232,8301.594627722568,M,,13.2
7448,03/2015,826,97949.15848926202,8530.718122795946,M,33.8,5.3
7449,03/2015,83,81476.97832414895,7489.769683335791,M,65.4,8.2
7450,03/2015,183,91828.14039830017,9366.253356194335,M,41.2,14.6
7451,03/2015,42,113487.29204073346,8762.902920138486,M,56.3,13.9
7452,03/2015,722,93814.71039412486,8459.14683300775,M,45.4,18.3
7453,03/2015,503,104871.99637516035,7965.991423627648,M,,18.0
7454,03/2015,620,87665.28873665606,9177.712500872452,M,57.3,1.6
7455,03/2015,755,91907.76854290812,8069.893795402089,M,53.1,14.7
7456,03/2015,873,74757.14178141128,8114.258718660771,M,33.1,16.5
7457,03/2015,781,77381.54957155742,8828.021350487368,M,33.4,14.1
7458,03/2015,40,89386.20907987992,9231.906012035604,M,36.4,9.0
7459,03/2015,240,78640.2590587951,7771.184022752025,M,,5.8
7460,03/2015,436,90732.6616281346,7489.876178095181,,37.8,12.0
7461,03/2015,320,84470.18583611742,7953.131855350591,M,43.1,14.4
7462,03/2015,723,85699.88018395782,7554.543877493604,,,3.7
7463,03/2015,947,115464.02732776522,10197.252520150832,M,41.6,14.9
7464,03/2015,168,99342.23672098471,8520.133333239763,M,60.0,11.2
7465,03/2015,259,72990.10284165636,7809.377271332054,M,60.8,2.7
7466,03/2015,913,88913.91655293046,9425.285077029364,M,53.6,9.3
7467,03/2015,985,88833.35229646915,9240.493332719683,M,51.8,15.1
7468,03/2015,539,122163.89608302322,9857.76946880806,M,41.5,10.6
7469,03/2015,975,70372.36197322274,7207.451016072666,M,46.1,9.3
7470,03/2015,771,87571.73763597757,7246.109026801929,M,59.1,12.7
7471,03/2015,566,93391.57683222371,8376.105326591982,M,,11.7
7472,03/2015,325,97535.58480049149,8010.2693157123485,M,59.5,7.6
7473,03/2015,813,108938.6777381083,8271.918688961705,M,56.3,16.7
7474,03/2015,253,100337.01321191152,8181.869243422774,F,52.5,18.0
7475,03/2015,817,84225.52868192884,8968.837704440577,M,35.7,7.4
7476,03/2015,958,76081.2934129713,8097.569317750525,M,42.6,2.3
7477,03/2015,564,92215.88072208407,9573.549533337731,M,36.5,18.6
7478,03/2015,448,90947.29537329912,8070.290231591458,M,51.5,15.3
7479,03/2015,322,84425.51556432743,9335.946692395628,M,45.2,13.4
7480,03/2015,909,74422.81597890797,6670.343012296988,F,45.0,18.5
7481,03/2015,208,104132.45915752517,10271.99835946037,M,57.5,3.7
7482,03/2015,306,67240.63073923241,6685.8042089170285,M,57.0,16.2
7483,03/2015,471,92714.88892092477,9733.844711197198,M,64.4,4.4
7484,03/2015,833,99519.14041647957,9932.51316634366,M,45.8,14.0
7485,03/2015,518,90936.93864353448,10171.482613121081,M,55.0,16.6
7486,03/2015,607,126310.52877070519,9376.843118960269,M,34.1,13.1
7487,03/2015,743,103758.25276789794,8764.37500745228,M,55.6,1.1
7488,03/2015,431,90338.14777391149,7681.7305642838155,M,42.5,3.0
7489,03/2015,554,92086.15831771791,8969.463304689622,M,40.1,9.5
7490,03/2015,866,60525.6533589007,6656.989550653472,M,35.4,6.1
7491,03/2015,740,93613.19768422804,9247.334575901525,M,54.5,9.9
7492,03/2015,534,73960.12322484246,7488.821552201004,M,63.4,16.5
7493,03/2015,681,81071.63790377206,8069.783176821133,M,56.8,4.5
7494,03/2015,694,93835.05473515783,7740.096392385818,M,56.6,8.8
7495,03/2015,557,58531.19587650666,6702.645375775411,M,61.4,16.5
7496,03/2015,204,96960.32435877087,8927.505615137565,M,54.7,9.8
7497,03/2015,275,77117.28860274106,8657.537939045627,,34.7,14.8
7498,03/2015,525,86943.13315993141,8352.749478132464,M,39.2,9.1
7499,03/2015,33,92058.59898518225,8831.863456100344,M,55.9,15.2
7500,03/2015,18,67962.28098100593,7264.714314790546,M,36.9,16.0
7501,03/2015,835,116163.60853443545,9488.809375668423,M,,12.8
7502,03/2015,649,81052.73471460157,6920.162272922667,F,41.6,6.4
7503,03/2015,406,89284.72449695604,7916.540413778052,,36.0,1.4
7504,03/2015,640,77551.16399637249,8241.63749842573,,64.7,9.2
7505,03/2015,79,82143.39644087029,7014.911679145477,M,41.3,4.9
7506,03/2015,942,135506.01194977792,10600.832297424233,M,50.2,14.9
7507,03/2015,895,91706.8808070228,8411.192282280022,M,33.5,17.3
7508,03/2015,766,91777.37117659746,8361.13982925548,M,62.4,7.1
7509,03/2015,51,62581.71762184162,7250.794867609321,,39.9,6.9
7510,03/2015,702,89764.88368956227,8722.799044308364,M,57.5,12.7
7511,03/2015,332,104154.71545327042,8593.358234014118,F,55.0,18.7
7512,03/2015,314,70262.56569957735,7355.72157800947,M,49.4,4.0
7513,03/2015,118,73572.17525293723,6336.9407098133615,M,39.8,9.3
7514,03/2015,445,95742.08725128567,9542.568402235887,M,59.4,18.6
7515,03/2015,906,90277.24755012854,9210.240987261019,M,57.2,5.3
7516,03/2015,555,82583.8128709314,8352.69538284988,M,62.5,3.5
7517,03/2015,105,67986.79270142785,7207.597012944194,M,48.3,2.2
7518,03/2015,879,76077.76301110792,8860.773879622895,,64.1,3.3
7519,03/2015,175,81431.68866566887,8676.860271761414,M,38.2,7.2
7520,03/2015,367,123231.28664326105,10670.273555659447,M,58.6,5.2
7521,03/2015,810,95370.80692404073,9773.420165315387,M,44.5,2.3
7522,03/2015,892,76300.42534542839,7485.155947072743,M,65.4,15.5
7523,03/2015,964,78787.04360684697,7467.145856730084,M,50.2,6.4
7524,03/2015,946,83420.28278212094,8021.616955053794,M,52.1,6.6
7525,03/2015,547,91389.49108937311,8939.434007489326,M,,7.5
7526,03/2015,999,90667.23443603757,8293.993091207898,M,45.1,14.1
7527,03/2015,953,84858.94314536109,9229.187301645048,M,47.7,14.8
7528,03/2015,202,64953.82931849257,6620.480178620172,M,57.6,4.0
7529,03/2015,345,102178.74925730846,9784.00430008089,M,40.8,12.9
7530,03/2015,718,104065.20798611676,10172.748397294445,M,65.1,1.7
7531,03/2015,276,86601.19241965318,8355.962210596019,M,45.1,18.5
7532,03/2015,768,103928.43309764787,9869.622890411705,M,63.5,6.3
7533,03/2015,411,102393.3488870735,8416.238213454488,M,58.7,2.5
7534,03/2015,192,109116.02730231699,8508.778897901171,M,45.7,5.7
7535,03/2015,115,78003.52755995143,8241.156187511495,M,36.3,17.6
7536,03/2015,162,74221.41118007744,8951.436762140578,M,35.5,12.1
7537,03/2015,636,96648.57592145306,9405.835537513543,F,63.9,7.2
7538,03/2015,870,83293.55181544066,8429.574206570542,M,42.6,2.6
7539,03/2015,468,77940.35132721116,7509.5683452060275,M,52.3,3.3
7540,03/2015,490,78381.51870443461,8652.941526937819,M,62.1,12.7
7541,03/2015,558,71420.79360828434,7982.485981294667,M,35.8,9.1
7542,03/2015,662,98597.10207189544,8054.582188964052,M,51.0,6.8
7543,03/2015,834,101501.51286451035,9112.145636588779,M,39.8,1.8
7544,03/2015,907,60051.71501369408,6171.472648265726,F,61.1,3.8
7545,03/2015,15,87511.5416913428,8448.6084520453,M,35.0,4.2
7546,03/2015,588,109441.20756375237,9248.658714393168,F,47.5,14.8
7547,03/2015,859,72300.20002374565,7120.706706409345,M,44.3,4.2
7548,03/2015,109,74989.6608352821,9440.83829339097,M,45.2,7.3
7549,03/2015,369,59176.2285580102,7074.786577182028,M,36.2,8.9
7550,03/2015,188,89025.51937848786,8325.498624084232,M,33.0,18.5
7551,03/2015,166,86413.25882949692,8361.747168965683,M,,1.3
7552,03/2015,180,53250.76427231979,7199.405404728584,M,48.2,10.8
7553,03/2015,986,71744.0872590552,8518.175089823535,M,34.5,8.6
7554,03/2015,438,70051.8560908709,8469.263919231948,M,37.4,7.0
7555,03/2015,120,105676.90723440479,9289.654169370713,F,49.6,7.2
7556,03/2015,414,98918.20329579487,8859.463224022182,M,38.1,7.7
7557,03/2015,389,98988.21043364647,7361.9363748773285,M,58.5,1.7
7558,03/2015,91,66665.15586355781,7176.736339780827,M,33.5,2.7
7559,03/2015,565,98208.49861928915,8308.353736506495,M,44.3,17.2
7560,03/2015,16,74228.54871671268,7911.475685918927,M,47.8,8.0
7561,03/2015,443,114948.34286070266,9291.67595349152,M,36.6,1.5
7562,03/2015,507,119220.53641602086,10852.512902435028,M,62.1,9.5
7563,03/2015,404,95229.75647016615,9512.805650246813,M,55.1,14.7
7564,03/2015,280,106384.30280824054,8597.703305764591,,60.1,2.4
7565,03/2015,654,105687.06310770226,8630.616957084701,M,55.4,9.7
7566,03/2015,376,87808.4789772035,7563.251213110704,M,37.8,6.4
7567,03/2015,169,115252.3782057084,9516.480285960375,M,60.7,18.0
7568,03/2015,931,88880.92290396472,7392.916174063464,M,62.2,15.4
7569,03/2015,664,126376.77428453162,11194.739877073469,M,45.7,17.9
7570,03/2015,272,99274.20240431307,9115.293559719077,M,41.3,10.3
7571,03/2015,667,112602.72922845146,8127.829528722742,,53.4,1.7
7572,03/2015,209,90387.5106106758,10193.790835284026,M,47.5,11.3
7573,03/2015,687,98213.47228022071,9908.934182839537,M,43.9,9.8
7574,03/2015,893,95546.75801132299,6675.365714833248,M,38.7,2.4
7575,03/2015,184,75625.9900658748,7894.281517741647,M,46.3,14.7
7576,03/2015,711,99366.87858679052,8418.771670863067,M,51.6,17.6
7577,03/2015,543,89616.83120445229,8697.180546844778,M,59.2,12.0
7578,03/2015,864,104246.61500803017,9183.108978044773,M,35.7,8.6
7579,03/2015,995,134695.27202714098,10413.117611967244,M,,3.7
7580,03/2015,563,83216.04938487601,8431.921795880304,M,44.1,7.1
7581,03/2015,58,67392.47161436913,7231.5869277164575,M,61.0,6.9
7582,03/2015,46,87822.54111057796,7351.099152378282,M,35.1,13.7
7583,03/2015,226,81834.90982508138,8205.65562362397,M,57.1,8.2
7584,03/2015,286,60547.1103767592,7606.388571926649,M,64.2,16.9
7585,03/2015,475,102128.76981359541,8441.992538548842,M,37.6,9.6
7586,03/2015,578,99722.19699720154,8248.23924081193,M,55.7,8.8
7587,03/2015,695,92863.55804173568,9404.37988811679,M,40.3,15.1
7588,03/2015,417,97284.25965588978,9258.034766654808,M,44.2,3.6
7589,03/2015,421,69667.16480857087,7903.469384793466,M,51.3,11.2
7590,03/2015,397,105148.90881694245,8057.993738992198,M,,12.9
7591,03/2015,273,79874.03787070593,7966.438751851775,M,43.7,13.2
7592,03/2015,281,118651.97122256101,9889.811933438123,M,58.1,16.5
7593,03/2015,945,78365.37259719614,8445.13943996845,M,40.5,7.3
7594,03/2015,862,59303.806046626494,7028.811647293973,F,53.6,4.1
7595,03/2015,232,88674.51215648091,8604.99830747937,M,44.7,13.6
7596,03/2015,550,74700.24148749768,8695.80646991792,,46.4,7.5
7597,03/2015,917,92752.0963580329,8802.781956948715,M,32.3,17.7
7598,03/2015,56,84934.28345067729,6995.307264964429,M,38.6,14.0
7599,03/2015,377,71901.82046942717,7874.3938436167755,F,57.8,4.0
7600,03/2015,143,113633.32642160838,9326.015089843337,M,,7.3
7601,03/2015,782,72727.1869402829,7746.499662126057,M,57.1,15.8
7602,03/2015,17,74366.19451370178,7120.337757158181,M,,18.5
7603,03/2015,800,73943.00213435956,7390.391501398312,M,55.4,15.0
7604,03/2015,418,124682.07052040155,11048.424811566258,M,50.6,9.8
7605,03/2015,282,68850.65359943884,8237.586414782209,M,59.1,15.3
7606,03/2015,495,98985.3078164827,9140.340141154353,M,52.5,5.5
7607,03/2015,492,64892.94168485052,7584.458428597018,M,47.2,11.8
7608,03/2015,968,111278.8774310957,8413.81035435348,,59.5,2.6
7609,03/2015,802,77744.37375057796,8245.91259803004,M,37.0,11.4
7610,03/2015,215,89263.90384862617,7735.888017150932,M,52.5,7.2
7611,03/2015,959,89054.20066637556,8809.918916806568,M,63.1,13.2
7612,03/2015,954,74790.21784479327,7659.962463901115,M,42.1,5.8
7613,03/2015,482,104160.79315472313,9143.874128417718,M,65.9,13.1
7614,03/2015,102,85438.37674890054,8178.057230519084,M,55.2,11.6
7615,03/2015,776,71915.6694559566,8075.566506695989,M,,15.6
7616,03/2015,528,61174.6570844368,7432.549147224326,M,32.7,15.5
7617,03/2015,292,90716.39441466333,8992.428696309134,M,32.6,13.2
7618,03/2015,971,84778.97928193792,7131.257010989148,M,63.6,15.5
7619,03/2015,152,59060.06655061418,7294.230720554154,M,35.5,3.3
7620,03/2015,750,74480.45439612198,7746.63541064967,M,57.0,16.5
7621,03/2015,199,114018.01403777133,9019.623886305093,M,49.2,13.1
7622,03/2015,154,128462.57764438444,9543.786453544271,M,,6.9
7623,03/2015,675,114602.57989092282,10047.927010471547,M,56.2,10.5
7624,03/2015,288,71857.76574992853,7615.865302178873,,47.6,18.3
7625,03/2015,523,107473.03785895088,9082.759343656668,M,32.1,1.2
7626,03/2015,688,62219.441387227416,7012.383766521934,M,41.3,4.0
7627,03/2015,360,78515.77620640828,7834.454895023945,M,49.5,12.0
7628,03/2015,960,114457.7259713631,11235.090992485551,M,55.1,9.8
7629,03/2015,368,73246.73287809748,7435.956211918139,M,53.8,14.7
7630,03/2015,456,74447.36399071848,7913.494109938448,M,55.8,5.9
7631,03/2015,512,73099.99077589826,6777.99730718081,,50.1,15.9
7632,03/2015,650,125005.42489787668,10744.67368892879,M,43.0,12.5
7633,03/2015,380,92446.81839799938,10024.687123913931,M,61.4,1.5
7634,03/2015,139,82969.71300828153,8240.506311909154,M,56.4,8.7
7635,03/2015,994,75632.32502090406,8229.92774379472,M,42.5,2.6
7636,03/2015,689,91318.33130226495,8394.295634542963,M,63.1,2.4
7637,03/2015,243,121213.14839294017,10661.478157381198,M,38.2,16.7
7638,03/2015,148,70055.41842010232,7402.738094740057,M,64.4,9.8
7639,03/2015,252,91803.92249716732,8729.096139415837,M,40.6,14.0
7640,03/2015,265,82159.38257586592,8574.823570130435,M,39.6,3.8
7641,03/2015,362,112819.75140816113,8812.212097116299,M,39.0,3.7
7642,03/2015,336,78436.59036578405,9361.426366122874,M,53.4,15.5
7643,03/2015,928,84112.54881915475,9421.783653525978,M,63.0,14.1
7644,03/2015,515,92601.31300817576,8746.07200571894,M,56.7,9.7
7645,03/2015,483,109940.18453901919,9156.907375567553,M,47.0,12.5
7646,03/2015,395,96021.44840941139,8184.315745808629,M,59.5,16.9
7647,03/2015,758,94297.87830871023,8418.337122397765,M,45.8,3.4
7648,03/2015,361,97191.38684228867,9453.115101247065,,51.1,15.4
7649,03/2015,657,83654.25431091372,7268.150086996965,M,53.9,10.4
7650,03/2015,761,71786.16912846765,7342.813579584923,M,33.4,8.7
7651,03/2015,881,88088.13587350649,10600.868102609229,M,53.5,2.0
7652,03/2015,197,57192.582882185634,7019.685359974542,M,44.6,12.9
7653,03/2015,290,77017.83878736003,7058.959919955067,M,37.7,4.3
7654,03/2015,742,84102.67885428629,8272.46012404886,M,47.7,1.4
7655,03/2015,848,93340.47531336428,9151.786084881147,M,58.3,10.1
7656,03/2015,820,82392.17560870014,8795.95055172476,M,32.4,14.0
7657,03/2015,122,89082.63865131383,7186.8546689809045,M,42.0,5.7
7658,03/2015,340,89773.69312143246,7841.446258697436,,43.5,6.5
7659,03/2015,714,69513.02262603508,7535.741785894858,M,39.5,9.7
7660,03/2015,699,82973.78819522206,8092.003380625036,M,38.8,17.8
7661,03/2015,825,78066.76825063868,8333.788845956853,M,39.7,5.7
7662,03/2015,717,98386.11970437411,9905.300866315938,M,51.8,18.7
7663,03/2015,318,105491.84452739809,10713.831390564737,M,60.5,9.5
7664,03/2015,104,88441.96428610342,9300.947918551981,,57.0,5.7
7665,03/2015,816,74050.26280565698,7573.661753056494,M,32.0,1.0
7666,03/2015,296,98416.55765886464,8052.8031251501125,M,42.2,11.1
7667,03/2015,696,108132.58547029096,9526.005048600302,M,41.1,14.7
7668,03/2015,27,65950.1734509582,7602.5842608107,M,54.5,12.8
7669,03/2015,22,103183.07428250145,9563.321000920587,M,50.2,13.8
7670,03/2015,785,83258.31311762905,7695.667520634469,M,,14.7
7671,03/2015,256,81752.3704182521,7850.7897837094715,M,,8.8
7672,03/2015,75,95138.7341185096,8886.020546979227,M,47.3,6.5
7673,03/2015,5,77007.17751945768,9229.357202312076,M,39.8,4.7
7674,03/2015,217,98301.95283067935,8371.215356593411,M,64.4,14.8
7675,03/2015,869,87060.90184467874,8022.667418298275,M,38.4,13.3
7676,03/2015,385,82016.71545692609,8931.976714535156,M,44.9,9.4
7677,03/2015,941,90102.95984105738,8773.709642010663,M,35.0,2.8
7678,03/2015,712,98567.32519667056,8508.200085793365,F,,13.8
7679,03/2015,939,88664.20764247229,9022.433347754746,M,49.5,2.4
7680,03/2015,710,86040.87492350399,8391.9610736434,M,57.4,7.4
7681,03/2015,34,111638.33550101623,11152.566107860595,M,,18.6
7682,03/2015,559,115404.36735229414,9214.423044162279,F,62.8,4.7
7683,03/2015,463,81842.3269865153,9661.203464852118,M,48.9,10.3
7684,03/2015,605,99730.48467495837,8862.250143671008,F,63.6,5.9
7685,03/2015,424,89685.29882158982,9720.430326314638,M,49.8,3.8
7686,03/2015,851,118226.56107283801,8946.282815814,M,43.5,2.4
7687,03/2015,444,86921.24516790897,8344.278525128346,M,45.4,4.1
7688,03/2015,790,102431.90133507717,8438.881590584235,M,37.6,5.0
7689,03/2015,106,80906.72783893804,7717.939382796259,M,42.4,1.2
7690,03/2015,455,78979.22512701488,7755.008230446015,M,,3.9
7691,03/2015,223,105574.26938109234,8250.204574752719,,53.2,5.2
7692,03/2015,242,96450.7938872902,9637.156050894551,F,46.1,14.5
7693,03/2015,77,100663.74993936499,7921.907448941306,M,63.4,8.9
7694,03/2015,961,78067.75152785699,9312.479907594767,M,62.4,6.9
7695,03/2015,416,93856.33839516476,9953.098835194322,M,50.8,16.2
7696,03/2015,506,100855.84373225758,9548.243246382199,M,38.7,5.6
7697,03/2015,287,93320.98786383912,8340.559365916402,M,40.1,15.2
7698,03/2015,52,86148.88642808676,9774.463617942965,M,55.3,5.2
7699,03/2015,132,111978.07884806956,8787.093566108011,M,60.6,17.3
7700,03/2015,319,80061.33896362896,8245.777243096501,M,42.7,9.7
7701,03/2015,871,106162.8364666598,8458.999297229582,M,,7.2
7702,03/2015,213,67509.01318870553,7250.5471615241395,M,40.4,15.2
7703,03/2015,846,75295.73057969188,7605.500361424306,M,33.1,17.2
7704,03/2015,351,90651.90316735032,8962.989474314993,M,53.7,7.8
7705,03/2015,324,103942.720900005,10020.123791013606,M,54.6,9.8
7706,03/2015,173,91306.1339435435,8258.535555842263,M,46.9,9.3
7707,03/2015,88,68696.79750185511,8118.463000010471,M,43.9,18.0
7708,03/2015,347,76376.9950733871,8812.75668341667,M,,15.2
7709,03/2015,513,96675.03436961185,8114.021835901248,M,42.2,14.3
7710,03/2015,487,68297.1770469902,7388.760447316791,M,32.3,14.8
7711,03/2015,295,113966.58828916833,7917.950748955524,M,46.5,8.4
7712,03/2015,430,69245.53001604567,7078.2624307679425,M,,11.6
7713,03/2015,437,102708.57800666388,10205.825920888114,M,35.0,9.8
7714,03/2015,644,57671.006897437386,5710.574802207165,M,60.0,5.4
7715,03/2015,803,114787.0987411402,8295.040756201211,M,39.6,13.8
7716,03/2015,2,60525.362626925365,7483.835061689612,M,65.5,1.0
7717,03/2015,932,115681.9359315067,8721.550409802972,,37.4,12.0
7718,03/2015,843,87820.04872961465,7522.157703076076,F,40.4,15.0
7719,03/2015,138,90393.38463315227,8232.5243099993,M,34.5,5.5
7720,03/2015,356,99254.23006947595,9268.201449172228,M,51.3,12.6
7721,03/2015,466,79889.70552417579,9286.656288028888,M,51.7,13.4
7722,03/2015,729,89972.14974546389,9499.51261164086,M,59.3,9.7
7723,03/2015,535,103210.03079922298,9525.954859515121,M,62.7,2.9
7724,03/2015,715,80952.20408132207,6689.215496939132,M,51.8,5.3
7725,03/2015,70,62268.3907496218,8371.570314014565,F,59.0,4.7
7726,03/2015,485,70864.41626393927,8250.802701326667,M,56.3,15.4
7727,03/2015,128,84777.9762514958,8409.811357733419,M,52.0,5.9
7728,03/2015,587,70645.65920574464,8519.375247576838,M,51.7,9.9
7729,03/2015,142,50700.40447161205,6388.65373242879,,37.3,14.2
7730,03/2015,938,105799.38177112417,8724.208427550679,M,64.5,16.4
7731,03/2015,725,95133.54431725098,9432.67788102324,M,39.9,3.3
7732,03/2015,801,81851.80667714236,8784.542130997064,M,42.7,11.4
7733,03/2015,653,102042.79725773982,9578.953192649424,M,57.7,13.8
7734,03/2015,921,112367.54610049876,8317.021563022305,M,55.5,17.4
7735,03/2015,98,74789.00252191229,8413.044906573836,M,39.4,10.5
7736,03/2015,608,72648.98561934543,8102.49582282758,M,63.9,13.4
7737,03/2015,576,74655.78908851977,8796.708368158786,M,64.1,4.1
7738,03/2015,936,86329.17194681698,9229.710246172715,M,55.9,11.4
7739,03/2015,301,68327.25932484247,6961.587185140885,,33.7,2.0
7740,03/2015,266,83599.65091497729,9574.226721170864,M,36.1,1.4
7741,03/2015,499,92423.37672860017,8302.6308886403,M,32.6,1.0
7742,03/2015,133,77568.44649421638,7488.737479626094,M,43.3,13.8
7743,03/2015,989,93909.26353849415,9134.35063858133,M,,6.4
7744,03/2015,619,108181.5823876334,8257.935746623883,M,55.2,4.2
7745,03/2015,136,120564.40427710858,9794.397332398907,M,58.5,1.0
7746,03/2015,277,81052.01866644385,8269.80772810899,M,33.1,12.5
7747,03/2015,267,115529.80286398034,10213.358406787565,M,52.8,4.8
7748,03/2015,749,79470.14621695907,7984.137359652935,M,40.0,12.2
7749,03/2015,254,77723.59125408191,8852.460771532482,M,57.0,18.2
7750,03/2015,630,137998.40229577175,9651.916694601863,M,45.0,17.3
7751,03/2015,339,78934.59128276282,7447.806636348914,M,41.1,18.1
7752,03/2015,203,75061.36109249617,7742.16182554746,M,59.0,16.3
7753,03/2015,107,98240.39809945083,10333.839330774468,M,49.9,10.0
7754,03/2015,24,87168.33889071451,8703.70278098467,M,33.6,12.8
7755,03/2015,668,85160.65803426453,9545.359974133355,M,,14.9
7756,03/2015,837,71580.8783276631,6882.476909992877,M,36.8,12.8
7757,03/2015,392,66465.13786375939,7181.33524780007,,33.3,4.8
7758,03/2015,330,111390.08897101553,9124.828663352644,M,,2.2
7759,03/2015,151,85908.43544260472,7353.202394978607,M,48.4,18.7
7760,03/2015,856,70011.81141654316,7198.105811013531,M,53.8,16.7
7761,03/2015,976,90330.64674381893,8128.6067212347625,M,57.8,1.9
7762,03/2015,831,100954.58431605085,9185.998911084942,M,54.2,8.5
7763,03/2015,991,55408.022544872656,6141.929292237662,M,35.2,11.1
7764,03/2015,201,83007.01739588527,10221.732975700346,M,57.3,6.1
7765,03/2015,788,102300.79176765733,9933.440738224748,M,32.6,18.3
7766,03/2015,1,114375.10503193882,9501.577406956963,F,43.8,1.4
7767,03/2015,103,88120.54539990351,9635.013867156362,M,64.3,11.8
7768,03/2015,53,60520.49381608145,7723.130646259728,M,56.0,7.9
7769,03/2015,241,108015.68781210583,8628.193428032095,M,36.5,11.2
7770,03/2015,346,107974.2554340931,8704.388044140498,M,49.3,16.0
7771,03/2015,450,80344.64503931793,8526.858549784605,M,57.8,13.3
7772,03/2015,628,103389.64829823622,8961.572509040798,M,61.0,15.2
7773,03/2015,700,81502.38366092532,8603.213643791873,M,51.2,10.6
7774,03/2015,4,100429.72935016442,7827.22431752785,M,59.6,11.7
7775,03/2015,334,108322.22744575,9792.565469243938,M,56.3,7.2
7776,03/2015,641,109289.58388192982,8919.919797669012,M,33.8,11.0
7777,03/2015,794,98483.74127541627,9108.999536037325,M,34.9,12.3
7778,03/2015,390,75842.71144010479,6970.0229630512,M,54.7,12.7
7779,03/2015,141,112231.93117143273,8619.816902687428,M,44.7,8.8
7780,03/2015,980,81953.68883704946,9401.786736116148,M,36.0,2.1
7781,03/2015,734,75874.65502470234,6698.181065560035,M,47.7,11.6
7782,03/2015,342,78391.1461203246,9908.91272671154,M,43.7,4.9
7783,03/2015,370,123505.42770199363,9729.844148502989,M,46.2,1.9
7784,03/2015,480,96237.37766861243,8043.512674303023,M,38.6,11.5
7785,03/2015,902,86146.82104706908,8446.608207189356,M,63.6,5.8
7786,03/2015,477,135614.77815033123,9703.730497911638,M,46.4,8.8
7787,03/2015,193,74955.12755042581,7897.313805946555,M,52.8,16.4
7788,03/2015,476,72086.26812861642,7608.87967540703,M,,18.3
7789,03/2015,537,100959.06630353675,9118.525238706772,M,37.3,2.5
7790,03/2015,591,110098.30121383436,9613.239906613657,M,56.1,9.5
7791,03/2015,189,94261.33493219303,8969.847387370173,M,41.9,5.9
7792,03/2015,596,71900.49922687927,7970.667149822592,M,56.2,13.7
7793,03/2015,235,86193.79923219951,8829.44807180483,M,37.4,9.0
7794,03/2015,520,121481.80256444294,8177.4144623514385,M,54.7,8.8
7795,03/2015,677,92114.37975116774,8586.477453132407,M,58.8,14.4
7796,03/2015,704,80746.33722904927,8980.884557952677,F,57.6,7.7
7797,03/2015,355,88131.84930902383,8911.845687223682,M,50.0,3.0
7798,03/2015,247,87619.94312171856,8590.276351663168,M,53.5,2.0
7799,03/2015,207,115679.60373185121,9633.572964533094,M,47.8,3.5
7800,03/2015,990,88583.82952283186,8018.772873992159,M,36.3,4.7
7801,03/2015,41,99606.86624146541,9157.561066595601,M,36.9,10.0
7802,03/2015,678,67028.43148152767,7134.114321427212,M,55.7,7.7
7803,03/2015,663,94353.090846915,7942.927484507441,M,56.7,12.1
7804,03/2015,28,90678.57271083655,9327.84852127069,M,65.2,4.4
7805,03/2015,672,81284.93463766106,7973.135162934359,M,53.2,13.5
7806,03/2015,393,95559.73044716359,9321.522028913834,M,33.5,7.3
7807,03/2015,615,78690.95939707627,7499.427881479293,M,51.3,2.9
7808,03/2015,923,98448.9926641118,10454.643951784366,M,32.0,7.7
7809,03/2015,544,77706.9227366643,7692.925385972715,M,39.6,13.0
7810,03/2015,364,97533.55197775032,8984.54862734046,M,41.0,9.2
7811,03/2015,573,111048.87478593733,9609.563997941883,M,60.9,6.4
7812,03/2015,125,147389.74293478244,9970.305366249766,M,37.2,9.2
7813,03/2015,949,82313.98126352626,9722.14529704374,M,36.4,12.6
7814,03/2015,510,96004.72280800357,7721.89826506039,M,55.0,12.2
7815,03/2015,878,80807.52741971998,8084.782131828117,M,36.2,5.5
7816,03/2015,992,84901.71459651386,9588.431635548637,M,36.1,17.3
7817,03/2015,8,74678.95719579619,7814.907920890745,M,39.7,13.2
7818,03/2015,984,78862.8799197259,9547.695946592043,M,42.3,10.7
7819,03/2015,763,63834.52857758469,6455.394495622233,M,37.4,6.6
7820,03/2015,973,74027.31803026875,7688.861208126257,M,39.5,15.8
7821,03/2015,25,97680.79953316455,8929.63227338956,M,34.8,14.6
7822,03/2015,541,110002.24354442279,9234.18341235643,M,48.7,8.1
7823,03/2015,757,102166.77253539696,8262.275189425472,M,,13.5
7824,03/2015,374,74745.33583836332,8717.50988121206,,39.7,13.9
7825,03/2015,64,75806.89929424404,8894.249521548783,M,46.0,5.6
7826,03/2015,500,109124.80570781835,8359.213880147598,F,46.2,13.5
7827,03/2015,647,132467.14677777432,9626.85557423036,F,63.4,11.7
7828,03/2015,614,103084.13590447845,9044.118758640981,M,59.8,17.8
7829,03/2015,21,68863.38520697282,8484.210098976784,M,32.8,7.5
7830,03/2015,13,71318.64690649096,7548.128232473618,M,43.1,15.2
7831,03/2015,639,119539.21523221064,9983.829451643447,M,50.0,9.2
7832,03/2015,868,104054.03903450511,8396.616115448223,M,32.5,7.3
7833,03/2015,805,75808.91216787364,8350.653257995638,M,40.7,10.5
7834,03/2015,891,111223.51409500817,9976.772778123128,M,56.5,13.8
7835,03/2015,561,86275.96475884975,7573.532432564464,,44.2,6.2
7836,03/2015,709,90143.40742928417,9878.549905684074,M,38.7,12.6
7837,03/2015,429,81751.04628926236,9481.396638498358,M,46.7,4.7
7838,03/2015,720,71681.58317103267,9262.397777980868,M,64.6,15.1
7839,03/2015,187,82112.6219740425,8529.034919334808,M,48.7,17.0
7840,03/2015,457,76307.40725936825,7612.528279834653,M,63.5,10.5
7841,03/2015,844,81644.36191404745,8101.6070171741285,M,47.4,2.4
7842,03/2015,552,86018.53795504304,8104.498176585626,M,61.3,7.3
7843,03/2015,498,79946.13440399634,7020.879076857452,M,49.2,15.3
7844,03/2015,230,109275.27241890314,7838.526484927455,M,38.2,5.1
7845,03/2015,131,127789.62560798973,9296.468595132641,M,35.1,16.0
7846,03/2015,268,83384.89027389803,8287.924790831119,M,41.2,11.2
7847,03/2015,634,66396.07228601731,7424.704971779015,M,46.8,4.5
7848,03/2015,930,66648.66009331704,7463.490833690676,M,54.4,16.9
7849,03/2015,730,95664.05178382627,10091.668063084844,M,60.8,1.5
7850,03/2015,386,77061.2381511804,8644.744973737774,M,37.5,12.8
7851,03/2015,897,62898.22391217029,8750.521713367441,M,43.3,2.5
7852,03/2015,604,98607.5497141218,9006.162105367654,M,59.8,7.6
7853,03/2015,850,85974.98348151174,7981.628787585838,M,39.4,1.4
7854,03/2015,626,64384.50561689768,7307.07331020492,M,51.8,18.1
7855,03/2015,163,72597.05565420949,7743.757846951841,M,58.5,9.1
7856,03/2015,82,89250.4596626572,8342.95454071725,M,61.7,4.0
7857,03/2015,36,55927.55587656661,7269.580355873933,M,37.4,16.3
7858,03/2015,977,97181.79133335863,8503.746206711598,M,56.2,3.7
7859,03/2015,123,103434.78794977114,8221.014727217344,M,65.3,11.5
7860,03/2015,92,71973.57704675113,8934.693883478098,M,41.4,15.1
7861,03/2015,26,101962.25539512868,9071.610736789602,F,47.5,2.7
7862,03/2015,251,99404.59248110917,8585.080626517914,M,43.0,11.9
7863,03/2015,598,77833.91609081556,8450.667114093123,M,51.3,9.4
7864,03/2015,524,113027.58606203129,9132.068704264306,F,39.5,18.5
7865,03/2015,726,93509.69741460668,9053.203051000566,M,58.1,4.5
7866,03/2015,263,86746.12297857247,8133.2907456860685,M,52.2,12.2
7867,03/2015,365,73518.18024432412,6852.98383420047,M,37.6,5.3
7868,03/2015,44,82918.56108017646,7720.071157253561,M,61.5,8.9
7869,03/2015,530,83724.93825345348,8670.079321347479,,47.2,6.9
7870,03/2015,838,63524.20561983388,5991.435624903302,M,,17.2
7871,03/2015,311,63826.2369652392,7233.772164765939,,32.1,9.4
7872,03/2015,447,62539.01391687243,7074.878874352115,M,65.5,12.1
7873,03/2015,993,93302.87097485679,8751.11370776737,M,35.0,2.9
7874,03/2015,315,73311.51918755063,7092.674488047715,M,61.1,8.7
7875,03/2015,20,73118.47711668702,8586.619223014735,M,52.1,18.1
7876,03/2015,618,99944.27115681418,9356.90070235801,M,63.9,9.0
7877,03/2015,43,101562.53953404653,10604.41379471499,M,57.3,1.2
7878,03/2015,190,85019.60299588896,8004.314156950093,M,57.5,14.1
7879,03/2015,659,92001.84032926844,8009.597336416686,M,65.4,14.7
7880,03/2015,47,105595.59717695694,8458.597760875835,M,40.7,5.3
7881,03/2015,987,93566.51778073658,7962.573141268018,M,32.4,13.8
7882,03/2015,71,89718.23830813385,8606.176919340513,M,39.0,1.0
7883,03/2015,198,89881.07604772325,8208.095476345412,M,41.1,16.6
7884,03/2015,473,117007.45762850731,9280.791933218587,M,59.5,14.6
7885,03/2015,338,72629.39312700361,8556.296234666512,M,42.2,4.3
7886,03/2015,440,86951.14473463826,8518.596746265777,F,39.6,4.4
7887,03/2015,246,69730.97030505826,7415.87050338199,M,57.2,15.1
7888,03/2015,116,90126.65589637471,6797.383256645904,M,42.2,10.6
7889,03/2015,849,122448.03719802081,9446.547895032627,M,65.4,12.1
7890,03/2015,900,84219.76094563179,8273.240424936152,M,41.5,9.4
7891,03/2015,359,75485.819993724,7791.878624001157,M,47.7,7.9
7892,03/2015,299,101496.17952533481,8520.465247481034,M,50.1,2.0
7893,03/2015,7,108595.15571770059,9156.183088217878,M,40.8,14.1
7894,03/2015,297,88701.19505592357,10713.87969918107,M,53.7,1.0
7895,03/2015,822,82425.88865005926,9437.15211921841,,54.0,2.9
7896,03/2015,648,74761.37660161202,7845.343456801772,M,49.6,4.4
7897,03/2015,294,108663.45948858232,9618.11579080773,M,59.6,4.9
7898,03/2015,491,70561.5496799485,7423.80969092008,M,61.1,3.2
7899,03/2015,568,87870.62726247645,8704.157090861048,M,,16.5
7900,03/2015,584,83867.0112758404,8054.819744556273,M,43.3,14.9
7901,03/2015,690,71636.57283385223,7550.689511835178,M,,8.8
7902,03/2015,291,99754.37751055355,9513.48204702005,M,33.2,5.4
7903,03/2015,49,96349.48192777594,8870.68116160556,M,45.1,3.0
7904,03/2015,585,93677.07560975934,8177.499472308725,M,37.9,11.3
7905,03/2015,606,65275.421895373016,7880.701575049411,M,51.5,15.1
7906,03/2015,693,112277.27006765133,9149.868847418116,,53.1,9.9
7907,03/2015,944,102491.27123047142,8565.516531202065,M,49.4,14.1
7908,03/2015,793,104615.09989320785,9191.94060053729,M,35.0,12.5
7909,03/2015,425,127140.4406946353,9833.747077898164,M,,17.9
7910,03/2015,683,88623.48220782151,7899.218170534122,,54.5,3.6
7911,03/2015,656,110510.68366631791,8265.350271050449,M,56.4,17.8
7912,03/2015,488,67209.38915798122,7842.862790521315,M,32.4,5.8
7913,03/2015,61,76142.301057194,9885.79036678048,M,34.1,16.4
7914,03/2015,904,85857.41245824128,7893.120361083223,M,,4.0
7915,03/2015,378,75777.22844084483,7472.608153314784,,36.7,3.5
7916,03/2015,269,85969.27738536443,8398.118789286069,M,39.7,8.1
7917,03/2015,889,90826.645019404,7661.628453870382,,55.5,2.0
7918,03/2015,481,109794.31904425977,7903.914521320678,F,51.5,17.1
7919,03/2015,344,110024.11303944189,9089.66582682583,M,51.0,11.8
7920,03/2015,99,87012.71353857876,8618.045822742486,M,55.3,5.7
7921,03/2015,832,83668.04569870584,8987.07425061899,M,,13.3
7922,03/2015,127,96415.42265260027,9218.60105957488,M,55.8,11.8
7923,03/2015,617,102706.96355201182,8955.489301786829,M,38.2,17.4
7924,03/2015,770,89309.28986011603,8157.270193662285,M,56.6,15.9
7925,03/2015,484,78930.68833205124,7835.817710301943,M,36.2,4.1
7926,03/2015,341,85851.17581160109,9399.92978975967,F,63.1,16.9
7927,03/2015,982,98503.86326237333,9332.47890336933,M,,9.4
7928,03/2015,212,85886.7850293878,8381.882681478748,M,46.4,1.6
7929,03/2015,589,126149.64192051749,9663.693303288212,M,40.7,6.4
7930,03/2015,797,82100.03624305612,8038.507435356938,M,44.6,5.9
7931,03/2015,753,78744.54975683686,8482.152475139508,M,32.8,12.8
7932,03/2015,227,93896.26926891242,7894.927344850702,M,,16.2
7933,03/2015,86,90719.64054189897,8747.093604242958,,,5.4
7934,03/2015,680,93034.23470676932,8934.655894950045,M,61.1,18.9
7935,03/2015,195,71982.15396488683,8945.794378256944,,54.1,8.8
7936,03/2015,595,91820.35901467311,7332.989965743432,M,45.4,7.1
7937,03/2015,854,68205.93358610537,7011.59213788171,M,44.2,18.7
7938,03/2015,828,74104.39095227102,8137.215105437109,,50.6,1.1
7939,03/2015,261,85513.14375075808,7916.791423953697,M,36.4,18.5
7940,03/2015,603,109431.71129321553,9144.118899776719,M,34.9,10.7
7941,03/2015,379,66379.9923780621,7211.54888647493,M,65.1,12.4
7942,03/2015,888,71769.1424308281,7496.127291504918,M,,4.0
7943,03/2015,741,161719.50882902104,9903.215290383981,M,42.4,11.2
7944,03/2015,60,99070.86785779138,8079.443104115626,M,53.4,11.0
7945,03/2015,955,105848.26502441267,9776.34551643627,M,35.8,8.5
7946,03/2015,62,87382.73927222815,8338.569550627812,M,34.0,4.3
7947,03/2015,638,76147.16774674422,7308.8822358425,M,62.7,9.4
7948,03/2015,697,96980.80278430214,8036.199397060066,M,35.0,15.2
7949,03/2015,147,88102.7528767981,9150.841041079266,M,53.7,14.7
7950,03/2015,637,62855.88226398395,8441.013985455655,M,63.3,3.0
7951,03/2015,799,54841.556062432195,7310.780391168515,M,45.3,1.1
7952,03/2015,178,78970.578283892,8507.176996328928,M,49.0,7.8
7953,03/2015,806,51579.21358453321,7478.776910882392,M,50.3,7.6
7954,03/2015,300,106721.16076102985,9848.332665173482,M,35.9,9.5
7955,03/2015,998,77608.42809610005,8310.016276078231,M,32.1,1.4
7956,03/2015,337,98335.32027418105,8975.248829896167,M,36.0,9.4
7957,03/2015,549,70195.4642560489,7822.7962896251165,M,55.1,16.4
7958,03/2015,767,89015.13654672803,8876.15222184028,M,56.5,1.2
7959,03/2015,157,86547.2687819295,8786.452877981099,M,56.8,16.2
7960,03/2015,540,104774.98069228782,9661.545346633697,M,41.6,6.5
7961,03/2015,108,66609.86291248305,8276.136563210084,M,51.2,2.9
7962,03/2015,352,101338.63050017458,9422.607073638053,M,58.1,9.3
7963,03/2015,847,71132.12032324381,9006.095592677066,M,51.0,5.2
7964,03/2015,479,77479.93308751081,8493.78972624451,M,54.6,1.0
7965,03/2015,622,97164.44194710269,7556.944061801409,M,53.2,7.6
7966,03/2015,937,86260.56927122104,8697.927398054546,M,54.9,11.5
7967,03/2015,775,78627.56151911679,8235.799271641075,M,50.4,9.8
7968,03/2015,623,95704.93023017555,8931.13159779258,,,14.4
7969,03/2015,87,91500.84821546999,9279.672366288232,M,48.0,15.4
7970,03/2015,80,73941.19886239473,7682.2944473259195,M,57.8,17.5
7971,03/2015,434,63198.35696179669,8271.986771953505,M,36.5,7.7
7972,03/2015,210,101856.91845704408,8637.01922505877,M,37.0,1.9
7973,03/2015,860,124191.61191471602,9710.152458432325,M,38.0,16.8
7974,03/2015,220,90409.3361324655,8491.93075779824,M,32.1,7.3
7975,03/2015,769,141752.43081399795,10695.562811334288,,58.8,18.9
7976,03/2015,692,83231.30195905868,10664.463210258102,M,42.5,2.3
7977,03/2015,546,91863.9944881935,9781.66648358768,M,55.6,13.5
7978,03/2015,777,67552.30064633666,9963.39011567419,M,59.2,16.0
7979,03/2015,581,101928.35836746663,8849.126423183892,M,35.5,18.5
7980,03/2015,452,83998.51635081378,7883.462337877808,M,53.3,4.4
7981,03/2015,511,80507.57096069248,8612.200623996518,M,35.2,10.9
7982,03/2015,214,71948.11235703023,6720.192311026747,M,,5.9
7983,03/2015,234,89540.98267230084,9177.22146918211,M,42.7,6.2
7984,03/2015,853,71764.80226646384,8371.64501995903,M,42.5,2.3
7985,03/2015,551,78065.30446511555,7985.603672484349,M,,4.3
7986,03/2015,505,63280.169720578,6676.065943345982,M,33.7,2.5
7987,03/2015,508,106998.49811487934,8523.531815280614,M,54.1,8.3
7988,03/2015,795,85710.19818851222,7787.2656335496595,M,50.4,8.6
7989,03/2015,317,70555.7469260436,7515.432109613436,M,33.3,2.7
7990,03/2015,792,95789.18794159387,9136.239967744272,M,,8.7
7991,03/2015,974,98981.1948014674,9549.099435758097,M,34.8,8.2
7992,03/2015,117,92828.45180010013,7994.604476820554,M,59.4,17.1
7993,03/2015,410,91580.8781723097,9890.4417559001,M,38.0,17.4
7994,03/2015,182,119080.25972914272,9057.359683880606,M,40.0,14.4
7995,03/2015,119,98147.89954764114,7365.764744263576,M,65.9,15.4
7996,03/2015,236,74710.38087805257,7614.50704264066,M,42.3,6.7
7997,03/2015,449,119569.06105775396,9589.519544627534,M,38.4,18.7
7998,03/2015,494,63780.751121954905,8580.926408778729,M,48.7,7.9
7999,03/2015,609,146997.50727230447,9337.260083849658,M,,4.6
8000,05/2015,943,93152.9622020365,8647.23392970019,F,58.4,0.6
8001,05/2015,966,112446.05294787428,9872.296947479383,M,46.8,0.1
8002,05/2015,250,96637.31588427775,8698.409149101766,M,32.0,0.1
8003,05/2015,156,64631.73993593034,7582.560764262748,,64.8,0.7
8004,05/2015,67,85126.52059918911,8652.446555877335,M,60.7,0.4
8005,05/2015,684,91403.25995996867,8952.915265081163,M,,0.5
8006,05/2015,527,61928.754309125405,8078.328209428112,M,,0.4
8007,05/2015,556,78835.20164327676,8245.47166689593,M,50.7,0.8
8008,05/2015,446,85279.52480127157,7416.004927883621,M,49.5,0.1
8009,05/2015,841,100368.25016106793,9623.91888873645,M,48.2,0.7
8010,05/2015,126,123689.76022516747,7394.589949687372,M,53.2,0.7
8011,05/2015,910,76828.96682268856,8247.970141107011,M,58.2,0.6
8012,05/2015,112,115908.34703103523,8120.314573852656,M,54.8,0.9
8013,05/2015,191,75972.9060579115,8401.292998567651,M,50.4,0.1
8014,05/2015,739,85294.68258194727,8461.341169520452,M,37.6,0.6
8015,05/2015,579,79460.53160754306,9102.203742379794,M,41.3,0.3
8016,05/2015,111,83900.77593018358,8231.157317696738,M,45.4,0.8
8017,05/2015,285,114402.12539877646,8545.922013473122,M,47.3,1.0
8018,05/2015,796,71741.15557041911,8974.879568360782,M,59.2,0.3
8019,05/2015,310,99891.59994022509,9458.967555841513,M,42.2,0.8
8020,05/2015,458,79094.04810377027,9111.344377636236,M,39.7,0.2
8021,05/2015,884,76417.52404023416,6955.433039290812,M,64.1,0.6
8022,05/2015,335,75359.39950718792,8189.688153725153,M,47.0,0.8
8023,05/2015,521,74455.53226047225,8084.641172835915,M,56.1,0.8
8024,05/2015,887,79445.34033563152,7048.954215308817,M,,0.0
8025,05/2015,601,104397.12537868482,8527.848444096657,M,39.8,0.2
8026,05/2015,11,61781.212692309506,7423.306089523149,M,39.1,0.6
8027,05/2015,624,70134.44074326848,8577.922521387613,M,52.8,0.7
8028,05/2015,737,80109.06856753334,7673.284563665319,M,58.1,0.3
8029,05/2015,823,63053.81014142659,7154.238125133838,M,50.6,0.3
8030,05/2015,752,80305.72707410125,9772.587733426531,M,63.6,0.4
8031,05/2015,732,90047.2215682312,9935.788974588762,M,54.1,0.5
8032,05/2015,493,92766.40279107179,8168.337895243169,M,61.1,0.2
8033,05/2015,159,106767.43892972983,8624.544246055562,M,48.4,0.6
8034,05/2015,225,73430.74422906915,7760.653505278894,M,,0.6
8035,05/2015,784,97841.88066234524,7553.264564987436,M,54.3,0.2
8036,05/2015,171,78510.71340214573,8513.520617703096,M,49.4,0.4
8037,05/2015,460,124529.4677925217,8072.477941372746,F,33.0,0.3
8038,05/2015,408,78003.00822567297,7975.661101515952,M,65.0,0.9
8039,05/2015,239,62972.09442456678,7611.128757546132,M,60.4,1.0
8040,05/2015,812,84002.67765591356,8879.289703929158,M,54.7,0.9
8041,05/2015,896,149198.1613391452,9695.092688455205,M,58.5,0.0
8042,05/2015,354,99737.70056591867,10179.009998004032,M,65.2,0.4
8043,05/2015,574,98338.98389339939,8130.129539207088,M,60.7,0.3
8044,05/2015,186,79744.59549716773,8087.782496814447,M,65.7,0.6
8045,05/2015,381,75349.01316819494,8022.674231065182,M,44.0,0.1
8046,05/2015,898,62439.06161325767,6368.508202181729,M,46.5,0.0
8047,05/2015,405,86702.21854981784,7755.98978048161,M,32.2,0.1
8048,05/2015,439,87631.473667076,8759.022482083166,M,65.2,0.3
8049,05/2015,532,72820.69384205769,7925.6013210714,M,38.2,0.5
8050,05/2015,665,85655.56155321925,8427.438587097968,M,,0.6
8051,05/2015,962,70148.4418217804,7537.991566283211,,53.5,0.8
8052,05/2015,303,60066.88051799192,5990.629885521707,M,37.0,0.6
8053,05/2015,996,111649.71099229778,9398.289573575916,M,41.0,0.5
8054,05/2015,836,85290.05164893306,9291.616400039009,,55.4,0.2
8055,05/2015,840,99400.51909623023,9264.097612795653,M,35.8,0.3
8056,05/2015,459,96775.07251707361,7855.372531548508,M,36.2,0.4
8057,05/2015,611,74722.47017222794,8067.952886919164,M,62.4,0.4
8058,05/2015,467,116355.208209477,9533.836208264756,M,,0.5
8059,05/2015,786,63304.07985905555,6673.477124710513,M,46.5,0.0
8060,05/2015,23,81576.40870694029,7930.031416417385,M,51.4,0.9
8061,05/2015,302,83769.90035900677,8551.747871057092,M,47.2,0.2
8062,05/2015,289,104533.44061398608,8460.706293691674,M,39.5,0.5
8063,05/2015,155,107681.53874071706,7617.858382357158,M,57.3,0.4
8064,05/2015,327,80917.49941440708,7588.169058887461,M,51.8,0.8
8065,05/2015,114,99612.41130463789,8652.033936475164,M,61.1,0.9
8066,05/2015,756,73097.89154889424,7661.611947202799,,54.8,0.3
8067,05/2015,880,71214.4011239544,9091.8256889043,M,45.6,0.6
8068,05/2015,660,84408.4054954271,7949.721875125352,M,56.5,0.9
8069,05/2015,454,88607.2519224,8831.467416473042,M,40.2,0.2
8070,05/2015,969,89587.66002451019,7958.104283857247,F,62.8,0.7
8071,05/2015,176,108611.00439628935,9838.606760388364,M,35.8,0.9
8072,05/2015,432,98107.54856666274,9663.63768781181,M,47.3,0.9
8073,05/2015,531,87500.7038430646,8201.774024738526,M,46.6,0.9
8074,05/2015,101,90229.92037920872,9271.360372720348,M,,0.9
8075,05/2015,738,67442.08032916341,7191.5221756403835,M,36.7,0.3
8076,05/2015,271,79480.18200760716,7647.012224577066,M,64.8,0.4
8077,05/2015,423,101424.23242085184,9006.76480026793,M,59.1,0.6
8078,05/2015,765,85494.40404421004,6462.0027721347515,M,47.8,0.8
8079,05/2015,691,85738.69663352205,8859.489625261233,M,44.8,0.4
8080,05/2015,533,73704.08022393638,6442.738964673328,,35.8,0.1
8081,05/2015,716,80126.87225803554,9796.944731451491,M,39.8,1.0
8082,05/2015,922,84079.60321850979,8962.95087019602,M,58.5,0.8
8083,05/2015,174,85931.03566834106,8710.83005951673,M,46.1,0.9
8084,05/2015,200,73400.74505271003,7769.37661020337,M,39.0,0.7
8085,05/2015,316,81596.95669664955,7822.604952734492,M,34.8,0.2
8086,05/2015,307,82297.74876680879,8153.967958677082,M,65.0,0.7
8087,05/2015,882,67909.76031104791,8849.461285655252,M,33.7,0.6
8088,05/2015,706,83062.63174175644,8957.26883857459,M,51.7,0.3
8089,05/2015,829,77298.56201807088,7635.918039737846,M,35.3,0.5
8090,05/2015,719,87791.28105804097,7746.951590550331,M,32.6,1.0
8091,05/2015,935,82431.1621937615,7801.938162672085,M,38.9,0.3
8092,05/2015,68,113004.17022972112,7806.426920950145,F,35.8,1.0
8093,05/2015,815,89582.03868778935,9201.142990050064,,64.2,0.3
8094,05/2015,747,77999.13522578854,6922.927006625646,M,43.6,0.7
8095,05/2015,798,72377.32985609975,6630.929613063068,M,35.3,0.4
8096,05/2015,865,104977.5899959162,7596.896485689273,M,58.5,0.3
8097,05/2015,399,97547.7524380873,8819.232035137247,M,53.1,0.9
8098,05/2015,509,100811.83547855518,9447.219581013456,M,46.7,0.5
8099,05/2015,308,67204.10866883295,8222.098408443337,M,48.1,0.9
8100,05/2015,502,66921.84458272553,7841.8618029201525,M,61.5,7.9
8101,05/2015,81,72479.76996458981,8976.96434416752,M,42.4,14.4
8102,05/2015,814,99074.39171387034,8480.498505109681,M,33.1,18.7
8103,05/2015,666,81772.60655766238,7468.694682817634,M,35.3,8.7
8104,05/2015,205,116733.9128357728,8576.403608317885,M,56.6,9.9
8105,05/2015,759,97228.06046756155,6903.538014065752,M,44.5,3.4
8106,05/2015,96,84652.81489925999,8349.964336368972,M,37.2,9.4
8107,05/2015,671,77815.63299534156,7869.186346628325,M,61.4,16.8
8108,05/2015,100,89543.38773958811,7139.933965448009,M,38.1,17.2
8109,05/2015,321,93715.55320687796,9182.35858429109,M,,10.1
8110,05/2015,602,110173.5498448535,11131.463997234323,M,37.3,17.8
8111,05/2015,453,100464.63316788846,9893.594238337513,F,60.6,5.4
8112,05/2015,396,71232.71994069139,7227.129483004129,M,33.1,12.5
8113,05/2015,113,101489.22546189114,7924.783547164897,M,,16.9
8114,05/2015,988,104461.47638777213,8436.362845721904,M,32.9,11.3
8115,05/2015,956,93014.21052799337,9893.775023728775,M,65.3,15.6
8116,05/2015,59,109685.30103833601,8125.499340609637,M,46.9,8.1
8117,05/2015,593,102469.08998276337,10491.010207436573,M,43.4,15.5
8118,05/2015,10,74607.56754920106,6871.032749930271,M,45.5,6.4
8119,05/2015,196,108045.4854716495,8798.432604996462,M,46.2,4.3
8120,05/2015,38,98753.37592020651,8886.255172455407,,51.3,5.9
8121,05/2015,625,114875.10773217284,8801.286873434732,M,57.7,13.8
8122,05/2015,570,81885.18546946112,7122.564366412781,M,47.1,16.8
8123,05/2015,745,84621.48716319811,7566.931227853952,M,51.3,15.9
8124,05/2015,764,100158.0719405125,9947.019988343025,M,47.3,15.0
8125,05/2015,66,92125.05956597283,8697.837361493908,M,40.0,18.9
8126,05/2015,84,96690.85605893696,9453.698482917333,,36.5,18.8
8127,05/2015,462,78148.85075536411,8536.966621496473,,39.3,10.3
8128,05/2015,952,78306.01429229308,8971.96639680502,M,56.4,4.4
8129,05/2015,970,100587.74662106343,9310.976584394857,M,34.0,11.4
8130,05/2015,333,76226.85804188,7587.070216521815,M,50.1,8.4
8131,05/2015,274,110851.24857217493,10365.132709155288,M,63.7,8.6
8132,05/2015,981,84380.75956249911,7858.261718882925,M,62.2,1.6
8133,05/2015,110,76316.32797842531,8137.975475056687,M,59.4,15.7
8134,05/2015,383,92256.29610500527,9292.719479538091,M,37.5,15.6
8135,05/2015,542,109430.69974853488,10146.41924650423,M,35.2,7.8
8136,05/2015,787,83544.29887649514,8085.989547045915,M,59.9,12.3
8137,05/2015,57,84223.85832955246,6692.961076194884,M,65.6,16.7
8138,05/2015,412,84262.96914118624,8717.984068982054,M,59.3,4.6
8139,05/2015,177,88492.09398527091,9906.082856304833,M,41.0,1.9
8140,05/2015,560,93780.93254194432,9206.158932398364,M,41.8,12.4
8141,05/2015,398,64108.73447115651,6381.97018770169,M,52.0,4.8
8142,05/2015,916,93739.30364524924,8978.277666609396,M,65.1,18.0
8143,05/2015,965,62413.476775598945,6471.822603968423,M,65.8,5.6
8144,05/2015,746,114790.06115410182,10347.900334255273,M,48.2,1.6
8145,05/2015,912,67644.51696110271,6823.190289296195,M,55.6,16.5
8146,05/2015,257,82570.87476838236,7900.868599768394,M,36.1,4.5
8147,05/2015,727,91776.92625999857,8380.178067473891,M,53.5,16.6
8148,05/2015,144,67092.12305060105,8469.64779427047,M,43.3,7.4
8149,05/2015,164,99854.97142599232,9677.765439666902,M,39.8,10.5
8150,05/2015,48,88158.00042203702,7604.101964764059,M,63.4,11.9
8151,05/2015,872,64460.57207310491,7573.933034951324,M,50.2,11.6
8152,05/2015,391,97190.24715542115,9685.165113532357,M,47.8,2.2
8153,05/2015,703,91409.58775806564,9090.588908407302,M,,7.8
8154,05/2015,504,88247.10248148096,9250.305192817405,M,40.0,1.8
8155,05/2015,876,104822.08438271454,9540.229776358537,M,34.7,5.8
8156,05/2015,69,87285.9579666554,8986.06769753079,M,57.1,11.5
8157,05/2015,736,78106.44578913797,8704.566102560135,M,43.1,13.3
8158,05/2015,899,103429.42101906864,7851.579157107991,M,58.6,10.2
8159,05/2015,219,73026.71742246849,6926.542715167125,M,39.4,17.3
8160,05/2015,451,81467.80352499282,9225.745932094673,M,47.1,10.2
8161,05/2015,407,90711.11552462124,6998.030833817996,M,46.4,2.4
8162,05/2015,735,85629.07899704001,7502.140756474677,M,54.1,4.8
8163,05/2015,249,95434.72002913358,8881.093492409362,M,60.9,8.2
8164,05/2015,145,124015.65842554998,9657.056271760286,M,49.4,7.5
8165,05/2015,12,98319.985171921,8724.144487901614,M,59.0,15.6
8166,05/2015,724,64251.73159331779,7975.651951737981,F,47.8,16.0
8167,05/2015,728,81000.00420797664,8784.53395004222,M,57.5,2.9
8168,05/2015,948,95236.38964388777,9869.476368130385,M,37.5,3.6
8169,05/2015,464,93157.11839466896,9549.27482892022,M,58.4,6.4
8170,05/2015,278,74796.88562167097,8125.072509888042,,47.4,10.8
8171,05/2015,89,79979.51828360252,7213.172790173527,M,42.9,7.5
8172,05/2015,124,93031.27648066293,10751.897869906528,M,35.2,9.5
8173,05/2015,185,96365.07900654686,8986.728061321744,M,35.5,14.5
8174,05/2015,514,72160.78924543208,7386.846815735785,M,45.0,12.9
8175,05/2015,651,104770.71842303516,7625.986065445937,M,39.2,8.3
8176,05/2015,669,121151.68571037299,9037.468825774784,M,52.7,13.9
8177,05/2015,97,70032.29904102373,9333.924708263745,M,62.2,11.0
8178,05/2015,924,46625.870169081085,6036.355389784106,M,64.5,11.3
8179,05/2015,323,85731.770002646,7429.748902567412,F,48.5,8.9
8180,05/2015,643,80258.89875881786,8477.88074343708,M,35.7,16.0
8181,05/2015,890,111252.23436752196,10584.769385258995,M,55.4,17.6
8182,05/2015,929,67509.82147814786,6718.520941478944,M,41.7,4.4
8183,05/2015,670,83978.99131610293,8767.18047086736,M,36.1,8.3
8184,05/2015,181,95404.4812868532,6549.846057489002,M,36.8,10.0
8185,05/2015,963,85177.38310972595,9692.035455945748,M,50.0,10.8
8186,05/2015,997,92047.3401510455,10117.481084716317,M,61.6,10.5
8187,05/2015,858,98047.9045327427,9181.123808292446,M,38.2,1.5
8188,05/2015,403,95271.79303064737,7790.431333280902,M,45.4,7.8
8189,05/2015,572,86268.21679465035,7294.390196365978,M,,7.6
8190,05/2015,754,123604.9441584746,9049.032867121312,M,55.8,11.8
8191,05/2015,72,93990.97682750583,9305.122147302956,M,46.7,11.5
8192,05/2015,283,83763.55272917586,9347.797692993274,M,57.9,9.6
8193,05/2015,705,119210.25697298581,7760.141881805919,M,46.5,1.7
8194,05/2015,983,74717.71682311846,8188.561482830105,M,36.0,14.7
8195,05/2015,305,101858.87701997238,8415.26512882868,M,63.1,4.2
8196,05/2015,857,71028.54862677837,7723.330856361814,M,37.8,3.3
8197,05/2015,74,78724.78696540385,9089.054949428462,M,37.2,15.0
8198,05/2015,824,86509.46253311647,8168.779869366211,M,56.3,2.9
8199,05/2015,231,88824.37899344543,8506.841838097946,,42.2,17.8
8200,05/2015,130,86667.37087609172,8948.857429587326,M,59.5,15.0
8201,05/2015,248,94831.14668777856,9012.149973104226,M,36.4,14.8
8202,05/2015,149,102894.09433645252,9864.956861569899,M,52.6,5.5
8203,05/2015,329,94472.0097047832,9506.39375527729,M,43.4,4.5
8204,05/2015,582,120404.50281097947,7793.524113317905,M,46.1,4.4
8205,05/2015,328,63789.67663294594,6918.940882684984,M,39.4,11.4
8206,05/2015,779,71174.92960876337,8115.132391632434,M,,18.0
8207,05/2015,807,89371.00962560308,7994.276413995528,M,,12.8
8208,05/2015,821,82141.77612538864,7484.058397278775,M,55.6,4.4
8209,05/2015,366,79421.02122710018,8236.950250982327,M,42.9,7.5
8210,05/2015,433,67748.04262385274,8262.59678902331,M,37.5,8.6
8211,05/2015,371,81846.15146084201,8071.6693698297795,M,52.2,5.6
8212,05/2015,384,76426.55706458632,7880.972269152891,M,43.5,2.5
8213,05/2015,632,97443.84606069303,8914.09824163276,M,35.3,14.1
8214,05/2015,861,128420.14356200762,10222.690423194184,M,48.3,12.6
8215,05/2015,65,118899.16798767977,9226.74406713566,,46.8,15.7
8216,05/2015,877,82305.71532446683,8642.106077801147,M,40.8,16.7
8217,05/2015,244,83961.2255274367,7313.873753285757,M,40.5,3.1
8218,05/2015,863,88282.98429043552,8988.82703572157,M,48.7,17.6
8219,05/2015,350,143201.9976418594,9172.621627484747,M,52.6,18.5
8220,05/2015,160,86446.67525065325,8396.7087096031,M,34.9,18.1
8221,05/2015,45,111319.20918539898,8551.143459414947,M,40.4,11.4
8222,05/2015,497,93536.2841453036,8094.525384831188,,46.3,11.7
8223,05/2015,237,84316.14414199092,8981.64237915992,M,39.1,10.7
8224,05/2015,9,106817.02852162493,10003.54979158007,M,50.3,8.9
8225,05/2015,172,68120.45965283556,7645.022873862282,M,55.4,10.6
8226,05/2015,918,85728.26594208754,10048.964413408503,M,45.0,2.6
8227,05/2015,950,87858.60248253444,9512.275407093552,M,34.7,6.3
8228,05/2015,134,106217.91303134753,10047.321331392739,M,64.7,6.2
8229,05/2015,140,87296.40144578333,7389.338047917506,M,,14.0
8230,05/2015,238,83588.62062834624,9428.544479164322,M,61.8,3.6
8231,05/2015,567,100126.07028345353,10287.341374856927,M,49.1,15.0
8232,05/2015,146,99488.71065838216,9035.60076120149,M,38.1,5.6
8233,05/2015,519,80574.21366650525,8444.917844151227,,42.7,1.7
8234,05/2015,428,103864.78546630713,7958.137524067942,M,37.0,13.8
8235,05/2015,612,91487.22234023361,7632.536870084231,M,56.8,10.3
8236,05/2015,153,86126.10951420652,9320.347742310834,M,32.3,18.2
8237,05/2015,592,76227.93556187303,8837.978176057019,M,52.6,12.7
8238,05/2015,713,72902.3319497226,6706.257377080429,M,45.8,18.2
8239,05/2015,933,67534.8267571782,9081.08672930146,M,48.6,14.2
8240,05/2015,686,93873.79662599441,7888.4073970803465,M,40.8,5.5
8241,05/2015,331,86489.9329473004,8227.979922731705,M,36.7,9.1
8242,05/2015,885,71226.6324307085,6806.622920036143,M,62.8,6.5
8243,05/2015,842,98067.02317723952,8571.975004334956,M,48.5,6.3
8244,05/2015,951,73343.00984313802,6515.732761117742,M,65.1,10.5
8245,05/2015,597,80040.08133895237,8799.862704809406,M,60.0,13.1
8246,05/2015,93,70041.95217484856,6979.541610268964,F,38.4,14.3
8247,05/2015,402,76960.7080180203,8098.7008137843295,M,35.4,15.1
8248,05/2015,435,86265.48086635505,9100.566762873572,F,60.5,17.1
8249,05/2015,751,84983.66130590827,8515.797885041675,M,55.1,6.5
8250,05/2015,733,83054.03989194277,8664.48686137397,M,52.2,13.6
8251,05/2015,121,69235.80429272706,8493.746856112228,M,58.7,18.4
8252,05/2015,760,123757.4333647767,9918.303661207052,M,47.8,11.1
8253,05/2015,372,98623.60949068236,8407.49176687384,M,33.0,14.3
8254,05/2015,441,113082.17966458749,10075.356042646647,M,51.6,2.3
8255,05/2015,270,99069.20507621819,9614.85622522,M,40.7,10.1
8256,05/2015,260,73112.9217217356,7578.2022980003285,M,34.6,1.1
8257,05/2015,442,89499.248450173,9087.986456656348,M,61.5,13.5
8258,05/2015,19,97781.0983742839,7545.8293100903,M,,12.4
8259,05/2015,218,106328.24686817735,8783.034657818293,M,60.8,12.0
8260,05/2015,1000,87537.88973040078,7399.463992083944,M,45.2,4.0
8261,05/2015,967,99738.06732049707,8777.618705914132,M,56.6,2.4
8262,05/2015,413,102365.66941408381,8507.978866091866,M,47.8,1.0
8263,05/2015,780,78290.05866015817,7964.6565713449545,M,51.8,1.9
8264,05/2015,538,93436.56904142402,9612.666350082847,,44.3,13.5
8265,05/2015,255,76213.40203205183,8560.677650696254,M,50.9,15.2
8266,05/2015,211,84661.3701739814,8313.603661944335,M,36.7,8.5
8267,05/2015,465,78514.04960188552,7430.79290864607,M,62.0,17.2
8268,05/2015,583,88326.84381481339,8944.239655044157,M,39.0,8.2
8269,05/2015,489,115871.90485594604,7238.35522866724,M,39.7,17.4
8270,05/2015,353,78447.82013144497,9370.445685905905,M,65.9,5.3
8271,05/2015,415,80576.21941468828,8068.198284238345,M,62.5,7.1
8272,05/2015,594,93908.14319712554,8402.947359311423,F,44.6,12.7
8273,05/2015,957,97728.83257605281,9116.27666442704,M,55.4,5.3
8274,05/2015,394,107274.79134598517,8489.714053235815,M,56.1,5.1
8275,05/2015,674,101081.69142412662,9057.53253599273,M,61.2,16.6
8276,05/2015,646,110472.22385426027,8289.619422887969,M,35.1,10.2
8277,05/2015,972,92610.52593114496,10098.387414821398,M,65.6,1.6
8278,05/2015,791,117919.88776205257,9469.913735093733,M,60.0,8.0
8279,05/2015,78,77052.11736061904,7781.8999515263595,M,36.8,7.9
8280,05/2015,548,84273.31212141985,7950.384789639695,M,52.2,12.5
8281,05/2015,536,88248.602520109,8409.444013800385,M,55.4,3.4
8282,05/2015,621,98211.26935510081,9425.053230087275,M,54.8,1.7
8283,05/2015,762,90607.48680360106,7237.904463369827,M,47.3,14.9
8284,05/2015,516,87500.95071359223,7771.875944480067,M,65.6,18.0
8285,05/2015,216,82027.72510303516,7930.855313034504,M,36.4,14.5
8286,05/2015,635,98472.97301602215,9854.427089707433,M,55.3,14.8
8287,05/2015,926,84909.67799088384,6722.771321882408,M,43.2,14.0
8288,05/2015,135,62360.75556066963,6830.595570817094,,,10.5
8289,05/2015,387,87540.1680397518,7938.873804098271,M,46.8,16.0
8290,05/2015,925,75278.99735529308,8096.858092877742,M,57.3,5.5
8291,05/2015,85,87091.1576808564,7675.3114003225755,M,38.7,16.7
8292,05/2015,586,81522.33554267099,9113.213872073098,M,32.2,7.8
8293,05/2015,571,82223.82282399137,9241.584161596244,M,53.2,13.8
8294,05/2015,855,78165.87183747542,8630.215348852953,M,64.2,15.2
8295,05/2015,685,75339.36641362557,7967.503540658192,M,47.0,7.8
8296,05/2015,63,96249.8064975427,8147.672078611967,M,61.6,12.5
8297,05/2015,264,101601.08923367261,8564.685972607445,M,59.1,12.7
8298,05/2015,701,94814.07202101647,8634.412304164149,M,37.3,10.7
8299,05/2015,73,97616.809130631,8050.71684311182,M,48.6,14.7
8300,05/2015,478,55678.48871992817,7256.988148167424,M,35.7,7.8
8301,05/2015,661,88629.44099029258,9094.241819523251,M,57.1,1.7
8302,05/2015,228,102150.14998425858,8446.54399569117,M,48.1,9.5
8303,05/2015,309,62133.66805747918,7886.420882020652,M,38.3,14.6
8304,05/2015,382,91937.42452618327,8505.637510381395,M,34.4,10.9
8305,05/2015,914,96663.85603040375,8800.21521747966,M,54.5,6.4
8306,05/2015,170,116902.15946391484,8607.238407685278,M,34.1,16.2
8307,05/2015,808,81096.04212904877,8768.010568766698,M,45.2,4.6
8308,05/2015,279,75298.97858861796,6801.33710286819,M,44.9,3.9
8309,05/2015,852,95248.63895549698,9506.296413699132,F,37.4,13.3
8310,05/2015,258,60657.233586778966,7140.909080713079,M,43.5,6.3
8311,05/2015,920,114575.48853832317,8647.134515273765,,64.9,14.6
8312,05/2015,167,66258.34147831198,7509.720627728826,M,37.0,6.7
8313,05/2015,229,79554.32023114871,6841.057025343745,M,55.1,7.9
8314,05/2015,293,72436.32139465488,7412.127460673834,M,44.9,10.8
8315,05/2015,569,83457.71610673673,9265.409354450705,M,39.7,13.3
8316,05/2015,39,119424.03945221474,9890.168288866013,M,58.6,1.1
8317,05/2015,562,105593.47498387111,9364.193579074908,M,43.4,10.0
8318,05/2015,819,74060.65003854319,8451.291809485825,M,33.6,15.2
8319,05/2015,652,80407.84953840352,7485.196234853959,,43.2,1.1
8320,05/2015,827,94611.69786926435,9191.959979052215,M,65.0,3.2
8321,05/2015,915,105043.48142898211,9498.897119463772,M,47.0,13.0
8322,05/2015,35,103322.76002209651,8816.552916956736,M,53.3,4.0
8323,05/2015,358,100192.54294610197,8973.302530521589,M,35.8,18.3
8324,05/2015,867,101968.87893287768,8476.144764289662,M,53.5,10.1
8325,05/2015,979,83339.05807570905,8880.575324445661,M,64.3,9.9
8326,05/2015,599,104338.97586002853,9724.189462392627,M,,18.4
8327,05/2015,470,87645.30022146867,9944.306734925714,M,45.0,3.5
8328,05/2015,903,82351.4503686299,9275.127828825924,M,,16.7
8329,05/2015,420,81936.3863914835,7978.326089155393,M,56.3,5.9
8330,05/2015,150,83382.47223564111,7168.346231217705,M,,10.2
8331,05/2015,631,94998.90976710935,8609.45877945642,M,43.4,6.2
8332,05/2015,616,77726.75614732807,8581.742828349881,M,61.5,8.8
8333,05/2015,373,76632.25917567541,8147.14892611781,M,60.9,5.9
8334,05/2015,577,108973.50551189615,9327.25605764335,M,42.5,15.7
8335,05/2015,901,66044.1878459988,7964.68124040877,M,56.5,9.0
8336,05/2015,55,94451.81421397398,8783.89857573046,M,34.9,2.7
8337,05/2015,908,80655.39619389661,7914.6604393963735,M,39.6,15.1
8338,05/2015,883,75662.23414350861,6535.039143448124,M,,15.3
8339,05/2015,522,72171.33060943495,7224.006088123929,M,52.2,14.7
8340,05/2015,811,107821.00238743267,9619.921182624374,M,,18.6
8341,05/2015,137,79484.98180879628,8464.282339750282,M,58.3,17.6
8342,05/2015,600,64594.5476395156,7270.07376892315,M,38.4,17.2
8343,05/2015,673,83337.41521996752,7585.409947914227,M,49.1,5.2
8344,05/2015,575,77042.86975968049,7361.344358069843,M,32.9,10.9
8345,05/2015,469,75564.38703720753,8551.023714881427,M,64.1,10.3
8346,05/2015,698,73733.20041448886,7960.450438288906,M,62.6,5.0
8347,05/2015,245,88376.64796710559,8187.747975262712,M,60.9,13.2
8348,05/2015,363,80183.69071489478,8913.352158272333,M,45.2,1.3
8349,05/2015,911,60675.80899702174,6309.936115651563,M,53.9,13.9
8350,05/2015,343,110749.04657341089,8518.139464010244,M,63.1,16.4
8351,05/2015,886,72956.5269361404,7480.225158552475,M,59.7,10.7
8352,05/2015,262,93643.9089822774,9696.296098300849,M,64.6,14.7
8353,05/2015,222,100237.00044147995,9412.22846634949,M,39.2,11.6
8354,05/2015,731,72064.48541481582,8077.6456175679605,,35.2,7.5
8355,05/2015,31,90632.6839215781,8500.024119369345,,36.7,16.8
8356,05/2015,32,77755.29439553362,7116.398033559947,M,55.5,2.4
8357,05/2015,545,94152.0006276277,8331.811108117636,M,42.4,3.8
8358,05/2015,553,85722.92017641616,8801.561359972498,M,35.3,1.8
8359,05/2015,284,66899.44646945101,7599.09766698134,M,40.5,14.4
8360,05/2015,94,81572.62584902975,8635.485742923858,M,,9.2
8361,05/2015,472,79956.19201861895,7677.162287537858,,40.5,8.5
8362,05/2015,748,89255.92758521237,8154.173368494964,F,40.7,14.3
8363,05/2015,3,87776.20302722519,7220.454318014273,M,49.3,4.7
8364,05/2015,676,90388.81488774161,9493.144952826344,M,43.8,17.0
8365,05/2015,233,74066.95755207773,7767.976612205037,M,38.2,12.8
8366,05/2015,919,91629.90825356761,7813.165779956658,M,34.6,11.6
8367,05/2015,54,67552.88441204614,6953.078251928348,M,57.6,1.3
8368,05/2015,95,59968.75282117465,6913.152200656805,M,55.1,14.3
8369,05/2015,818,93487.41400284224,8529.582265915697,M,,4.6
8370,05/2015,349,101393.69017144029,8190.021625307785,M,63.1,16.7
8371,05/2015,224,116522.5595251178,9078.868458783772,M,42.2,9.8
8372,05/2015,526,122982.41027693167,8551.245812000581,M,62.7,18.8
8373,05/2015,613,82709.22429866254,7246.506675547027,M,50.9,2.5
8374,05/2015,845,89790.48055206031,8969.13634318917,M,,5.5
8375,05/2015,894,67110.67785263975,7627.691835333942,M,47.3,18.1
8376,05/2015,419,82667.70776922819,8651.745296469357,M,,18.2
8377,05/2015,707,68144.20684129655,6992.046438923079,M,56.4,12.6
8378,05/2015,426,86514.5545348283,7175.2686613759715,M,43.0,7.2
8379,05/2015,427,75913.10037504353,7310.561146150163,M,48.1,3.4
8380,05/2015,978,81580.15070284535,9170.60099815834,M,40.8,8.0
8381,05/2015,610,127102.00296454645,8787.140847877476,M,64.5,8.9
8382,05/2015,76,72876.0107082381,8483.804374278307,,46.8,11.5
8383,05/2015,629,82059.91179132099,9506.038268870901,M,46.4,15.7
8384,05/2015,326,67826.33134690816,7889.23605672312,M,32.6,1.6
8385,05/2015,875,105724.88884512008,9216.160458541677,,42.4,16.3
8386,05/2015,409,105430.74663440844,8596.431901631791,M,45.0,14.6
8387,05/2015,940,95756.8553903865,10048.860686918595,M,53.9,9.6
8388,05/2015,642,86741.06466620983,8484.79725529982,M,43.3,8.4
8389,05/2015,14,61477.69414978152,6823.617560142487,M,56.5,1.7
8390,05/2015,129,90328.56856792446,8249.258105513723,M,35.6,11.3
8391,05/2015,474,74250.46179143623,7228.964381727095,M,56.2,13.1
8392,05/2015,312,77010.4855067955,8604.256104018225,M,61.2,13.4
8393,05/2015,708,89723.98468387846,8869.440101030943,M,40.4,1.6
8394,05/2015,30,71797.05691182484,7478.896589123695,M,46.1,9.2
8395,05/2015,161,92884.449646007,7777.022332443869,M,51.3,2.9
8396,05/2015,839,91358.72985838384,9533.675570006624,M,36.7,1.6
8397,05/2015,400,65114.941701792304,7949.670422522163,,58.4,10.9
8398,05/2015,375,90346.14770476765,8307.358584186015,M,43.3,18.2
8399,05/2015,298,89515.81757726587,8054.838284656047,M,39.2,11.8
8400,05/2015,29,77954.78183346658,8467.719754057074,M,46.5,10.7
8401,05/2015,679,69582.9568869922,7641.970966643459,M,32.7,10.4
8402,05/2015,422,90131.74852850231,8393.267848417347,M,50.1,11.6
8403,05/2015,50,96019.00544745431,8629.142105634319,M,53.7,9.0
8404,05/2015,804,83423.42628912884,8477.789849245733,M,32.4,13.2
8405,05/2015,627,101049.39922021939,9059.536969882312,M,41.2,15.2
8406,05/2015,874,66770.2927569389,7717.439604443405,M,38.0,2.2
8407,05/2015,165,117565.96567120904,9047.762854643914,F,50.4,17.6
8408,05/2015,905,93113.95093432556,8540.997583067945,M,32.6,15.8
8409,05/2015,37,103914.19602263656,10661.795948678522,M,43.8,12.4
8410,05/2015,501,84439.50606456841,7502.504256590091,M,47.7,9.3
8411,05/2015,529,81312.8893265672,7667.435521226235,M,47.6,6.1
8412,05/2015,774,109534.68792550807,9610.850212977017,M,62.2,17.0
8413,05/2015,772,88713.9975272892,9058.594081530844,M,47.7,8.2
8414,05/2015,773,103157.23922069067,9183.956197236408,M,,14.6
8415,05/2015,388,79956.30494144252,8910.245823736164,M,,1.6
8416,05/2015,194,91231.76282462386,8489.523248417667,M,65.8,18.7
8417,05/2015,778,105483.10341320562,8945.041766464732,M,62.7,4.5
8418,05/2015,830,84564.86340330682,8519.014781820359,M,49.8,5.2
8419,05/2015,655,78908.00138617863,7471.835896864625,M,51.5,7.7
8420,05/2015,461,109424.01281906007,7794.758308289457,M,64.8,2.5
8421,05/2015,927,68049.33335478316,7027.807947823838,M,53.3,9.6
8422,05/2015,90,89779.89171712977,8207.28459364908,M,60.6,11.5
8423,05/2015,348,79560.96348648131,8858.819910463397,M,60.8,1.0
8424,05/2015,313,97879.23392665484,10637.559393850408,M,53.1,14.1
8425,05/2015,590,85350.95617353602,7648.642162267797,M,40.8,4.2
8426,05/2015,179,92721.07759208522,8028.38078476001,,52.8,15.2
8427,05/2015,496,123582.1252564759,8469.889272468157,M,58.0,17.3
8428,05/2015,517,79279.21272918303,9639.388238543906,M,46.1,16.4
8429,05/2015,744,73773.9700692101,8075.659653692908,M,48.2,14.3
8430,05/2015,682,81211.6573538381,7996.145129624551,M,46.5,10.8
8431,05/2015,809,98662.92078767922,6785.685876971336,M,40.3,17.8
8432,05/2015,658,99751.47695809319,9517.987455966582,M,46.5,11.6
8433,05/2015,158,66347.61596765128,6361.666296559384,M,,3.0
8434,05/2015,357,82281.24155819237,9241.24520901875,M,42.8,9.0
8435,05/2015,221,100742.26314825632,9030.946947482931,M,64.0,3.7
8436,05/2015,633,81968.66419553437,8363.41361584481,F,46.4,2.6
8437,05/2015,721,83846.51754334747,9019.513433942448,M,36.7,14.4
8438,05/2015,783,74436.92568075894,8797.405160650258,M,43.3,9.7
8439,05/2015,304,81717.43945620183,9417.451692925635,M,60.5,17.7
8440,05/2015,789,111695.55848462347,9697.604374570863,F,39.7,8.0
8441,05/2015,486,113344.40049072512,8746.354347660106,M,56.4,5.1
8442,05/2015,580,96357.9837844575,9561.744861103789,M,63.8,10.4
8443,05/2015,6,121866.78825697023,8450.752213622716,M,35.5,15.1
8444,05/2015,934,91532.58782926263,8070.434751030615,M,32.4,13.9
8445,05/2015,645,120383.00613629726,10275.058197646043,M,52.4,2.3
8446,05/2015,206,94303.98554706782,7982.46266386978,M,64.2,5.3
8447,05/2015,401,93944.79068844943,9010.405634408393,M,,13.2
8448,05/2015,826,78859.10091588278,6540.390630776787,M,33.8,5.3
8449,05/2015,83,83362.24363116374,8722.805015799348,M,65.4,8.2
8450,05/2015,183,115806.2631306129,10512.132463478069,M,41.2,14.6
8451,05/2015,42,93276.09468555363,8748.102316389712,M,56.3,13.9
8452,05/2015,722,104429.55472567455,9614.951630913742,M,45.4,18.3
8453,05/2015,503,66964.27777395929,7354.334643058122,M,,18.0
8454,05/2015,620,67824.30175165263,7526.519920130689,M,57.3,1.6
8455,05/2015,755,84462.40091791855,7277.922858458303,M,53.1,14.7
8456,05/2015,873,75743.4597476849,7755.836245818944,M,33.1,16.5
8457,05/2015,781,89437.80031403797,9776.555660016984,M,33.4,14.1
8458,05/2015,40,52913.80502882321,7147.043424120304,M,36.4,9.0
8459,05/2015,240,77267.5428567527,8466.901627060852,M,,5.8
8460,05/2015,436,107892.52922148131,9673.016741187466,,37.8,12.0
8461,05/2015,320,70829.16189996489,6413.2175809688315,M,43.1,14.4
8462,05/2015,723,83884.84771329853,8578.100280506154,,,3.7
8463,05/2015,947,91476.75907954237,8423.168338590633,M,41.6,14.9
8464,05/2015,168,120244.45444420482,9083.515398102745,M,60.0,11.2
8465,05/2015,259,94304.43505812966,8072.126751954099,M,60.8,2.7
8466,05/2015,913,113254.38372891725,8621.951513995904,M,53.6,9.3
8467,05/2015,985,65652.02152247114,7370.178080680681,M,51.8,15.1
8468,05/2015,539,73651.48735997063,7901.636402432412,M,41.5,10.6
8469,05/2015,975,96985.06832374322,8412.477856593523,M,46.1,9.3
8470,05/2015,771,81407.4389541497,8205.482954485899,M,59.1,12.7
8471,05/2015,566,93291.70471930843,10164.766406913292,M,,11.7
8472,05/2015,325,76246.09775200284,5952.639055634893,M,59.5,7.6
8473,05/2015,813,122295.64336712091,11201.948707352021,M,56.3,16.7
8474,05/2015,253,126686.9094459606,8099.160831563198,F,52.5,18.0
8475,05/2015,817,79832.8456470265,8816.102904215018,M,35.7,7.4
8476,05/2015,958,80617.71206407346,6720.0370934384355,M,42.6,2.3
8477,05/2015,564,107489.34050968567,8491.388510145873,M,36.5,18.6
8478,05/2015,448,74746.88193817704,8082.519545977968,M,51.5,15.3
8479,05/2015,322,101013.49691310481,8535.480565034271,M,45.2,13.4
8480,05/2015,909,84811.26504340739,8382.68707501175,F,45.0,18.5
8481,05/2015,208,90850.21880471573,8642.729598564263,M,57.5,3.7
8482,05/2015,306,85072.43282223868,8886.488248690373,M,57.0,16.2
8483,05/2015,471,64338.07367234863,7547.784142468921,M,64.4,4.4
8484,05/2015,833,85151.20893118183,7888.320933110946,M,45.8,14.0
8485,05/2015,518,82409.30856841902,8446.4643540069,M,55.0,16.6
8486,05/2015,607,95026.5329878082,9047.668456961224,M,34.1,13.1
8487,05/2015,743,80852.18417460281,8672.971536749998,M,55.6,1.1
8488,05/2015,431,119524.15193923032,8526.806349863942,M,42.5,3.0
8489,05/2015,554,84403.25079764509,8321.308235723754,M,40.1,9.5
8490,05/2015,866,99211.0907312956,7659.323773259302,M,35.4,6.1
8491,05/2015,740,93397.54251487055,8438.665756207474,M,54.5,9.9
8492,05/2015,534,107898.22864058995,9239.180757450347,M,63.4,16.5
8493,05/2015,681,82776.43101079704,7724.049967642775,M,56.8,4.5
8494,05/2015,694,83463.48734741725,8208.957309122812,M,56.6,8.8
8495,05/2015,557,78349.09615712332,9218.226532001012,M,61.4,16.5
8496,05/2015,204,123609.3562280951,9224.44673015222,M,54.7,9.8
8497,05/2015,275,96850.58845867359,8225.963293990559,,34.7,14.8
8498,05/2015,525,79178.43589725603,8557.116502596966,M,39.2,9.1
8499,05/2015,33,105494.98150402466,9032.275485413109,M,55.9,15.2
8500,05/2015,18,105858.13458591283,8853.469887949852,M,36.9,16.0
8501,05/2015,835,70797.67366103009,7974.530653780802,M,,12.8
8502,05/2015,649,115789.64358228585,9900.632804312036,F,41.6,6.4
8503,05/2015,406,70712.01921719204,8319.877966282324,,36.0,1.4
8504,05/2015,640,94895.47069801885,8831.265164352433,,64.7,9.2
8505,05/2015,79,62115.99499286468,7631.681120729808,M,41.3,4.9
8506,05/2015,942,66195.67563265587,8502.522459003529,M,50.2,14.9
8507,05/2015,895,63821.80253374425,7352.048741347487,M,33.5,17.3
8508,05/2015,766,95893.31695765274,9769.325267322805,M,62.4,7.1
8509,05/2015,51,95140.45446769198,9759.375719616355,,39.9,6.9
8510,05/2015,702,114148.71191250032,9031.052974736373,M,57.5,12.7
8511,05/2015,332,67996.24350931324,7271.267341827187,F,55.0,18.7
8512,05/2015,314,68941.60897222387,7279.32636874635,M,49.4,4.0
8513,05/2015,118,113465.29286553743,9180.87923941103,M,39.8,9.3
8514,05/2015,445,121457.86278687617,8781.615753000395,M,59.4,18.6
8515,05/2015,906,81062.14981638928,8400.308626608974,M,57.2,5.3
8516,05/2015,555,91686.81118852258,9491.631432678549,M,62.5,3.5
8517,05/2015,105,96960.80060215831,9885.566756718621,M,48.3,2.2
8518,05/2015,879,62644.0764902476,6824.471927570959,,64.1,3.3
8519,05/2015,175,87323.43274279914,8599.386678757875,M,38.2,7.2
8520,05/2015,367,80016.42666704618,8540.321190009325,M,58.6,5.2
8521,05/2015,810,80267.28750542125,7765.267874999464,M,44.5,2.3
8522,05/2015,892,130524.11203641942,11316.661114701807,M,65.4,15.5
8523,05/2015,964,101746.18295558314,7748.7255291829315,M,50.2,6.4
8524,05/2015,946,62486.9364939753,7736.122776963372,M,52.1,6.6
8525,05/2015,547,81937.3256523713,9427.11053121913,M,,7.5
8526,05/2015,999,108694.3623526141,10597.50565583014,M,45.1,14.1
8527,05/2015,953,80647.1549960489,8667.714817719409,M,47.7,14.8
8528,05/2015,202,91843.76135568862,8372.61926936055,M,57.6,4.0
8529,05/2015,345,86726.33498585982,8358.844296594261,M,40.8,12.9
8530,05/2015,718,71862.58320254555,9008.135168050047,M,65.1,1.7
8531,05/2015,276,101278.25367762001,8006.668791801221,M,45.1,18.5
8532,05/2015,768,87532.65867261343,7948.173149412443,M,63.5,6.3
8533,05/2015,411,106567.82821600015,10536.391829092745,M,58.7,2.5
8534,05/2015,192,100595.09037066992,10442.046938213396,M,45.7,5.7
8535,05/2015,115,88794.47372006251,8040.382822730257,M,36.3,17.6
8536,05/2015,162,100973.01665430136,8937.895012609553,M,35.5,12.1
8537,05/2015,636,85696.676109415,8514.736217439067,F,63.9,7.2
8538,05/2015,870,80947.62813528933,8419.800738538164,M,42.6,2.6
8539,05/2015,468,87488.3195847045,8083.7627443373285,M,52.3,3.3
8540,05/2015,490,64271.40479544698,7554.280140365186,M,62.1,12.7
8541,05/2015,558,80608.84412195736,7261.540179374602,M,35.8,9.1
8542,05/2015,662,101369.54705859855,8658.295296966326,M,51.0,6.8
8543,05/2015,834,88791.38525715051,8352.480774607491,M,39.8,1.8
8544,05/2015,907,81851.94898384155,7322.139114744938,F,61.1,3.8
8545,05/2015,15,99226.86455785457,9365.9797522267,M,35.0,4.2
8546,05/2015,588,94463.85387509482,7808.093113235794,F,47.5,14.8
8547,05/2015,859,87966.99847372858,8083.028922821059,M,44.3,4.2
8548,05/2015,109,104181.46842677637,8970.525429258274,M,45.2,7.3
8549,05/2015,369,85621.76729781769,9680.124973783022,M,36.2,8.9
8550,05/2015,188,105308.93572654524,8627.412199049488,M,33.0,18.5
8551,05/2015,166,105972.23261315348,10792.759080742133,M,,1.3
8552,05/2015,180,122293.40238385182,7994.870455326534,M,48.2,10.8
8553,05/2015,986,75026.55651222145,7690.941912685706,M,34.5,8.6
8554,05/2015,438,86405.74755044638,8155.259425662249,M,37.4,7.0
8555,05/2015,120,75345.22613271102,7679.757669867545,F,49.6,7.2
8556,05/2015,414,94560.43794509454,8872.834211850713,M,38.1,7.7
8557,05/2015,389,92826.67990088963,8860.217112430028,M,58.5,1.7
8558,05/2015,91,65673.52879731786,6939.916791591804,M,33.5,2.7
8559,05/2015,565,118473.77251152284,8689.854804045079,M,44.3,17.2
8560,05/2015,16,87020.19775851653,9049.33914794831,M,47.8,8.0
8561,05/2015,443,114633.94781929276,9547.985015556493,M,36.6,1.5
8562,05/2015,507,101976.56037974292,9803.315665472433,M,62.1,9.5
8563,05/2015,404,91795.66238274687,8390.144106726291,M,55.1,14.7
8564,05/2015,280,85540.63929144986,7420.369294952789,,60.1,2.4
8565,05/2015,654,59977.65288814271,7744.646896851943,M,55.4,9.7
8566,05/2015,376,108740.35366085768,9285.531997550577,M,37.8,6.4
8567,05/2015,169,56939.35669525889,7234.680246119301,M,60.7,18.0
8568,05/2015,931,103522.41062596007,8704.580010061083,M,62.2,15.4
8569,05/2015,664,74642.82713985864,8694.06391389543,M,45.7,17.9
8570,05/2015,272,79819.4541565111,8794.172377332647,M,41.3,10.3
8571,05/2015,667,80505.8394603167,7560.548218750774,,53.4,1.7
8572,05/2015,209,121347.812153813,9312.635050501745,M,47.5,11.3
8573,05/2015,687,66628.5784855499,7827.076393468869,M,43.9,9.8
8574,05/2015,893,86274.16213696706,8365.643233661514,M,38.7,2.4
8575,05/2015,184,70547.45926897707,8158.060951982613,M,46.3,14.7
8576,05/2015,711,74599.74540360355,8025.921493834061,M,51.6,17.6
8577,05/2015,543,95726.02096531463,8614.505525850564,M,59.2,12.0
8578,05/2015,864,84692.3610246525,9254.571012553319,M,35.7,8.6
8579,05/2015,995,83798.48787857538,7735.161763264069,M,,3.7
8580,05/2015,563,76964.7870472783,8555.187656541442,M,44.1,7.1
8581,05/2015,58,61114.49355087934,6741.971545992405,M,61.0,6.9
8582,05/2015,46,83145.51122393075,7411.449737225268,M,35.1,13.7
8583,05/2015,226,104531.28809031026,10335.062565055505,M,57.1,8.2
8584,05/2015,286,64152.63764230644,7261.63295650626,M,64.2,16.9
8585,05/2015,475,79031.00967130042,8523.797950631684,M,37.6,9.6
8586,05/2015,578,86469.30755461432,8979.887776928612,M,55.7,8.8
8587,05/2015,695,87549.93415130785,7892.176950442789,M,40.3,15.1
8588,05/2015,417,90112.351634787,9251.955119281181,M,44.2,3.6
8589,05/2015,421,94659.47014762912,9433.408992705443,M,51.3,11.2
8590,05/2015,397,113827.82431286141,9723.17491077358,M,,12.9
8591,05/2015,273,84522.82608497926,7986.280227542661,M,43.7,13.2
8592,05/2015,281,86654.17125758035,7564.799409871876,M,58.1,16.5
8593,05/2015,945,97532.02759831134,8006.241864715963,M,40.5,7.3
8594,05/2015,862,81186.41966732075,6943.7153137098,F,53.6,4.1
8595,05/2015,232,134167.1034293421,8492.270396485053,M,44.7,13.6
8596,05/2015,550,118576.21682361027,9586.743716714704,,46.4,7.5
8597,05/2015,917,76758.98806657222,6661.254279430979,M,32.3,17.7
8598,05/2015,56,79612.13532077667,7568.606274369605,M,38.6,14.0
8599,05/2015,377,76127.54811919032,7236.5942140129055,F,57.8,4.0
8600,05/2015,143,111345.17203089889,9013.909390406996,M,,7.3
8601,05/2015,782,115825.63116138056,8570.1629696736,M,57.1,15.8
8602,05/2015,17,79378.57909379163,7997.753461190716,M,,18.5
8603,05/2015,800,63050.94173901163,6013.782025989354,M,55.4,15.0
8604,05/2015,418,81411.53149679335,8938.521681281678,M,50.6,9.8
8605,05/2015,282,91138.1000302052,8422.331483140033,M,59.1,15.3
8606,05/2015,495,77986.09337599244,8346.616078948915,M,52.5,5.5
8607,05/2015,492,81523.70343620787,7979.552134762063,M,47.2,11.8
8608,05/2015,968,102228.81020520534,9865.704607070089,,59.5,2.6
8609,05/2015,802,66445.6821124233,6685.351990859136,M,37.0,11.4
8610,05/2015,215,124908.70752223795,10501.526227801029,M,52.5,7.2
8611,05/2015,959,89675.88894762352,9292.08154439993,M,63.1,13.2
8612,05/2015,954,117430.29197512717,10027.46685148695,M,42.1,5.8
8613,05/2015,482,89506.28105177972,8379.906818884352,M,65.9,13.1
8614,05/2015,102,85851.72388948785,8032.946149089542,M,55.2,11.6
8615,05/2015,776,112572.22364277013,7860.572216676958,M,,15.6
8616,05/2015,528,84124.16289761748,8251.998501625343,M,32.7,15.5
8617,05/2015,292,82568.63684364746,8854.134077527518,M,32.6,13.2
8618,05/2015,971,97911.79199556331,8505.872581602687,M,63.6,15.5
8619,05/2015,152,93239.67298814868,9597.915596068247,M,35.5,3.3
8620,05/2015,750,112999.3578541755,9958.121994529603,M,57.0,16.5
8621,05/2015,199,89036.94259254592,8483.510453588871,M,49.2,13.1
8622,05/2015,154,100031.91748182477,8023.787339215585,M,,6.9
8623,05/2015,675,101853.28700734969,8154.221012264195,M,56.2,10.5
8624,05/2015,288,82434.42917332785,8465.679109622424,,47.6,18.3
8625,05/2015,523,86178.54740978508,6856.910127812287,M,32.1,1.2
8626,05/2015,688,73377.41187356647,6545.945471594965,M,41.3,4.0
8627,05/2015,360,99382.88783383949,8739.865006958442,M,49.5,12.0
8628,05/2015,960,99483.5471492767,8676.271471031278,M,55.1,9.8
8629,05/2015,368,101514.32643214804,9049.554935706288,M,53.8,14.7
8630,05/2015,456,106945.29528710927,9242.685346716724,M,55.8,5.9
8631,05/2015,512,87780.63842778782,8401.564350987679,,50.1,15.9
8632,05/2015,650,68188.15773273868,7021.3332859548,M,43.0,12.5
8633,05/2015,380,109477.1144768291,9113.892854334084,M,61.4,1.5
8634,05/2015,139,70911.36917655647,7072.560787598899,M,56.4,8.7
8635,05/2015,994,79193.02676471652,8165.912149386715,M,42.5,2.6
8636,05/2015,689,67105.12704726195,7385.11884137326,M,63.1,2.4
8637,05/2015,243,100256.89160293834,7635.575608743495,M,38.2,16.7
8638,05/2015,148,89385.7560119734,8095.439591267018,M,64.4,9.8
8639,05/2015,252,84025.61249401412,8736.628287187656,M,40.6,14.0
8640,05/2015,265,85836.16400701838,7172.428760916378,M,39.6,3.8
8641,05/2015,362,84713.17785049789,8710.566023782556,M,39.0,3.7
8642,05/2015,336,80916.82837330665,9213.300188371724,M,53.4,15.5
8643,05/2015,928,89831.56093392629,8896.158713499392,M,63.0,14.1
8644,05/2015,515,84405.72762863142,8764.472401998451,M,56.7,9.7
8645,05/2015,483,84603.00305227892,8824.660938154339,M,47.0,12.5
8646,05/2015,395,79622.270076158,7785.431547861515,M,59.5,16.9
8647,05/2015,758,86895.89023938595,8442.306205448149,M,45.8,3.4
8648,05/2015,361,103555.40207826524,9457.396175691145,,51.1,15.4
8649,05/2015,657,106143.07957063634,7555.200121401036,M,53.9,10.4
8650,05/2015,761,87194.25863125721,7384.705045512665,M,33.4,8.7
8651,05/2015,881,71984.35261892568,7323.999375055976,M,53.5,2.0
8652,05/2015,197,81090.86502285591,7415.539279774482,M,44.6,12.9
8653,05/2015,290,79953.13032001785,7489.912982012982,M,37.7,4.3
8654,05/2015,742,101598.75362874853,9650.555984673822,M,47.7,1.4
8655,05/2015,848,95911.5116869338,8363.68448370774,M,58.3,10.1
8656,05/2015,820,84581.86633126947,7994.144104763578,M,32.4,14.0
8657,05/2015,122,69728.89695155119,8245.974560225844,M,42.0,5.7
8658,05/2015,340,91381.4159494466,8850.056869540313,,43.5,6.5
8659,05/2015,714,111282.21092941039,9655.010945748461,M,39.5,9.7
8660,05/2015,699,95112.77190833392,8184.230059720106,M,38.8,17.8
8661,05/2015,825,106135.50154680213,8685.861363304995,M,39.7,5.7
8662,05/2015,717,85802.1806351666,7619.421417029983,M,51.8,18.7
8663,05/2015,318,89813.38396602965,6890.552915435955,M,60.5,9.5
8664,05/2015,104,93596.14924560388,7837.948932003764,,57.0,5.7
8665,05/2015,816,107935.75394493226,9104.723686939891,M,32.0,1.0
8666,05/2015,296,83123.06085356495,8210.889683504864,M,42.2,11.1
8667,05/2015,696,99756.56972966385,9562.489210231852,M,41.1,14.7
8668,05/2015,27,87433.55174830409,7684.757095147767,M,54.5,12.8
8669,05/2015,22,129895.10749125954,10735.280858250066,M,50.2,13.8
8670,05/2015,785,82347.94954863454,11143.077293014294,M,,14.7
8671,05/2015,256,96306.14127152861,8509.589298081619,M,,8.8
8672,05/2015,75,78067.6584380006,8217.92926524389,M,47.3,6.5
8673,05/2015,5,80921.71443226347,8739.855984606778,M,39.8,4.7
8674,05/2015,217,123296.31781965263,10426.443546518007,M,64.4,14.8
8675,05/2015,869,86635.53968358893,9197.064433144302,M,38.4,13.3
8676,05/2015,385,61231.50524103802,5970.374195702529,M,44.9,9.4
8677,05/2015,941,94189.40754142829,8924.03159296101,M,35.0,2.8
8678,05/2015,712,87587.9700076683,7071.502752229885,F,,13.8
8679,05/2015,939,82339.11964897378,9233.241725290165,M,49.5,2.4
8680,05/2015,710,83062.5323519692,8000.911229417507,M,57.4,7.4
8681,05/2015,34,80514.62300622014,7689.5259340715675,M,,18.6
8682,05/2015,559,113872.0317229357,8888.443610170438,F,62.8,4.7
8683,05/2015,463,65412.84524501018,8832.236208104607,M,48.9,10.3
8684,05/2015,605,110491.93746793657,8552.148257936804,F,63.6,5.9
8685,05/2015,424,74697.45721340374,8322.860108241308,M,49.8,3.8
8686,05/2015,851,84664.15563334677,9014.944992907545,M,43.5,2.4
8687,05/2015,444,91180.11034625543,9409.23748769765,M,45.4,4.1
8688,05/2015,790,75485.25005930717,8592.915697056796,M,37.6,5.0
8689,05/2015,106,95732.53815928381,8666.166581081216,M,42.4,1.2
8690,05/2015,455,91573.22678067001,7563.404268775443,M,,3.9
8691,05/2015,223,80351.17247571402,7611.245981872172,,53.2,5.2
8692,05/2015,242,84981.73650325109,8498.982037704125,F,46.1,14.5
8693,05/2015,77,97754.33152465265,7629.8047992973425,M,63.4,8.9
8694,05/2015,961,87930.104233185,8064.006576959521,M,62.4,6.9
8695,05/2015,416,77930.72792500886,8582.87115064798,M,50.8,16.2
8696,05/2015,506,104814.13161881987,8442.177564584163,M,38.7,5.6
8697,05/2015,287,95681.46093858914,8886.721155645648,M,40.1,15.2
8698,05/2015,52,110607.98798339911,7108.6166838632325,M,55.3,5.2
8699,05/2015,132,91460.71060290994,8735.00575850714,M,60.6,17.3
8700,05/2015,319,115829.89691881406,8820.484939718472,M,42.7,9.7
8701,05/2015,871,114163.02265581193,7514.256329320906,M,,7.2
8702,05/2015,213,113040.29813124487,9055.70679472811,M,40.4,15.2
8703,05/2015,846,85768.99121815374,7026.492921011184,M,33.1,17.2
8704,05/2015,351,81090.20786503,8350.764675851693,M,53.7,7.8
8705,05/2015,324,95043.19390147658,7999.779238173584,M,54.6,9.8
8706,05/2015,173,73137.71746560685,7654.391778526006,M,46.9,9.3
8707,05/2015,88,92484.67700601215,9097.93833251004,M,43.9,18.0
8708,05/2015,347,83385.93474995437,7842.902421745522,M,,15.2
8709,05/2015,513,118514.85937368871,9743.989002425753,M,42.2,14.3
8710,05/2015,487,67904.54486205475,7929.250814793434,M,32.3,14.8
8711,05/2015,295,84044.8389849954,8524.38636692227,M,46.5,8.4
8712,05/2015,430,105200.43873129688,8906.343624217912,M,,11.6
8713,05/2015,437,94461.68509761225,8044.879514052397,M,35.0,9.8
8714,05/2015,644,101982.18462183466,7386.369273127856,M,60.0,5.4
8715,05/2015,803,85970.89577429513,8302.549288912394,M,39.6,13.8
8716,05/2015,2,79000.56366112869,8394.803958005647,M,65.5,1.0
8717,05/2015,932,74219.78346542464,8611.27761193466,,37.4,12.0
8718,05/2015,843,93226.81809814127,8152.682350026989,F,40.4,15.0
8719,05/2015,138,93561.20108887122,7933.189971742907,M,34.5,5.5
8720,05/2015,356,73308.43160821982,6724.695466185045,M,51.3,12.6
8721,05/2015,466,72241.19288140374,8218.853025289543,M,51.7,13.4
8722,05/2015,729,85325.52570352127,7930.368303322551,M,59.3,9.7
8723,05/2015,535,89415.32126833292,8155.753971720206,M,62.7,2.9
8724,05/2015,715,87161.92597307182,9290.322881134234,M,51.8,5.3
8725,05/2015,70,123879.04444744471,8743.2674207729,F,59.0,4.7
8726,05/2015,485,61761.083274082106,8086.419928596023,M,56.3,15.4
8727,05/2015,128,84659.98700095322,7649.225929050537,M,52.0,5.9
8728,05/2015,587,59636.9312721954,5976.183678211354,M,51.7,9.9
8729,05/2015,142,73800.8154559,7520.166886252165,,37.3,14.2
8730,05/2015,938,91128.20210894285,7696.504517016276,M,64.5,16.4
8731,05/2015,725,97808.55415847452,10304.449942932206,M,39.9,3.3
8732,05/2015,801,106539.65593836458,8766.374966072719,M,42.7,11.4
8733,05/2015,653,92004.64435658131,9475.529382095167,M,57.7,13.8
8734,05/2015,921,68359.90891825421,7728.703917432667,M,55.5,17.4
8735,05/2015,98,98356.95797211863,8830.373890346154,M,39.4,10.5
8736,05/2015,608,78929.02152480332,7348.63465276756,M,63.9,13.4
8737,05/2015,576,72884.82616977759,8559.565404791625,M,64.1,4.1
8738,05/2015,936,72803.82623734974,7114.204464113471,M,55.9,11.4
8739,05/2015,301,104736.62548263282,8072.5622685622,,33.7,2.0
8740,05/2015,266,136236.06626087468,9191.17138105116,M,36.1,1.4
8741,05/2015,499,77853.69955137193,8230.318892558087,M,32.6,1.0
8742,05/2015,133,61417.07082487912,6973.192347850814,M,43.3,13.8
8743,05/2015,989,74353.9463548988,8250.800936480317,M,,6.4
8744,05/2015,619,130707.9514980261,9671.477621747666,M,55.2,4.2
8745,05/2015,136,85782.8463747767,7255.605337277995,M,58.5,1.0
8746,05/2015,277,114974.41543256835,10474.786288587473,M,33.1,12.5
8747,05/2015,267,105625.91903396732,11500.891981512443,M,52.8,4.8
8748,05/2015,749,128168.84857944006,10832.230566427765,M,40.0,12.2
8749,05/2015,254,91696.5101567562,8918.966185800464,M,57.0,18.2
8750,05/2015,630,83571.53432370389,7628.878212031942,M,45.0,17.3
8751,05/2015,339,84826.62211866236,7897.083171724288,M,41.1,18.1
8752,05/2015,203,94997.94100656974,9284.407054823017,M,59.0,16.3
8753,05/2015,107,87348.05336592835,8602.81907180936,M,49.9,10.0
8754,05/2015,24,136039.3334274335,10257.596970463292,M,33.6,12.8
8755,05/2015,668,92914.28411912135,8726.719652396932,M,,14.9
8756,05/2015,837,65650.87526183858,6609.305228485033,M,36.8,12.8
8757,05/2015,392,69437.73151472134,7847.772617022443,,33.3,4.8
8758,05/2015,330,89269.47712522719,7646.761430457325,M,,2.2
8759,05/2015,151,84188.70141580679,8688.035439594156,M,48.4,18.7
8760,05/2015,856,91107.9656260527,8628.564064362898,M,53.8,16.7
8761,05/2015,976,93073.5036869411,10595.597774702446,M,57.8,1.9
8762,05/2015,831,100507.70045724262,8552.577381112698,M,54.2,8.5
8763,05/2015,991,81238.69279092379,7419.414500195944,M,35.2,11.1
8764,05/2015,201,92525.12444152556,8863.10677645582,M,57.3,6.1
8765,05/2015,788,90297.91577930163,9385.07281552977,M,32.6,18.3
8766,05/2015,1,69929.8876995827,6864.748898158525,F,43.8,1.4
8767,05/2015,103,78950.8468375153,7922.891968740567,M,64.3,11.8
8768,05/2015,53,95482.43178044245,7379.227559368343,M,56.0,7.9
8769,05/2015,241,72282.09891964332,6249.211045246841,M,36.5,11.2
8770,05/2015,346,119058.81220819613,9725.136927684378,M,49.3,16.0
8771,05/2015,450,94369.7219914201,9626.31913987852,M,57.8,13.3
8772,05/2015,628,97123.33069994272,7603.386242030438,M,61.0,15.2
8773,05/2015,700,97666.5827935726,8836.684488417737,M,51.2,10.6
8774,05/2015,4,94549.54238644874,8486.488660030745,M,59.6,11.7
8775,05/2015,334,74543.22298319665,8862.6495468315,M,56.3,7.2
8776,05/2015,641,76627.55121410544,6925.3978308479645,M,33.8,11.0
8777,05/2015,794,77714.91928167224,6952.506957445945,M,34.9,12.3
8778,05/2015,390,85708.69999885454,8613.757107290614,M,54.7,12.7
8779,05/2015,141,90994.77146556937,9170.80233577767,M,44.7,8.8
8780,05/2015,980,108139.75769188108,10529.992154293224,M,36.0,2.1
8781,05/2015,734,98374.47432049298,9794.680160612637,M,47.7,11.6
8782,05/2015,342,74927.8863897593,9553.754635206453,M,43.7,4.9
8783,05/2015,370,123777.98020581475,9939.92118229926,M,46.2,1.9
8784,05/2015,480,78050.43771964674,8531.579238094377,M,38.6,11.5
8785,05/2015,902,71224.8013037707,7955.82097376123,M,63.6,5.8
8786,05/2015,477,77674.932559426,7604.727789158629,M,46.4,8.8
8787,05/2015,193,96812.86148947211,8571.134766060353,M,52.8,16.4
8788,05/2015,476,87024.31181486149,9683.666467157676,M,,18.3
8789,05/2015,537,92190.924727468,9646.494898640594,M,37.3,2.5
8790,05/2015,591,84926.2148225539,7515.81775428185,M,56.1,9.5
8791,05/2015,189,77176.93552909052,7617.850371400084,M,41.9,5.9
8792,05/2015,596,83426.60514308437,8540.896525367603,M,56.2,13.7
8793,05/2015,235,84384.4193354748,8591.564446296035,M,37.4,9.0
8794,05/2015,520,80931.17058099543,9145.072745119543,M,54.7,8.8
8795,05/2015,677,93733.31931596789,8553.494350821602,M,58.8,14.4
8796,05/2015,704,79504.94919872322,8283.492557474767,F,57.6,7.7
8797,05/2015,355,77204.11316838306,8969.337828691581,M,50.0,3.0
8798,05/2015,247,91544.3347944933,8991.339538334594,M,53.5,2.0
8799,05/2015,207,76249.7224737562,8454.170285943643,M,47.8,3.5
8800,05/2015,990,134886.85867576685,9133.351904278234,M,36.3,4.7
8801,05/2015,41,87914.5138410616,8433.611998061291,M,36.9,10.0
8802,05/2015,678,85427.0013031098,7848.48833002451,M,55.7,7.7
8803,05/2015,663,76811.9923961667,7866.775828152536,M,56.7,12.1
8804,05/2015,28,71200.13118500166,7995.521455812627,M,65.2,4.4
8805,05/2015,672,57422.138931047666,6094.633107129838,M,53.2,13.5
8806,05/2015,393,88405.5011985204,7759.797535219398,M,33.5,7.3
8807,05/2015,615,93002.96268057563,8705.179785645229,M,51.3,2.9
8808,05/2015,923,62910.3267051522,7239.900214604533,M,32.0,7.7
8809,05/2015,544,81962.7398122361,8071.744012512443,M,39.6,13.0
8810,05/2015,364,75748.4903734897,8556.717115785683,M,41.0,9.2
8811,05/2015,573,89084.47216546634,9071.322262102605,M,60.9,6.4
8812,05/2015,125,74285.19855910545,7900.518370977038,M,37.2,9.2
8813,05/2015,949,99253.76665931255,7728.484886971714,M,36.4,12.6
8814,05/2015,510,110203.70861086545,9200.503867891746,M,55.0,12.2
8815,05/2015,878,67181.15504466483,8133.87423830418,M,36.2,5.5
8816,05/2015,992,104698.17456915611,8743.698873979863,M,36.1,17.3
8817,05/2015,8,107373.93285650811,8449.198718180203,M,39.7,13.2
8818,05/2015,984,70228.30293317397,8182.783503631367,M,42.3,10.7
8819,05/2015,763,97433.66161028465,10104.464551553152,M,37.4,6.6
8820,05/2015,973,78784.62761822705,7342.808667587206,M,39.5,15.8
8821,05/2015,25,75618.30425410552,8820.264414313673,M,34.8,14.6
8822,05/2015,541,81987.28522824941,8038.21471541568,M,48.7,8.1
8823,05/2015,757,90678.13038407071,7946.796287639464,M,,13.5
8824,05/2015,374,81460.61374176902,8030.027404273834,,39.7,13.9
8825,05/2015,64,123434.90700261612,9975.833990428864,M,46.0,5.6
8826,05/2015,500,82914.51881620612,8020.4381281673195,F,46.2,13.5
8827,05/2015,647,107701.82466761899,10602.096266021077,F,63.4,11.7
8828,05/2015,614,124593.91971466983,9999.198771467545,M,59.8,17.8
8829,05/2015,21,70809.34064445141,7742.518948484348,M,32.8,7.5
8830,05/2015,13,74247.25840642734,8097.994835063925,M,43.1,15.2
8831,05/2015,639,112172.40421783905,8624.950555261476,M,50.0,9.2
8832,05/2015,868,102108.91568711083,10319.097049514081,M,32.5,7.3
8833,05/2015,805,79955.63381598293,8124.709285218482,M,40.7,10.5
8834,05/2015,891,86121.00932411058,8415.08244141299,M,56.5,13.8
8835,05/2015,561,106215.57410461742,8926.603058745013,,44.2,6.2
8836,05/2015,709,72397.70318764089,8372.286948673573,M,38.7,12.6
8837,05/2015,429,87872.62957549706,8232.52420148923,M,46.7,4.7
8838,05/2015,720,84436.34263632615,6466.541564430834,M,64.6,15.1
8839,05/2015,187,94363.66970295449,10738.346377068765,M,48.7,17.0
8840,05/2015,457,96049.63635944315,7982.667944441279,M,63.5,10.5
8841,05/2015,844,76566.29081861742,7226.762967167953,M,47.4,2.4
8842,05/2015,552,96318.15919176258,9070.836254786558,M,61.3,7.3
8843,05/2015,498,100775.97748936174,8304.943187280396,M,49.2,15.3
8844,05/2015,230,92048.77296028593,7808.389698935957,M,38.2,5.1
8845,05/2015,131,115082.2463047182,8560.828925008838,M,35.1,16.0
8846,05/2015,268,90179.93336558017,8444.779493231752,M,41.2,11.2
8847,05/2015,634,69996.32807119135,8394.669409950424,M,46.8,4.5
8848,05/2015,930,86723.96212980071,9055.979618837066,M,54.4,16.9
8849,05/2015,730,89447.20141147208,8977.829866537848,M,60.8,1.5
8850,05/2015,386,91605.50437633845,9032.078861463833,M,37.5,12.8
8851,05/2015,897,75529.13039818192,9588.568986340371,M,43.3,2.5
8852,05/2015,604,73358.67030411841,7300.0922672409515,M,59.8,7.6
8853,05/2015,850,92802.26239079023,8302.222396725645,M,39.4,1.4
8854,05/2015,626,92569.34635497906,8212.234666422692,M,51.8,18.1
8855,05/2015,163,69920.67578682797,7330.412669241328,M,58.5,9.1
8856,05/2015,82,101713.01221828825,9334.122343717172,M,61.7,4.0
8857,05/2015,36,110795.95069290271,9274.837595791487,M,37.4,16.3
8858,05/2015,977,104646.60856068484,10279.99629808459,M,56.2,3.7
8859,05/2015,123,87940.94290260907,10200.196116538675,M,65.3,11.5
8860,05/2015,92,74068.1103352636,7736.327142267159,M,41.4,15.1
8861,05/2015,26,102792.21957458548,8435.177314086128,F,47.5,2.7
8862,05/2015,251,89606.36175759217,9060.354500094265,M,43.0,11.9
8863,05/2015,598,83258.9850500688,9656.328014107115,M,51.3,9.4
8864,05/2015,524,80888.5213400173,8326.584519200162,F,39.5,18.5
8865,05/2015,726,74150.69950604992,8149.2652194504335,M,58.1,4.5
8866,05/2015,263,59638.44956499497,6555.015800843811,M,52.2,12.2
8867,05/2015,365,67889.93585119034,7249.618376071293,M,37.6,5.3
8868,05/2015,44,87173.22560872136,10664.978615433065,M,61.5,8.9
8869,05/2015,530,91296.04966488764,8575.994371976709,,47.2,6.9
8870,05/2015,838,89477.19271302054,8489.282294274932,M,,17.2
8871,05/2015,311,83881.41590615628,8984.014410998969,,32.1,9.4
8872,05/2015,447,97346.25462314997,9060.146437901329,M,65.5,12.1
8873,05/2015,993,78196.84595968519,8150.707391041924,M,35.0,2.9
8874,05/2015,315,111937.22072790796,8996.104563178702,M,61.1,8.7
8875,05/2015,20,69194.57432891417,6888.191994895337,M,52.1,18.1
8876,05/2015,618,91860.2587853123,8299.225195074687,M,63.9,9.0
8877,05/2015,43,100515.507546724,10619.887351085665,M,57.3,1.2
8878,05/2015,190,60150.982353912696,7306.7660735667,M,57.5,14.1
8879,05/2015,659,85303.26579846987,7529.05306583838,M,65.4,14.7
8880,05/2015,47,117572.10902686062,8830.76485271242,M,40.7,5.3
8881,05/2015,987,83210.53389614732,8256.20476452044,M,32.4,13.8
8882,05/2015,71,116397.90466464397,9093.691269734429,M,39.0,1.0
8883,05/2015,198,87221.03927845368,9643.58590892056,M,41.1,16.6
8884,05/2015,473,76672.90879350257,7113.818535441384,M,59.5,14.6
8885,05/2015,338,83185.45916796473,8193.343533902942,M,42.2,4.3
8886,05/2015,440,75458.96196010249,6829.936894695769,F,39.6,4.4
8887,05/2015,246,96195.58530979947,8456.099993532633,M,57.2,15.1
8888,05/2015,116,58737.039982662616,6837.330555622929,M,42.2,10.6
8889,05/2015,849,97908.06513637432,7854.000422514877,M,65.4,12.1
8890,05/2015,900,109492.61491212626,9221.296695603884,M,41.5,9.4
8891,05/2015,359,62955.30625976817,7407.830210619189,M,47.7,7.9
8892,05/2015,299,104074.31308157569,10384.157628659976,M,50.1,2.0
8893,05/2015,7,103962.39012897,8511.048392393608,M,40.8,14.1
8894,05/2015,297,89008.5023641413,8192.377702265952,M,53.7,1.0
8895,05/2015,822,66043.11213773895,7529.135265867539,,54.0,2.9
8896,05/2015,648,101780.13369400502,7738.487680185071,M,49.6,4.4
8897,05/2015,294,76135.43128980591,7795.945377455425,M,59.6,4.9
8898,05/2015,491,95717.786531957,8394.465310136573,M,61.1,3.2
8899,05/2015,568,78007.43971785042,8001.222956234319,M,,16.5
8900,05/2015,584,85149.36593029922,8111.3372997393,M,43.3,14.9
8901,05/2015,690,101802.63365112954,9046.795688008706,M,,8.8
8902,05/2015,291,78118.38020704869,7858.797091246231,M,33.2,5.4
8903,05/2015,49,81700.53845836336,8972.703679923176,M,45.1,3.0
8904,05/2015,585,89088.37004628673,9088.462750282519,M,37.9,11.3
8905,05/2015,606,78585.21465549692,9131.231714013953,M,51.5,15.1
8906,05/2015,693,88011.61836669249,8603.478227966536,,53.1,9.9
8907,05/2015,944,86041.68721768293,9377.106301023792,M,49.4,14.1
8908,05/2015,793,121322.20505280403,9451.75879334837,M,35.0,12.5
8909,05/2015,425,80145.08855032972,8225.798361559324,M,,17.9
8910,05/2015,683,80542.73384810188,9001.878966728937,,54.5,3.6
8911,05/2015,656,58819.47101490895,7329.646885913028,M,56.4,17.8
8912,05/2015,488,88344.84417415409,7473.504330618523,M,32.4,5.8
8913,05/2015,61,72837.25437655908,7395.454615819004,M,34.1,16.4
8914,05/2015,904,87737.0979343461,6932.520057818131,M,,4.0
8915,05/2015,378,98757.3422121225,10559.221066763235,,36.7,3.5
8916,05/2015,269,122471.59476031244,10128.942146777623,M,39.7,8.1
8917,05/2015,889,85121.15934067676,8508.285520032417,,55.5,2.0
8918,05/2015,481,75965.49741691856,6914.297075130346,F,51.5,17.1
8919,05/2015,344,86498.81488885361,8318.261998233473,M,51.0,11.8
8920,05/2015,99,100175.5412657981,9327.860451760958,M,55.3,5.7
8921,05/2015,832,99563.8536093915,9814.920668033841,M,,13.3
8922,05/2015,127,92812.12896610169,8764.126815061094,M,55.8,11.8
8923,05/2015,617,100334.65183940071,9376.915132010185,M,38.2,17.4
8924,05/2015,770,93142.60333272042,9141.105567202501,M,56.6,15.9
8925,05/2015,484,110500.49069761772,9936.362625570127,M,36.2,4.1
8926,05/2015,341,128472.55432587737,9982.477538604062,F,63.1,16.9
8927,05/2015,982,82273.47339917987,9110.209126369055,M,,9.4
8928,05/2015,212,72689.64178290822,7371.516856774902,M,46.4,1.6
8929,05/2015,589,65782.8281061079,7277.97676929901,M,40.7,6.4
8930,05/2015,797,97738.60532879866,10079.361246143168,M,44.6,5.9
8931,05/2015,753,78316.90115339094,8134.02240682928,M,32.8,12.8
8932,05/2015,227,88787.38207432823,8534.599024530185,M,,16.2
8933,05/2015,86,77649.52886028562,8425.646310779826,,,5.4
8934,05/2015,680,89997.14697966483,8054.496351769643,M,61.1,18.9
8935,05/2015,195,92182.18549575457,9601.91920686312,,54.1,8.8
8936,05/2015,595,88487.26107063053,8926.035505520438,M,45.4,7.1
8937,05/2015,854,60647.65920355745,7512.5502318551,M,44.2,18.7
8938,05/2015,828,85996.03065397688,7230.696996622633,,50.6,1.1
8939,05/2015,261,80464.73158036343,7115.769934217877,M,36.4,18.5
8940,05/2015,603,91632.14612452484,8763.768845542263,M,34.9,10.7
8941,05/2015,379,108161.66535878218,8743.144411139658,M,65.1,12.4
8942,05/2015,888,131335.48275209527,9963.057177453025,M,,4.0
8943,05/2015,741,116413.14406287983,8816.97432856804,M,42.4,11.2
8944,05/2015,60,89739.03670571423,8435.74207087056,M,53.4,11.0
8945,05/2015,955,53575.233758943854,6560.401214279934,M,35.8,8.5
8946,05/2015,62,77605.86382900088,9038.430940394363,M,34.0,4.3
8947,05/2015,638,92763.87521672934,10289.602059132736,M,62.7,9.4
8948,05/2015,697,109975.58749213662,9227.351643566704,M,35.0,15.2
8949,05/2015,147,99273.10043537902,8296.22334156211,M,53.7,14.7
8950,05/2015,637,68312.39685331049,6561.85427638769,M,63.3,3.0
8951,05/2015,799,91278.93623976174,9572.090032895523,M,45.3,1.1
8952,05/2015,178,87192.77551827104,7350.0698794939,M,49.0,7.8
8953,05/2015,806,74876.0400139704,8691.494340791138,M,50.3,7.6
8954,05/2015,300,74957.12910924036,7200.864333558105,M,35.9,9.5
8955,05/2015,998,96531.50888691295,8241.99363142204,M,32.1,1.4
8956,05/2015,337,71835.26070388031,6545.99175233367,M,36.0,9.4
8957,05/2015,549,98681.22473239865,7175.895824758231,M,55.1,16.4
8958,05/2015,767,89846.51570783302,9353.864903262987,M,56.5,1.2
8959,05/2015,157,81914.80779496922,9208.72596169121,M,56.8,16.2
8960,05/2015,540,91970.73431609228,9868.728720013305,M,41.6,6.5
8961,05/2015,108,74558.612387625,7275.510231836217,M,51.2,2.9
8962,05/2015,352,108345.19547013359,7709.370692122386,M,58.1,9.3
8963,05/2015,847,77022.8398423305,8031.844995066531,M,51.0,5.2
8964,05/2015,479,86426.81560869046,6887.549034395121,M,54.6,1.0
8965,05/2015,622,87323.19535762318,7633.223549039476,M,53.2,7.6
8966,05/2015,937,89572.87486328057,7835.929250866566,M,54.9,11.5
8967,05/2015,775,124861.32316220866,9729.639084911558,M,50.4,9.8
8968,05/2015,623,140622.60893245708,8597.475526722763,,,14.4
8969,05/2015,87,84032.52384790292,9432.1475037296,M,48.0,15.4
8970,05/2015,80,91722.78191713196,8766.280670883116,M,57.8,17.5
8971,05/2015,434,87592.27447911593,8908.639173001342,M,36.5,7.7
8972,05/2015,210,69433.64718032013,7934.311906154949,M,37.0,1.9
8973,05/2015,860,94223.39511604304,9562.416363231723,M,38.0,16.8
8974,05/2015,220,91723.9943513077,10003.321166798693,M,32.1,7.3
8975,05/2015,769,117206.1623517357,9115.567603737902,,58.8,18.9
8976,05/2015,692,91097.97435451168,9467.941923983972,M,42.5,2.3
8977,05/2015,546,89979.21868125282,7759.768802835298,M,55.6,13.5
8978,05/2015,777,103540.38571572992,10031.117324434736,M,59.2,16.0
8979,05/2015,581,92919.08787173564,11439.83160395376,M,35.5,18.5
8980,05/2015,452,92435.0080503145,8198.623750508068,M,53.3,4.4
8981,05/2015,511,99539.86758970797,9046.45397570676,M,35.2,10.9
8982,05/2015,214,69245.67682295779,6542.471335158392,M,,5.9
8983,05/2015,234,71321.55825446373,8231.325387849149,M,42.7,6.2
8984,05/2015,853,98716.83960697109,9425.976770923238,M,42.5,2.3
8985,05/2015,551,141286.08131946504,9919.529661311402,M,,4.3
8986,05/2015,505,108176.96925465779,9243.430103240016,M,33.7,2.5
8987,05/2015,508,78090.79526504411,7688.501165219104,M,54.1,8.3
8988,05/2015,795,76085.53883394616,7697.168541737278,M,50.4,8.6
8989,05/2015,317,71867.91037385925,7907.206286336032,M,33.3,2.7
8990,05/2015,792,76506.15386573342,8944.930986494875,M,,8.7
8991,05/2015,974,105421.53311605651,8823.398082104053,M,34.8,8.2
8992,05/2015,117,62130.29039053254,7692.481819012542,M,59.4,17.1
8993,05/2015,410,123687.54781127424,9167.725948346282,M,38.0,17.4
8994,05/2015,182,94969.26598557988,9054.431712331352,M,40.0,14.4
8995,05/2015,119,95986.48208219699,8691.177672232176,M,65.9,15.4
8996,05/2015,236,139200.12219594535,10071.62217536661,M,42.3,6.7
8997,05/2015,449,90316.50963238343,9541.432681935928,M,38.4,18.7
8998,05/2015,494,76433.78455806561,8248.874666165018,M,48.7,7.9
8999,05/2015,609,89592.26145736127,8479.24005296902,M,,4.6
9000,11/2015,943,81466.25951797358,9415.786134657332,F,58.4,0.6
9001,11/2015,966,72151.47232526627,8321.675926952088,M,46.8,0.1
9002,11/2015,250,99783.68293554128,8592.998087847009,M,32.0,0.1
9003,11/2015,156,74857.45480714402,9712.86758881208,,64.8,0.7
9004,11/2015,67,101297.96820492912,8739.871846530352,M,60.7,0.4
9005,11/2015,684,91541.37112465521,7963.056779678898,M,,0.5
9006,11/2015,527,97324.86668388506,9954.723616849398,M,,0.4
9007,11/2015,556,92596.8878628934,8981.345278660627,M,50.7,0.8
9008,11/2015,446,108436.45120500716,9985.857512811424,M,49.5,0.1
9009,11/2015,841,94376.51734240925,7749.1638834880305,M,48.2,0.7
9010,11/2015,126,85318.10462723655,8999.19273580876,M,53.2,0.7
9011,11/2015,910,102313.49137879326,8457.377592136965,M,58.2,0.6
9012,11/2015,112,96621.52528289608,8778.336002196107,M,54.8,0.9
9013,11/2015,191,98903.13716609734,8193.560395129574,M,50.4,0.1
9014,11/2015,739,91592.18285709193,6745.623738289422,M,37.6,0.6
9015,11/2015,579,103400.80318017337,9475.187191734021,M,41.3,0.3
9016,11/2015,111,99174.13549018791,10052.141769869848,M,45.4,0.8
9017,11/2015,285,105094.60626048349,8614.011492506172,M,47.3,1.0
9018,11/2015,796,109787.22778564862,8736.841304169899,M,59.2,0.3
9019,11/2015,310,78947.27428605303,7563.675929865447,M,42.2,0.8
9020,11/2015,458,88082.89983155,6900.890958255538,M,39.7,0.2
9021,11/2015,884,101629.99189384015,9492.086724872332,M,64.1,0.6
9022,11/2015,335,70644.0846639859,7691.209267751408,M,47.0,0.8
9023,11/2015,521,104895.94190630535,8211.274217800927,M,56.1,0.8
9024,11/2015,887,90834.99493616253,8235.490333667465,M,,0.0
9025,11/2015,601,93628.3433896367,8233.923478670638,M,39.8,0.2
9026,11/2015,11,91789.75204632057,10180.079843429725,M,39.1,0.6
9027,11/2015,624,80853.10575537663,8284.77264282543,M,52.8,0.7
9028,11/2015,737,140950.04707964262,10914.279380513677,M,58.1,0.3
9029,11/2015,823,71949.98437485685,8180.772397109259,M,50.6,0.3
9030,11/2015,752,85530.89371733357,8148.2022579594295,M,63.6,0.4
9031,11/2015,732,141131.44994967914,9217.380717318549,M,54.1,0.5
9032,11/2015,493,87780.73465699365,9106.024109486081,M,61.1,0.2
9033,11/2015,159,78832.18557210114,7477.147059931455,M,48.4,0.6
9034,11/2015,225,68337.5906235045,8003.732328373251,M,,0.6
9035,11/2015,784,84792.93336638757,9167.820784504522,M,54.3,0.2
9036,11/2015,171,65459.478682580884,8611.239434814237,M,49.4,0.4
9037,11/2015,460,84558.2773648172,8658.496037870182,F,33.0,0.3
9038,11/2015,408,71274.05456742842,8276.984714249722,M,65.0,0.9
9039,11/2015,239,87590.03452031207,9052.958031580476,M,60.4,1.0
9040,11/2015,812,99807.93521523682,8984.438147576566,M,54.7,0.9
9041,11/2015,896,99128.0032669903,8804.703581278314,M,58.5,0.0
9042,11/2015,354,81027.69165747546,7789.432217799099,M,65.2,0.4
9043,11/2015,574,73246.03877010333,9298.397101154318,M,60.7,0.3
9044,11/2015,186,72259.24357774215,8064.96305477136,M,65.7,0.6
9045,11/2015,381,88091.0599619914,9319.404671752294,M,44.0,0.1
9046,11/2015,898,95430.72798373598,9149.878621841646,M,46.5,0.0
9047,11/2015,405,80022.06484411734,8881.09345469022,M,32.2,0.1
9048,11/2015,439,100477.09251337081,9606.433186102291,M,65.2,0.3
9049,11/2015,532,81396.9235286602,7937.280418679896,M,38.2,0.5
9050,11/2015,665,130156.94004004009,11302.003011673954,M,,0.6
9051,11/2015,962,60043.69461739388,7783.799595612678,,53.5,0.8
9052,11/2015,303,79299.80582516626,7366.974210832313,M,37.0,0.6
9053,11/2015,996,101591.06569484172,9179.863831456678,M,41.0,0.5
9054,11/2015,836,112029.48367964543,9620.303639535288,,55.4,0.2
9055,11/2015,840,87812.40394082914,7894.931248005392,M,35.8,0.3
9056,11/2015,459,94705.23633281927,9236.906160350854,M,36.2,0.4
9057,11/2015,611,83165.01613819263,7728.912334312988,M,62.4,0.4
9058,11/2015,467,106950.01183902651,8823.18991472827,M,,0.5
9059,11/2015,786,68928.61717740059,7725.94068537969,M,46.5,0.0
9060,11/2015,23,103705.47771636826,8091.207527792956,M,51.4,0.9
9061,11/2015,302,90421.61181552487,7828.924391937166,M,47.2,0.2
9062,11/2015,289,69069.1469360865,7019.150839707617,M,39.5,0.5
9063,11/2015,155,116292.66276914508,9964.608523080375,M,57.3,0.4
9064,11/2015,327,81715.10131024479,9580.562375427433,M,51.8,0.8
9065,11/2015,114,85413.38307525587,8308.47357717572,M,61.1,0.9
9066,11/2015,756,121851.42332605192,8619.372615254662,,54.8,0.3
9067,11/2015,880,80898.81379206042,7639.782835027325,M,45.6,0.6
9068,11/2015,660,71875.50123258439,8209.241129764308,M,56.5,0.9
9069,11/2015,454,97144.89833569589,9494.954333821956,M,40.2,0.2
9070,11/2015,969,88746.514119093,8662.017113224158,F,62.8,0.7
9071,11/2015,176,86108.78240184822,7716.766714643669,M,35.8,0.9
9072,11/2015,432,131606.32386153543,9930.511648094849,M,47.3,0.9
9073,11/2015,531,121472.40315318186,7928.477060329022,M,46.6,0.9
9074,11/2015,101,128310.32289668238,9649.929877856517,M,,0.9
9075,11/2015,738,58051.26080228285,7945.767726416372,M,36.7,0.3
9076,11/2015,271,102131.51747948058,8811.996358576856,M,64.8,0.4
9077,11/2015,423,85972.2335504234,9431.882378508315,M,59.1,0.6
9078,11/2015,765,87112.77488274191,7466.310318061451,M,47.8,0.8
9079,11/2015,691,94636.28856360872,8130.595161995192,M,44.8,0.4
9080,11/2015,533,80740.78663826112,8798.84554774968,,35.8,0.1
9081,11/2015,716,69853.79976883275,8869.760431401977,M,39.8,1.0
9082,11/2015,922,100308.39102636742,9926.540180799304,M,58.5,0.8
9083,11/2015,174,85046.5376197917,9311.70086892557,M,46.1,0.9
9084,11/2015,200,79555.22386538732,8272.40479673263,M,39.0,0.7
9085,11/2015,316,80912.88847408001,8309.631595036826,M,34.8,0.2
9086,11/2015,307,86446.19384501132,7178.55285911658,M,65.0,0.7
9087,11/2015,882,70410.16086231722,8258.714383051692,M,33.7,0.6
9088,11/2015,706,101256.27188940207,9377.955214582047,M,51.7,0.3
9089,11/2015,829,86731.55248967494,9038.999692303321,M,35.3,0.5
9090,11/2015,719,71159.76898281778,8079.550997581935,M,32.6,1.0
9091,11/2015,935,81034.12973490986,8564.416166696963,M,38.9,0.3
9092,11/2015,68,74947.21460481294,7660.864390573571,F,35.8,1.0
9093,11/2015,815,68284.33469644048,7811.697622836046,,64.2,0.3
9094,11/2015,747,76654.1258149727,7239.577105041073,M,43.6,0.7
9095,11/2015,798,78922.2723676831,9016.400757249043,M,35.3,0.4
9096,11/2015,865,89997.48682292369,9455.854087266041,M,58.5,0.3
9097,11/2015,399,86311.74488238437,7146.652802448282,M,53.1,0.9
9098,11/2015,509,85412.28490525641,9447.265889606986,M,46.7,0.5
9099,11/2015,308,90749.49645164913,7629.857372243852,M,48.1,0.9
9100,11/2015,502,98307.36099416167,8485.864118589985,M,61.5,7.9
9101,11/2015,81,60224.69831041702,6365.964289165497,M,42.4,14.4
9102,11/2015,814,108745.87681950568,8818.724896082176,M,33.1,18.7
9103,11/2015,666,63950.27937197448,7277.462217453659,M,35.3,8.7
9104,11/2015,205,73725.52600451227,7281.449254881858,M,56.6,9.9
9105,11/2015,759,87331.13406141555,8529.655167483039,M,44.5,3.4
9106,11/2015,96,88685.51028819509,10143.179502192443,M,37.2,9.4
9107,11/2015,671,83870.53183464895,8182.883003307303,M,61.4,16.8
9108,11/2015,100,83595.23278131604,7355.729600963278,M,38.1,17.2
9109,11/2015,321,101888.86154249818,9320.478186766142,M,,10.1
9110,11/2015,602,107414.67585807778,7984.100500066778,M,37.3,17.8
9111,11/2015,453,84171.80635103676,8078.2232679630915,F,60.6,5.4
9112,11/2015,396,72040.23645492825,7971.3888736190875,M,33.1,12.5
9113,11/2015,113,101097.11701737157,9768.815421924388,M,,16.9
9114,11/2015,988,86323.57354112373,8020.048286253632,M,32.9,11.3
9115,11/2015,956,99866.63449423393,8190.225465876781,M,65.3,15.6
9116,11/2015,59,97492.29044937801,8642.77684515095,M,46.9,8.1
9117,11/2015,593,95067.52497502296,9474.345773210469,M,43.4,15.5
9118,11/2015,10,109434.26897880998,9262.837241524028,M,45.5,6.4
9119,11/2015,196,115407.41269744278,8715.600362037007,M,46.2,4.3
9120,11/2015,38,82652.84296226477,9353.12468663563,,51.3,5.9
9121,11/2015,625,87564.62134318963,8008.645033477929,M,57.7,13.8
9122,11/2015,570,63972.2407493582,7419.076446815082,M,47.1,16.8
9123,11/2015,745,111652.73991430644,10158.335675241302,M,51.3,15.9
9124,11/2015,764,69543.72984997404,8405.877892000817,M,47.3,15.0
9125,11/2015,66,69379.14454544203,8001.636802831434,M,40.0,18.9
9126,11/2015,84,129392.42502926632,10372.635125848728,,36.5,18.8
9127,11/2015,462,94600.13419615894,8588.833695095505,,39.3,10.3
9128,11/2015,952,82689.82172220414,7865.805575914744,M,56.4,4.4
9129,11/2015,970,87011.85465230171,9819.74351884409,M,34.0,11.4
9130,11/2015,333,86466.36701677518,8664.686115652652,M,50.1,8.4
9131,11/2015,274,71380.49756163989,8125.123224402211,M,63.7,8.6
9132,11/2015,981,87431.5991195707,6794.785361779985,M,62.2,1.6
9133,11/2015,110,54479.651192560814,6790.142724826405,M,59.4,15.7
9134,11/2015,383,73590.85502860643,8464.099260595944,M,37.5,15.6
9135,11/2015,542,79047.10184159603,8074.074306550758,M,35.2,7.8
9136,11/2015,787,90968.27714006172,9098.687134958953,M,59.9,12.3
9137,11/2015,57,74415.57734824611,8462.23621902415,M,65.6,16.7
9138,11/2015,412,69366.77134264659,8722.49587760194,M,59.3,4.6
9139,11/2015,177,89372.72749682548,9345.76124988362,M,41.0,1.9
9140,11/2015,560,92232.46008563053,8554.135041897152,M,41.8,12.4
9141,11/2015,398,64876.497571696396,7966.133132237731,M,52.0,4.8
9142,11/2015,916,106961.5540561841,9201.587898260326,M,65.1,18.0
9143,11/2015,965,101516.2186075481,8141.313290556228,M,65.8,5.6
9144,11/2015,746,92393.18274714267,9264.987071687488,M,48.2,1.6
9145,11/2015,912,91671.27348740048,8798.319299041708,M,55.6,16.5
9146,11/2015,257,125759.60573077286,10232.037523058623,M,36.1,4.5
9147,11/2015,727,88431.51591652617,8624.332646967317,M,53.5,16.6
9148,11/2015,144,105144.41033594983,8928.737934345907,M,43.3,7.4
9149,11/2015,164,92516.04402042419,8525.423037769926,M,39.8,10.5
9150,11/2015,48,97068.34142314701,9229.379915423055,M,63.4,11.9
9151,11/2015,872,84431.82640574244,9924.012427380996,M,50.2,11.6
9152,11/2015,391,96201.55874410189,9460.702287497212,M,47.8,2.2
9153,11/2015,703,71239.86080735443,6415.45957511823,M,,7.8
9154,11/2015,504,93282.78392369623,7928.1792494270985,M,40.0,1.8
9155,11/2015,876,74329.24312756932,9202.332634032307,M,34.7,5.8
9156,11/2015,69,103214.74878852433,8417.863302333044,M,57.1,11.5
9157,11/2015,736,119543.19534049435,10777.848697691092,M,43.1,13.3
9158,11/2015,899,94572.93156205847,10440.517282233362,M,58.6,10.2
9159,11/2015,219,109401.49196359992,10145.592286973853,M,39.4,17.3
9160,11/2015,451,89164.14707185878,8224.638152971722,M,47.1,10.2
9161,11/2015,407,72516.83541199389,7662.4994218833845,M,46.4,2.4
9162,11/2015,735,80793.75238912963,9253.210468188523,M,54.1,4.8
9163,11/2015,249,108796.63382634766,9016.55512409267,M,60.9,8.2
9164,11/2015,145,77940.17616617086,9433.667202530452,M,49.4,7.5
9165,11/2015,12,84209.0515067276,8483.19220046467,M,59.0,15.6
9166,11/2015,724,80005.01433848764,7209.290560740287,F,47.8,16.0
9167,11/2015,728,102949.95921912997,8706.010195302586,M,57.5,2.9
9168,11/2015,948,97216.13735366764,9556.865159946412,M,37.5,3.6
9169,11/2015,464,86398.4739973372,8633.305482934782,M,58.4,6.4
9170,11/2015,278,86964.38622873735,9039.31399019143,,47.4,10.8
9171,11/2015,89,66385.44682799208,7482.124080459181,M,42.9,7.5
9172,11/2015,124,67208.67866121768,7505.13319881383,M,35.2,9.5
9173,11/2015,185,101632.27306109955,10080.591139073937,M,35.5,14.5
9174,11/2015,514,58571.57414936403,6964.881252433096,M,45.0,12.9
9175,11/2015,651,70012.95470568858,7543.001617644778,M,39.2,8.3
9176,11/2015,669,94688.00468233268,8135.862832688143,M,52.7,13.9
9177,11/2015,97,85765.20198871153,9350.882316954961,M,62.2,11.0
9178,11/2015,924,67303.90048917611,7744.839470322068,M,64.5,11.3
9179,11/2015,323,138841.19715834636,10649.907590730074,F,48.5,8.9
9180,11/2015,643,92590.63533728542,10405.765730750785,M,35.7,16.0
9181,11/2015,890,73510.3096313789,7191.5612022549085,M,55.4,17.6
9182,11/2015,929,67113.83695647039,8195.008087333681,M,41.7,4.4
9183,11/2015,670,74526.55351579627,7871.803501802371,M,36.1,8.3
9184,11/2015,181,80124.24712509179,8285.869791907817,M,36.8,10.0
9185,11/2015,963,74308.56639220075,6631.637243959573,M,50.0,10.8
9186,11/2015,997,94939.33983771205,8467.818817594949,M,61.6,10.5
9187,11/2015,858,75307.21672452682,6620.151844263949,M,38.2,1.5
9188,11/2015,403,67999.95559707691,7966.039014047083,M,45.4,7.8
9189,11/2015,572,87175.99726870788,8281.472662960443,M,,7.6
9190,11/2015,754,112089.62341608138,8056.030863996229,M,55.8,11.8
9191,11/2015,72,114991.99559729936,9943.99084317658,M,46.7,11.5
9192,11/2015,283,68011.90374246708,6967.443404237229,M,57.9,9.6
9193,11/2015,705,69556.59545908439,6121.538282690801,M,46.5,1.7
9194,11/2015,983,86543.14218984258,8842.274406046601,M,36.0,14.7
9195,11/2015,305,109617.66270916809,10201.184607313478,M,63.1,4.2
9196,11/2015,857,73018.15762760192,7114.412845176725,M,37.8,3.3
9197,11/2015,74,74760.69678442692,6495.642673920208,M,37.2,15.0
9198,11/2015,824,85641.10690523271,8890.88525007916,M,56.3,2.9
9199,11/2015,231,75774.16538593806,7148.60013020676,,42.2,17.8
9200,11/2015,130,88053.68882605879,7987.440109247682,M,59.5,15.0
9201,11/2015,248,80248.192861943,8851.430319587525,M,36.4,14.8
9202,11/2015,149,82073.41662260798,7186.047753165372,M,52.6,5.5
9203,11/2015,329,84582.36929592973,8743.8368263554,M,43.4,4.5
9204,11/2015,582,79671.40174449299,7846.621900358703,M,46.1,4.4
9205,11/2015,328,98607.23686735357,9994.149001263859,M,39.4,11.4
9206,11/2015,779,72543.42338148192,7551.193966630942,M,,18.0
9207,11/2015,807,92398.94748316152,8360.557705192621,M,,12.8
9208,11/2015,821,69691.7275396878,7527.34502542152,M,55.6,4.4
9209,11/2015,366,97371.32548644172,10230.300748367057,M,42.9,7.5
9210,11/2015,433,89010.21894152634,8750.853513403328,M,37.5,8.6
9211,11/2015,371,63736.713663675044,6783.804452121656,M,52.2,5.6
9212,11/2015,384,86151.89096932503,8226.853287843025,M,43.5,2.5
9213,11/2015,632,76118.75232478906,8604.052777177953,M,35.3,14.1
9214,11/2015,861,66396.2521717989,8320.264938206397,M,48.3,12.6
9215,11/2015,65,97877.42144246626,8922.978102441884,,46.8,15.7
9216,11/2015,877,105218.73643949127,10265.520553263097,M,40.8,16.7
9217,11/2015,244,92562.78653990515,9713.594814413487,M,40.5,3.1
9218,11/2015,863,125625.65895353617,9281.180690762945,M,48.7,17.6
9219,11/2015,350,74941.92655089078,7698.665818941337,M,52.6,18.5
9220,11/2015,160,104432.11724225438,7381.444244026234,M,34.9,18.1
9221,11/2015,45,89060.89558149262,7367.423720070067,M,40.4,11.4
9222,11/2015,497,74696.51401343936,7118.687194069815,,46.3,11.7
9223,11/2015,237,82113.34341326702,8775.733697217807,M,39.1,10.7
9224,11/2015,9,79071.33458209611,7986.183001884202,M,50.3,8.9
9225,11/2015,172,82129.18831245859,8001.106800859373,M,55.4,10.6
9226,11/2015,918,69557.97618816614,6963.215253932795,M,45.0,2.6
9227,11/2015,950,142634.16053744373,10126.825888944471,M,34.7,6.3
9228,11/2015,134,76793.87508787631,8275.828777103387,M,64.7,6.2
9229,11/2015,140,75550.6127462195,6887.899965776811,M,,14.0
9230,11/2015,238,75321.01613506439,6880.366428091372,M,61.8,3.6
9231,11/2015,567,101660.09481408671,9041.43819140099,M,49.1,15.0
9232,11/2015,146,96697.00199878548,8946.329227526601,M,38.1,5.6
9233,11/2015,519,74439.55409756425,7813.594038004234,,42.7,1.7
9234,11/2015,428,112432.34530594367,8147.141063272018,M,37.0,13.8
9235,11/2015,612,89518.03638203931,7998.820220690175,M,56.8,10.3
9236,11/2015,153,83790.1431968597,7957.102278547231,M,32.3,18.2
9237,11/2015,592,66022.01022276618,8199.86303773203,M,52.6,12.7
9238,11/2015,713,118018.01331402092,9234.59764447167,M,45.8,18.2
9239,11/2015,933,66869.65687849835,7562.017865518531,M,48.6,14.2
9240,11/2015,686,78223.67496607127,8273.382211679938,M,40.8,5.5
9241,11/2015,331,85980.39718238004,8256.36696294142,M,36.7,9.1
9242,11/2015,885,99259.82487384112,9791.00723007759,M,62.8,6.5
9243,11/2015,842,94370.00425173521,10652.979390582797,M,48.5,6.3
9244,11/2015,951,73300.66777322139,8104.57927360434,M,65.1,10.5
9245,11/2015,597,79175.82808926773,8092.9353316839815,M,60.0,13.1
9246,11/2015,93,91405.19617119712,8952.342801268303,F,38.4,14.3
9247,11/2015,402,79650.52583755497,7626.79396430124,M,35.4,15.1
9248,11/2015,435,115840.70641438832,9715.07613556742,F,60.5,17.1
9249,11/2015,751,87879.0204836546,7291.1360382265375,M,55.1,6.5
9250,11/2015,733,85927.10871800788,8536.171850091821,M,52.2,13.6
9251,11/2015,121,67384.75566185103,6887.553066143913,M,58.7,18.4
9252,11/2015,760,102975.29939699081,8990.002780487448,M,47.8,11.1
9253,11/2015,372,127846.37965372852,9501.986376059067,M,33.0,14.3
9254,11/2015,441,92498.46933395784,9530.603642271204,M,51.6,2.3
9255,11/2015,270,90674.93786711179,9505.120695838885,M,40.7,10.1
9256,11/2015,260,94624.30971678125,8422.973752497888,M,34.6,1.1
9257,11/2015,442,96296.60670440672,8248.743843503153,M,61.5,13.5
9258,11/2015,19,87610.24408928871,9503.444564353456,M,,12.4
9259,11/2015,218,75600.73321125907,7618.083998830124,M,60.8,12.0
9260,11/2015,1000,92174.42352358808,8357.173819186497,M,45.2,4.0
9261,11/2015,967,100448.80878215405,8832.73229977359,M,56.6,2.4
9262,11/2015,413,97060.12790390877,10768.578760199583,M,47.8,1.0
9263,11/2015,780,78511.27336382658,7821.3545186978145,M,51.8,1.9
9264,11/2015,538,105400.73874161563,9249.243031686401,,44.3,13.5
9265,11/2015,255,70427.53704532559,8863.064523637006,M,50.9,15.2
9266,11/2015,211,103535.51834231598,9240.720749639187,M,36.7,8.5
9267,11/2015,465,85266.41987227481,8298.521141739708,M,62.0,17.2
9268,11/2015,583,144122.5934664766,9367.001619182605,M,39.0,8.2
9269,11/2015,489,72804.90245867045,8442.198860363866,M,39.7,17.4
9270,11/2015,353,82358.58577577752,7805.049544850979,M,65.9,5.3
9271,11/2015,415,133209.37157757883,7716.175349953849,M,62.5,7.1
9272,11/2015,594,83949.5018448424,8304.470333218074,F,44.6,12.7
9273,11/2015,957,89260.76373065202,8674.09468283593,M,55.4,5.3
9274,11/2015,394,77362.35397041515,6758.804329963035,M,56.1,5.1
9275,11/2015,674,80996.3391911222,7043.713714539986,M,61.2,16.6
9276,11/2015,646,65558.20947197269,8436.47341158901,M,35.1,10.2
9277,11/2015,972,113505.2630098663,9397.800859687699,M,65.6,1.6
9278,11/2015,791,82659.98958983083,8614.967473307306,M,60.0,8.0
9279,11/2015,78,115888.49617871818,8385.924986099768,M,36.8,7.9
9280,11/2015,548,80067.79062769315,8292.527627771758,M,52.2,12.5
9281,11/2015,536,83221.27059116751,9429.234711319941,M,55.4,3.4
9282,11/2015,621,71684.2927284632,7451.856915398048,M,54.8,1.7
9283,11/2015,762,79707.6925729229,8231.966217917487,M,47.3,14.9
9284,11/2015,516,117274.89364247532,10076.37473187254,M,65.6,18.0
9285,11/2015,216,77679.2378260275,8556.091308802566,M,36.4,14.5
9286,11/2015,635,62410.78640588793,7651.713287606214,M,55.3,14.8
9287,11/2015,926,89308.77455254892,10006.190309924517,M,43.2,14.0
9288,11/2015,135,123140.22749213387,10785.461414264922,,,10.5
9289,11/2015,387,75935.23758669011,7761.229275595287,M,46.8,16.0
9290,11/2015,925,87108.4395497113,9824.159254034124,M,57.3,5.5
9291,11/2015,85,70849.43878808779,8693.625696170715,M,38.7,16.7
9292,11/2015,586,111903.84974494566,8897.904835023273,M,32.2,7.8
9293,11/2015,571,93349.42690126716,9761.597029262753,M,53.2,13.8
9294,11/2015,855,86424.98784252514,9044.326652121157,M,64.2,15.2
9295,11/2015,685,87064.37045175194,7936.128067460408,M,47.0,7.8
9296,11/2015,63,123736.13013439323,9294.073286895127,M,61.6,12.5
9297,11/2015,264,77674.32150782483,7133.142644756086,M,59.1,12.7
9298,11/2015,701,79306.9884676428,8809.261439763943,M,37.3,10.7
9299,11/2015,73,70862.5350704834,7793.40278864583,M,48.6,14.7
9300,11/2015,478,85147.90768484313,8351.948496170522,M,35.7,7.8
9301,11/2015,661,89773.83717026925,8808.361533824122,M,57.1,1.7
9302,11/2015,228,82870.8684021341,8528.562763001815,M,48.1,9.5
9303,11/2015,309,125002.53847820079,11028.15056213001,M,38.3,14.6
9304,11/2015,382,122797.98265178398,8491.063804354892,M,34.4,10.9
9305,11/2015,914,93533.35807436476,9133.940144852842,M,54.5,6.4
9306,11/2015,170,90149.9067157976,9073.35917381991,M,34.1,16.2
9307,11/2015,808,78464.91475680064,6462.894761968615,M,45.2,4.6
9308,11/2015,279,74418.81086724531,9116.573424913482,M,44.9,3.9
9309,11/2015,852,84011.31825864568,7758.495311013732,F,37.4,13.3
9310,11/2015,258,67442.48211868333,7990.787301778017,M,43.5,6.3
9311,11/2015,920,125610.98883189767,11602.622706880715,,64.9,14.6
9312,11/2015,167,97361.95286821882,9057.09841303801,M,37.0,6.7
9313,11/2015,229,66084.61507951433,8451.559929992185,M,55.1,7.9
9314,11/2015,293,87731.40395231772,8676.804484255415,M,44.9,10.8
9315,11/2015,569,86933.05095344738,8347.275453967655,M,39.7,13.3
9316,11/2015,39,87903.37271419716,9630.229701598339,M,58.6,1.1
9317,11/2015,562,69431.73589008373,8708.255175623399,M,43.4,10.0
9318,11/2015,819,86368.55157302764,9296.764738990862,M,33.6,15.2
9319,11/2015,652,76338.97273959107,8128.428291812594,,43.2,1.1
9320,11/2015,827,101327.22772738026,10461.31346626655,M,65.0,3.2
9321,11/2015,915,88581.72313530906,8756.834847062102,M,47.0,13.0
9322,11/2015,35,68405.44326007785,7494.409150748483,M,53.3,4.0
9323,11/2015,358,83749.16676604647,8166.974391884762,M,35.8,18.3
9324,11/2015,867,78730.55923745193,8659.001360272487,M,53.5,10.1
9325,11/2015,979,74576.55817302942,8616.097278260288,M,64.3,9.9
9326,11/2015,599,92541.04828451743,8590.657638468721,M,,18.4
9327,11/2015,470,80867.12948942484,8647.178722931974,M,45.0,3.5
9328,11/2015,903,65789.57028864232,7589.069236595706,M,,16.7
9329,11/2015,420,100243.17897828575,8672.348034756335,M,56.3,5.9
9330,11/2015,150,85450.34795631832,7915.985677010979,M,,10.2
9331,11/2015,631,78391.92423223742,7202.029992627387,M,43.4,6.2
9332,11/2015,616,78257.27088860307,8507.28226988735,M,61.5,8.8
9333,11/2015,373,118430.2291381296,10255.465695428184,M,60.9,5.9
9334,11/2015,577,91994.4673899394,8094.31634890901,M,42.5,15.7
9335,11/2015,901,88472.2680855004,7837.381657401649,M,56.5,9.0
9336,11/2015,55,92998.96878065124,7854.295548987696,M,34.9,2.7
9337,11/2015,908,75931.55086289067,9158.36708966054,M,39.6,15.1
9338,11/2015,883,83576.79072926001,6801.592369023742,M,,15.3
9339,11/2015,522,80428.1528869071,8489.598513602705,M,52.2,14.7
9340,11/2015,811,79300.06599692706,9004.80471535169,M,,18.6
9341,11/2015,137,78956.50740380828,9642.365147727782,M,58.3,17.6
9342,11/2015,600,98688.21941252393,8415.38828695168,M,38.4,17.2
9343,11/2015,673,80891.4873277454,8466.554347399704,M,49.1,5.2
9344,11/2015,575,76047.46024652694,7989.274916467601,M,32.9,10.9
9345,11/2015,469,77974.68584428685,8663.64636192983,M,64.1,10.3
9346,11/2015,698,81306.74155553615,8664.757117677746,M,62.6,5.0
9347,11/2015,245,67680.46974872195,7541.772503908778,M,60.9,13.2
9348,11/2015,363,101095.45602796056,10624.348378450926,M,45.2,1.3
9349,11/2015,911,87353.90546379652,10262.518247549804,M,53.9,13.9
9350,11/2015,343,82174.21828682399,8951.39299578138,M,63.1,16.4
9351,11/2015,886,93405.45089970157,9334.828247430361,M,59.7,10.7
9352,11/2015,262,109645.76137359267,10544.13892786802,M,64.6,14.7
9353,11/2015,222,94934.83842038638,8812.706016331376,M,39.2,11.6
9354,11/2015,731,89363.57149151551,8628.107572290137,,35.2,7.5
9355,11/2015,31,108561.19316240092,9227.817858735496,,36.7,16.8
9356,11/2015,32,113758.97703730287,10691.4071458254,M,55.5,2.4
9357,11/2015,545,95848.77390694655,7350.846748544873,M,42.4,3.8
9358,11/2015,553,68227.00273626091,7330.4347866479175,M,35.3,1.8
9359,11/2015,284,70152.23513260126,7922.863441794496,M,40.5,14.4
9360,11/2015,94,101061.62996025928,8676.020090437329,M,,9.2
9361,11/2015,472,80259.857352192,7771.205477438978,,40.5,8.5
9362,11/2015,748,123711.04168296853,8616.696900099663,F,40.7,14.3
9363,11/2015,3,88921.2866842017,9158.342064632538,M,49.3,4.7
9364,11/2015,676,92131.35858694414,8132.335688403757,M,43.8,17.0
9365,11/2015,233,152770.67246087542,10163.573797091349,M,38.2,12.8
9366,11/2015,919,77601.80556785782,7966.61120822321,M,34.6,11.6
9367,11/2015,54,103061.3189485836,9712.865518405717,M,57.6,1.3
9368,11/2015,95,77759.86559161548,8392.035379732897,M,55.1,14.3
9369,11/2015,818,97539.82823433143,8595.926895598282,M,,4.6
9370,11/2015,349,98847.32157544966,8398.459429929588,M,63.1,16.7
9371,11/2015,224,88473.35295350454,8294.688823587492,M,42.2,9.8
9372,11/2015,526,87179.99642785761,8019.914241909787,M,62.7,18.8
9373,11/2015,613,125546.11142922193,8422.544499164924,M,50.9,2.5
9374,11/2015,845,89051.72132224734,9631.759997489366,M,,5.5
9375,11/2015,894,92948.15661220202,8142.650096633482,M,47.3,18.1
9376,11/2015,419,84513.44804357883,8103.062577435563,M,,18.2
9377,11/2015,707,65268.707222181525,7808.823026577857,M,56.4,12.6
9378,11/2015,426,99567.23821357587,9221.271884085045,M,43.0,7.2
9379,11/2015,427,66186.73789126074,8069.585709583054,M,48.1,3.4
9380,11/2015,978,81980.62381321224,8243.957846965206,M,40.8,8.0
9381,11/2015,610,84324.1241435692,9008.804438237408,M,64.5,8.9
9382,11/2015,76,87215.98534672055,8079.373262731694,,46.8,11.5
9383,11/2015,629,82935.65062747241,9128.454359452924,M,46.4,15.7
9384,11/2015,326,110890.03821305021,8824.586393836707,M,32.6,1.6
9385,11/2015,875,94852.87363457035,8930.552981315279,,42.4,16.3
9386,11/2015,409,82610.00358043202,7562.890291738312,M,45.0,14.6
9387,11/2015,940,130388.42345612988,10472.3896021874,M,53.9,9.6
9388,11/2015,642,87806.99612793248,8707.50453504967,M,43.3,8.4
9389,11/2015,14,130150.51606479016,10001.256704827229,M,56.5,1.7
9390,11/2015,129,94582.05826626383,7679.002516513603,M,35.6,11.3
9391,11/2015,474,102518.00333192653,9011.083273909886,M,56.2,13.1
9392,11/2015,312,85764.72203460056,8136.498176743282,M,61.2,13.4
9393,11/2015,708,98865.77446040926,8176.094963926043,M,40.4,1.6
9394,11/2015,30,115866.42092954446,7588.9975982814185,M,46.1,9.2
9395,11/2015,161,126296.87829314446,9273.398705649268,M,51.3,2.9
9396,11/2015,839,112419.20979082746,9850.040439763185,M,36.7,1.6
9397,11/2015,400,83360.90222599696,7174.042397390394,,58.4,10.9
9398,11/2015,375,100953.3207017207,10337.569227299324,M,43.3,18.2
9399,11/2015,298,89236.51722802092,7943.071853536571,M,39.2,11.8
9400,11/2015,29,68917.39331175725,7922.363787735956,M,46.5,10.7
9401,11/2015,679,113926.3758493919,9248.687422036151,M,32.7,10.4
9402,11/2015,422,86207.80407200794,7807.741279215761,M,50.1,11.6
9403,11/2015,50,70299.66984861638,7663.398914482223,M,53.7,9.0
9404,11/2015,804,95712.1399941767,8398.359860659813,M,32.4,13.2
9405,11/2015,627,104792.62951102035,8646.39009829758,M,41.2,15.2
9406,11/2015,874,149313.49261752237,9528.71554651528,M,38.0,2.2
9407,11/2015,165,101408.40287636004,9094.94882251689,F,50.4,17.6
9408,11/2015,905,86770.41777086543,9595.169209301004,M,32.6,15.8
9409,11/2015,37,93060.29926546122,9210.826873583786,M,43.8,12.4
9410,11/2015,501,94579.58547642418,10016.57839886597,M,47.7,9.3
9411,11/2015,529,59894.215692662554,7497.217968550106,M,47.6,6.1
9412,11/2015,774,93502.23110579161,10101.62603144859,M,62.2,17.0
9413,11/2015,772,86024.06981428723,8202.99457678716,M,47.7,8.2
9414,11/2015,773,103753.62070106553,9325.369193499751,M,,14.6
9415,11/2015,388,120043.42825016129,9282.124477263038,M,,1.6
9416,11/2015,194,92608.78390271257,8415.682112139111,M,65.8,18.7
9417,11/2015,778,88451.97424575569,9042.976375354261,M,62.7,4.5
9418,11/2015,830,87676.38697391337,8001.293186883046,M,49.8,5.2
9419,11/2015,655,141721.22269127602,10255.32607050947,M,51.5,7.7
9420,11/2015,461,78551.5132100755,9113.539413257102,M,64.8,2.5
9421,11/2015,927,116886.75373952529,9968.562645446229,M,53.3,9.6
9422,11/2015,90,72289.38020080791,7434.740894063079,M,60.6,11.5
9423,11/2015,348,75027.24241985672,8252.989411731678,M,60.8,1.0
9424,11/2015,313,114268.24847419551,9254.136082879584,M,53.1,14.1
9425,11/2015,590,153075.31655701404,11357.174516517607,M,40.8,4.2
9426,11/2015,179,80073.77494313783,8384.513037670251,,52.8,15.2
9427,11/2015,496,85680.46271402051,8069.087199939671,M,58.0,17.3
9428,11/2015,517,85827.89645616454,10553.54818950376,M,46.1,16.4
9429,11/2015,744,108378.62212371101,10588.285059383295,M,48.2,14.3
9430,11/2015,682,79867.52377910685,8356.536481934516,M,46.5,10.8
9431,11/2015,809,84696.3681134129,8563.836416071248,M,40.3,17.8
9432,11/2015,658,72875.41777469372,8620.815656940336,M,46.5,11.6
9433,11/2015,158,74232.81296143011,7743.826227939904,M,,3.0
9434,11/2015,357,87210.99158714997,8741.108368374451,M,42.8,9.0
9435,11/2015,221,99814.64710597249,9069.794464190216,M,64.0,3.7
9436,11/2015,633,118234.97008716548,10979.706511388293,F,46.4,2.6
9437,11/2015,721,101770.16167219728,9201.946310977472,M,36.7,14.4
9438,11/2015,783,112338.04092756378,9420.500438742758,M,43.3,9.7
9439,11/2015,304,70654.78594888981,8267.206944320942,M,60.5,17.7
9440,11/2015,789,78337.2101335589,8377.488282438566,F,39.7,8.0
9441,11/2015,486,95996.13533742275,9285.262844164501,M,56.4,5.1
9442,11/2015,580,84491.0144871448,8795.243195846608,M,63.8,10.4
9443,11/2015,6,80686.7091624418,8782.328121208226,M,35.5,15.1
9444,11/2015,934,73109.28429941423,7540.6002150268405,M,32.4,13.9
9445,11/2015,645,70923.0188240418,8036.135065099683,M,52.4,2.3
9446,11/2015,206,64465.473568991765,6053.2339375366555,M,64.2,5.3
9447,11/2015,401,142450.8330089475,9892.818756135695,M,,13.2
9448,11/2015,826,87637.6212893486,8979.70478928312,M,33.8,5.3
9449,11/2015,83,84117.5213941137,7446.269691969911,M,65.4,8.2
9450,11/2015,183,93892.1888517568,8777.976943717635,M,41.2,14.6
9451,11/2015,42,88940.85412932407,7786.846657022363,M,56.3,13.9
9452,11/2015,722,86624.36001215942,8805.786842840529,M,45.4,18.3
9453,11/2015,503,66576.15666610928,6769.091400242801,M,,18.0
9454,11/2015,620,67691.94126463402,6192.609786676158,M,57.3,1.6
9455,11/2015,755,69764.8484509191,8665.768458710048,M,53.1,14.7
9456,11/2015,873,67556.36219833401,7700.695891022398,M,33.1,16.5
9457,11/2015,781,91180.49897491235,8555.239889474711,M,33.4,14.1
9458,11/2015,40,73273.39618639677,8976.829160790583,M,36.4,9.0
9459,11/2015,240,96475.0885896377,9435.482714112724,M,,5.8
9460,11/2015,436,79324.21950200186,7605.886791920923,,37.8,12.0
9461,11/2015,320,86356.48367485638,7492.376346406953,M,43.1,14.4
9462,11/2015,723,110061.49550185217,8712.226605667218,,,3.7
9463,11/2015,947,104549.06896909131,10401.531012917196,M,41.6,14.9
9464,11/2015,168,94262.98620822564,7712.321597075763,M,60.0,11.2
9465,11/2015,259,98944.3763603417,8487.330665268904,M,60.8,2.7
9466,11/2015,913,97095.28461754177,9868.240379945104,M,53.6,9.3
9467,11/2015,985,79520.52362436437,8351.839008712188,M,51.8,15.1
9468,11/2015,539,64958.40737549296,7707.289931259945,M,41.5,10.6
9469,11/2015,975,89785.65433645342,9208.381637469596,M,46.1,9.3
9470,11/2015,771,74076.09614743879,8865.350699212495,M,59.1,12.7
9471,11/2015,566,111187.8982360075,8250.958156314377,M,,11.7
9472,11/2015,325,99602.60303568728,8256.723395829924,M,59.5,7.6
9473,11/2015,813,113602.96605632345,8992.797939423395,M,56.3,16.7
9474,11/2015,253,66657.91382759895,9046.700142107895,F,52.5,18.0
9475,11/2015,817,77003.52984965063,7960.334098142619,M,35.7,7.4
9476,11/2015,958,90824.18218128137,8010.790704863292,M,42.6,2.3
9477,11/2015,564,94171.60741088523,8697.789862036496,M,36.5,18.6
9478,11/2015,448,127979.96014549429,9781.451730774992,M,51.5,15.3
9479,11/2015,322,77533.14039492093,8527.479684525557,M,45.2,13.4
9480,11/2015,909,86536.99820440762,9184.41541113694,F,45.0,18.5
9481,11/2015,208,96590.16494944159,8727.49399851115,M,57.5,3.7
9482,11/2015,306,93793.62093187991,8386.82184293902,M,57.0,16.2
9483,11/2015,471,87416.91105151306,9293.483624365297,M,64.4,4.4
9484,11/2015,833,86504.45034162325,9819.786507269804,M,45.8,14.0
9485,11/2015,518,83909.2399469462,9216.505948131286,M,55.0,16.6
9486,11/2015,607,79633.06756139797,8653.249209953432,M,34.1,13.1
9487,11/2015,743,61891.155265222675,7525.811936337475,M,55.6,1.1
9488,11/2015,431,75676.88543448105,7895.5555926164925,M,42.5,3.0
9489,11/2015,554,80942.16013169687,8845.727554573818,M,40.1,9.5
9490,11/2015,866,119519.05854094597,8854.941569797715,M,35.4,6.1
9491,11/2015,740,57528.40604327184,6833.926431125342,M,54.5,9.9
9492,11/2015,534,64534.673943887516,7266.589234292841,M,63.4,16.5
9493,11/2015,681,97787.21893065219,9517.459912767077,M,56.8,4.5
9494,11/2015,694,129402.85773237298,9513.49241105807,M,56.6,8.8
9495,11/2015,557,98071.5174747356,9303.742158087018,M,61.4,16.5
9496,11/2015,204,81095.5385189652,7872.7846009130035,M,54.7,9.8
9497,11/2015,275,110491.77616601669,10980.790122895,,34.7,14.8
9498,11/2015,525,77554.43949116617,9422.599925942022,M,39.2,9.1
9499,11/2015,33,107337.89790845911,7876.020151666506,M,55.9,15.2
9500,11/2015,18,81756.68389488185,8069.262993389738,M,36.9,16.0
9501,11/2015,835,74784.48738731534,7950.046060097626,M,,12.8
9502,11/2015,649,90153.75716237105,7185.279706426001,F,41.6,6.4
9503,11/2015,406,72477.38302864962,7630.2464677912085,,36.0,1.4
9504,11/2015,640,82266.90548876724,9406.615105399364,,64.7,9.2
9505,11/2015,79,90199.64418904249,9063.203478067193,M,41.3,4.9
9506,11/2015,942,85665.07745786126,9946.900591120318,M,50.2,14.9
9507,11/2015,895,69895.00732673798,7802.747159120503,M,33.5,17.3
9508,11/2015,766,84497.0678012809,9578.181447895702,M,62.4,7.1
9509,11/2015,51,96441.66729487573,9237.058035981541,,39.9,6.9
9510,11/2015,702,97827.68817120022,9725.683259855436,M,57.5,12.7
9511,11/2015,332,90376.41318934574,9509.449950935696,F,55.0,18.7
9512,11/2015,314,81443.7964704463,9012.6148469433,M,49.4,4.0
9513,11/2015,118,120948.51086163224,10797.908837683326,M,39.8,9.3
9514,11/2015,445,87383.41610086836,8274.351653962596,M,59.4,18.6
9515,11/2015,906,111046.05531769595,10036.066198060369,M,57.2,5.3
9516,11/2015,555,70967.12127930344,7930.364223648756,M,62.5,3.5
9517,11/2015,105,74976.50911025009,8719.399193910329,M,48.3,2.2
9518,11/2015,879,96273.07471848429,8805.507227980655,,64.1,3.3
9519,11/2015,175,68073.55578473679,7795.882544636027,M,38.2,7.2
9520,11/2015,367,80936.53643914474,8543.689550821893,M,58.6,5.2
9521,11/2015,810,95140.42669277533,9577.985381544291,M,44.5,2.3
9522,11/2015,892,103427.84118843974,9095.85388587277,M,65.4,15.5
9523,11/2015,964,93772.8594764156,9456.08214900707,M,50.2,6.4
9524,11/2015,946,118534.83658862673,8790.398067092132,M,52.1,6.6
9525,11/2015,547,71711.08874534642,7138.4768021945965,M,,7.5
9526,11/2015,999,109082.65064070854,8427.742143404654,M,45.1,14.1
9527,11/2015,953,85188.24699567375,8829.034451578722,M,47.7,14.8
9528,11/2015,202,66307.92811601152,7012.081890075075,M,57.6,4.0
9529,11/2015,345,106797.52720628234,9677.234212606412,M,40.8,12.9
9530,11/2015,718,87602.39347041803,7707.965036644555,M,65.1,1.7
9531,11/2015,276,78993.25070890864,7295.577068265563,M,45.1,18.5
9532,11/2015,768,83170.24292536665,8320.754981145396,M,63.5,6.3
9533,11/2015,411,77211.56727463938,8220.926611462126,M,58.7,2.5
9534,11/2015,192,73913.45638898412,7596.216015649943,M,45.7,5.7
9535,11/2015,115,98272.08442801957,8415.748488324201,M,36.3,17.6
9536,11/2015,162,114497.47632840875,8130.2156859190045,M,35.5,12.1
9537,11/2015,636,85835.34053488322,8270.654755231,F,63.9,7.2
9538,11/2015,870,67839.66830603837,6937.354010223947,M,42.6,2.6
9539,11/2015,468,89857.11943466694,9745.326302222871,M,52.3,3.3
9540,11/2015,490,66047.6815100273,8374.628969274208,M,62.1,12.7
9541,11/2015,558,88658.24847684012,8854.156195102558,M,35.8,9.1
9542,11/2015,662,60624.352624559484,6143.664416388809,M,51.0,6.8
9543,11/2015,834,113511.35390146817,9941.471682895222,M,39.8,1.8
9544,11/2015,907,81022.57229765524,8435.212624228228,F,61.1,3.8
9545,11/2015,15,71244.11975528431,7299.609431224313,M,35.0,4.2
9546,11/2015,588,94506.67100975476,8211.011849572767,F,47.5,14.8
9547,11/2015,859,64986.16047649868,8033.406179967054,M,44.3,4.2
9548,11/2015,109,90980.51171123903,8386.29708487363,M,45.2,7.3
9549,11/2015,369,78918.34896124408,8909.59552024844,M,36.2,8.9
9550,11/2015,188,113057.15717839486,10688.011956243778,M,33.0,18.5
9551,11/2015,166,87041.13962094237,9663.577966489229,M,,1.3
9552,11/2015,180,82195.62660915768,7610.254822286308,M,48.2,10.8
9553,11/2015,986,76413.80425206263,9325.385867760235,M,34.5,8.6
9554,11/2015,438,87031.88547203837,9878.336515159057,M,37.4,7.0
9555,11/2015,120,101153.07636917607,9906.205463202954,F,49.6,7.2
9556,11/2015,414,58019.17125483647,7942.233027581143,M,38.1,7.7
9557,11/2015,389,69139.76334815621,7327.04658585389,M,58.5,1.7
9558,11/2015,91,72455.35894509425,7931.261432944976,M,33.5,2.7
9559,11/2015,565,88821.53701531149,10973.768646416194,M,44.3,17.2
9560,11/2015,16,99342.95007644773,8217.242537660297,M,47.8,8.0
9561,11/2015,443,68800.0716291789,7449.482824744249,M,36.6,1.5
9562,11/2015,507,70116.11648267004,8281.186035276114,M,62.1,9.5
9563,11/2015,404,70004.13068812317,7989.084244961547,M,55.1,14.7
9564,11/2015,280,89025.31452820542,9219.52778791787,,60.1,2.4
9565,11/2015,654,85341.19868727146,8413.455945268073,M,55.4,9.7
9566,11/2015,376,83027.40673466944,7976.697811862228,M,37.8,6.4
9567,11/2015,169,87730.44214255833,7621.953001350443,M,60.7,18.0
9568,11/2015,931,119943.32873398006,7965.913674151146,M,62.2,15.4
9569,11/2015,664,70326.44801893858,7319.195491582716,M,45.7,17.9
9570,11/2015,272,79687.81619895747,8766.670188121494,M,41.3,10.3
9571,11/2015,667,122563.75430349523,8132.938246063681,,53.4,1.7
9572,11/2015,209,74707.22542804194,7344.796741733105,M,47.5,11.3
9573,11/2015,687,81108.27613789862,8305.472227708564,M,43.9,9.8
9574,11/2015,893,79114.69352837245,8942.341280424012,M,38.7,2.4
9575,11/2015,184,74023.73832527087,7806.816015919671,M,46.3,14.7
9576,11/2015,711,86723.18066132543,8148.391560970731,M,51.6,17.6
9577,11/2015,543,120764.95276183954,10140.770516027265,M,59.2,12.0
9578,11/2015,864,95263.33731004619,8263.174615802292,M,35.7,8.6
9579,11/2015,995,103969.33599785453,9234.360428836542,M,,3.7
9580,11/2015,563,85115.66896651541,7493.809711100711,M,44.1,7.1
9581,11/2015,58,116398.1567960025,9065.726320302638,M,61.0,6.9
9582,11/2015,46,92292.46892698556,8807.229646763446,M,35.1,13.7
9583,11/2015,226,104535.06975206666,8771.787414886341,M,57.1,8.2
9584,11/2015,286,86894.5563027317,8163.515741666811,M,64.2,16.9
9585,11/2015,475,91587.27351820095,8630.508090987196,M,37.6,9.6
9586,11/2015,578,79825.44532902694,8676.33200321189,M,55.7,8.8
9587,11/2015,695,101181.9800274229,8615.582242467255,M,40.3,15.1
9588,11/2015,417,80674.43725811101,8745.945239746738,M,44.2,3.6
9589,11/2015,421,105393.57543045527,9752.290776063777,M,51.3,11.2
9590,11/2015,397,83328.30402033482,6938.037434632068,M,,12.9
9591,11/2015,273,103143.94159378426,10361.314964984569,M,43.7,13.2
9592,11/2015,281,75219.92770123822,9235.074231312787,M,58.1,16.5
9593,11/2015,945,89704.4077150447,8889.708960845106,M,40.5,7.3
9594,11/2015,862,85667.33584517392,10322.96728254281,F,53.6,4.1
9595,11/2015,232,86613.49089923989,9159.361837008775,M,44.7,13.6
9596,11/2015,550,68739.52158145446,6686.102919586465,,46.4,7.5
9597,11/2015,917,107883.04179539175,10406.963594591858,M,32.3,17.7
9598,11/2015,56,105767.55472335497,9024.477587032923,M,38.6,14.0
9599,11/2015,377,98566.0439643592,7999.48456323979,F,57.8,4.0
9600,11/2015,143,100066.37512500482,9628.738606917861,M,,7.3
9601,11/2015,782,72512.14261823842,8587.730506655034,M,57.1,15.8
9602,11/2015,17,69674.60713607818,7800.756347598578,M,,18.5
9603,11/2015,800,59278.20816312522,7567.406328318698,M,55.4,15.0
9604,11/2015,418,93031.26784928581,8829.377219536225,M,50.6,9.8
9605,11/2015,282,99694.96652656124,9985.4635745552,M,59.1,15.3
9606,11/2015,495,108138.7804892845,8759.314610765134,M,52.5,5.5
9607,11/2015,492,69152.76553130086,7175.758714433877,M,47.2,11.8
9608,11/2015,968,100710.10750784723,9465.245643494049,,59.5,2.6
9609,11/2015,802,78752.28153399835,8048.052731427854,M,37.0,11.4
9610,11/2015,215,87194.34982579677,8132.161994600537,M,52.5,7.2
9611,11/2015,959,62498.84159131264,7481.716163692587,M,63.1,13.2
9612,11/2015,954,82480.966102835,8145.400281979344,M,42.1,5.8
9613,11/2015,482,80657.53578409879,7742.3876610805155,M,65.9,13.1
9614,11/2015,102,124965.23765248469,10397.172609446303,M,55.2,11.6
9615,11/2015,776,73269.71116344848,7128.029645634598,M,,15.6
9616,11/2015,528,100584.35468677848,8942.381689425034,M,32.7,15.5
9617,11/2015,292,118191.27916817894,7948.454258014225,M,32.6,13.2
9618,11/2015,971,81649.68746086587,9833.74924607146,M,63.6,15.5
9619,11/2015,152,84310.17124952287,10070.1823706525,M,35.5,3.3
9620,11/2015,750,88359.42431740169,8106.063368786909,M,57.0,16.5
9621,11/2015,199,91623.80911520914,7232.81698737706,M,49.2,13.1
9622,11/2015,154,97480.27697184755,7806.727213974449,M,,6.9
9623,11/2015,675,77403.68112025262,6740.132569441898,M,56.2,10.5
9624,11/2015,288,86986.30840395043,7261.683922779477,,47.6,18.3
9625,11/2015,523,76180.73778639623,9178.07060187286,M,32.1,1.2
9626,11/2015,688,85755.2198468955,8199.061007182534,M,41.3,4.0
9627,11/2015,360,51565.6477620897,5786.875544898337,M,49.5,12.0
9628,11/2015,960,81717.70249053848,8124.53562634448,M,55.1,9.8
9629,11/2015,368,73115.18703232385,8973.213220299409,M,53.8,14.7
9630,11/2015,456,70928.67147260696,9634.07396404738,M,55.8,5.9
9631,11/2015,512,91388.0487913925,8225.497393412414,,50.1,15.9
9632,11/2015,650,66640.63437015632,6209.868205060117,M,43.0,12.5
9633,11/2015,380,76742.40802052729,8085.172083847503,M,61.4,1.5
9634,11/2015,139,65697.33881433615,7391.243857367974,M,56.4,8.7
9635,11/2015,994,78711.36162385817,8441.014940965093,M,42.5,2.6
9636,11/2015,689,70331.18418124304,7380.20218653742,M,63.1,2.4
9637,11/2015,243,92548.16589434994,9361.670776385772,M,38.2,16.7
9638,11/2015,148,97070.98309207434,9961.368380570748,M,64.4,9.8
9639,11/2015,252,81680.5434320397,8095.698054598425,M,40.6,14.0
9640,11/2015,265,83211.16299846898,7662.529139174009,M,39.6,3.8
9641,11/2015,362,71076.96816269426,7612.18806525273,M,39.0,3.7
9642,11/2015,336,77558.97149430844,9009.505489515017,M,53.4,15.5
9643,11/2015,928,89870.6539375132,10522.382386852716,M,63.0,14.1
9644,11/2015,515,95254.62838406565,8694.11332232249,M,56.7,9.7
9645,11/2015,483,86816.82243011697,9853.243664237643,M,47.0,12.5
9646,11/2015,395,76982.6170309075,6160.593908757114,M,59.5,16.9
9647,11/2015,758,96558.20783729077,8686.846133372725,M,45.8,3.4
9648,11/2015,361,80592.16413568397,8998.316071850519,,51.1,15.4
9649,11/2015,657,78280.81988973693,7973.381124103037,M,53.9,10.4
9650,11/2015,761,117192.26509981099,9190.470173936721,M,33.4,8.7
9651,11/2015,881,112367.12925256336,9079.653847870844,M,53.5,2.0
9652,11/2015,197,81565.75496548878,8535.409866855005,M,44.6,12.9
9653,11/2015,290,84241.43791074053,8398.523728231825,M,37.7,4.3
9654,11/2015,742,157157.67299095666,11917.881571102007,M,47.7,1.4
9655,11/2015,848,89784.3446884192,8449.777668884068,M,58.3,10.1
9656,11/2015,820,90393.51425222511,8790.992346433124,M,32.4,14.0
9657,11/2015,122,102302.24114559623,7221.358675779249,M,42.0,5.7
9658,11/2015,340,127330.22205302148,8351.380526369,,43.5,6.5
9659,11/2015,714,67839.33102306187,8380.580783490512,M,39.5,9.7
9660,11/2015,699,103260.4047485555,8440.212183026933,M,38.8,17.8
9661,11/2015,825,80112.77649292568,8176.826137759312,M,39.7,5.7
9662,11/2015,717,90971.9736919021,9207.04058776962,M,51.8,18.7
9663,11/2015,318,112398.21554065599,10876.784913869289,M,60.5,9.5
9664,11/2015,104,69374.60372846815,8669.260133510015,,57.0,5.7
9665,11/2015,816,80856.91211728934,8537.62388425389,M,32.0,1.0
9666,11/2015,296,91686.58525534939,9722.963584817237,M,42.2,11.1
9667,11/2015,696,107014.30909353727,8456.347396407135,M,41.1,14.7
9668,11/2015,27,72079.41013300957,8311.539377094421,M,54.5,12.8
9669,11/2015,22,81625.95446389262,7560.80037044394,M,50.2,13.8
9670,11/2015,785,94057.92300582108,9767.248538201742,M,,14.7
9671,11/2015,256,69935.18976171492,7991.860857620984,M,,8.8
9672,11/2015,75,87465.78056472987,8363.262420035722,M,47.3,6.5
9673,11/2015,5,105331.76817432357,9023.749122629344,M,39.8,4.7
9674,11/2015,217,77916.72757327206,7199.2634405589215,M,64.4,14.8
9675,11/2015,869,99907.51234247736,9480.68444475882,M,38.4,13.3
9676,11/2015,385,92257.29648313776,9162.939123708442,M,44.9,9.4
9677,11/2015,941,97759.31612198107,8192.542728928838,M,35.0,2.8
9678,11/2015,712,100427.18155907313,7416.8234650013455,F,,13.8
9679,11/2015,939,84311.55298358797,8619.066946627443,M,49.5,2.4
9680,11/2015,710,89198.75059855648,8302.745860133216,M,57.4,7.4
9681,11/2015,34,70115.58342249396,7191.86080532283,M,,18.6
9682,11/2015,559,104907.94064257153,10495.97390050091,F,62.8,4.7
9683,11/2015,463,91940.11083526968,8384.018541077477,M,48.9,10.3
9684,11/2015,605,95141.22061427552,10063.869874644508,F,63.6,5.9
9685,11/2015,424,80602.36444656186,8976.24208307565,M,49.8,3.8
9686,11/2015,851,148112.24474910463,9915.065341251737,M,43.5,2.4
9687,11/2015,444,87912.13206016755,6917.950028235802,M,45.4,4.1
9688,11/2015,790,104890.46036616797,9534.387657183568,M,37.6,5.0
9689,11/2015,106,93965.25410523773,9002.74748950339,M,42.4,1.2
9690,11/2015,455,79135.25955045476,8500.371302335852,M,,3.9
9691,11/2015,223,72686.9745995368,8130.104153939166,,53.2,5.2
9692,11/2015,242,83691.0694767348,8075.216213727078,F,46.1,14.5
9693,11/2015,77,102843.30799967099,9698.38024140695,M,63.4,8.9
9694,11/2015,961,74828.45206254415,8025.442285774962,M,62.4,6.9
9695,11/2015,416,95268.19415308522,9175.106403297264,M,50.8,16.2
9696,11/2015,506,84223.08196345164,10237.683354310295,M,38.7,5.6
9697,11/2015,287,65446.253392159684,8234.080477753485,M,40.1,15.2
9698,11/2015,52,90633.28618510456,10486.830869427868,M,55.3,5.2
9699,11/2015,132,128518.81947505109,9545.903719008791,M,60.6,17.3
9700,11/2015,319,102315.73129388368,9057.338048001116,M,42.7,9.7
9701,11/2015,871,76823.66840916491,8093.126619586385,M,,7.2
9702,11/2015,213,60580.10972126542,5875.861654933494,M,40.4,15.2
9703,11/2015,846,102428.90630435968,9373.220455953644,M,33.1,17.2
9704,11/2015,351,92656.38656797934,10202.704658388977,M,53.7,7.8
9705,11/2015,324,78418.5339644479,7764.239596528086,M,54.6,9.8
9706,11/2015,173,78926.12195718201,10634.205101194513,M,46.9,9.3
9707,11/2015,88,99021.99157806044,9076.508847366205,M,43.9,18.0
9708,11/2015,347,104910.2828125505,7977.036559693296,M,,15.2
9709,11/2015,513,67697.35063935025,6256.964566655395,M,42.2,14.3
9710,11/2015,487,67020.79858289036,7886.790734852699,M,32.3,14.8
9711,11/2015,295,104788.09456121073,8420.836918289486,M,46.5,8.4
9712,11/2015,430,99447.09804287856,9458.860874640983,M,,11.6
9713,11/2015,437,70417.00825414839,8198.88907026024,M,35.0,9.8
9714,11/2015,644,84853.36503522226,8977.364016780404,M,60.0,5.4
9715,11/2015,803,96982.57071106722,7722.8264196915425,M,39.6,13.8
9716,11/2015,2,82674.03636545705,7874.01172337286,M,65.5,1.0
9717,11/2015,932,84660.20019853639,7360.729408780651,,37.4,12.0
9718,11/2015,843,108323.70185060706,9427.657363377242,F,40.4,15.0
9719,11/2015,138,89082.78627142071,7538.599058972797,M,34.5,5.5
9720,11/2015,356,80811.26199130864,8403.944611231334,M,51.3,12.6
9721,11/2015,466,97763.48705667276,9224.827453102023,M,51.7,13.4
9722,11/2015,729,67833.77686650342,6850.705960371237,M,59.3,9.7
9723,11/2015,535,75179.86248172012,8333.387184924663,M,62.7,2.9
9724,11/2015,715,69781.45520261695,7554.637497499341,M,51.8,5.3
9725,11/2015,70,65777.04241557023,7585.975953112004,F,59.0,4.7
9726,11/2015,485,90718.4257131901,9324.768926233191,M,56.3,15.4
9727,11/2015,128,55091.29417903582,6721.30690947045,M,52.0,5.9
9728,11/2015,587,55726.455566271776,6864.083760187736,M,51.7,9.9
9729,11/2015,142,84791.69289525313,8496.093765105765,,37.3,14.2
9730,11/2015,938,69922.85418877123,7596.0141975432925,M,64.5,16.4
9731,11/2015,725,88801.53224518502,7434.622926214839,M,39.9,3.3
9732,11/2015,801,76330.48054272108,8949.937690165798,M,42.7,11.4
9733,11/2015,653,76780.9772660725,7352.0994312267785,M,57.7,13.8
9734,11/2015,921,54891.57840782724,6356.537840601535,M,55.5,17.4
9735,11/2015,98,84059.68852540669,7488.426801755939,M,39.4,10.5
9736,11/2015,608,82859.68062335906,7975.302347018565,M,63.9,13.4
9737,11/2015,576,87617.92885367542,8314.076023021404,M,64.1,4.1
9738,11/2015,936,102296.91109623846,8631.730288858631,M,55.9,11.4
9739,11/2015,301,73347.35750984031,6926.176140532305,,33.7,2.0
9740,11/2015,266,83268.37262844716,7997.61443275057,M,36.1,1.4
9741,11/2015,499,104709.42791055478,9679.887648784428,M,32.6,1.0
9742,11/2015,133,121774.83078396425,8575.699989611943,M,43.3,13.8
9743,11/2015,989,99407.09313706894,9198.390517173948,M,,6.4
9744,11/2015,619,82150.75911302472,8815.58683071588,M,55.2,4.2
9745,11/2015,136,73186.0312881104,8188.210582072931,M,58.5,1.0
9746,11/2015,277,104914.25398368413,9934.958249842353,M,33.1,12.5
9747,11/2015,267,104952.00753323277,9033.6474033262,M,52.8,4.8
9748,11/2015,749,117953.88479654567,9519.984858482612,M,40.0,12.2
9749,11/2015,254,97756.8581447195,8878.8563434471,M,57.0,18.2
9750,11/2015,630,63821.357135280916,8174.086337591432,M,45.0,17.3
9751,11/2015,339,83072.2380478128,9550.493839013192,M,41.1,18.1
9752,11/2015,203,66372.40342931442,7640.202932481426,M,59.0,16.3
9753,11/2015,107,70376.00139815254,7696.731301739647,M,49.9,10.0
9754,11/2015,24,116475.40771148112,11119.60940313137,M,33.6,12.8
9755,11/2015,668,58644.227036562224,6782.324431331094,M,,14.9
9756,11/2015,837,76486.23810919403,8356.358368904866,M,36.8,12.8
9757,11/2015,392,98276.22157027044,8427.209398789195,,33.3,4.8
9758,11/2015,330,73718.91080538268,8495.434694220347,M,,2.2
9759,11/2015,151,65994.4662499795,9229.376912959833,M,48.4,18.7
9760,11/2015,856,62082.90662330911,7605.811893238797,M,53.8,16.7
9761,11/2015,976,68950.26299814093,7929.436075758441,M,57.8,1.9
9762,11/2015,831,74758.06114300375,9179.857246240654,M,54.2,8.5
9763,11/2015,991,82304.55891576629,7683.043378202814,M,35.2,11.1
9764,11/2015,201,93999.94744560169,8235.988888523709,M,57.3,6.1
9765,11/2015,788,84761.30566818247,8575.380066452533,M,32.6,18.3
9766,11/2015,1,79309.5157856571,9589.302159922481,F,43.8,1.4
9767,11/2015,103,95593.82616088747,8085.447999527787,M,64.3,11.8
9768,11/2015,53,97236.00452536698,7752.438951747874,M,56.0,7.9
9769,11/2015,241,110906.10643976304,9976.532638009345,M,36.5,11.2
9770,11/2015,346,72049.8115376775,8528.587393923792,M,49.3,16.0
9771,11/2015,450,69118.89243652354,8591.906954402699,M,57.8,13.3
9772,11/2015,628,87089.67347483842,10127.345139316583,M,61.0,15.2
9773,11/2015,700,74907.28938498879,6957.048836866307,M,51.2,10.6
9774,11/2015,4,81753.05790231962,8073.59634305051,M,59.6,11.7
9775,11/2015,334,89569.42745405291,8545.922309112364,M,56.3,7.2
9776,11/2015,641,84524.56135810539,11156.453438334845,M,33.8,11.0
9777,11/2015,794,93077.1088604294,8767.064705867178,M,34.9,12.3
9778,11/2015,390,80288.71685906252,6665.667860606207,M,54.7,12.7
9779,11/2015,141,83385.6337821849,8015.232979197042,M,44.7,8.8
9780,11/2015,980,65717.87597391312,7595.831521180442,M,36.0,2.1
9781,11/2015,734,84992.1541638712,8584.427456395426,M,47.7,11.6
9782,11/2015,342,60338.517431469714,7733.107465603712,M,43.7,4.9
9783,11/2015,370,98294.9678872646,8694.619476857695,M,46.2,1.9
9784,11/2015,480,100551.1014178952,7684.72863528408,M,38.6,11.5
9785,11/2015,902,105695.61020684507,8537.487821156554,M,63.6,5.8
9786,11/2015,477,93977.9138058573,8608.193785973497,M,46.4,8.8
9787,11/2015,193,63338.92561475392,7136.251916758093,M,52.8,16.4
9788,11/2015,476,89054.44509481124,10497.397121569633,M,,18.3
9789,11/2015,537,94571.04656067402,10208.207175519146,M,37.3,2.5
9790,11/2015,591,118614.19358601027,9441.683412886321,M,56.1,9.5
9791,11/2015,189,123517.68914280545,10497.390692057304,M,41.9,5.9
9792,11/2015,596,97764.94604582703,9088.47197275463,M,56.2,13.7
9793,11/2015,235,98120.94326845196,7311.332456696212,M,37.4,9.0
9794,11/2015,520,76144.79774660211,8874.201078723221,M,54.7,8.8
9795,11/2015,677,78456.60841954629,8348.147397613786,M,58.8,14.4
9796,11/2015,704,97976.47928109384,7837.477563824835,F,57.6,7.7
9797,11/2015,355,120514.78791366958,8366.682111931304,M,50.0,3.0
9798,11/2015,247,76009.70675736963,7645.406951663921,M,53.5,2.0
9799,11/2015,207,88290.42270408412,8353.842411544638,M,47.8,3.5
9800,11/2015,990,139354.2019370265,11288.170335156992,M,36.3,4.7
9801,11/2015,41,79936.67043714672,9787.688868144665,M,36.9,10.0
9802,11/2015,678,97444.90367495977,8089.516017770327,M,55.7,7.7
9803,11/2015,663,92257.98222059586,8687.311754455328,M,56.7,12.1
9804,11/2015,28,119546.78598544815,10557.713933360843,M,65.2,4.4
9805,11/2015,672,92863.0170878124,8343.033042457637,M,53.2,13.5
9806,11/2015,393,72861.71356537018,7795.9968875167015,M,33.5,7.3
9807,11/2015,615,91162.68666653335,8146.024895281386,M,51.3,2.9
9808,11/2015,923,103478.29556610525,9390.754976075375,M,32.0,7.7
9809,11/2015,544,68712.41881648666,8331.910779063224,M,39.6,13.0
9810,11/2015,364,104917.6521718001,7500.470028630336,M,41.0,9.2
9811,11/2015,573,78389.03614020823,7385.284960429621,M,60.9,6.4
9812,11/2015,125,91035.8968389614,8569.416780625417,M,37.2,9.2
9813,11/2015,949,61347.95510052919,7466.886428629504,M,36.4,12.6
9814,11/2015,510,96597.54460362178,10385.776674549725,M,55.0,12.2
9815,11/2015,878,97697.86896689163,8977.917672353247,M,36.2,5.5
9816,11/2015,992,87566.76643555699,10122.538856526404,M,36.1,17.3
9817,11/2015,8,96921.28211357401,7941.9633436857075,M,39.7,13.2
9818,11/2015,984,65637.48495564013,8664.840022944225,M,42.3,10.7
9819,11/2015,763,81205.21652412221,7153.133368325466,M,37.4,6.6
9820,11/2015,973,76031.16128083214,8577.160041673078,M,39.5,15.8
9821,11/2015,25,72266.72583122057,8268.934591817735,M,34.8,14.6
9822,11/2015,541,83652.62219218008,8481.579888787195,M,48.7,8.1
9823,11/2015,757,86063.11441362835,7217.949044456447,M,,13.5
9824,11/2015,374,90117.30962660583,7424.614772412908,,39.7,13.9
9825,11/2015,64,96899.44806515705,7413.037782201516,M,46.0,5.6
9826,11/2015,500,71507.53574010848,7814.480275972086,F,46.2,13.5
9827,11/2015,647,58086.73551773673,6406.743795943894,F,63.4,11.7
9828,11/2015,614,87179.74627203723,8399.327086180076,M,59.8,17.8
9829,11/2015,21,99536.946418236,9700.679722738225,M,32.8,7.5
9830,11/2015,13,74866.32701333622,7995.448214220078,M,43.1,15.2
9831,11/2015,639,89169.81329411524,8296.937873309607,M,50.0,9.2
9832,11/2015,868,64175.16741707135,7003.693497861901,M,32.5,7.3
9833,11/2015,805,65323.04742653822,7273.514565931734,M,40.7,10.5
9834,11/2015,891,106975.66629106624,9105.888321216962,M,56.5,13.8
9835,11/2015,561,84430.85778243239,8444.549012103082,,44.2,6.2
9836,11/2015,709,84993.91685187974,9128.002028228244,M,38.7,12.6
9837,11/2015,429,106653.07999433459,8704.107806388583,M,46.7,4.7
9838,11/2015,720,102630.3490214457,9689.798351182022,M,64.6,15.1
9839,11/2015,187,98035.10137863342,7896.284863737113,M,48.7,17.0
9840,11/2015,457,83741.81040972416,9142.54050927925,M,63.5,10.5
9841,11/2015,844,76421.37880189106,7001.7394652401435,M,47.4,2.4
9842,11/2015,552,103141.31497527673,9340.685791531929,M,61.3,7.3
9843,11/2015,498,104555.21072263,10390.415073014,M,49.2,15.3
9844,11/2015,230,82633.86844122369,6825.49433883027,M,38.2,5.1
9845,11/2015,131,79223.02818961737,8506.718238427844,M,35.1,16.0
9846,11/2015,268,108932.69025244004,8481.396483095326,M,41.2,11.2
9847,11/2015,634,82417.50047347671,8792.368643714419,M,46.8,4.5
9848,11/2015,930,91676.83661024368,8931.446326141588,M,54.4,16.9
9849,11/2015,730,95935.2976385659,8448.29966770844,M,60.8,1.5
9850,11/2015,386,107056.30505794895,9679.922480233348,M,37.5,12.8
9851,11/2015,897,100571.3184555258,7693.626877067745,M,43.3,2.5
9852,11/2015,604,55750.761206597774,6949.435120943626,M,59.8,7.6
9853,11/2015,850,136024.34548329673,9606.426923814879,M,39.4,1.4
9854,11/2015,626,79926.95884103798,7698.370471146108,M,51.8,18.1
9855,11/2015,163,60811.52796138662,7645.643455618043,M,58.5,9.1
9856,11/2015,82,104689.61720014838,7569.461232676828,M,61.7,4.0
9857,11/2015,36,74022.52621800636,6883.701618052878,M,37.4,16.3
9858,11/2015,977,99727.30720476496,8720.931473130544,M,56.2,3.7
9859,11/2015,123,63436.8218504009,6787.760930954268,M,65.3,11.5
9860,11/2015,92,90675.88905531314,9333.861554761806,M,41.4,15.1
9861,11/2015,26,82897.79861635054,8585.187267914554,F,47.5,2.7
9862,11/2015,251,66178.88503287107,7869.219368418083,M,43.0,11.9
9863,11/2015,598,114685.99189522394,9127.5377031529,M,51.3,9.4
9864,11/2015,524,79343.98996936252,8530.29938864061,F,39.5,18.5
9865,11/2015,726,68090.48900626464,8099.737339890947,M,58.1,4.5
9866,11/2015,263,137295.52579554616,9131.892796026208,M,52.2,12.2
9867,11/2015,365,88543.65082683267,7691.298745325997,M,37.6,5.3
9868,11/2015,44,85941.77813099562,10463.778265972987,M,61.5,8.9
9869,11/2015,530,93481.74392770074,9915.195196299457,,47.2,6.9
9870,11/2015,838,73410.85021263262,8649.81486329707,M,,17.2
9871,11/2015,311,83070.47091877398,8537.152122071988,,32.1,9.4
9872,11/2015,447,93707.61535044486,10326.097508696797,M,65.5,12.1
9873,11/2015,993,72440.49790831405,8009.833866686613,M,35.0,2.9
9874,11/2015,315,86737.01486493646,7487.012375300665,M,61.1,8.7
9875,11/2015,20,98714.80894948017,9147.240601762753,M,52.1,18.1
9876,11/2015,618,88580.25246500284,7512.794518404,M,63.9,9.0
9877,11/2015,43,112895.7424457327,8288.97870516774,M,57.3,1.2
9878,11/2015,190,98976.49755696281,7673.799560232848,M,57.5,14.1
9879,11/2015,659,119865.97150733302,7975.277963701688,M,65.4,14.7
9880,11/2015,47,85289.54184018905,8729.936528406044,M,40.7,5.3
9881,11/2015,987,74889.69271034798,9341.148200682248,M,32.4,13.8
9882,11/2015,71,112278.88127493754,9401.49040220955,M,39.0,1.0
9883,11/2015,198,70205.1225873778,7834.584285025038,M,41.1,16.6
9884,11/2015,473,97668.48877517432,7596.733130303866,M,59.5,14.6
9885,11/2015,338,74401.77644044995,7808.434213479589,M,42.2,4.3
9886,11/2015,440,58028.495432975105,6581.9732550371355,F,39.6,4.4
9887,11/2015,246,79615.74167700224,8907.289558801025,M,57.2,15.1
9888,11/2015,116,88769.86710511184,9054.302046862305,M,42.2,10.6
9889,11/2015,849,67133.7954288784,7173.84688036849,M,65.4,12.1
9890,11/2015,900,90953.41811613267,8464.650982581903,M,41.5,9.4
9891,11/2015,359,82775.37333583499,8226.366539201836,M,47.7,7.9
9892,11/2015,299,98313.9038267333,7008.093633934585,M,50.1,2.0
9893,11/2015,7,107678.6701788831,8980.235313531002,M,40.8,14.1
9894,11/2015,297,55917.656689851174,6718.24185704914,M,53.7,1.0
9895,11/2015,822,88434.8811190953,8915.528777298885,,54.0,2.9
9896,11/2015,648,75538.47448240081,8599.398098858204,M,49.6,4.4
9897,11/2015,294,83328.29018185106,7294.799150742702,M,59.6,4.9
9898,11/2015,491,95314.54332021209,9455.890237202611,M,61.1,3.2
9899,11/2015,568,84610.76276742239,8602.405923588896,M,,16.5
9900,11/2015,584,107161.03880244208,9640.442182124008,M,43.3,14.9
9901,11/2015,690,68940.96786776684,7115.663146353486,M,,8.8
9902,11/2015,291,73570.14797759635,7264.960255860761,M,33.2,5.4
9903,11/2015,49,105031.4430591381,10030.417937746477,M,45.1,3.0
9904,11/2015,585,87772.54275415602,9290.156513977321,M,37.9,11.3
9905,11/2015,606,109090.26089327865,9998.79869837552,M,51.5,15.1
9906,11/2015,693,79071.95105935904,8405.335222499076,,53.1,9.9
9907,11/2015,944,86409.73769041967,8798.35932666559,M,49.4,14.1
9908,11/2015,793,75532.18786822504,7731.287062936872,M,35.0,12.5
9909,11/2015,425,132977.46166879626,9971.797073517308,M,,17.9
9910,11/2015,683,99215.82205807617,8493.207481731393,,54.5,3.6
9911,11/2015,656,86808.33530407169,8429.210231284313,M,56.4,17.8
9912,11/2015,488,98389.7569586183,9060.921279561526,M,32.4,5.8
9913,11/2015,61,64645.69734982575,7647.575046038449,M,34.1,16.4
9914,11/2015,904,108022.33422785689,9827.352883256095,M,,4.0
9915,11/2015,378,100123.4525469784,9718.388572660087,,36.7,3.5
9916,11/2015,269,106146.89064573743,8920.838371163369,M,39.7,8.1
9917,11/2015,889,85766.4303909157,8044.193326764298,,55.5,2.0
9918,11/2015,481,87844.03886024113,8340.657865485411,F,51.5,17.1
9919,11/2015,344,68169.01433715853,7591.673929846337,M,51.0,11.8
9920,11/2015,99,93554.10402356848,8646.930487429076,M,55.3,5.7
9921,11/2015,832,102705.77330899857,8564.274909591684,M,,13.3
9922,11/2015,127,117272.33774025696,9019.060225374695,M,55.8,11.8
9923,11/2015,617,84633.75713269835,7766.471666002768,M,38.2,17.4
9924,11/2015,770,95426.39450914727,8852.641539816846,M,56.6,15.9
9925,11/2015,484,101926.10164974193,8187.033301206588,M,36.2,4.1
9926,11/2015,341,95252.15261576007,8930.012708023667,F,63.1,16.9
9927,11/2015,982,99246.18625686827,9066.873428245224,M,,9.4
9928,11/2015,212,90683.08631601854,9157.22538872379,M,46.4,1.6
9929,11/2015,589,92599.86346702657,8323.590633086169,M,40.7,6.4
9930,11/2015,797,85908.52548624403,7671.0882914934255,M,44.6,5.9
9931,11/2015,753,109099.84158129214,11134.377562627962,M,32.8,12.8
9932,11/2015,227,84234.77937439576,9970.448627769467,M,,16.2
9933,11/2015,86,80248.53863925865,8374.237005801928,,,5.4
9934,11/2015,680,92377.82670331128,9198.53394032381,M,61.1,18.9
9935,11/2015,195,105731.61833410204,9161.697762949729,,54.1,8.8
9936,11/2015,595,84776.00139662182,8197.142578559628,M,45.4,7.1
9937,11/2015,854,86374.53913413388,9422.191943483589,M,44.2,18.7
9938,11/2015,828,86523.27127050683,9374.825659520386,,50.6,1.1
9939,11/2015,261,137472.3000976131,10433.87033208609,M,36.4,18.5
9940,11/2015,603,85725.18167072623,7219.37853805307,M,34.9,10.7
9941,11/2015,379,70490.71396170424,7859.597082376262,M,65.1,12.4
9942,11/2015,888,95536.6696122188,8543.552787303452,M,,4.0
9943,11/2015,741,80562.80193744274,7796.397843519207,M,42.4,11.2
9944,11/2015,60,90802.64636212622,7652.684732236064,M,53.4,11.0
9945,11/2015,955,93938.97661198236,7866.0887151701045,M,35.8,8.5
9946,11/2015,62,119789.35835047101,8727.083313728825,M,34.0,4.3
9947,11/2015,638,88857.22053143999,10054.365484966638,M,62.7,9.4
9948,11/2015,697,81497.57025905918,7430.620881624736,M,35.0,15.2
9949,11/2015,147,93617.69122889922,9205.647288993037,M,53.7,14.7
9950,11/2015,637,116078.8531960126,8964.240932619929,M,63.3,3.0
9951,11/2015,799,82171.05311801247,10007.930937102918,M,45.3,1.1
9952,11/2015,178,79314.7741386632,7776.201372679321,M,49.0,7.8
9953,11/2015,806,104592.36053340128,10405.997435223328,M,50.3,7.6
9954,11/2015,300,89473.28310574334,7615.745040228222,M,35.9,9.5
9955,11/2015,998,69551.46184181041,7050.619783526837,M,32.1,1.4
9956,11/2015,337,85877.63057358097,8670.009704093485,M,36.0,9.4
9957,11/2015,549,123284.19449785679,11068.423003374923,M,55.1,16.4
9958,11/2015,767,123508.79566760162,8833.031881459443,M,56.5,1.2
9959,11/2015,157,77399.6958850318,9462.180238912348,M,56.8,16.2
9960,11/2015,540,128993.31966182991,9594.294250001512,M,41.6,6.5
9961,11/2015,108,73642.5880362281,7607.806891486592,M,51.2,2.9
9962,11/2015,352,85087.08752186457,8189.873280549473,M,58.1,9.3
9963,11/2015,847,77624.19869138382,8702.228413836458,M,51.0,5.2
9964,11/2015,479,78306.87863621116,8159.553755817034,M,54.6,1.0
9965,11/2015,622,128660.01491339438,8915.37837073296,M,53.2,7.6
9966,11/2015,937,81377.34319183076,7712.913595657824,M,54.9,11.5
9967,11/2015,775,80243.0091702509,9502.619467384951,M,50.4,9.8
9968,11/2015,623,85368.6508440935,7965.048697821745,,,14.4
9969,11/2015,87,97962.21699590827,10281.549912090255,M,48.0,15.4
9970,11/2015,80,110019.33548665955,8955.30844803235,M,57.8,17.5
9971,11/2015,434,94542.39222343446,8541.616143828764,M,36.5,7.7
9972,11/2015,210,83285.04979379915,7800.792016445285,M,37.0,1.9
9973,11/2015,860,121286.46886392435,10536.23474042054,M,38.0,16.8
9974,11/2015,220,72177.85647343847,7463.600068010237,M,32.1,7.3
9975,11/2015,769,96558.55447189709,9811.349716984745,,58.8,18.9
9976,11/2015,692,123289.84147970073,9527.232942970952,M,42.5,2.3
9977,11/2015,546,87646.35827692617,9270.346102110672,M,55.6,13.5
9978,11/2015,777,79040.79034338801,8234.570101667761,M,59.2,16.0
9979,11/2015,581,79553.86654037311,8779.149543454527,M,35.5,18.5
9980,11/2015,452,102673.01853996029,9540.055077524017,M,53.3,4.4
9981,11/2015,511,108857.55360478371,8673.723214544654,M,35.2,10.9
9982,11/2015,214,114363.62949393406,9405.465456320133,M,,5.9
9983,11/2015,234,65001.61477191462,7391.104977905974,M,42.7,6.2
9984,11/2015,853,100840.30055006128,9637.478397808607,M,42.5,2.3
9985,11/2015,551,94056.67429166452,9704.114304696159,M,,4.3
9986,11/2015,505,83111.72969367573,9889.760564692073,M,33.7,2.5
9987,11/2015,508,97052.71779133855,9391.617316227004,M,54.1,8.3
9988,11/2015,795,90662.99258084728,7258.569904590629,M,50.4,8.6
9989,11/2015,317,89062.4775377442,9247.594709341496,M,33.3,2.7
9990,11/2015,792,88713.88996326175,8170.49712681403,M,,8.7
9991,11/2015,974,91192.44247731105,7975.074186844799,M,34.8,8.2
9992,11/2015,117,98333.49074262135,9417.370104199545,M,59.4,17.1
9993,11/2015,410,95084.13440854997,7685.50261614918,M,38.0,17.4
9994,11/2015,182,118019.63052707657,10151.753884476388,M,40.0,14.4
9995,11/2015,119,82493.50473355925,9213.778986066754,M,65.9,15.4
9996,11/2015,236,95091.30241292882,9064.413775585208,M,42.3,6.7
9997,11/2015,449,64324.29898238141,8037.062930651376,M,38.4,18.7
9998,11/2015,494,79239.66091644712,8158.856698122232,M,48.7,7.9
9999,11/2015,609,86379.21899194538,8582.027445645039,M,,4.6
10000,10/2015,943,110583.05232799893,9135.150885143397,F,58.4,0.6
10001,10/2015,966,101997.76554261133,9002.005129063533,M,46.8,0.1
10002,10/2015,250,81010.15082207695,8182.850320234896,M,32.0,0.1
10003,10/2015,156,87410.36057309776,7567.244655375424,,64.8,0.7
10004,10/2015,67,69929.19204504274,7932.758601244217,M,60.7,0.4
10005,10/2015,684,71576.40794222175,7925.5459823160645,M,,0.5
10006,10/2015,527,115599.98633426407,9473.572111347852,M,,0.4
10007,10/2015,556,74771.45769805192,8203.542551893986,M,50.7,0.8
10008,10/2015,446,88413.73854117666,7630.026995990492,M,49.5,0.1
10009,10/2015,841,84557.10183035448,8570.079067672224,M,48.2,0.7
10010,10/2015,126,87946.10006497693,8423.694612761685,M,53.2,0.7
10011,10/2015,910,75908.21863380505,8662.983428269785,M,58.2,0.6
10012,10/2015,112,127734.41203391786,10089.087526529422,M,54.8,0.9
10013,10/2015,191,74462.83496041138,8470.670288812129,M,50.4,0.1
10014,10/2015,739,84788.612013718,8350.29926973158,M,37.6,0.6
10015,10/2015,579,78315.56871771478,7845.6747731017385,M,41.3,0.3
10016,10/2015,111,91444.82104538924,9616.834170371985,M,45.4,0.8
10017,10/2015,285,70729.55792309638,6439.983051682313,M,47.3,1.0
10018,10/2015,796,74415.76847085312,8069.2572657773235,M,59.2,0.3
10019,10/2015,310,88585.96054318697,8971.33924085474,M,42.2,0.8
10020,10/2015,458,91317.4983122388,9479.668139858519,M,39.7,0.2
10021,10/2015,884,99703.08498665699,9053.939107502172,M,64.1,0.6
10022,10/2015,335,89021.58967925808,9310.310314887758,M,47.0,0.8
10023,10/2015,521,79973.43520332706,8414.911890718013,M,56.1,0.8
10024,10/2015,887,81341.13686934506,7566.878688021935,M,,0.0
10025,10/2015,601,91725.71343748251,9917.070161254922,M,39.8,0.2
10026,10/2015,11,79194.95505049167,7848.550135011642,M,39.1,0.6
10027,10/2015,624,66961.46864432553,8099.563559115436,M,52.8,0.7
10028,10/2015,737,79140.58078652152,6920.227289515698,M,58.1,0.3
10029,10/2015,823,102260.47243643497,9078.570042427658,M,50.6,0.3
10030,10/2015,752,84010.67657637312,8699.8726645143,M,63.6,0.4
10031,10/2015,732,87846.62407773305,7379.398798097132,M,54.1,0.5
10032,10/2015,493,72595.49220454413,8688.128421763196,M,61.1,0.2
10033,10/2015,159,78012.98441495343,8548.890798563825,M,48.4,0.6
10034,10/2015,225,79917.2997455834,8435.94414560268,M,,0.6
10035,10/2015,784,92702.60503167039,8092.444026371164,M,54.3,0.2
10036,10/2015,171,67697.98801825338,7742.008183500712,M,49.4,0.4
10037,10/2015,460,108151.919902973,9524.759537476408,F,33.0,0.3
10038,10/2015,408,87165.88303909148,8546.155045352067,M,65.0,0.9
10039,10/2015,239,87363.49674317367,8054.178534981271,M,60.4,1.0
10040,10/2015,812,80559.7792127366,6249.812548138923,M,54.7,0.9
10041,10/2015,896,93968.12742325138,8994.69767153023,M,58.5,0.0
10042,10/2015,354,127398.43424650446,9967.609628161455,M,65.2,0.4
10043,10/2015,574,120920.96290717382,10695.152235509266,M,60.7,0.3
10044,10/2015,186,79183.11678822144,8800.467517541092,M,65.7,0.6
10045,10/2015,381,79301.3227430096,8582.58093642479,M,44.0,0.1
10046,10/2015,898,74590.7031997653,7398.24500808555,M,46.5,0.0
10047,10/2015,405,78505.63334361694,9129.151467132599,M,32.2,0.1
10048,10/2015,439,97470.89777600099,9907.988927273567,M,65.2,0.3
10049,10/2015,532,79290.56012454907,8769.989627741796,M,38.2,0.5
10050,10/2015,665,94849.59269869179,7595.05023347661,M,,0.6
10051,10/2015,962,83707.69005885732,7817.403566426222,,53.5,0.8
10052,10/2015,303,69220.61749071926,7276.921048133078,M,37.0,0.6
10053,10/2015,996,73158.02833575904,8902.972739119334,M,41.0,0.5
10054,10/2015,836,83660.00328788112,8366.00590658798,,55.4,0.2
10055,10/2015,840,96052.67147199152,8946.888508115358,M,35.8,0.3
10056,10/2015,459,105403.02768930265,9923.106099244216,M,36.2,0.4
10057,10/2015,611,104918.22186329254,9713.07115265891,M,62.4,0.4
10058,10/2015,467,82448.86085392041,8261.973985003184,M,,0.5
10059,10/2015,786,70170.77620761743,8639.63230595193,M,46.5,0.0
10060,10/2015,23,72608.87893639844,8383.826485532954,M,51.4,0.9
10061,10/2015,302,100286.86877768757,7497.665035322221,M,47.2,0.2
10062,10/2015,289,106004.87457591562,9123.25988367299,M,39.5,0.5
10063,10/2015,155,97027.32902044836,9560.430341075145,M,57.3,0.4
10064,10/2015,327,138930.33984695224,10597.767095764937,M,51.8,0.8
10065,10/2015,114,66991.21584347778,7488.72084626724,M,61.1,0.9
10066,10/2015,756,93865.00424375481,7790.379065818025,,54.8,0.3
10067,10/2015,880,84033.27646196219,7846.183790220618,M,45.6,0.6
10068,10/2015,660,102392.2929820094,9955.082519321084,M,56.5,0.9
10069,10/2015,454,75106.18259865363,8175.6946285221175,M,40.2,0.2
10070,10/2015,969,76935.39482236974,8319.978883090096,F,62.8,0.7
10071,10/2015,176,80232.56703608324,8103.00983542555,M,35.8,0.9
10072,10/2015,432,84710.19032840418,9111.532014935683,M,47.3,0.9
10073,10/2015,531,72501.17186603099,7750.675738612002,M,46.6,0.9
10074,10/2015,101,85555.33871352604,7659.242874521454,M,,0.9
10075,10/2015,738,85780.01085360211,7911.761744027683,M,36.7,0.3
10076,10/2015,271,68241.60662654706,8702.463008702493,M,64.8,0.4
10077,10/2015,423,79818.04537985648,9065.784443860386,M,59.1,0.6
10078,10/2015,765,78699.35003301142,7390.632616094822,M,47.8,0.8
10079,10/2015,691,104787.49279164006,9313.985837463071,M,44.8,0.4
10080,10/2015,533,95180.63127882332,9558.720488484943,,35.8,0.1
10081,10/2015,716,105167.95568913312,9210.244907708917,M,39.8,1.0
10082,10/2015,922,112588.72667944152,9066.548796232266,M,58.5,0.8
10083,10/2015,174,75991.34380548,8712.058314327058,M,46.1,0.9
10084,10/2015,200,59611.673116147795,7726.4684737274,M,39.0,0.7
10085,10/2015,316,89482.46913168175,8858.570162325348,M,34.8,0.2
10086,10/2015,307,83035.85840073007,8158.106261135333,M,65.0,0.7
10087,10/2015,882,72315.05725629926,7046.466334313315,M,33.7,0.6
10088,10/2015,706,75916.65901351515,7945.468249793419,M,51.7,0.3
10089,10/2015,829,100274.56376924308,9722.032613220501,M,35.3,0.5
10090,10/2015,719,80111.07044289765,8352.91367961432,M,32.6,1.0
10091,10/2015,935,98294.57143424095,9145.961748741192,M,38.9,0.3
10092,10/2015,68,71924.47113441963,7466.880393732588,F,35.8,1.0
10093,10/2015,815,93650.43759355857,9617.127561719495,,64.2,0.3
10094,10/2015,747,95949.10433996197,9415.763392908253,M,43.6,0.7
10095,10/2015,798,90431.78114386289,8019.215416900168,M,35.3,0.4
10096,10/2015,865,71247.30911962216,7241.01700099989,M,58.5,0.3
10097,10/2015,399,82120.95878424997,7706.644460890273,M,53.1,0.9
10098,10/2015,509,88982.86801410795,8613.537291218558,M,46.7,0.5
10099,10/2015,308,115357.72268231277,8706.305690449488,M,48.1,0.9
10100,10/2015,502,76151.7489892373,9146.30220300498,M,61.5,7.9
10101,10/2015,81,58210.09816959577,7046.591165384217,M,42.4,14.4
10102,10/2015,814,87212.26674071542,8627.225767513364,M,33.1,18.7
10103,10/2015,666,121951.45586038253,9819.3657664587,M,35.3,8.7
10104,10/2015,205,88418.61511814734,7984.3942003934235,M,56.6,9.9
10105,10/2015,759,96197.69720875793,8761.940813652098,M,44.5,3.4
10106,10/2015,96,73121.23327214347,8092.8585502292835,M,37.2,9.4
10107,10/2015,671,62190.94415017915,8439.578002869448,M,61.4,16.8
10108,10/2015,100,105889.6051333196,9586.61824616034,M,38.1,17.2
10109,10/2015,321,63465.75673795777,8077.204589477161,M,,10.1
10110,10/2015,602,95213.56258977861,7963.636222501514,M,37.3,17.8
10111,10/2015,453,91514.27515860878,8732.737997886832,F,60.6,5.4
10112,10/2015,396,136097.91120929015,8757.006777497902,M,33.1,12.5
10113,10/2015,113,83067.42842492527,8991.502977268196,M,,16.9
10114,10/2015,988,83455.8630532248,9715.209035213866,M,32.9,11.3
10115,10/2015,956,77226.52763655227,8051.506707399106,M,65.3,15.6
10116,10/2015,59,93650.13481712794,7897.219474962259,M,46.9,8.1
10117,10/2015,593,74637.38380366314,8070.338940795055,M,43.4,15.5
10118,10/2015,10,66085.57461626224,7476.82661990987,M,45.5,6.4
10119,10/2015,196,73548.58812355559,9335.128632594093,M,46.2,4.3
10120,10/2015,38,73589.3340357002,7397.885980004083,,51.3,5.9
10121,10/2015,625,81660.44026965252,8469.716125026933,M,57.7,13.8
10122,10/2015,570,78658.32079746165,9353.594034725096,M,47.1,16.8
10123,10/2015,745,98006.4917361586,8261.618485192683,M,51.3,15.9
10124,10/2015,764,98250.91682351363,9260.550531839515,M,47.3,15.0
10125,10/2015,66,84728.4591253286,8402.40914397678,M,40.0,18.9
10126,10/2015,84,93130.5334897764,9472.612420787376,,36.5,18.8
10127,10/2015,462,65096.10870727242,6891.4109805631615,,39.3,10.3
10128,10/2015,952,80495.4317700437,7730.799327419627,M,56.4,4.4
10129,10/2015,970,72484.5305391763,7205.87110669956,M,34.0,11.4
10130,10/2015,333,80467.53733417111,9387.614772659941,M,50.1,8.4
10131,10/2015,274,100935.0280694621,9422.937141162021,M,63.7,8.6
10132,10/2015,981,89875.20379368567,9629.453964401104,M,62.2,1.6
10133,10/2015,110,84761.62442750734,6705.553565803994,M,59.4,15.7
10134,10/2015,383,84992.22716165493,8544.250996274432,M,37.5,15.6
10135,10/2015,542,82906.75624387259,7932.66786129721,M,35.2,7.8
10136,10/2015,787,107181.5602427361,8853.192147131866,M,59.9,12.3
10137,10/2015,57,66651.11517839995,7479.098607622832,M,65.6,16.7
10138,10/2015,412,110434.251754204,9176.366727810204,M,59.3,4.6
10139,10/2015,177,88142.77430870809,9508.337248667121,M,41.0,1.9
10140,10/2015,560,79070.42985316772,7968.119687077796,M,41.8,12.4
10141,10/2015,398,86784.32985056973,7821.860319189207,M,52.0,4.8
10142,10/2015,916,74488.7616741654,8876.911823190672,M,65.1,18.0
10143,10/2015,965,114739.3492236621,9157.256823040758,M,65.8,5.6
10144,10/2015,746,81138.3326943779,8367.83544157212,M,48.2,1.6
10145,10/2015,912,68497.00716896176,8923.860580134315,M,55.6,16.5
10146,10/2015,257,82190.23710966876,9687.994013054624,M,36.1,4.5
10147,10/2015,727,90581.90911233338,9158.180115079022,M,53.5,16.6
10148,10/2015,144,87457.90242942226,8264.758823645665,M,43.3,7.4
10149,10/2015,164,63028.41904841919,7807.298110629925,M,39.8,10.5
10150,10/2015,48,106381.38943730705,10132.65389820422,M,63.4,11.9
10151,10/2015,872,94304.53443692437,8280.448101755663,M,50.2,11.6
10152,10/2015,391,109706.57855492375,9757.755976200624,M,47.8,2.2
10153,10/2015,703,83811.8805993092,7720.541004348357,M,,7.8
10154,10/2015,504,83473.53097161256,8934.660064829015,M,40.0,1.8
10155,10/2015,876,85729.76418286965,8695.10842514767,M,34.7,5.8
10156,10/2015,69,101972.55985867446,9981.278050845676,M,57.1,11.5
10157,10/2015,736,94993.78336757974,9618.713201086455,M,43.1,13.3
10158,10/2015,899,74514.41035764065,7382.452143257698,M,58.6,10.2
10159,10/2015,219,83179.05289262164,8168.787356342022,M,39.4,17.3
10160,10/2015,451,83423.10977057267,7992.251304806908,M,47.1,10.2
10161,10/2015,407,90137.49674792848,7488.985737958393,M,46.4,2.4
10162,10/2015,735,106223.64611769553,8786.032821727265,M,54.1,4.8
10163,10/2015,249,81306.23755513573,8608.165292538604,M,60.9,8.2
10164,10/2015,145,71815.27771140123,7318.66898605229,M,49.4,7.5
10165,10/2015,12,96577.44213559813,9003.36854144693,M,59.0,15.6
10166,10/2015,724,72125.60360559693,9344.190043122448,F,47.8,16.0
10167,10/2015,728,62031.072932988005,7637.100283558267,M,57.5,2.9
10168,10/2015,948,105611.89862174909,9152.785481231074,M,37.5,3.6
10169,10/2015,464,106198.14575264048,7545.646604487258,M,58.4,6.4
10170,10/2015,278,64253.09825526186,7643.267758613219,,47.4,10.8
10171,10/2015,89,98104.34196739679,9705.654834479274,M,42.9,7.5
10172,10/2015,124,82407.53981584472,7965.65729503172,M,35.2,9.5
10173,10/2015,185,125543.3031679474,9247.339477505453,M,35.5,14.5
10174,10/2015,514,83423.5859270222,8823.911739605868,M,45.0,12.9
10175,10/2015,651,89734.73982307837,7935.248797138157,M,39.2,8.3
10176,10/2015,669,72391.75262330733,6664.304185966903,M,52.7,13.9
10177,10/2015,97,87154.61809853547,9188.743118543278,M,62.2,11.0
10178,10/2015,924,81573.82003632747,8905.18501406398,M,64.5,11.3
10179,10/2015,323,90517.10042665665,9407.844471798226,F,48.5,8.9
10180,10/2015,643,101977.8322658745,9381.758925305368,M,35.7,16.0
10181,10/2015,890,81128.22403314433,8680.166992157187,M,55.4,17.6
10182,10/2015,929,104776.686349037,8602.043218110228,M,41.7,4.4
10183,10/2015,670,106584.24133821475,9292.431840310737,M,36.1,8.3
10184,10/2015,181,77619.6261686844,8848.881768670968,M,36.8,10.0
10185,10/2015,963,85156.11146564934,8316.877605860473,M,50.0,10.8
10186,10/2015,997,68523.82125244768,7437.123217135972,M,61.6,10.5
10187,10/2015,858,79420.34520929209,8061.863527619699,M,38.2,1.5
10188,10/2015,403,146199.63009987003,8775.81784136209,M,45.4,7.8
10189,10/2015,572,75430.0897422158,9491.993252437016,M,,7.6
10190,10/2015,754,87407.33981064806,9732.863759539965,M,55.8,11.8
10191,10/2015,72,101805.98793874579,7770.828356507459,M,46.7,11.5
10192,10/2015,283,78896.33014634329,7353.068147584689,M,57.9,9.6
10193,10/2015,705,106574.8526144501,8956.561406755742,M,46.5,1.7
10194,10/2015,983,68089.87126937344,7705.630439673754,M,36.0,14.7
10195,10/2015,305,59924.82711671927,7395.76131983252,M,63.1,4.2
10196,10/2015,857,79820.51938190259,7590.807274524933,M,37.8,3.3
10197,10/2015,74,68693.96811510183,7751.065851157138,M,37.2,15.0
10198,10/2015,824,87378.62900471226,8411.768280070242,M,56.3,2.9
10199,10/2015,231,76487.63572523367,8903.816780229672,,42.2,17.8
10200,10/2015,130,119426.06815182457,10063.034062588491,M,59.5,15.0
10201,10/2015,248,77963.87109286083,6952.385234826101,M,36.4,14.8
10202,10/2015,149,87994.47037044031,8624.7300774748,M,52.6,5.5
10203,10/2015,329,89024.93136936649,7297.47901231832,M,43.4,4.5
10204,10/2015,582,78882.94428416896,9275.990795329208,M,46.1,4.4
10205,10/2015,328,103895.43721333898,8360.48828432785,M,39.4,11.4
10206,10/2015,779,77231.39596969147,7765.695867809424,M,,18.0
10207,10/2015,807,77174.96083814595,7740.343303219831,M,,12.8
10208,10/2015,821,72172.92583090429,6627.445363851983,M,55.6,4.4
10209,10/2015,366,78631.48874710231,7910.334536338629,M,42.9,7.5
10210,10/2015,433,81122.31265660038,9410.224390926282,M,37.5,8.6
10211,10/2015,371,88928.67619271365,7930.882457529441,M,52.2,5.6
10212,10/2015,384,81631.76949243156,7639.060493006308,M,43.5,2.5
10213,10/2015,632,91428.0883431559,7640.92061429323,M,35.3,14.1
10214,10/2015,861,137493.25667821834,10481.489410679698,M,48.3,12.6
10215,10/2015,65,65782.28447170852,6187.8249241325475,,46.8,15.7
10216,10/2015,877,85091.7845506933,7640.968990047714,M,40.8,16.7
10217,10/2015,244,75296.06685967531,7676.707231931046,M,40.5,3.1
10218,10/2015,863,116028.68761686768,9950.513344237097,M,48.7,17.6
10219,10/2015,350,84112.36636384513,8451.126980401421,M,52.6,18.5
10220,10/2015,160,128029.56137481875,10353.68495518589,M,34.9,18.1
10221,10/2015,45,70100.08783295855,7602.2891113450905,M,40.4,11.4
10222,10/2015,497,109230.58429768699,10143.356417473422,,46.3,11.7
10223,10/2015,237,72425.39701140487,8498.050663171603,M,39.1,10.7
10224,10/2015,9,66759.13389860043,7795.977767961986,M,50.3,8.9
10225,10/2015,172,78945.79788012453,7661.43651318354,M,55.4,10.6
10226,10/2015,918,106063.30943501132,9653.12997725995,M,45.0,2.6
10227,10/2015,950,98406.24604557197,9305.089678979257,M,34.7,6.3
10228,10/2015,134,90327.72417410821,8086.153837633602,M,64.7,6.2
10229,10/2015,140,115828.17492766518,9083.675318230944,M,,14.0
10230,10/2015,238,110687.64012016679,9949.723567139341,M,61.8,3.6
10231,10/2015,567,126181.40252577011,9453.263370107385,M,49.1,15.0
10232,10/2015,146,72765.73725656525,7713.385038249048,M,38.1,5.6
10233,10/2015,519,94183.52756587612,8361.640996994674,,42.7,1.7
10234,10/2015,428,101450.22624586186,10177.492287435043,M,37.0,13.8
10235,10/2015,612,76609.88162249027,6763.7105014475455,M,56.8,10.3
10236,10/2015,153,97327.61974365925,7414.195613342467,M,32.3,18.2
10237,10/2015,592,72626.30866032347,6340.9699036517995,M,52.6,12.7
10238,10/2015,713,68051.61412756951,7452.202138604771,M,45.8,18.2
10239,10/2015,933,82238.26624548245,8468.747000202033,M,48.6,14.2
10240,10/2015,686,74426.29976867251,8554.924761603985,M,40.8,5.5
10241,10/2015,331,107485.3098623189,9091.44101471951,M,36.7,9.1
10242,10/2015,885,74499.01701664545,7058.619076041701,M,62.8,6.5
10243,10/2015,842,102430.23459224531,8922.066517503874,M,48.5,6.3
10244,10/2015,951,107494.46321362152,9551.21521483119,M,65.1,10.5
10245,10/2015,597,78112.54085258988,7950.933860671761,M,60.0,13.1
10246,10/2015,93,91652.60736607017,9391.231933795829,F,38.4,14.3
10247,10/2015,402,90870.5051511997,7719.9892482955565,M,35.4,15.1
10248,10/2015,435,110228.29931739505,9433.871660571616,F,60.5,17.1
10249,10/2015,751,85388.38220382304,9104.192543790326,M,55.1,6.5
10250,10/2015,733,108659.88629677035,7338.28861034785,M,52.2,13.6
10251,10/2015,121,95328.43485198723,10059.19988741405,M,58.7,18.4
10252,10/2015,760,91312.89302107549,8995.39466188659,M,47.8,11.1
10253,10/2015,372,82853.54956406057,8773.788537633844,M,33.0,14.3
10254,10/2015,441,69411.68346735404,7906.526612294643,M,51.6,2.3
10255,10/2015,270,82570.11245572465,8480.96829237157,M,40.7,10.1
10256,10/2015,260,74832.9123284482,8708.270992637576,M,34.6,1.1
10257,10/2015,442,87182.98325294835,8049.81070510154,M,61.5,13.5
10258,10/2015,19,101614.67008263181,8777.513466724236,M,,12.4
10259,10/2015,218,88610.42729537374,8011.130189398248,M,60.8,12.0
10260,10/2015,1000,93902.07290863959,8966.795283619515,M,45.2,4.0
10261,10/2015,967,96209.3710119981,7981.851682525574,M,56.6,2.4
10262,10/2015,413,106019.15232045129,9749.970325155471,M,47.8,1.0
10263,10/2015,780,93793.62918295186,9720.597098885517,M,51.8,1.9
10264,10/2015,538,81131.32137409688,8278.144271532177,,44.3,13.5
10265,10/2015,255,73808.78569088988,7514.9749667692095,M,50.9,15.2
10266,10/2015,211,68643.66245919962,8295.308473516716,M,36.7,8.5
10267,10/2015,465,85453.8948373175,7794.174410798631,M,62.0,17.2
10268,10/2015,583,90813.55631345657,8311.444880939582,M,39.0,8.2
10269,10/2015,489,99797.47974015548,9583.885729946947,M,39.7,17.4
10270,10/2015,353,112823.71402186478,8368.574389716043,M,65.9,5.3
10271,10/2015,415,94166.01991874665,8624.226684610201,M,62.5,7.1
10272,10/2015,594,82428.04061415898,10200.674697083088,F,44.6,12.7
10273,10/2015,957,87443.28566848412,8266.582466771979,M,55.4,5.3
10274,10/2015,394,72174.29338597508,6622.663671770803,M,56.1,5.1
10275,10/2015,674,99466.09663924888,10283.45894265824,M,61.2,16.6
10276,10/2015,646,51855.17946586461,6518.915295526501,M,35.1,10.2
10277,10/2015,972,68445.23271799878,8700.725133918033,M,65.6,1.6
10278,10/2015,791,90349.1544714432,8960.917715031997,M,60.0,8.0
10279,10/2015,78,63364.59283124091,6965.420379668885,M,36.8,7.9
10280,10/2015,548,94914.64814290579,8622.593756017199,M,52.2,12.5
10281,10/2015,536,71507.26137670544,7806.402932608006,M,55.4,3.4
10282,10/2015,621,83455.31352448605,9717.01545610411,M,54.8,1.7
10283,10/2015,762,114420.41751721423,8900.772579681083,M,47.3,14.9
10284,10/2015,516,100837.11347233168,8274.274775641941,M,65.6,18.0
10285,10/2015,216,93736.44067050095,8729.210081257736,M,36.4,14.5
10286,10/2015,635,99863.68870123604,7394.607860831424,M,55.3,14.8
10287,10/2015,926,88932.0109925025,9191.57015079429,M,43.2,14.0
10288,10/2015,135,128171.55822671659,8331.910145242593,,,10.5
10289,10/2015,387,87406.83713344146,9697.168030715267,M,46.8,16.0
10290,10/2015,925,89055.5205261717,8429.620825278831,M,57.3,5.5
10291,10/2015,85,94699.07416433342,8077.17608712825,M,38.7,16.7
10292,10/2015,586,114841.58860669754,9445.55272922813,M,32.2,7.8
10293,10/2015,571,94269.88850659336,9273.777760077068,M,53.2,13.8
10294,10/2015,855,68238.42333231194,7049.761983734142,M,64.2,15.2
10295,10/2015,685,68574.88198483463,7168.081946138859,M,47.0,7.8
10296,10/2015,63,83124.00077106956,9187.671302442986,M,61.6,12.5
10297,10/2015,264,85045.634017847,8485.52651826548,M,59.1,12.7
10298,10/2015,701,82794.61112788685,7832.896756665226,M,37.3,10.7
10299,10/2015,73,107044.04896911941,9353.49170049099,M,48.6,14.7
10300,10/2015,478,103643.80797205519,9979.912308596857,M,35.7,7.8
10301,10/2015,661,122281.03511001782,9538.999118322175,M,57.1,1.7
10302,10/2015,228,78112.35746371267,8226.668218357296,M,48.1,9.5
10303,10/2015,309,75876.85081107021,7549.8714532595695,M,38.3,14.6
10304,10/2015,382,65657.07397022903,7194.884595882738,M,34.4,10.9
10305,10/2015,914,81063.82712600379,8616.046738402938,M,54.5,6.4
10306,10/2015,170,101325.10844015899,8985.334616586948,M,34.1,16.2
10307,10/2015,808,112705.61239225039,8503.308574100622,M,45.2,4.6
10308,10/2015,279,61277.919290704915,6382.628914407019,M,44.9,3.9
10309,10/2015,852,70117.19241082022,7238.762711851621,F,37.4,13.3
10310,10/2015,258,74925.14774231221,8092.762539524799,M,43.5,6.3
10311,10/2015,920,96997.53994425481,9977.753144898366,,64.9,14.6
10312,10/2015,167,83078.56095560912,7803.066091474364,M,37.0,6.7
10313,10/2015,229,72107.49936028823,8442.333235745378,M,55.1,7.9
10314,10/2015,293,93690.75016199448,8224.272653851562,M,44.9,10.8
10315,10/2015,569,82759.89884039042,8538.39000411817,M,39.7,13.3
10316,10/2015,39,83620.37162336733,8558.994083159965,M,58.6,1.1
10317,10/2015,562,101009.52220952914,9141.837585935687,M,43.4,10.0
10318,10/2015,819,85433.23845947009,7569.908578620113,M,33.6,15.2
10319,10/2015,652,92443.4643195582,9589.560933077219,,43.2,1.1
10320,10/2015,827,106999.29994159193,10138.702179768341,M,65.0,3.2
10321,10/2015,915,71872.36078154463,7613.657452166082,M,47.0,13.0
10322,10/2015,35,107142.2750934295,8745.065452999783,M,53.3,4.0
10323,10/2015,358,79691.23275147953,9578.344704988063,M,35.8,18.3
10324,10/2015,867,87423.44817713868,7622.562625182302,M,53.5,10.1
10325,10/2015,979,121672.27536252627,8431.173402872599,M,64.3,9.9
10326,10/2015,599,75928.00598309016,7993.533600328934,M,,18.4
10327,10/2015,470,91979.35601788707,6934.247358556958,M,45.0,3.5
10328,10/2015,903,88052.54654028418,8282.398674320286,M,,16.7
10329,10/2015,420,104594.27004059113,9137.325608415997,M,56.3,5.9
10330,10/2015,150,79219.22871743991,7291.25148044002,M,,10.2
10331,10/2015,631,78175.2813295461,8587.731607085138,M,43.4,6.2
10332,10/2015,616,76415.53181327159,7571.495378829546,M,61.5,8.8
10333,10/2015,373,59455.240972080064,6721.131237635707,M,60.9,5.9
10334,10/2015,577,107809.96604068225,8751.990528527193,M,42.5,15.7
10335,10/2015,901,85789.34157200564,7866.005027084026,M,56.5,9.0
10336,10/2015,55,91710.6934042878,9537.368978989623,M,34.9,2.7
10337,10/2015,908,113871.47587211631,8780.477783508373,M,39.6,15.1
10338,10/2015,883,69160.06410873929,7458.759264725751,M,,15.3
10339,10/2015,522,108477.64027830302,9114.282988570105,M,52.2,14.7
10340,10/2015,811,84109.11802097535,7648.2292871618165,M,,18.6
10341,10/2015,137,105514.79781302149,8724.76601166266,M,58.3,17.6
10342,10/2015,600,92389.772040058,9143.275125618771,M,38.4,17.2
10343,10/2015,673,71517.00166719651,9048.285762929816,M,49.1,5.2
10344,10/2015,575,115407.98739226222,9051.535933304014,M,32.9,10.9
10345,10/2015,469,93717.05699392765,9877.857857075383,M,64.1,10.3
10346,10/2015,698,133407.60871741563,10042.788937851496,M,62.6,5.0
10347,10/2015,245,77942.60392122294,7518.653689412308,M,60.9,13.2
10348,10/2015,363,102023.23024380715,10781.182510709734,M,45.2,1.3
10349,10/2015,911,62168.646605271686,7347.447502289579,M,53.9,13.9
10350,10/2015,343,78935.13094016442,9168.176986466913,M,63.1,16.4
10351,10/2015,886,97558.61002757886,8114.039214198409,M,59.7,10.7
10352,10/2015,262,69169.73252579312,7378.99362910809,M,64.6,14.7
10353,10/2015,222,73423.30110636172,7308.120199731749,M,39.2,11.6
10354,10/2015,731,73492.09220762027,7485.996538193093,,35.2,7.5
10355,10/2015,31,70673.45481498534,6265.323422282485,,36.7,16.8
10356,10/2015,32,104018.80979679577,9151.706537656248,M,55.5,2.4
10357,10/2015,545,75445.97695412351,8303.20346316699,M,42.4,3.8
10358,10/2015,553,112661.41304428842,9346.400407619176,M,35.3,1.8
10359,10/2015,284,99528.04215133084,8219.961898974712,M,40.5,14.4
10360,10/2015,94,78186.50598670145,8274.292161464931,M,,9.2
10361,10/2015,472,85898.63970726173,7636.025165938847,,40.5,8.5
10362,10/2015,748,103040.43990284592,7786.128496804492,F,40.7,14.3
10363,10/2015,3,70843.85573506953,7393.904539365119,M,49.3,4.7
10364,10/2015,676,63228.80036190516,7432.398505380928,M,43.8,17.0
10365,10/2015,233,100300.73754200868,9979.419808217122,M,38.2,12.8
10366,10/2015,919,105489.07171210545,8278.882256571722,M,34.6,11.6
10367,10/2015,54,66505.36508397356,6744.751897989517,M,57.6,1.3
10368,10/2015,95,112749.99273361222,7432.235022456762,M,55.1,14.3
10369,10/2015,818,115076.3637620325,8552.912841585321,M,,4.6
10370,10/2015,349,97348.38402844052,8901.41829324886,M,63.1,16.7
10371,10/2015,224,98585.06894672506,8413.75102774299,M,42.2,9.8
10372,10/2015,526,97497.45260916816,7058.744824523267,M,62.7,18.8
10373,10/2015,613,115513.19320250928,8258.651604862423,M,50.9,2.5
10374,10/2015,845,84344.4256559942,6939.112587697573,M,,5.5
10375,10/2015,894,61391.475081002645,6975.956815946334,M,47.3,18.1
10376,10/2015,419,78324.58927956058,8210.89813662353,M,,18.2
10377,10/2015,707,84503.01006846783,7608.314917859333,M,56.4,12.6
10378,10/2015,426,84816.01300312555,8223.465783900514,M,43.0,7.2
10379,10/2015,427,101102.56331451627,8947.302721496573,M,48.1,3.4
10380,10/2015,978,111373.65754588463,8623.462830614868,M,40.8,8.0
10381,10/2015,610,85643.26168197786,7890.632683985311,M,64.5,8.9
10382,10/2015,76,95780.1273501406,8774.457199473822,,46.8,11.5
10383,10/2015,629,83855.18902505087,8264.157242857902,M,46.4,15.7
10384,10/2015,326,92348.0814071771,8865.951137985705,M,32.6,1.6
10385,10/2015,875,86009.72403381357,8378.614072750168,,42.4,16.3
10386,10/2015,409,83614.88579586857,9787.581446455577,M,45.0,14.6
10387,10/2015,940,107321.92905662238,7837.031614657547,M,53.9,9.6
10388,10/2015,642,95674.05369796087,9017.489670505345,M,43.3,8.4
10389,10/2015,14,97802.55767417126,7615.7233097845365,M,56.5,1.7
10390,10/2015,129,105243.50001969645,8096.8899592533735,M,35.6,11.3
10391,10/2015,474,93373.54575545428,8993.806297497687,M,56.2,13.1
10392,10/2015,312,104306.45590484551,9126.655464035406,M,61.2,13.4
10393,10/2015,708,68593.20298633058,7672.371566751903,M,40.4,1.6
10394,10/2015,30,107207.81363790223,8674.602456326049,M,46.1,9.2
10395,10/2015,161,120731.04981447804,9148.912137807096,M,51.3,2.9
10396,10/2015,839,106884.6702952305,7912.4562980415185,M,36.7,1.6
10397,10/2015,400,74988.03487308962,10094.23363975139,,58.4,10.9
10398,10/2015,375,65814.51686813061,7618.5459632281545,M,43.3,18.2
10399,10/2015,298,68912.4888781928,7949.659399223876,M,39.2,11.8
10400,10/2015,29,119435.96012986706,8750.36854285878,M,46.5,10.7
10401,10/2015,679,84555.35948330301,7203.526280462284,M,32.7,10.4
10402,10/2015,422,87644.96401495126,7819.934309970274,M,50.1,11.6
10403,10/2015,50,71932.13271272478,7541.357971718097,M,53.7,9.0
10404,10/2015,804,52157.050533591566,6419.6888297530095,M,32.4,13.2
10405,10/2015,627,85231.35847643009,8729.69002008867,M,41.2,15.2
10406,10/2015,874,93026.76154147024,7762.446943619176,M,38.0,2.2
10407,10/2015,165,65587.90755436369,8630.824215418843,F,50.4,17.6
10408,10/2015,905,80264.37600429647,8348.154074724933,M,32.6,15.8
10409,10/2015,37,71880.84253848247,8964.161063781437,M,43.8,12.4
10410,10/2015,501,82537.99010466979,7515.266198293821,M,47.7,9.3
10411,10/2015,529,73771.70124627287,7973.727877658036,M,47.6,6.1
10412,10/2015,774,56248.2877583555,6668.670840115344,M,62.2,17.0
10413,10/2015,772,97450.51384722578,9038.643302719704,M,47.7,8.2
10414,10/2015,773,85697.69891114345,8795.721694077723,M,,14.6
10415,10/2015,388,84030.1959880805,8169.9524383010585,M,,1.6
10416,10/2015,194,85610.62991141072,8751.8932270535,M,65.8,18.7
10417,10/2015,778,95405.8309003469,9612.347872335526,M,62.7,4.5
10418,10/2015,830,96499.75099389907,8688.300741880783,M,49.8,5.2
10419,10/2015,655,102558.06841201845,8694.531962796,M,51.5,7.7
10420,10/2015,461,81293.24714250836,9572.251241885817,M,64.8,2.5
10421,10/2015,927,76437.87324323696,7430.469364654711,M,53.3,9.6
10422,10/2015,90,69792.53432431229,8090.65493047256,M,60.6,11.5
10423,10/2015,348,73982.56972265508,7405.714018714627,M,60.8,1.0
10424,10/2015,313,99158.1697249242,10151.045309253026,M,53.1,14.1
10425,10/2015,590,99762.64793663187,9325.928401226221,M,40.8,4.2
10426,10/2015,179,99252.62007293271,9103.890552204548,,52.8,15.2
10427,10/2015,496,90980.74980104557,9177.9498928427,M,58.0,17.3
10428,10/2015,517,132390.35419768898,9136.526744907298,M,46.1,16.4
10429,10/2015,744,109987.64491297207,8136.839288604696,M,48.2,14.3
10430,10/2015,682,123432.96309435289,10192.092308848496,M,46.5,10.8
10431,10/2015,809,86137.92734109057,8527.78326144553,M,40.3,17.8
10432,10/2015,658,74222.95425461992,8890.767528774355,M,46.5,11.6
10433,10/2015,158,72670.22603646007,6693.230359021998,M,,3.0
10434,10/2015,357,93550.86701443637,9166.18333715736,M,42.8,9.0
10435,10/2015,221,93946.89426816432,9193.237376656289,M,64.0,3.7
10436,10/2015,633,78948.99363537799,7950.94942482743,F,46.4,2.6
10437,10/2015,721,66985.0309651468,7559.500846567257,M,36.7,14.4
10438,10/2015,783,92199.33508381547,7051.263232870431,M,43.3,9.7
10439,10/2015,304,112358.43933574742,8272.694519253588,M,60.5,17.7
10440,10/2015,789,72913.9691940228,8011.138586393835,F,39.7,8.0
10441,10/2015,486,75454.83407201614,8293.618388684064,M,56.4,5.1
10442,10/2015,580,96494.61965242306,9314.011542273984,M,63.8,10.4
10443,10/2015,6,83471.00006440094,7365.846395175882,M,35.5,15.1
10444,10/2015,934,82080.58788104505,8774.669112971535,M,32.4,13.9
10445,10/2015,645,96846.97290040943,8323.270695739971,M,52.4,2.3
10446,10/2015,206,98638.11020445602,10232.424628664889,M,64.2,5.3
10447,10/2015,401,89921.87773656062,7675.695195984113,M,,13.2
10448,10/2015,826,87557.81433064406,7592.76164655842,M,33.8,5.3
10449,10/2015,83,75471.64185089085,7317.310812943544,M,65.4,8.2
10450,10/2015,183,88223.39647083596,8970.972376343716,M,41.2,14.6
10451,10/2015,42,97979.89507496564,8686.418969028447,M,56.3,13.9
10452,10/2015,722,76513.08686340504,7598.600576794021,M,45.4,18.3
10453,10/2015,503,94123.60042624647,9224.229420656695,M,,18.0
10454,10/2015,620,104153.95033003893,8086.681034266669,M,57.3,1.6
10455,10/2015,755,81625.66200125738,7764.0112982972805,M,53.1,14.7
10456,10/2015,873,92569.94584234162,7719.843250992245,M,33.1,16.5
10457,10/2015,781,90709.4172582552,9464.159716561178,M,33.4,14.1
10458,10/2015,40,89402.65679530888,8525.31465616547,M,36.4,9.0
10459,10/2015,240,86627.20380454694,8702.216991425925,M,,5.8
10460,10/2015,436,70972.51776793892,6810.976741439701,,37.8,12.0
10461,10/2015,320,105187.21020501356,9324.7400744406,M,43.1,14.4
10462,10/2015,723,123683.0572372153,10825.39635389617,,,3.7
10463,10/2015,947,116611.48658648467,9912.470031518824,M,41.6,14.9
10464,10/2015,168,83142.62429352873,7697.4418627414725,M,60.0,11.2
10465,10/2015,259,99376.74412638061,8821.176913919351,M,60.8,2.7
10466,10/2015,913,97393.75589884577,8231.96097536584,M,53.6,9.3
10467,10/2015,985,106269.79269322944,8521.564548180602,M,51.8,15.1
10468,10/2015,539,80950.89223924112,8818.402281087407,M,41.5,10.6
10469,10/2015,975,100133.90578826403,9430.321553381395,M,46.1,9.3
10470,10/2015,771,75303.73668394159,8241.56220908054,M,59.1,12.7
10471,10/2015,566,78145.55224554408,8123.241391786731,M,,11.7
10472,10/2015,325,83778.50223244405,7991.947263029313,M,59.5,7.6
10473,10/2015,813,98351.46331636704,8360.952824389682,M,56.3,16.7
10474,10/2015,253,95697.7215413794,8644.148866526999,F,52.5,18.0
10475,10/2015,817,85876.33218174343,8336.1165244954,M,35.7,7.4
10476,10/2015,958,82856.70415306509,7789.313827678333,M,42.6,2.3
10477,10/2015,564,85335.28313399166,9750.2977849489,M,36.5,18.6
10478,10/2015,448,87137.90643866529,9340.564891285938,M,51.5,15.3
10479,10/2015,322,72012.96253688273,7395.872793228851,M,45.2,13.4
10480,10/2015,909,90838.70296658351,9718.48721937217,F,45.0,18.5
10481,10/2015,208,95845.81341571997,9082.344129028825,M,57.5,3.7
10482,10/2015,306,87961.70945695615,9111.010268104166,M,57.0,16.2
10483,10/2015,471,79965.27161476773,7802.183576798227,M,64.4,4.4
10484,10/2015,833,96249.42555721418,7544.520578118966,M,45.8,14.0
10485,10/2015,518,84870.98514104054,8530.275248246853,M,55.0,16.6
10486,10/2015,607,76004.0971924303,7598.660071213254,M,34.1,13.1
10487,10/2015,743,69264.64837234968,8521.007351212342,M,55.6,1.1
10488,10/2015,431,75042.86275532345,8764.08064969342,M,42.5,3.0
10489,10/2015,554,59679.30986079415,7450.498569446176,M,40.1,9.5
10490,10/2015,866,107793.21954156327,8871.84730564304,M,35.4,6.1
10491,10/2015,740,85147.67011707631,8952.149517718151,M,54.5,9.9
10492,10/2015,534,84406.63786326023,9032.516034810506,M,63.4,16.5
10493,10/2015,681,74730.90233402964,6597.298948146077,M,56.8,4.5
10494,10/2015,694,80250.43092203214,8402.872463198773,M,56.6,8.8
10495,10/2015,557,78936.52454425895,8523.086637069822,M,61.4,16.5
10496,10/2015,204,79499.56537863087,9894.689378233144,M,54.7,9.8
10497,10/2015,275,76107.61443821089,7628.236875334591,,34.7,14.8
10498,10/2015,525,76966.29464053117,9438.28572673401,M,39.2,9.1
10499,10/2015,33,82417.34896142637,8516.149531302024,M,55.9,15.2
10500,10/2015,18,98152.99549837384,7531.952710951244,M,36.9,16.0
10501,10/2015,835,73088.98970414423,8277.69650572021,M,,12.8
10502,10/2015,649,75169.44369163417,7058.416470470273,F,41.6,6.4
10503,10/2015,406,101126.3282939496,8998.959854567152,,36.0,1.4
10504,10/2015,640,83013.70267334991,7511.712408611636,,64.7,9.2
10505,10/2015,79,83979.57975419941,6777.133876141745,M,41.3,4.9
10506,10/2015,942,64778.03309470169,7289.6181420753355,M,50.2,14.9
10507,10/2015,895,70535.01713044204,7338.326346210042,M,33.5,17.3
10508,10/2015,766,51855.570720290096,6418.229759417409,M,62.4,7.1
10509,10/2015,51,69255.28168520948,6613.19951466569,,39.9,6.9
10510,10/2015,702,77441.39483047754,7426.8933142390215,M,57.5,12.7
10511,10/2015,332,149221.91478754126,10595.100560333462,F,55.0,18.7
10512,10/2015,314,68459.82109847905,8034.331644692991,M,49.4,4.0
10513,10/2015,118,71796.5509098325,8507.912053435222,M,39.8,9.3
10514,10/2015,445,80945.05325075657,7861.762625589842,M,59.4,18.6
10515,10/2015,906,96394.39254083441,8755.21857282815,M,57.2,5.3
10516,10/2015,555,76207.05829327715,7350.484429571055,M,62.5,3.5
10517,10/2015,105,80799.83644467332,7638.989822099886,M,48.3,2.2
10518,10/2015,879,99011.83237968641,9200.595530519815,,64.1,3.3
10519,10/2015,175,84833.63641513199,8351.52405798257,M,38.2,7.2
10520,10/2015,367,76442.40460834515,6213.678303934254,M,58.6,5.2
10521,10/2015,810,102524.33327463717,10056.721495083468,M,44.5,2.3
10522,10/2015,892,87429.00603298329,9312.120950985927,M,65.4,15.5
10523,10/2015,964,123580.42762392474,9377.424138746192,M,50.2,6.4
10524,10/2015,946,84980.11460611827,9440.418636534745,M,52.1,6.6
10525,10/2015,547,65318.267858250256,7689.705895389272,M,,7.5
10526,10/2015,999,120257.34681204383,9366.705832982761,M,45.1,14.1
10527,10/2015,953,80877.65464084854,8689.030686344593,M,47.7,14.8
10528,10/2015,202,105899.4795288102,9672.222225995853,M,57.6,4.0
10529,10/2015,345,70979.2521937273,7869.684608799089,M,40.8,12.9
10530,10/2015,718,122256.47664834172,9989.385211489158,M,65.1,1.7
10531,10/2015,276,86944.15561760808,8833.80909779695,M,45.1,18.5
10532,10/2015,768,89193.9099393132,7654.925054073445,M,63.5,6.3
10533,10/2015,411,83532.68553813941,8070.004022545801,M,58.7,2.5
10534,10/2015,192,91217.93140362336,8408.91513369248,M,45.7,5.7
10535,10/2015,115,104663.52502566652,8580.160481904302,M,36.3,17.6
10536,10/2015,162,91272.86496909539,8156.266742675209,M,35.5,12.1
10537,10/2015,636,75621.5794720035,8126.962530379545,F,63.9,7.2
10538,10/2015,870,89728.11269741207,7747.795208791693,M,42.6,2.6
10539,10/2015,468,68453.12822587561,8179.720857853435,M,52.3,3.3
10540,10/2015,490,75633.67486200266,7938.854523932181,M,62.1,12.7
10541,10/2015,558,73911.78554619808,7692.135955871438,M,35.8,9.1
10542,10/2015,662,69712.32505413963,8146.398147701275,M,51.0,6.8
10543,10/2015,834,74219.9158674221,8775.61251074825,M,39.8,1.8
10544,10/2015,907,66076.90573447364,7706.020314395005,F,61.1,3.8
10545,10/2015,15,64721.346225249756,5952.467244823685,M,35.0,4.2
10546,10/2015,588,85797.82985526012,8725.446584256651,F,47.5,14.8
10547,10/2015,859,107910.0185495605,9867.044287766623,M,44.3,4.2
10548,10/2015,109,89157.62700576996,9568.945119966285,M,45.2,7.3
10549,10/2015,369,88069.66424317728,7912.99581882849,M,36.2,8.9
10550,10/2015,188,80701.84146470658,8795.092506078994,M,33.0,18.5
10551,10/2015,166,87423.48640214268,9081.7925019597,M,,1.3
10552,10/2015,180,62525.32253675698,8043.684453666413,M,48.2,10.8
10553,10/2015,986,92063.23248732915,7754.704588350348,M,34.5,8.6
10554,10/2015,438,99671.52905378348,8718.698179576115,M,37.4,7.0
10555,10/2015,120,73169.39309251652,7460.724966775321,F,49.6,7.2
10556,10/2015,414,85762.11092998392,7128.005859505216,M,38.1,7.7
10557,10/2015,389,110315.1562218804,9739.921729865675,M,58.5,1.7
10558,10/2015,91,104934.26079081783,9027.710288006405,M,33.5,2.7
10559,10/2015,565,92590.71853564992,9088.029807121402,M,44.3,17.2
10560,10/2015,16,67618.78989272035,7622.379145339676,M,47.8,8.0
10561,10/2015,443,83587.01538337089,8920.163127423284,M,36.6,1.5
10562,10/2015,507,112381.64254762314,9449.605093517715,M,62.1,9.5
10563,10/2015,404,90294.40020470075,8832.1834829479,M,55.1,14.7
10564,10/2015,280,94775.36564555301,8357.654498123562,,60.1,2.4
10565,10/2015,654,68424.24188930306,8090.932341054359,M,55.4,9.7
10566,10/2015,376,104517.48854716629,10017.28928363425,M,37.8,6.4
10567,10/2015,169,89501.09754339997,8103.696703396828,M,60.7,18.0
10568,10/2015,931,72490.02333681876,6618.109345895142,M,62.2,15.4
10569,10/2015,664,65846.72950103179,7554.511561313518,M,45.7,17.9
10570,10/2015,272,80624.05386320717,8678.729329507345,M,41.3,10.3
10571,10/2015,667,87018.80023653248,8050.2884448194345,,53.4,1.7
10572,10/2015,209,102904.05875394723,9746.66010355601,M,47.5,11.3
10573,10/2015,687,81645.72835259093,8456.07236792905,M,43.9,9.8
10574,10/2015,893,58877.88130769685,7291.262370934731,M,38.7,2.4
10575,10/2015,184,77704.64273570367,9772.624876241598,M,46.3,14.7
10576,10/2015,711,83810.87593364622,8295.779260806727,M,51.6,17.6
10577,10/2015,543,61982.399248704656,7580.227622748552,M,59.2,12.0
10578,10/2015,864,109483.63772091086,10365.10025166333,M,35.7,8.6
10579,10/2015,995,90323.46302557905,7534.733985961837,M,,3.7
10580,10/2015,563,107434.41360191649,10887.525264741593,M,44.1,7.1
10581,10/2015,58,96080.01555329865,7375.663906649142,M,61.0,6.9
10582,10/2015,46,103267.07314824505,8938.571265556451,M,35.1,13.7
10583,10/2015,226,84486.40752924046,8321.83598240648,M,57.1,8.2
10584,10/2015,286,92981.7200468122,8384.378576529674,M,64.2,16.9
10585,10/2015,475,85179.74029106522,8075.426650260869,M,37.6,9.6
10586,10/2015,578,84446.01056731047,9128.982090462197,M,55.7,8.8
10587,10/2015,695,112550.78783659208,8517.354584193441,M,40.3,15.1
10588,10/2015,417,71509.33278501694,8962.11625296149,M,44.2,3.6
10589,10/2015,421,78334.97697655763,7820.772132170314,M,51.3,11.2
10590,10/2015,397,62636.673445537584,7678.362731556078,M,,12.9
10591,10/2015,273,83429.18612782974,8324.282403339272,M,43.7,13.2
10592,10/2015,281,79468.20753834228,7772.9632933245075,M,58.1,16.5
10593,10/2015,945,85357.67274901354,7737.598678229367,M,40.5,7.3
10594,10/2015,862,59429.66757255953,6084.465745741247,F,53.6,4.1
10595,10/2015,232,58225.55672471129,7482.478032459145,M,44.7,13.6
10596,10/2015,550,82175.40666495991,9946.486606197885,,46.4,7.5
10597,10/2015,917,74829.47905663068,7665.4429802271,M,32.3,17.7
10598,10/2015,56,81009.11181434836,7528.610872927494,M,38.6,14.0
10599,10/2015,377,66619.11716872771,8438.098810124926,F,57.8,4.0
10600,10/2015,143,88862.87209623806,7825.5611869387685,M,,7.3
10601,10/2015,782,59869.23956571019,6051.448735399189,M,57.1,15.8
10602,10/2015,17,108164.3665125122,8729.166109664971,M,,18.5
10603,10/2015,800,83227.56284775383,9094.57070694597,M,55.4,15.0
10604,10/2015,418,77181.1852612984,7556.448611808153,M,50.6,9.8
10605,10/2015,282,80687.18876633572,7438.621003211923,M,59.1,15.3
10606,10/2015,495,90299.47649693566,8556.828611073388,M,52.5,5.5
10607,10/2015,492,108207.82800286554,8905.028083228288,M,47.2,11.8
10608,10/2015,968,78220.70437288347,8853.362665366452,,59.5,2.6
10609,10/2015,802,65416.55432511326,7197.020011756804,M,37.0,11.4
10610,10/2015,215,72897.78101256509,7607.077295475965,M,52.5,7.2
10611,10/2015,959,101174.17985410918,8346.535444176901,M,63.1,13.2
10612,10/2015,954,115445.99162155969,8847.472754976307,M,42.1,5.8
10613,10/2015,482,78828.79069151997,7326.215144686414,M,65.9,13.1
10614,10/2015,102,96815.8475695498,8404.667343995741,M,55.2,11.6
10615,10/2015,776,91695.05173425596,8029.475336623552,M,,15.6
10616,10/2015,528,66090.22186980137,6522.365261033025,M,32.7,15.5
10617,10/2015,292,71522.88917687567,8692.693672478697,M,32.6,13.2
10618,10/2015,971,119504.22027908891,9246.363878123628,M,63.6,15.5
10619,10/2015,152,69098.2898457312,8335.415700525415,M,35.5,3.3
10620,10/2015,750,105752.72263552985,11062.235819443087,M,57.0,16.5
10621,10/2015,199,74319.49590736325,7773.142837941231,M,49.2,13.1
10622,10/2015,154,88362.13277429745,8671.522846118287,M,,6.9
10623,10/2015,675,76179.4089071469,8671.516659009052,M,56.2,10.5
10624,10/2015,288,78018.3306789608,7328.963012388061,,47.6,18.3
10625,10/2015,523,85904.06874849446,8222.747526340981,M,32.1,1.2
10626,10/2015,688,76421.2057104742,7768.781219684231,M,41.3,4.0
10627,10/2015,360,63620.6638103177,7218.717418852733,M,49.5,12.0
10628,10/2015,960,86489.9599386981,8796.480564279587,M,55.1,9.8
10629,10/2015,368,92907.9355705147,8670.230949848386,M,53.8,14.7
10630,10/2015,456,89693.69668539682,9053.187111605468,M,55.8,5.9
10631,10/2015,512,105315.92123069258,8458.973434995394,,50.1,15.9
10632,10/2015,650,63565.1421532097,7242.570378452493,M,43.0,12.5
10633,10/2015,380,114349.78304913765,9429.30313619087,M,61.4,1.5
10634,10/2015,139,104558.9373252329,9515.892019793348,M,56.4,8.7
10635,10/2015,994,100085.54600997626,8733.369069250955,M,42.5,2.6
10636,10/2015,689,74450.01967590116,6787.649134024139,M,63.1,2.4
10637,10/2015,243,115325.83724574829,9752.30575150245,M,38.2,16.7
10638,10/2015,148,79828.72248670782,7734.679094084842,M,64.4,9.8
10639,10/2015,252,77842.9836682852,9676.2729495674,M,40.6,14.0
10640,10/2015,265,73150.08535819089,6794.384713936642,M,39.6,3.8
10641,10/2015,362,110339.8946194001,8576.908328989362,M,39.0,3.7
10642,10/2015,336,68087.26710574976,8369.106481006585,M,53.4,15.5
10643,10/2015,928,87646.31412168736,7587.447951480286,M,63.0,14.1
10644,10/2015,515,100627.76380529795,9471.339233357327,M,56.7,9.7
10645,10/2015,483,87017.39798327554,7842.369290356089,M,47.0,12.5
10646,10/2015,395,87307.8667222904,8864.958112219098,M,59.5,16.9
10647,10/2015,758,79695.00424297404,7087.897824514771,M,45.8,3.4
10648,10/2015,361,84097.86257256521,8629.9785428512,,51.1,15.4
10649,10/2015,657,77867.15512652963,6987.477004164287,M,53.9,10.4
10650,10/2015,761,71222.36725305158,7927.2497566394995,M,33.4,8.7
10651,10/2015,881,71709.94217202376,7349.870730383208,M,53.5,2.0
10652,10/2015,197,98640.96954549776,8679.835387786772,M,44.6,12.9
10653,10/2015,290,49162.74682201637,6197.312201745082,M,37.7,4.3
10654,10/2015,742,100350.39790603021,7782.296225196613,M,47.7,1.4
10655,10/2015,848,70133.79492749157,7013.490090952106,M,58.3,10.1
10656,10/2015,820,90862.09323823047,8645.579260239738,M,32.4,14.0
10657,10/2015,122,80137.63522437043,8966.335612200543,M,42.0,5.7
10658,10/2015,340,91858.78098361446,7667.5936793916035,,43.5,6.5
10659,10/2015,714,81206.95263358006,8065.906786524052,M,39.5,9.7
10660,10/2015,699,81149.194438677,7871.146756101401,M,38.8,17.8
10661,10/2015,825,77465.8223259006,7630.524855521518,M,39.7,5.7
10662,10/2015,717,77396.48370249562,8848.772609721118,M,51.8,18.7
10663,10/2015,318,84567.52728805505,7645.034715084297,M,60.5,9.5
10664,10/2015,104,83509.52193160179,8164.887503672978,,57.0,5.7
10665,10/2015,816,75248.12325156371,8265.581836578382,M,32.0,1.0
10666,10/2015,296,78117.8297984606,7918.075391571505,M,42.2,11.1
10667,10/2015,696,66382.03106855895,8520.622638797553,M,41.1,14.7
10668,10/2015,27,80458.51390162087,7612.4048870570805,M,54.5,12.8
10669,10/2015,22,80079.54894750443,9978.914998702397,M,50.2,13.8
10670,10/2015,785,90753.16322418122,6887.7313559702725,M,,14.7
10671,10/2015,256,79926.79024620955,8933.711661882264,M,,8.8
10672,10/2015,75,93336.23415551681,8949.631692213688,M,47.3,6.5
10673,10/2015,5,107425.66103317177,7433.555156800664,M,39.8,4.7
10674,10/2015,217,64101.03711445673,7267.88013533395,M,64.4,14.8
10675,10/2015,869,88166.66948856879,7342.673121658295,M,38.4,13.3
10676,10/2015,385,84137.43858880248,9036.875512530269,M,44.9,9.4
10677,10/2015,941,85097.52320362238,8228.397795736,M,35.0,2.8
10678,10/2015,712,100957.23549810663,8749.61821988134,F,,13.8
10679,10/2015,939,69811.16733393032,7668.113764721105,M,49.5,2.4
10680,10/2015,710,114586.47956050752,10548.472493678755,M,57.4,7.4
10681,10/2015,34,91613.78814289233,8358.188018337594,M,,18.6
10682,10/2015,559,83564.03080316212,8441.387410271249,F,62.8,4.7
10683,10/2015,463,107351.04836398506,9184.687552534706,M,48.9,10.3
10684,10/2015,605,87091.19991801854,7481.173910328831,F,63.6,5.9
10685,10/2015,424,110318.77835476732,8555.804434610962,M,49.8,3.8
10686,10/2015,851,83594.2972473641,7085.635326833798,M,43.5,2.4
10687,10/2015,444,80705.27028945446,7938.921550991949,M,45.4,4.1
10688,10/2015,790,84838.76706121213,8473.077301168041,M,37.6,5.0
10689,10/2015,106,81629.7179744186,9385.996360373836,M,42.4,1.2
10690,10/2015,455,100951.75908040114,9405.746928956543,M,,3.9
10691,10/2015,223,124009.4234274559,9189.407158115495,,53.2,5.2
10692,10/2015,242,79383.79424300855,7254.536866948896,F,46.1,14.5
10693,10/2015,77,88988.81759363892,8860.233480026263,M,63.4,8.9
10694,10/2015,961,79225.09634710237,7675.549411995301,M,62.4,6.9
10695,10/2015,416,65542.45341815942,7179.160074628693,M,50.8,16.2
10696,10/2015,506,60883.08173367253,6519.168279337945,M,38.7,5.6
10697,10/2015,287,89154.17850092259,7827.942488878081,M,40.1,15.2
10698,10/2015,52,140765.23529460403,9842.305645110455,M,55.3,5.2
10699,10/2015,132,75726.98277410588,7794.48088768738,M,60.6,17.3
10700,10/2015,319,68576.51129864699,8391.694103228356,M,42.7,9.7
10701,10/2015,871,84731.7844938331,7334.125266917549,M,,7.2
10702,10/2015,213,119603.73528603092,10110.006018646365,M,40.4,15.2
10703,10/2015,846,77768.11929899032,7417.21338120367,M,33.1,17.2
10704,10/2015,351,106971.92662219158,10627.017244385428,M,53.7,7.8
10705,10/2015,324,92137.86297192037,8785.055047906373,M,54.6,9.8
10706,10/2015,173,96029.59930669103,9328.98659596945,M,46.9,9.3
10707,10/2015,88,73034.75999614659,8935.517093989185,M,43.9,18.0
10708,10/2015,347,89060.5403496087,8596.553610790052,M,,15.2
10709,10/2015,513,120744.11001486013,8567.950784213373,M,42.2,14.3
10710,10/2015,487,80081.72817649614,7412.06510085973,M,32.3,14.8
10711,10/2015,295,114261.97075739496,9351.00445658094,M,46.5,8.4
10712,10/2015,430,68038.72119418829,7298.9430228806295,M,,11.6
10713,10/2015,437,100886.68882467336,9868.654482419817,M,35.0,9.8
10714,10/2015,644,93378.33059817491,8968.631085468882,M,60.0,5.4
10715,10/2015,803,108517.9972135597,9818.935926016396,M,39.6,13.8
10716,10/2015,2,84767.6583419161,9060.103428292019,M,65.5,1.0
10717,10/2015,932,68073.22882359494,7465.073466942569,,37.4,12.0
10718,10/2015,843,90521.99949488214,10211.499984252192,F,40.4,15.0
10719,10/2015,138,117557.86860711483,9123.953881698333,M,34.5,5.5
10720,10/2015,356,72752.31574855241,6245.977981645425,M,51.3,12.6
10721,10/2015,466,48813.459746243534,5163.458529792276,M,51.7,13.4
10722,10/2015,729,83679.0596930949,8240.086633352343,M,59.3,9.7
10723,10/2015,535,90856.57727633513,8161.206097050774,M,62.7,2.9
10724,10/2015,715,97843.19021358016,9173.7565304015,M,51.8,5.3
10725,10/2015,70,84946.54519879943,8521.09968278225,F,59.0,4.7
10726,10/2015,485,101383.48688372158,8768.106276219383,M,56.3,15.4
10727,10/2015,128,93901.50927020625,9755.535839965372,M,52.0,5.9
10728,10/2015,587,93474.06371236856,8132.396131330402,M,51.7,9.9
10729,10/2015,142,80997.83548498369,8711.505284208353,,37.3,14.2
10730,10/2015,938,76125.71291408966,7824.158810528851,M,64.5,16.4
10731,10/2015,725,81397.47511891912,8033.627884532435,M,39.9,3.3
10732,10/2015,801,75635.4954281211,7715.870595200656,M,42.7,11.4
10733,10/2015,653,76262.96014869989,7740.100923709626,M,57.7,13.8
10734,10/2015,921,108258.99232307261,10206.716229826334,M,55.5,17.4
10735,10/2015,98,81435.75420949048,7591.615175760149,M,39.4,10.5
10736,10/2015,608,84200.49120341001,9119.812607159814,M,63.9,13.4
10737,10/2015,576,135057.7538738045,10671.534547428897,M,64.1,4.1
10738,10/2015,936,80245.57031583937,9034.638859853305,M,55.9,11.4
10739,10/2015,301,74456.6867592469,7512.870128240582,,33.7,2.0
10740,10/2015,266,78101.01287388582,7638.7749620767345,M,36.1,1.4
10741,10/2015,499,119133.63020558731,10749.328057780562,M,32.6,1.0
10742,10/2015,133,67179.77015387025,8033.237115188012,M,43.3,13.8
10743,10/2015,989,110332.54236758615,9091.63324367158,M,,6.4
10744,10/2015,619,69962.68566890205,6360.751761782205,M,55.2,4.2
10745,10/2015,136,102479.64096193557,9255.842521495671,M,58.5,1.0
10746,10/2015,277,90763.85778710697,8736.277855498993,M,33.1,12.5
10747,10/2015,267,89674.58433382199,8814.03708914365,M,52.8,4.8
10748,10/2015,749,92730.50036027908,10024.756411003744,M,40.0,12.2
10749,10/2015,254,83775.80190242307,8475.42576596376,M,57.0,18.2
10750,10/2015,630,93474.61588889208,9127.605240393963,M,45.0,17.3
10751,10/2015,339,107280.88023568175,9995.399266000079,M,41.1,18.1
10752,10/2015,203,106776.2949708152,9466.20494097144,M,59.0,16.3
10753,10/2015,107,80869.56311907923,8420.540966256867,M,49.9,10.0
10754,10/2015,24,67944.01568928162,6465.693531446576,M,33.6,12.8
10755,10/2015,668,74643.14571890302,7114.411134011296,M,,14.9
10756,10/2015,837,72790.96024422155,7207.213895227392,M,36.8,12.8
10757,10/2015,392,121273.92149799192,8137.852022653543,,33.3,4.8
10758,10/2015,330,63125.886134952896,7142.300595365098,M,,2.2
10759,10/2015,151,64091.186874708816,6291.024054155116,M,48.4,18.7
10760,10/2015,856,93635.43269152378,8091.899217266506,M,53.8,16.7
10761,10/2015,976,126309.52607615317,9598.997719693798,M,57.8,1.9
10762,10/2015,831,126596.16393527293,9548.644893970204,M,54.2,8.5
10763,10/2015,991,88406.23154052615,10082.944801115264,M,35.2,11.1
10764,10/2015,201,115275.02657420037,9852.032683246847,M,57.3,6.1
10765,10/2015,788,107400.48679493056,9637.910788346433,M,32.6,18.3
10766,10/2015,1,92984.51154191034,7305.764950160506,F,43.8,1.4
10767,10/2015,103,94346.85937199339,7272.919401192632,M,64.3,11.8
10768,10/2015,53,102640.68295849375,8286.054524660827,M,56.0,7.9
10769,10/2015,241,121050.07683459188,8971.703614800008,M,36.5,11.2
10770,10/2015,346,74002.99321506146,8587.237211690493,M,49.3,16.0
10771,10/2015,450,78942.49275710911,7509.513303827685,M,57.8,13.3
10772,10/2015,628,66618.90595834996,6858.563125986337,M,61.0,15.2
10773,10/2015,700,80165.82293680224,8332.04242848657,M,51.2,10.6
10774,10/2015,4,83708.90275823884,9438.266515513627,M,59.6,11.7
10775,10/2015,334,89070.41215262034,9273.399725812782,M,56.3,7.2
10776,10/2015,641,75179.84723514764,6861.680206557619,M,33.8,11.0
10777,10/2015,794,92341.99068371102,9378.786358627436,M,34.9,12.3
10778,10/2015,390,68537.46019120861,8705.731400107588,M,54.7,12.7
10779,10/2015,141,97248.28323390115,9011.762061929676,M,44.7,8.8
10780,10/2015,980,73622.97229278092,7510.45338733016,M,36.0,2.1
10781,10/2015,734,86546.7325987449,8467.746383093885,M,47.7,11.6
10782,10/2015,342,96903.46373913025,11031.222947649549,M,43.7,4.9
10783,10/2015,370,95634.3611311723,8420.420309762783,M,46.2,1.9
10784,10/2015,480,71462.93789845298,7404.656879715868,M,38.6,11.5
10785,10/2015,902,125193.46293196068,9178.249395556451,M,63.6,5.8
10786,10/2015,477,96538.63306115977,8506.476089135404,M,46.4,8.8
10787,10/2015,193,80325.65083024623,8691.95823542166,M,52.8,16.4
10788,10/2015,476,77224.30291770848,7509.7339897380025,M,,18.3
10789,10/2015,537,95747.55711608536,9561.286961200974,M,37.3,2.5
10790,10/2015,591,74695.24612558047,8321.094715738967,M,56.1,9.5
10791,10/2015,189,118974.15201109927,8179.044693427891,M,41.9,5.9
10792,10/2015,596,98907.2858767733,8395.953300254529,M,56.2,13.7
10793,10/2015,235,69614.18919044836,7287.645588545953,M,37.4,9.0
10794,10/2015,520,93078.99365697186,9206.53032752742,M,54.7,8.8
10795,10/2015,677,106480.1315491062,9228.252805643544,M,58.8,14.4
10796,10/2015,704,84047.687059231,8433.641817602052,F,57.6,7.7
10797,10/2015,355,82827.93849269043,7922.505552872461,M,50.0,3.0
10798,10/2015,247,71140.230710491,7560.157312939152,M,53.5,2.0
10799,10/2015,207,106562.65230707564,8360.164089098185,M,47.8,3.5
10800,10/2015,990,103900.42210854717,8561.099415746592,M,36.3,4.7
10801,10/2015,41,96075.86378459247,8570.193404696303,M,36.9,10.0
10802,10/2015,678,77489.62506090522,8528.777773700313,M,55.7,7.7
10803,10/2015,663,85785.87105398005,7204.619668696157,M,56.7,12.1
10804,10/2015,28,85709.52840531674,7272.499446580752,M,65.2,4.4
10805,10/2015,672,76132.49881571751,8506.315855239134,M,53.2,13.5
10806,10/2015,393,74074.97749646823,8796.01475225596,M,33.5,7.3
10807,10/2015,615,96721.75476262238,9127.38067296077,M,51.3,2.9
10808,10/2015,923,100561.71910553101,9641.482004173646,M,32.0,7.7
10809,10/2015,544,109782.52307348633,8834.214009628831,M,39.6,13.0
10810,10/2015,364,106413.00815114361,8504.496904688942,M,41.0,9.2
10811,10/2015,573,78168.79127793103,8965.021582370171,M,60.9,6.4
10812,10/2015,125,73320.85388417085,8560.524500102583,M,37.2,9.2
10813,10/2015,949,99176.75600653252,8317.436554614234,M,36.4,12.6
10814,10/2015,510,69119.20873468145,7907.628525871754,M,55.0,12.2
10815,10/2015,878,86493.40235740202,8395.432484617171,M,36.2,5.5
10816,10/2015,992,71927.71795134504,9294.544269344278,M,36.1,17.3
10817,10/2015,8,120997.89543311772,9498.906920604984,M,39.7,13.2
10818,10/2015,984,99953.53501537867,8542.365960936744,M,42.3,10.7
10819,10/2015,763,128386.97259320506,11151.327267122022,M,37.4,6.6
10820,10/2015,973,111587.17983397398,9877.291650102492,M,39.5,15.8
10821,10/2015,25,64874.14018548782,7236.0423668310395,M,34.8,14.6
10822,10/2015,541,93157.14619713671,8926.356450795844,M,48.7,8.1
10823,10/2015,757,86478.12250285762,8892.980505336962,M,,13.5
10824,10/2015,374,130223.36246677239,10027.302057115749,,39.7,13.9
10825,10/2015,64,94186.99407459793,9402.016705897184,M,46.0,5.6
10826,10/2015,500,104323.10909163162,8784.092575334176,F,46.2,13.5
10827,10/2015,647,91355.34659692457,7438.871947652874,F,63.4,11.7
10828,10/2015,614,80511.27636667156,8617.068312805273,M,59.8,17.8
10829,10/2015,21,86997.22880501469,7225.0820453779015,M,32.8,7.5
10830,10/2015,13,92943.19408683189,6566.859232551178,M,43.1,15.2
10831,10/2015,639,110164.58454661496,8865.596119729695,M,50.0,9.2
10832,10/2015,868,91557.15407839678,9938.143079477544,M,32.5,7.3
10833,10/2015,805,98840.3099895308,8254.695989322427,M,40.7,10.5
10834,10/2015,891,110651.26639240235,10771.262425202623,M,56.5,13.8
10835,10/2015,561,70660.84795444444,8791.008414550888,,44.2,6.2
10836,10/2015,709,136539.81994944095,9797.363379808814,M,38.7,12.6
10837,10/2015,429,80505.53859539254,7661.9174126040725,M,46.7,4.7
10838,10/2015,720,80420.57343336623,9432.235092298892,M,64.6,15.1
10839,10/2015,187,87187.21493502898,8102.791587832986,M,48.7,17.0
10840,10/2015,457,117741.81568227042,9235.840373420431,M,63.5,10.5
10841,10/2015,844,78903.82485404123,8615.691155053732,M,47.4,2.4
10842,10/2015,552,95501.9311045268,8569.51515118507,M,61.3,7.3
10843,10/2015,498,82942.31665755485,8949.781149071932,M,49.2,15.3
10844,10/2015,230,82774.5676755354,8388.582262329632,M,38.2,5.1
10845,10/2015,131,97685.14406222681,9828.706147065272,M,35.1,16.0
10846,10/2015,268,100176.2355408487,9038.85628923352,M,41.2,11.2
10847,10/2015,634,85477.13098601233,8373.31500628508,M,46.8,4.5
10848,10/2015,930,79015.73798638993,8676.352972314704,M,54.4,16.9
10849,10/2015,730,87306.980419088,7235.917086161804,M,60.8,1.5
10850,10/2015,386,108779.35092088376,10338.555482299706,M,37.5,12.8
10851,10/2015,897,124206.26619780049,9479.696110971809,M,43.3,2.5
10852,10/2015,604,113076.712586407,9063.496723322754,M,59.8,7.6
10853,10/2015,850,127911.80657352951,9894.035885475685,M,39.4,1.4
10854,10/2015,626,67896.68626141704,7870.813412365302,M,51.8,18.1
10855,10/2015,163,89999.30439792125,7107.91407731598,M,58.5,9.1
10856,10/2015,82,106923.80021406527,9453.088521803487,M,61.7,4.0
10857,10/2015,36,79548.2157796701,8024.943728783714,M,37.4,16.3
10858,10/2015,977,74390.88140722839,6653.872404315023,M,56.2,3.7
10859,10/2015,123,80092.06494039125,7996.671377865417,M,65.3,11.5
10860,10/2015,92,80437.94999407869,9057.716505528424,M,41.4,15.1
10861,10/2015,26,115968.91847249935,9940.30565281386,F,47.5,2.7
10862,10/2015,251,77995.0769866447,8412.67548702112,M,43.0,11.9
10863,10/2015,598,95821.8655256214,9373.357538113709,M,51.3,9.4
10864,10/2015,524,67617.40218249428,7368.356227965441,F,39.5,18.5
10865,10/2015,726,82659.14836707708,8020.584760836576,M,58.1,4.5
10866,10/2015,263,76943.00940745861,8098.998967467736,M,52.2,12.2
10867,10/2015,365,72699.75053388574,7614.8025935722235,M,37.6,5.3
10868,10/2015,44,82181.66402509407,8016.13651857246,M,61.5,8.9
10869,10/2015,530,102252.54140243867,9317.051837322373,,47.2,6.9
10870,10/2015,838,83868.06102633919,8369.863725970592,M,,17.2
10871,10/2015,311,81834.22486549722,8627.648892583473,,32.1,9.4
10872,10/2015,447,60435.146128825225,7845.979972337046,M,65.5,12.1
10873,10/2015,993,61052.832012595325,8583.580809387477,M,35.0,2.9
10874,10/2015,315,74385.15541014273,6792.602477481282,M,61.1,8.7
10875,10/2015,20,72089.3636843924,9815.36767953464,M,52.1,18.1
10876,10/2015,618,90898.97188843445,9494.816846872547,M,63.9,9.0
10877,10/2015,43,123050.72406695408,9188.267874762249,M,57.3,1.2
10878,10/2015,190,77886.60749358592,7848.571412162007,M,57.5,14.1
10879,10/2015,659,76839.17926078208,8415.971119983284,M,65.4,14.7
10880,10/2015,47,107216.00691124515,8490.909270754419,M,40.7,5.3
10881,10/2015,987,92222.93663644815,7759.471833318686,M,32.4,13.8
10882,10/2015,71,82001.80577418087,7997.266127116058,M,39.0,1.0
10883,10/2015,198,88086.4425268813,9183.953750888977,M,41.1,16.6
10884,10/2015,473,82258.60900810226,9629.155660387352,M,59.5,14.6
10885,10/2015,338,72537.02895903269,7454.064675563687,M,42.2,4.3
10886,10/2015,440,78239.19962317769,9561.389244931646,F,39.6,4.4
10887,10/2015,246,72141.85846219223,7849.4568138174545,M,57.2,15.1
10888,10/2015,116,79231.99192270297,8691.358261438008,M,42.2,10.6
10889,10/2015,849,83520.82964796406,9012.416377290148,M,65.4,12.1
10890,10/2015,900,122031.33702210369,8996.58791401918,M,41.5,9.4
10891,10/2015,359,72817.05657797847,7163.464909189224,M,47.7,7.9
10892,10/2015,299,92298.17186250535,9434.837778763143,M,50.1,2.0
10893,10/2015,7,67084.99703278959,7669.261894910171,M,40.8,14.1
10894,10/2015,297,65089.18935193538,7187.008308278284,M,53.7,1.0
10895,10/2015,822,103954.41985616312,8724.035061950744,,54.0,2.9
10896,10/2015,648,94444.67179735993,9962.519724243903,M,49.6,4.4
10897,10/2015,294,88083.38719721857,8854.96976314009,M,59.6,4.9
10898,10/2015,491,76613.6858126195,7404.889738360903,M,61.1,3.2
10899,10/2015,568,87684.50436124844,9450.847872513512,M,,16.5
10900,10/2015,584,93080.31737856119,8151.380197574928,M,43.3,14.9
10901,10/2015,690,90930.75164162212,7213.044395960445,M,,8.8
10902,10/2015,291,92671.05437362606,8809.309821523584,M,33.2,5.4
10903,10/2015,49,87038.29563960177,8157.248211465822,M,45.1,3.0
10904,10/2015,585,102488.5757917447,9309.177066996373,M,37.9,11.3
10905,10/2015,606,88048.63380234834,10297.057723694947,M,51.5,15.1
10906,10/2015,693,92692.20622621031,7962.723898016876,,53.1,9.9
10907,10/2015,944,69676.07136267447,7588.790906478493,M,49.4,14.1
10908,10/2015,793,81694.30651117773,9289.53059027701,M,35.0,12.5
10909,10/2015,425,72592.92865984155,8664.822889193694,M,,17.9
10910,10/2015,683,104236.67330090789,9497.857075930808,,54.5,3.6
10911,10/2015,656,65706.19563919037,6618.834900823402,M,56.4,17.8
10912,10/2015,488,96616.96350861229,7908.01845289983,M,32.4,5.8
10913,10/2015,61,106623.81005265942,9845.671635213515,M,34.1,16.4
10914,10/2015,904,114535.45371471214,9299.681113804554,M,,4.0
10915,10/2015,378,77374.03993062985,7865.28237051689,,36.7,3.5
10916,10/2015,269,96607.44695211879,8803.499752191748,M,39.7,8.1
10917,10/2015,889,93608.62359788641,7430.508768572669,,55.5,2.0
10918,10/2015,481,124355.02714672571,10048.296569088434,F,51.5,17.1
10919,10/2015,344,88776.13925059233,8839.963032997915,M,51.0,11.8
10920,10/2015,99,96280.96790767726,8838.126317972305,M,55.3,5.7
10921,10/2015,832,117798.23413290216,11089.816551793685,M,,13.3
10922,10/2015,127,89637.45814356049,8668.539549762765,M,55.8,11.8
10923,10/2015,617,81504.59036217896,7447.222805117735,M,38.2,17.4
10924,10/2015,770,91174.42447886313,8899.907722556616,M,56.6,15.9
10925,10/2015,484,85020.30701530114,8434.499654534688,M,36.2,4.1
10926,10/2015,341,63422.865572862924,6580.773984490791,F,63.1,16.9
10927,10/2015,982,88388.48410275199,8825.430380566992,M,,9.4
10928,10/2015,212,84391.08803356766,8241.949493023512,M,46.4,1.6
10929,10/2015,589,72244.15885009464,9313.82344448087,M,40.7,6.4
10930,10/2015,797,83245.79700832281,8882.632039224878,M,44.6,5.9
10931,10/2015,753,84194.12864812637,7616.442034321229,M,32.8,12.8
10932,10/2015,227,82254.45501353493,7742.878496393587,M,,16.2
10933,10/2015,86,96525.51887391525,9408.599472179998,,,5.4
10934,10/2015,680,78583.07418832711,8886.826005552568,M,61.1,18.9
10935,10/2015,195,94236.77135024137,8903.55020899336,,54.1,8.8
10936,10/2015,595,87264.73939127638,7752.35596739677,M,45.4,7.1
10937,10/2015,854,79450.37394740636,7690.196183490965,M,44.2,18.7
10938,10/2015,828,118001.4786483724,8921.900053554737,,50.6,1.1
10939,10/2015,261,99988.26036159137,7841.769805867101,M,36.4,18.5
10940,10/2015,603,100003.46285869005,8117.817487371404,M,34.9,10.7
10941,10/2015,379,80817.66976921217,8854.300062341788,M,65.1,12.4
10942,10/2015,888,102251.53115983911,9419.795039786906,M,,4.0
10943,10/2015,741,103751.37309525098,8947.650443680343,M,42.4,11.2
10944,10/2015,60,76573.55433896238,8508.831597385857,M,53.4,11.0
10945,10/2015,955,75747.004569883,8429.507815306173,M,35.8,8.5
10946,10/2015,62,90680.4691827357,8669.246910410344,M,34.0,4.3
10947,10/2015,638,85574.18910329562,6815.648428140873,M,62.7,9.4
10948,10/2015,697,63924.20585695652,7877.314424871696,M,35.0,15.2
10949,10/2015,147,103241.71668724545,8615.879127990058,M,53.7,14.7
10950,10/2015,637,67152.1168000505,6953.7530726795,M,63.3,3.0
10951,10/2015,799,139427.62713807836,10864.0810945359,M,45.3,1.1
10952,10/2015,178,89929.6440716746,7549.072615955807,M,49.0,7.8
10953,10/2015,806,81264.1397876236,8610.24914678692,M,50.3,7.6
10954,10/2015,300,91798.22228559072,8861.848603477529,M,35.9,9.5
10955,10/2015,998,82500.55619859426,7828.275757673338,M,32.1,1.4
10956,10/2015,337,100631.40040881818,10374.729741621024,M,36.0,9.4
10957,10/2015,549,79159.78234907922,9136.211712590057,M,55.1,16.4
10958,10/2015,767,103911.08308925794,8067.347031278279,M,56.5,1.2
10959,10/2015,157,75228.24381570339,8374.217453076093,M,56.8,16.2
10960,10/2015,540,93582.90172863651,7450.753792979774,M,41.6,6.5
10961,10/2015,108,98509.36172586743,9905.688838244287,M,51.2,2.9
10962,10/2015,352,75710.51927538382,8994.59141092647,M,58.1,9.3
10963,10/2015,847,69950.77722994752,8528.268943822966,M,51.0,5.2
10964,10/2015,479,91860.31888773014,10556.584520438095,M,54.6,1.0
10965,10/2015,622,95540.37827591131,7809.85057507279,M,53.2,7.6
10966,10/2015,937,91651.09680791482,9226.125144936404,M,54.9,11.5
10967,10/2015,775,89249.7688313156,8635.767764139966,M,50.4,9.8
10968,10/2015,623,103176.5587086159,7042.411939841006,,,14.4
10969,10/2015,87,108776.29094344607,9020.115056078243,M,48.0,15.4
10970,10/2015,80,89889.66157268682,8001.698335296634,M,57.8,17.5
10971,10/2015,434,90669.12633398669,9222.878293120006,M,36.5,7.7
10972,10/2015,210,87289.8543316582,8161.997659393254,M,37.0,1.9
10973,10/2015,860,83362.97993073108,9303.977217963415,M,38.0,16.8
10974,10/2015,220,72709.08852620567,8968.168230088444,M,32.1,7.3
10975,10/2015,769,76035.38829943465,9090.874636468307,,58.8,18.9
10976,10/2015,692,100395.24253713553,8318.367365662822,M,42.5,2.3
10977,10/2015,546,105226.01704335281,8694.064374889618,M,55.6,13.5
10978,10/2015,777,74635.26350757631,7444.570102221282,M,59.2,16.0
10979,10/2015,581,78949.74305512109,8385.986369732627,M,35.5,18.5
10980,10/2015,452,83837.97592339489,8395.78536727284,M,53.3,4.4
10981,10/2015,511,87579.44334431518,8164.199580753166,M,35.2,10.9
10982,10/2015,214,86356.89792043704,8834.628762410803,M,,5.9
10983,10/2015,234,81833.2315492852,7577.750930394644,M,42.7,6.2
10984,10/2015,853,69147.1110993548,6806.8287343210395,M,42.5,2.3
10985,10/2015,551,82862.58132233408,8833.521695131054,M,,4.3
10986,10/2015,505,82014.78538124372,8743.746012914804,M,33.7,2.5
10987,10/2015,508,109896.96054614217,7656.270169518113,M,54.1,8.3
10988,10/2015,795,93783.44646027214,8999.308447290976,M,50.4,8.6
10989,10/2015,317,91654.25019979103,8103.597582583887,M,33.3,2.7
10990,10/2015,792,96801.70917977653,8292.846442360755,M,,8.7
10991,10/2015,974,96628.89060214585,8212.074896097132,M,34.8,8.2
10992,10/2015,117,86083.53316004346,7372.886360800407,M,59.4,17.1
10993,10/2015,410,74424.43033976672,8646.20744787126,M,38.0,17.4
10994,10/2015,182,83397.8719074803,8248.313268913724,M,40.0,14.4
10995,10/2015,119,76233.17950525202,7008.312068340306,M,65.9,15.4
10996,10/2015,236,95326.72248234712,8323.11217060084,M,42.3,6.7
10997,10/2015,449,71759.8334857449,6962.401349280744,M,38.4,18.7
10998,10/2015,494,88802.67868152098,8593.001614753925,M,48.7,7.9
10999,10/2015,609,74335.61209668923,5908.987179604037,M,,4.6
11000,09/2015,943,50114.84435729755,6439.230222553871,F,58.4,0.6
11001,09/2015,966,81903.478854568,6973.540157758023,M,46.8,0.1
11002,09/2015,250,115342.97373608402,9990.235555646483,M,32.0,0.1
11003,09/2015,156,89144.77833475961,8401.166406605591,,64.8,0.7
11004,09/2015,67,79447.52712329039,8667.85224733063,M,60.7,0.4
11005,09/2015,684,104217.02072127654,8417.033044895627,M,,0.5
11006,09/2015,527,86050.10726855673,10297.348100235753,M,,0.4
11007,09/2015,556,93328.66974627187,10427.680407317748,M,50.7,0.8
11008,09/2015,446,89019.76412690402,8487.011820235202,M,49.5,0.1
11009,09/2015,841,99045.77363331789,10403.945266801527,M,48.2,0.7
11010,09/2015,126,70949.90845766274,7351.730546720324,M,53.2,0.7
11011,09/2015,910,94302.31861924603,8152.4623136756645,M,58.2,0.6
11012,09/2015,112,65899.63574684411,8874.476320888685,M,54.8,0.9
11013,09/2015,191,93605.47565648156,7370.21305181933,M,50.4,0.1
11014,09/2015,739,80104.24824115774,8050.528562981156,M,37.6,0.6
11015,09/2015,579,104846.40214638515,9075.393307401377,M,41.3,0.3
11016,09/2015,111,93714.50187086036,9120.233795610658,M,45.4,0.8
11017,09/2015,285,56749.948744559726,6008.665595392381,M,47.3,1.0
11018,09/2015,796,124452.87973905086,10100.413103321758,M,59.2,0.3
11019,09/2015,310,62768.56633693269,6737.519868965571,M,42.2,0.8
11020,09/2015,458,104569.1109814477,8062.584899560775,M,39.7,0.2
11021,09/2015,884,69912.74141960511,7507.2255715041265,M,64.1,0.6
11022,09/2015,335,86280.53863967246,8360.604399994992,M,47.0,0.8
11023,09/2015,521,89737.56343089833,8760.426144875219,M,56.1,0.8
11024,09/2015,887,81927.08419819312,7370.768065666581,M,,0.0
11025,09/2015,601,91495.47618925909,7902.357851128891,M,39.8,0.2
11026,09/2015,11,78968.99500126115,8793.70124339063,M,39.1,0.6
11027,09/2015,624,79729.58254673319,8849.562177495174,M,52.8,0.7
11028,09/2015,737,90509.07761636437,10016.548671533572,M,58.1,0.3
11029,09/2015,823,91396.96023973428,8151.469021365601,M,50.6,0.3
11030,09/2015,752,85398.89816180254,9200.319042533336,M,63.6,0.4
11031,09/2015,732,82754.68444448953,7999.357894853491,M,54.1,0.5
11032,09/2015,493,69717.96293395932,8053.862266544616,M,61.1,0.2
11033,09/2015,159,107242.1093599139,9196.682785181194,M,48.4,0.6
11034,09/2015,225,88431.7294155861,7253.258203176696,M,,0.6
11035,09/2015,784,69183.43326921426,8786.153751654338,M,54.3,0.2
11036,09/2015,171,89120.79457894416,9215.172318879482,M,49.4,0.4
11037,09/2015,460,83098.72508548704,8835.628037278117,F,33.0,0.3
11038,09/2015,408,84314.11198701398,9847.644330804369,M,65.0,0.9
11039,09/2015,239,66394.73751680757,7018.570401795752,M,60.4,1.0
11040,09/2015,812,90464.64230114239,8540.136472487351,M,54.7,0.9
11041,09/2015,896,86409.47818822984,9109.72871810241,M,58.5,0.0
11042,09/2015,354,83251.91960494815,6611.299970139362,M,65.2,0.4
11043,09/2015,574,70526.33675488131,8544.377793629108,M,60.7,0.3
11044,09/2015,186,113331.05072061117,9833.327337910156,M,65.7,0.6
11045,09/2015,381,94044.32530433922,9253.31630049451,M,44.0,0.1
11046,09/2015,898,94074.6453366286,9853.156809699729,M,46.5,0.0
11047,09/2015,405,72559.92255901349,7173.025313427563,M,32.2,0.1
11048,09/2015,439,72406.20899671776,7786.1312865854,M,65.2,0.3
11049,09/2015,532,110340.27788654299,8034.321349071288,M,38.2,0.5
11050,09/2015,665,83586.33462995465,7520.53306733074,M,,0.6
11051,09/2015,962,90269.94843359121,9137.99593988799,,53.5,0.8
11052,09/2015,303,80737.73478103873,9473.848621863379,M,37.0,0.6
11053,09/2015,996,97403.86229604337,6923.690404894783,M,41.0,0.5
11054,09/2015,836,85955.73465114943,8189.529321011387,,55.4,0.2
11055,09/2015,840,80600.06085805618,7673.046145481119,M,35.8,0.3
11056,09/2015,459,101991.2972027171,8821.033120017175,M,36.2,0.4
11057,09/2015,611,90678.25919298231,8313.029907485165,M,62.4,0.4
11058,09/2015,467,90411.84792754172,9383.336244121705,M,,0.5
11059,09/2015,786,85283.01344519028,7764.274859202091,M,46.5,0.0
11060,09/2015,23,101201.13783530328,8503.151357299044,M,51.4,0.9
11061,09/2015,302,97987.43411266644,8207.6495534661,M,47.2,0.2
11062,09/2015,289,78331.46464215987,9297.23683995894,M,39.5,0.5
11063,09/2015,155,63406.167444778155,6738.0150270642835,M,57.3,0.4
11064,09/2015,327,84821.77348481449,8633.271040138723,M,51.8,0.8
11065,09/2015,114,106119.46006767433,8794.876383101346,M,61.1,0.9
11066,09/2015,756,72429.67908292188,7922.343005868196,,54.8,0.3
11067,09/2015,880,89092.70205055362,8587.817649724542,M,45.6,0.6
11068,09/2015,660,121676.17434892688,8047.2834793780685,M,56.5,0.9
11069,09/2015,454,96552.307162748,8272.714361934772,M,40.2,0.2
11070,09/2015,969,81714.45944533893,10114.392588626668,F,62.8,0.7
11071,09/2015,176,70890.90566067911,7400.3557149108165,M,35.8,0.9
11072,09/2015,432,87636.84770970067,7810.786325694186,M,47.3,0.9
11073,09/2015,531,98303.8804614342,9383.744810475944,M,46.6,0.9
11074,09/2015,101,99386.87023705433,9773.14191298163,M,,0.9
11075,09/2015,738,91962.92305377018,8795.63223322309,M,36.7,0.3
11076,09/2015,271,88449.49479918585,8447.92975927226,M,64.8,0.4
11077,09/2015,423,74302.02055457947,8108.75546601575,M,59.1,0.6
11078,09/2015,765,69642.30392361773,8160.980446886161,M,47.8,0.8
11079,09/2015,691,77682.53884744097,8458.376076826125,M,44.8,0.4
11080,09/2015,533,91716.36553143527,8701.489199533535,,35.8,0.1
11081,09/2015,716,100532.78127146215,7825.741462316364,M,39.8,1.0
11082,09/2015,922,83265.9618786667,8807.209669607215,M,58.5,0.8
11083,09/2015,174,84110.97383824199,8709.336811840061,M,46.1,0.9
11084,09/2015,200,95679.5608295921,10771.989913661884,M,39.0,0.7
11085,09/2015,316,74979.3677035118,9577.241302826358,M,34.8,0.2
11086,09/2015,307,66398.73995251206,7627.077997438682,M,65.0,0.7
11087,09/2015,882,98830.91541139808,8955.344172818135,M,33.7,0.6
11088,09/2015,706,116613.21762753131,9776.03854288842,M,51.7,0.3
11089,09/2015,829,105279.54786900307,8533.850434892263,M,35.3,0.5
11090,09/2015,719,87211.26922485055,7902.032747465289,M,32.6,1.0
11091,09/2015,935,91931.43180991773,8074.0047329799345,M,38.9,0.3
11092,09/2015,68,98702.16290588235,7630.925798843063,F,35.8,1.0
11093,09/2015,815,85707.71852934406,7983.289093823938,,64.2,0.3
11094,09/2015,747,87206.83502726367,7595.725078618802,M,43.6,0.7
11095,09/2015,798,85907.01719997838,8674.189487032223,M,35.3,0.4
11096,09/2015,865,83910.45856389558,9290.310511185071,M,58.5,0.3
11097,09/2015,399,88984.28918752648,9351.65394788748,M,53.1,0.9
11098,09/2015,509,122998.40212845508,10160.955307558035,M,46.7,0.5
11099,09/2015,308,65779.07075399191,7217.582245577138,M,48.1,0.9
11100,09/2015,502,64614.3341665686,7777.702276955957,M,61.5,7.9
11101,09/2015,81,102942.0552126643,7935.5410319412185,M,42.4,14.4
11102,09/2015,814,84811.94140003121,7337.685644377901,M,33.1,18.7
11103,09/2015,666,86548.4818980322,7655.699809863382,M,35.3,8.7
11104,09/2015,205,63429.544538949776,7670.32245645979,M,56.6,9.9
11105,09/2015,759,83802.49984275094,8307.846079251492,M,44.5,3.4
11106,09/2015,96,74756.84735157191,7719.242298119024,M,37.2,9.4
11107,09/2015,671,90927.12912214531,7967.7880528493415,M,61.4,16.8
11108,09/2015,100,97969.48948255587,8469.3252301751,M,38.1,17.2
11109,09/2015,321,68102.60826844655,9035.985697006688,M,,10.1
11110,09/2015,602,65649.93143276493,6688.248926449716,M,37.3,17.8
11111,09/2015,453,117685.52865098968,9527.67749817369,F,60.6,5.4
11112,09/2015,396,87370.93453657589,7706.877344920772,M,33.1,12.5
11113,09/2015,113,75909.50985102517,7947.810942540507,M,,16.9
11114,09/2015,988,77551.39010418409,7267.706355668157,M,32.9,11.3
11115,09/2015,956,91288.53292861194,9557.224010559943,M,65.3,15.6
11116,09/2015,59,67682.13859747708,7074.435379106211,M,46.9,8.1
11117,09/2015,593,61613.69048935557,7671.594395082597,M,43.4,15.5
11118,09/2015,10,84851.13569851118,7710.743027745076,M,45.5,6.4
11119,09/2015,196,122831.77118682217,9997.563910927152,M,46.2,4.3
11120,09/2015,38,87384.54008450813,8387.448335423716,,51.3,5.9
11121,09/2015,625,97480.18821214236,8757.784285025744,M,57.7,13.8
11122,09/2015,570,72865.48741384735,7641.9734162221,M,47.1,16.8
11123,09/2015,745,92360.47721812065,9535.755108463582,M,51.3,15.9
11124,09/2015,764,94416.18754839819,9244.704341365657,M,47.3,15.0
11125,09/2015,66,84071.19475913294,8347.966119716806,M,40.0,18.9
11126,09/2015,84,104162.33135652586,10157.000499858585,,36.5,18.8
11127,09/2015,462,89209.29392439112,8046.598748415244,,39.3,10.3
11128,09/2015,952,90591.55222989652,7956.792282328767,M,56.4,4.4
11129,09/2015,970,64126.75399476947,6979.090413025319,M,34.0,11.4
11130,09/2015,333,109681.84831319604,10682.923641217118,M,50.1,8.4
11131,09/2015,274,66587.68332654965,5463.556659162205,M,63.7,8.6
11132,09/2015,981,85069.92593415131,8638.780933020042,M,62.2,1.6
11133,09/2015,110,95940.78729934964,8675.575814272646,M,59.4,15.7
11134,09/2015,383,85044.88402677496,9827.964924130627,M,37.5,15.6
11135,09/2015,542,71401.65975991487,9300.362188352961,M,35.2,7.8
11136,09/2015,787,89380.89187503979,8229.836845990447,M,59.9,12.3
11137,09/2015,57,116712.60861991975,10399.009640320037,M,65.6,16.7
11138,09/2015,412,90445.81580364931,9027.870728015709,M,59.3,4.6
11139,09/2015,177,89392.5494174126,9011.206623247272,M,41.0,1.9
11140,09/2015,560,61003.0855725023,8217.706123950871,M,41.8,12.4
11141,09/2015,398,91060.0030322673,7870.101141499813,M,52.0,4.8
11142,09/2015,916,81729.57121682994,9182.641306007456,M,65.1,18.0
11143,09/2015,965,77012.11148069892,8480.925923994439,M,65.8,5.6
11144,09/2015,746,72370.01295808899,7855.685232821344,M,48.2,1.6
11145,09/2015,912,68612.69068343479,7407.046026149051,M,55.6,16.5
11146,09/2015,257,65431.0325920634,7168.492658552692,M,36.1,4.5
11147,09/2015,727,62655.98969351951,8055.964307371436,M,53.5,16.6
11148,09/2015,144,101003.91087241414,9776.75931740949,M,43.3,7.4
11149,09/2015,164,70721.46839026202,7758.927642751241,M,39.8,10.5
11150,09/2015,48,67652.81697575178,6621.886624593794,M,63.4,11.9
11151,09/2015,872,108565.32542694474,7427.797059425153,M,50.2,11.6
11152,09/2015,391,69585.83242764056,6977.582525391018,M,47.8,2.2
11153,09/2015,703,85452.27238935143,8087.732968692993,M,,7.8
11154,09/2015,504,91822.23153104387,8931.142464010496,M,40.0,1.8
11155,09/2015,876,78815.81946970067,9521.109859047341,M,34.7,5.8
11156,09/2015,69,81212.48438060035,8622.83920863472,M,57.1,11.5
11157,09/2015,736,74317.41781783533,7033.81767285326,M,43.1,13.3
11158,09/2015,899,74279.64519783184,6432.720136278248,M,58.6,10.2
11159,09/2015,219,69630.02381567961,7067.957474760739,M,39.4,17.3
11160,09/2015,451,73404.2805678477,7908.244545729244,M,47.1,10.2
11161,09/2015,407,91438.55812993243,8034.710298201977,M,46.4,2.4
11162,09/2015,735,103811.97602405061,8361.048229220843,M,54.1,4.8
11163,09/2015,249,69826.61511246276,7701.036091117366,M,60.9,8.2
11164,09/2015,145,75914.14663086768,7795.599479422244,M,49.4,7.5
11165,09/2015,12,84841.52791179651,7691.630611338329,M,59.0,15.6
11166,09/2015,724,64675.54095665505,6904.584843382059,F,47.8,16.0
11167,09/2015,728,95219.51250105607,8711.161078671277,M,57.5,2.9
11168,09/2015,948,95828.98331299372,8445.08989746429,M,37.5,3.6
11169,09/2015,464,108475.18237588034,8613.99666189822,M,58.4,6.4
11170,09/2015,278,64547.855982830646,8012.774490701389,,47.4,10.8
11171,09/2015,89,101818.2166468347,8760.159867243194,M,42.9,7.5
11172,09/2015,124,82404.2819040213,8374.845964348437,M,35.2,9.5
11173,09/2015,185,74558.0568038368,7679.72097042024,M,35.5,14.5
11174,09/2015,514,79141.89327330187,8809.110149710887,M,45.0,12.9
11175,09/2015,651,99079.75646929206,8095.169165618189,M,39.2,8.3
11176,09/2015,669,78462.41887226624,8073.343140094163,M,52.7,13.9
11177,09/2015,97,100937.05311753403,10231.871748177304,M,62.2,11.0
11178,09/2015,924,85612.53432597218,7707.61414009188,M,64.5,11.3
11179,09/2015,323,84434.19840445809,7826.709567591247,F,48.5,8.9
11180,09/2015,643,69091.75743347094,8267.273083781894,M,35.7,16.0
11181,09/2015,890,96389.8105389176,8920.990809751425,M,55.4,17.6
11182,09/2015,929,71370.76565262326,8909.518524391668,M,41.7,4.4
11183,09/2015,670,78955.6489595686,7624.67949935355,M,36.1,8.3
11184,09/2015,181,77649.34887342551,8129.148852265041,M,36.8,10.0
11185,09/2015,963,87888.44738551142,8553.807208571037,M,50.0,10.8
11186,09/2015,997,89696.96291875585,7655.115187869301,M,61.6,10.5
11187,09/2015,858,99933.79157634285,8929.425805274606,M,38.2,1.5
11188,09/2015,403,103406.69095479551,8140.911532064394,M,45.4,7.8
11189,09/2015,572,106394.1752309701,7972.301366267883,M,,7.6
11190,09/2015,754,77209.9480015813,8300.957797677807,M,55.8,11.8
11191,09/2015,72,94540.50044917566,8071.86691501145,M,46.7,11.5
11192,09/2015,283,77664.06125810498,7278.074365010301,M,57.9,9.6
11193,09/2015,705,106112.36272762898,8386.442962010095,M,46.5,1.7
11194,09/2015,983,65428.7687749851,7710.00012147398,M,36.0,14.7
11195,09/2015,305,122194.10551057411,8855.47348948062,M,63.1,4.2
11196,09/2015,857,78705.77999458213,9153.861756577779,M,37.8,3.3
11197,09/2015,74,61777.6321548701,7394.508790980746,M,37.2,15.0
11198,09/2015,824,84228.29491356,8888.188634430924,M,56.3,2.9
11199,09/2015,231,82929.55976759305,7543.027865333589,,42.2,17.8
11200,09/2015,130,63923.82400420748,7913.297098282596,M,59.5,15.0
11201,09/2015,248,59237.41797259307,5942.249925445351,M,36.4,14.8
11202,09/2015,149,90475.39734364211,7605.340155650345,M,52.6,5.5
11203,09/2015,329,78889.14423207691,8568.967537818975,M,43.4,4.5
11204,09/2015,582,83173.84194181483,7656.9156016021425,M,46.1,4.4
11205,09/2015,328,68871.77025328144,7073.092352604908,M,39.4,11.4
11206,09/2015,779,95457.0094368316,9750.974200198836,M,,18.0
11207,09/2015,807,101331.27229080925,8938.06939372967,M,,12.8
11208,09/2015,821,73318.45872026769,6695.541669880478,M,55.6,4.4
11209,09/2015,366,85273.61539282216,7998.238567474628,M,42.9,7.5
11210,09/2015,433,80204.88828029961,8058.055582579186,M,37.5,8.6
11211,09/2015,371,74925.28796956521,7078.382977075177,M,52.2,5.6
11212,09/2015,384,108298.70132833207,9162.156652590782,M,43.5,2.5
11213,09/2015,632,92983.91342196379,9916.343574349614,M,35.3,14.1
11214,09/2015,861,114852.46368374687,8572.530742134026,M,48.3,12.6
11215,09/2015,65,78981.16596195177,8219.87750791996,,46.8,15.7
11216,09/2015,877,98155.51978676539,9734.11754004253,M,40.8,16.7
11217,09/2015,244,84605.49528238442,8950.587132139211,M,40.5,3.1
11218,09/2015,863,101292.5531765657,9070.680695304563,M,48.7,17.6
11219,09/2015,350,112608.27584139237,11025.520805478382,M,52.6,18.5
11220,09/2015,160,71221.46835763472,6489.744307233201,M,34.9,18.1
11221,09/2015,45,100397.06534883742,7383.811805752901,M,40.4,11.4
11222,09/2015,497,103787.74146662948,8421.097494612397,,46.3,11.7
11223,09/2015,237,73046.74687434087,7862.023046659322,M,39.1,10.7
11224,09/2015,9,63455.655828683266,7997.620170228465,M,50.3,8.9
11225,09/2015,172,80276.8268330744,8332.34070485879,M,55.4,10.6
11226,09/2015,918,102109.97654068291,9764.40184939046,M,45.0,2.6
11227,09/2015,950,96143.47601367583,10379.374310432517,M,34.7,6.3
11228,09/2015,134,48749.63144643581,5562.484222307972,M,64.7,6.2
11229,09/2015,140,88796.61599023538,7125.046974926695,M,,14.0
11230,09/2015,238,89831.5364029671,9468.028269816054,M,61.8,3.6
11231,09/2015,567,90073.81030251962,7673.85104513038,M,49.1,15.0
11232,09/2015,146,90752.7159965616,9229.388700898988,M,38.1,5.6
11233,09/2015,519,84610.25854118369,9114.611344256418,,42.7,1.7
11234,09/2015,428,82968.89211573874,7963.744981757484,M,37.0,13.8
11235,09/2015,612,72749.54784100127,7290.842945682162,M,56.8,10.3
11236,09/2015,153,95172.17082438702,8138.660000585543,M,32.3,18.2
11237,09/2015,592,99035.0425167657,9201.808297973426,M,52.6,12.7
11238,09/2015,713,104936.50300729039,8834.32947058765,M,45.8,18.2
11239,09/2015,933,135704.06208812294,9702.642049112577,M,48.6,14.2
11240,09/2015,686,78453.40595122478,9209.663250082469,M,40.8,5.5
11241,09/2015,331,86003.37077315348,9499.071471038153,M,36.7,9.1
11242,09/2015,885,80399.99068468352,8591.794773039155,M,62.8,6.5
11243,09/2015,842,100263.45825484116,9963.848806929875,M,48.5,6.3
11244,09/2015,951,107521.99134271964,10775.056409610821,M,65.1,10.5
11245,09/2015,597,98080.69021705945,9238.42238647143,M,60.0,13.1
11246,09/2015,93,116987.49997764063,9597.680964670455,F,38.4,14.3
11247,09/2015,402,109073.5978274167,8566.474990035978,M,35.4,15.1
11248,09/2015,435,141402.334565041,9575.21145379682,F,60.5,17.1
11249,09/2015,751,70404.46812329673,7004.234127509436,M,55.1,6.5
11250,09/2015,733,108670.96163065126,8684.268176941227,M,52.2,13.6
11251,09/2015,121,115387.64783590185,9585.998998029447,M,58.7,18.4
11252,09/2015,760,87676.60793126737,7862.844245591105,M,47.8,11.1
11253,09/2015,372,84615.26007672858,8861.105088820983,M,33.0,14.3
11254,09/2015,441,67803.6916582827,7907.870250466109,M,51.6,2.3
11255,09/2015,270,72205.30760186096,8932.442123858864,M,40.7,10.1
11256,09/2015,260,103189.11019639633,8091.698596950171,M,34.6,1.1
11257,09/2015,442,78368.77316248817,7500.078918556942,M,61.5,13.5
11258,09/2015,19,108486.28888198898,10560.451370696397,M,,12.4
11259,09/2015,218,79890.03933316562,7633.139442259213,M,60.8,12.0
11260,09/2015,1000,126089.09342453851,9784.33720422786,M,45.2,4.0
11261,09/2015,967,84461.77195853321,9843.843141678863,M,56.6,2.4
11262,09/2015,413,83371.3113370537,7884.715336425088,M,47.8,1.0
11263,09/2015,780,95741.47161733791,9165.601551908841,M,51.8,1.9
11264,09/2015,538,68409.26075853856,7543.15799462802,,44.3,13.5
11265,09/2015,255,117629.26567975426,9476.602395103948,M,50.9,15.2
11266,09/2015,211,81914.7665795494,7606.886183672961,M,36.7,8.5
11267,09/2015,465,65632.35565780093,6908.193696966549,M,62.0,17.2
11268,09/2015,583,111589.02349505757,7461.115433516215,M,39.0,8.2
11269,09/2015,489,87655.44922090796,7350.824050328527,M,39.7,17.4
11270,09/2015,353,60500.09427330255,7887.042058019856,M,65.9,5.3
11271,09/2015,415,76749.47216737868,8280.824921978707,M,62.5,7.1
11272,09/2015,594,92590.74587119943,8108.697924629532,F,44.6,12.7
11273,09/2015,957,72796.76322011785,7883.274229858829,M,55.4,5.3
11274,09/2015,394,72947.4982500718,7737.440180241548,M,56.1,5.1
11275,09/2015,674,82013.232227814,7977.305613319833,M,61.2,16.6
11276,09/2015,646,91738.63047314517,8433.921165925756,M,35.1,10.2
11277,09/2015,972,81882.71808406126,7839.69030705176,M,65.6,1.6
11278,09/2015,791,107155.11071996091,9094.138598381169,M,60.0,8.0
11279,09/2015,78,82689.92324119275,7292.411717736294,M,36.8,7.9
11280,09/2015,548,67972.46959803696,7180.252834852527,M,52.2,12.5
11281,09/2015,536,86438.12725493674,6578.9656531483415,M,55.4,3.4
11282,09/2015,621,77185.1095369469,6916.896526034334,M,54.8,1.7
11283,09/2015,762,73146.03591672971,7945.151351933643,M,47.3,14.9
11284,09/2015,516,79489.7758735679,8766.82457065319,M,65.6,18.0
11285,09/2015,216,78578.10045898295,7448.517061048012,M,36.4,14.5
11286,09/2015,635,55799.55000884598,6995.695394375405,M,55.3,14.8
11287,09/2015,926,98716.17617884763,9583.243207049189,M,43.2,14.0
11288,09/2015,135,108235.58031244551,9387.216169237616,,,10.5
11289,09/2015,387,90744.79293183971,8873.956865317112,M,46.8,16.0
11290,09/2015,925,86528.13695507884,7996.849464261239,M,57.3,5.5
11291,09/2015,85,59437.69337472476,8013.769706320927,M,38.7,16.7
11292,09/2015,586,88465.14228650289,8803.583272323609,M,32.2,7.8
11293,09/2015,571,71195.20097097656,8938.50127338394,M,53.2,13.8
11294,09/2015,855,90790.60455956652,7491.094667465666,M,64.2,15.2
11295,09/2015,685,75595.20578185869,7717.231914160566,M,47.0,7.8
11296,09/2015,63,117172.39698306464,10330.999402677362,M,61.6,12.5
11297,09/2015,264,92507.55328093666,9338.793281734348,M,59.1,12.7
11298,09/2015,701,115319.70378022396,10168.20821859536,M,37.3,10.7
11299,09/2015,73,87801.28200250606,7894.978294910375,M,48.6,14.7
11300,09/2015,478,77071.69650465628,8113.775129945716,M,35.7,7.8
11301,09/2015,661,87245.64602427374,9341.094896131302,M,57.1,1.7
11302,09/2015,228,89460.86321401923,10337.026174200426,M,48.1,9.5
11303,09/2015,309,106359.42495126613,9857.153019554271,M,38.3,14.6
11304,09/2015,382,65800.91218545886,7746.360282290043,M,34.4,10.9
11305,09/2015,914,77908.86552678813,8410.739153405437,M,54.5,6.4
11306,09/2015,170,91484.439604916,8722.476445380655,M,34.1,16.2
11307,09/2015,808,118415.29009465317,9011.582448467349,M,45.2,4.6
11308,09/2015,279,77580.92495211214,8583.567315874676,M,44.9,3.9
11309,09/2015,852,92838.00228873658,9326.826438738974,F,37.4,13.3
11310,09/2015,258,98165.18574183104,9970.781968335023,M,43.5,6.3
11311,09/2015,920,91952.75120381771,8945.092255128826,,64.9,14.6
11312,09/2015,167,53379.26418182439,6813.145155441852,M,37.0,6.7
11313,09/2015,229,96511.57075297709,8190.063807864872,M,55.1,7.9
11314,09/2015,293,86826.99434525266,10070.42738395156,M,44.9,10.8
11315,09/2015,569,90156.62708892484,7581.659171237145,M,39.7,13.3
11316,09/2015,39,73104.21696563323,8514.594444740422,M,58.6,1.1
11317,09/2015,562,83800.01309909417,7010.16624001671,M,43.4,10.0
11318,09/2015,819,96803.49112073913,7602.771429123157,M,33.6,15.2
11319,09/2015,652,123293.3908500039,9415.30069709736,,43.2,1.1
11320,09/2015,827,74536.89220908267,6717.330956284412,M,65.0,3.2
11321,09/2015,915,68466.17637001631,7912.250584688819,M,47.0,13.0
11322,09/2015,35,100784.5113637898,8962.813896369858,M,53.3,4.0
11323,09/2015,358,115863.23149678993,8669.281702062644,M,35.8,18.3
11324,09/2015,867,86368.40149508092,7491.019599730316,M,53.5,10.1
11325,09/2015,979,70408.9743697928,8093.714334674176,M,64.3,9.9
11326,09/2015,599,74786.91153311715,8281.940888470124,M,,18.4
11327,09/2015,470,72552.54230692869,8596.462070543952,M,45.0,3.5
11328,09/2015,903,108073.72011921981,9284.942354769957,M,,16.7
11329,09/2015,420,92791.19454501623,7053.161743567578,M,56.3,5.9
11330,09/2015,150,83361.10058604993,7356.932709531307,M,,10.2
11331,09/2015,631,86374.49185654164,8208.212640729122,M,43.4,6.2
11332,09/2015,616,94061.174092276,9811.221057358263,M,61.5,8.8
11333,09/2015,373,72825.96975792004,8238.118545873833,M,60.9,5.9
11334,09/2015,577,80497.14468610704,9803.868178603769,M,42.5,15.7
11335,09/2015,901,89182.25579609546,8645.48129486247,M,56.5,9.0
11336,09/2015,55,89347.55677658047,8046.503519677038,M,34.9,2.7
11337,09/2015,908,72686.33571919329,9102.091427433177,M,39.6,15.1
11338,09/2015,883,78838.01140508294,7203.020244664561,M,,15.3
11339,09/2015,522,63539.52804965089,6588.1777258143775,M,52.2,14.7
11340,09/2015,811,77333.32082274985,7512.7335400862,M,,18.6
11341,09/2015,137,126476.8432729367,9980.92903514687,M,58.3,17.6
11342,09/2015,600,83133.81750245809,7608.208728481146,M,38.4,17.2
11343,09/2015,673,111812.64793207435,9152.920482650998,M,49.1,5.2
11344,09/2015,575,87404.89804578056,7473.369034915291,M,32.9,10.9
11345,09/2015,469,72061.14834413002,8408.751254220871,M,64.1,10.3
11346,09/2015,698,88476.20761496596,8485.26319907614,M,62.6,5.0
11347,09/2015,245,68286.53938498106,8130.23152252856,M,60.9,13.2
11348,09/2015,363,86862.63872790037,9048.104558586423,M,45.2,1.3
11349,09/2015,911,91603.94316794485,6930.908142513827,M,53.9,13.9
11350,09/2015,343,68432.42266873986,6802.846410991271,M,63.1,16.4
11351,09/2015,886,85650.00347289508,8794.903125810133,M,59.7,10.7
11352,09/2015,262,96122.17045073144,9141.051008641902,M,64.6,14.7
11353,09/2015,222,74151.5247712018,8377.97799980543,M,39.2,11.6
11354,09/2015,731,89267.63211994672,11963.407650555884,,35.2,7.5
11355,09/2015,31,100862.49167206217,7995.169938601707,,36.7,16.8
11356,09/2015,32,79737.36977524584,8392.70809212984,M,55.5,2.4
11357,09/2015,545,89617.23318035941,8522.714630185019,M,42.4,3.8
11358,09/2015,553,108719.2746380722,9488.41139603352,M,35.3,1.8
11359,09/2015,284,74059.4604821896,8346.417214412753,M,40.5,14.4
11360,09/2015,94,91446.281495118,8001.998122380609,M,,9.2
11361,09/2015,472,127406.79108599527,10313.333623264987,,40.5,8.5
11362,09/2015,748,77958.87872016552,8280.65637985893,F,40.7,14.3
11363,09/2015,3,90217.87338226386,9036.251757526377,M,49.3,4.7
11364,09/2015,676,54638.55493912821,7861.433559836871,M,43.8,17.0
11365,09/2015,233,81518.24969970735,8864.333704748711,M,38.2,12.8
11366,09/2015,919,90215.61077707908,9039.519228094934,M,34.6,11.6
11367,09/2015,54,70349.85149876862,7121.877219766652,M,57.6,1.3
11368,09/2015,95,97841.98510852848,8763.193101383242,M,55.1,14.3
11369,09/2015,818,75803.48586899288,7599.981905340161,M,,4.6
11370,09/2015,349,102516.91608425684,8048.393516580839,M,63.1,16.7
11371,09/2015,224,107799.96116189311,10062.69312328864,M,42.2,9.8
11372,09/2015,526,76332.72544196885,8949.271053840133,M,62.7,18.8
11373,09/2015,613,107073.30894949981,8708.203401704917,M,50.9,2.5
11374,09/2015,845,114312.66228609151,8584.894901181075,M,,5.5
11375,09/2015,894,73371.5750554008,7538.309017552815,M,47.3,18.1
11376,09/2015,419,79469.26285511584,7464.026350858635,M,,18.2
11377,09/2015,707,71302.76448800498,8603.532029018168,M,56.4,12.6
11378,09/2015,426,79012.26808946862,8535.718637768783,M,43.0,7.2
11379,09/2015,427,102152.56165947446,9043.208517608098,M,48.1,3.4
11380,09/2015,978,77236.59850720441,7861.244052345393,M,40.8,8.0
11381,09/2015,610,75605.44102857733,9805.809677945872,M,64.5,8.9
11382,09/2015,76,113743.27395555256,10494.914059198996,,46.8,11.5
11383,09/2015,629,120972.0983107828,10824.406880755489,M,46.4,15.7
11384,09/2015,326,97488.50978648062,8568.8008257021,M,32.6,1.6
11385,09/2015,875,84720.21527934226,7999.195324477406,,42.4,16.3
11386,09/2015,409,70874.72630082427,8373.271750345768,M,45.0,14.6
11387,09/2015,940,90118.28209044051,9086.236933921156,M,53.9,9.6
11388,09/2015,642,91216.0739105926,9996.53559800456,M,43.3,8.4
11389,09/2015,14,84641.04824511804,8818.425763245097,M,56.5,1.7
11390,09/2015,129,92554.18743668303,9401.590636062676,M,35.6,11.3
11391,09/2015,474,65635.03935119491,8326.686729903902,M,56.2,13.1
11392,09/2015,312,76494.25224878866,7291.441842952862,M,61.2,13.4
11393,09/2015,708,83024.83530203855,8593.759010249249,M,40.4,1.6
11394,09/2015,30,79784.34442583952,7991.925869962444,M,46.1,9.2
11395,09/2015,161,102579.86878001534,9602.213536704703,M,51.3,2.9
11396,09/2015,839,116535.75546700266,7284.156007640962,M,36.7,1.6
11397,09/2015,400,92085.75907181668,8180.062623000114,,58.4,10.9
11398,09/2015,375,68821.06069983536,8285.389847371429,M,43.3,18.2
11399,09/2015,298,111747.63080954876,9692.121714384102,M,39.2,11.8
11400,09/2015,29,77152.94242671684,8373.478672554425,M,46.5,10.7
11401,09/2015,679,96912.56941976385,9395.955639572005,M,32.7,10.4
11402,09/2015,422,66562.3701073676,7825.257805400043,M,50.1,11.6
11403,09/2015,50,70215.08314411814,8158.821686105268,M,53.7,9.0
11404,09/2015,804,63143.26678585594,7091.976750518438,M,32.4,13.2
11405,09/2015,627,70631.73618210078,7358.16063404155,M,41.2,15.2
11406,09/2015,874,93508.5062675347,10025.592976464986,M,38.0,2.2
11407,09/2015,165,117123.92043729193,9982.541282341132,F,50.4,17.6
11408,09/2015,905,93723.07894211555,8139.932153864685,M,32.6,15.8
11409,09/2015,37,85264.14851365889,8491.823621282965,M,43.8,12.4
11410,09/2015,501,89065.99477059992,8625.689788367044,M,47.7,9.3
11411,09/2015,529,86136.22288472381,9185.969054913778,M,47.6,6.1
11412,09/2015,774,126675.1664527525,10003.222171941214,M,62.2,17.0
11413,09/2015,772,85769.88651620747,8228.044614142165,M,47.7,8.2
11414,09/2015,773,62565.236184991096,6770.499930584362,M,,14.6
11415,09/2015,388,100333.94178114196,9198.382770244252,M,,1.6
11416,09/2015,194,70085.23532410311,8133.551837419369,M,65.8,18.7
11417,09/2015,778,90700.3374189083,9593.512552924387,M,62.7,4.5
11418,09/2015,830,67130.70161462719,7172.136949841377,M,49.8,5.2
11419,09/2015,655,72093.39165216724,7727.918705443054,M,51.5,7.7
11420,09/2015,461,121206.50499364763,9815.06113268343,M,64.8,2.5
11421,09/2015,927,111134.35728528451,8708.276542075357,M,53.3,9.6
11422,09/2015,90,74377.48897294902,8040.364332086217,M,60.6,11.5
11423,09/2015,348,73749.17794204692,8066.45778710771,M,60.8,1.0
11424,09/2015,313,87311.0731076977,7923.380937270656,M,53.1,14.1
11425,09/2015,590,99078.96782010922,8495.051550983178,M,40.8,4.2
11426,09/2015,179,84916.43508972815,8222.734959875328,,52.8,15.2
11427,09/2015,496,78948.99441053109,9216.188804765445,M,58.0,17.3
11428,09/2015,517,80228.62182147235,7514.842154320521,M,46.1,16.4
11429,09/2015,744,104401.42640726206,8079.692925821538,M,48.2,14.3
11430,09/2015,682,102736.4053759362,8619.184329975582,M,46.5,10.8
11431,09/2015,809,104993.79179496811,8099.994402633902,M,40.3,17.8
11432,09/2015,658,99528.58838211345,7515.591917114803,M,46.5,11.6
11433,09/2015,158,94966.15123772595,9735.44203335127,M,,3.0
11434,09/2015,357,68059.18667919055,7182.218873082286,M,42.8,9.0
11435,09/2015,221,82049.04222980776,7533.188443108952,M,64.0,3.7
11436,09/2015,633,88246.29208850431,8965.077475030717,F,46.4,2.6
11437,09/2015,721,80307.94116238541,9247.893908523782,M,36.7,14.4
11438,09/2015,783,108931.15377731239,10322.261283431657,M,43.3,9.7
11439,09/2015,304,86456.66958026963,7565.752430289017,M,60.5,17.7
11440,09/2015,789,102017.74677832084,7745.885082402523,F,39.7,8.0
11441,09/2015,486,97909.69671156033,8418.685200651635,M,56.4,5.1
11442,09/2015,580,73871.0180578793,8136.708661848023,M,63.8,10.4
11443,09/2015,6,85884.01110833476,8148.052299966654,M,35.5,15.1
11444,09/2015,934,90995.14777199314,7960.761360477952,M,32.4,13.9
11445,09/2015,645,77585.82509964015,8013.3772101403965,M,52.4,2.3
11446,09/2015,206,94209.27111645321,7367.057154696993,M,64.2,5.3
11447,09/2015,401,61208.762947557276,6618.076365784282,M,,13.2
11448,09/2015,826,112693.85703899826,9549.349538342993,M,33.8,5.3
11449,09/2015,83,89450.78499459362,9625.224970408712,M,65.4,8.2
11450,09/2015,183,74805.62986797786,8485.08278121067,M,41.2,14.6
11451,09/2015,42,92350.44286924304,9390.85797824274,M,56.3,13.9
11452,09/2015,722,93589.88856399857,8869.078046019262,M,45.4,18.3
11453,09/2015,503,87393.188398738,8383.210712118871,M,,18.0
11454,09/2015,620,85564.06472514819,7235.882088651818,M,57.3,1.6
11455,09/2015,755,126396.05046848643,9566.917005538553,M,53.1,14.7
11456,09/2015,873,80443.32675112791,7834.7646677484245,M,33.1,16.5
11457,09/2015,781,92965.6322182978,7818.962203023044,M,33.4,14.1
11458,09/2015,40,87544.29241413635,7847.5865386390815,M,36.4,9.0
11459,09/2015,240,76230.47894733927,9774.893284922458,M,,5.8
11460,09/2015,436,90613.54191881951,8859.117246237733,,37.8,12.0
11461,09/2015,320,81684.8583658509,8813.41440506835,M,43.1,14.4
11462,09/2015,723,74140.31602613446,7693.085050061693,,,3.7
11463,09/2015,947,83249.21031581008,9336.27564572543,M,41.6,14.9
11464,09/2015,168,99886.97374346867,10158.80295960725,M,60.0,11.2
11465,09/2015,259,78719.18330541007,8654.0943235313,M,60.8,2.7
11466,09/2015,913,89140.29689618047,9181.559275869835,M,53.6,9.3
11467,09/2015,985,89597.95361101301,9886.198118018947,M,51.8,15.1
11468,09/2015,539,92287.58316396992,7920.981130287206,M,41.5,10.6
11469,09/2015,975,98746.30571983213,9048.042650889614,M,46.1,9.3
11470,09/2015,771,91976.17482675522,7050.5935691191335,M,59.1,12.7
11471,09/2015,566,75445.89977165718,7482.868011527027,M,,11.7
11472,09/2015,325,99724.6205169199,8610.394093267745,M,59.5,7.6
11473,09/2015,813,68552.58598679703,6545.180231165052,M,56.3,16.7
11474,09/2015,253,94326.83597215073,10048.85599606763,F,52.5,18.0
11475,09/2015,817,93217.90235808044,7683.839237799752,M,35.7,7.4
11476,09/2015,958,80228.20521748441,8960.116137192521,M,42.6,2.3
11477,09/2015,564,76505.74472666004,8642.825840858402,M,36.5,18.6
11478,09/2015,448,86305.57980170478,8287.611114062478,M,51.5,15.3
11479,09/2015,322,64817.80841544,6682.188391710935,M,45.2,13.4
11480,09/2015,909,90740.00860148897,7547.722922005086,F,45.0,18.5
11481,09/2015,208,106372.89181863269,8834.457004653685,M,57.5,3.7
11482,09/2015,306,86972.45109812931,8128.406498619246,M,57.0,16.2
11483,09/2015,471,90249.66697135987,9493.279818817347,M,64.4,4.4
11484,09/2015,833,83609.43925742705,8087.051486044446,M,45.8,14.0
11485,09/2015,518,81234.04378514097,7500.59198508591,M,55.0,16.6
11486,09/2015,607,73155.45916013537,7847.251131109732,M,34.1,13.1
11487,09/2015,743,75278.83258918163,8251.199253890316,M,55.6,1.1
11488,09/2015,431,93293.85977884676,9470.747452207976,M,42.5,3.0
11489,09/2015,554,110778.00473078035,7263.91754127726,M,40.1,9.5
11490,09/2015,866,85616.5304422238,8094.837966332323,M,35.4,6.1
11491,09/2015,740,90634.8424874313,7340.298196993457,M,54.5,9.9
11492,09/2015,534,89987.8160584999,8294.467580338334,M,63.4,16.5
11493,09/2015,681,73475.89730870491,6525.00976942696,M,56.8,4.5
11494,09/2015,694,91360.8532031509,8078.01807509387,M,56.6,8.8
11495,09/2015,557,86966.74432190585,8834.042688961435,M,61.4,16.5
11496,09/2015,204,90992.67806941771,8392.886839512064,M,54.7,9.8
11497,09/2015,275,89623.1707872592,9850.900198953059,,34.7,14.8
11498,09/2015,525,117461.96703545463,9629.909264579373,M,39.2,9.1
11499,09/2015,33,75227.24357462779,7547.523975038653,M,55.9,15.2
11500,09/2015,18,98148.56731244554,8676.688704402446,M,36.9,16.0
11501,09/2015,835,95184.70992171917,8801.920362804125,M,,12.8
11502,09/2015,649,83980.52380749413,8514.728727361962,F,41.6,6.4
11503,09/2015,406,62879.08741875711,7712.907046474448,,36.0,1.4
11504,09/2015,640,98812.48662352833,7812.006743008548,,64.7,9.2
11505,09/2015,79,77215.50824460678,7782.006508809052,M,41.3,4.9
11506,09/2015,942,91421.8979196262,8285.988658388267,M,50.2,14.9
11507,09/2015,895,80225.8662140218,7834.243253830255,M,33.5,17.3
11508,09/2015,766,102301.70076238891,8429.995889845635,M,62.4,7.1
11509,09/2015,51,80405.86484933826,7841.386665053114,,39.9,6.9
11510,09/2015,702,78981.77228312545,9344.45237295025,M,57.5,12.7
11511,09/2015,332,74036.50298643069,7416.858018890029,F,55.0,18.7
11512,09/2015,314,96034.30500949315,8645.487718984621,M,49.4,4.0
11513,09/2015,118,80776.44322385543,9498.008463374264,M,39.8,9.3
11514,09/2015,445,65071.29774540258,5783.895132495569,M,59.4,18.6
11515,09/2015,906,87462.08211241619,9746.46897577338,M,57.2,5.3
11516,09/2015,555,107705.79269198878,9489.801832769714,M,62.5,3.5
11517,09/2015,105,90830.71168855675,8633.264786390442,M,48.3,2.2
11518,09/2015,879,81539.90772322025,9372.002474505436,,64.1,3.3
11519,09/2015,175,93145.91179610981,8352.712687016432,M,38.2,7.2
11520,09/2015,367,71246.77554938216,7397.207993717713,M,58.6,5.2
11521,09/2015,810,95323.97937297518,8003.95165256039,M,44.5,2.3
11522,09/2015,892,83562.41205573312,9160.805322768958,M,65.4,15.5
11523,09/2015,964,73006.40386452162,7582.776065108021,M,50.2,6.4
11524,09/2015,946,80437.25946159227,8366.669027476937,M,52.1,6.6
11525,09/2015,547,82067.50457541362,9016.136010710483,M,,7.5
11526,09/2015,999,107849.30623958964,9066.412764874318,M,45.1,14.1
11527,09/2015,953,111621.61176076648,9311.374230387499,M,47.7,14.8
11528,09/2015,202,81179.13842638888,7954.105902692182,M,57.6,4.0
11529,09/2015,345,127922.33424455351,9784.827250593315,M,40.8,12.9
11530,09/2015,718,88625.44387430746,8758.44465773056,M,65.1,1.7
11531,09/2015,276,84042.59419871426,9502.103231766818,M,45.1,18.5
11532,09/2015,768,78777.80516868005,9316.902827973101,M,63.5,6.3
11533,09/2015,411,77565.86744040641,9477.287700023691,M,58.7,2.5
11534,09/2015,192,94934.77303850798,9585.820347883797,M,45.7,5.7
11535,09/2015,115,62647.18766300945,6352.598982696238,M,36.3,17.6
11536,09/2015,162,70445.51194474113,7423.569216837228,M,35.5,12.1
11537,09/2015,636,113563.28273570235,9870.337651247128,F,63.9,7.2
11538,09/2015,870,133341.17746880665,9582.768378988747,M,42.6,2.6
11539,09/2015,468,116193.0574672908,9580.25542817343,M,52.3,3.3
11540,09/2015,490,82794.40792547661,8093.521208624005,M,62.1,12.7
11541,09/2015,558,109433.11442403968,8805.30555599791,M,35.8,9.1
11542,09/2015,662,89776.62478550908,8447.446523561215,M,51.0,6.8
11543,09/2015,834,98229.57992402613,9931.188712966306,M,39.8,1.8
11544,09/2015,907,86503.60795559335,7930.500442695182,F,61.1,3.8
11545,09/2015,15,117574.62868639645,8872.778199674232,M,35.0,4.2
11546,09/2015,588,101907.36034983837,9674.162329024713,F,47.5,14.8
11547,09/2015,859,71892.0417295454,8216.75218535776,M,44.3,4.2
11548,09/2015,109,85330.25665395212,8399.414703951443,M,45.2,7.3
11549,09/2015,369,81002.2317546764,7539.776951626174,M,36.2,8.9
11550,09/2015,188,84726.7111897509,9086.461990489483,M,33.0,18.5
11551,09/2015,166,77224.57608055616,7420.618086224715,M,,1.3
11552,09/2015,180,66218.80952447887,6743.761509289521,M,48.2,10.8
11553,09/2015,986,93766.32030601415,8223.153300197064,M,34.5,8.6
11554,09/2015,438,82104.60467023368,6997.854981146315,M,37.4,7.0
11555,09/2015,120,72773.81408303254,9416.292341559503,F,49.6,7.2
11556,09/2015,414,88758.00128268513,8943.230745828734,M,38.1,7.7
11557,09/2015,389,76070.98436877437,7569.899147363402,M,58.5,1.7
11558,09/2015,91,96998.7712777388,8290.728676517843,M,33.5,2.7
11559,09/2015,565,80557.10592570042,8127.6860720042405,M,44.3,17.2
11560,09/2015,16,84414.14522557348,8484.035624572542,M,47.8,8.0
11561,09/2015,443,82253.8640905758,8280.99583354274,M,36.6,1.5
11562,09/2015,507,75735.82621493144,7936.797528455482,M,62.1,9.5
11563,09/2015,404,94391.56745094227,9324.602240742799,M,55.1,14.7
11564,09/2015,280,83102.64184549116,8574.250378898523,,60.1,2.4
11565,09/2015,654,85902.23535294882,9261.304510225238,M,55.4,9.7
11566,09/2015,376,109267.69783486034,9325.727554285631,M,37.8,6.4
11567,09/2015,169,80443.85401335388,7434.345597477469,M,60.7,18.0
11568,09/2015,931,74687.45162796164,8878.948311157155,M,62.2,15.4
11569,09/2015,664,118289.75095156301,9299.424103404579,M,45.7,17.9
11570,09/2015,272,95163.39802991335,10389.21873111772,M,41.3,10.3
11571,09/2015,667,109833.29654828196,8871.809551655653,,53.4,1.7
11572,09/2015,209,87510.96537432019,9115.444268491976,M,47.5,11.3
11573,09/2015,687,74111.71898402674,8476.548957741146,M,43.9,9.8
11574,09/2015,893,99964.99112593422,9602.52844115667,M,38.7,2.4
11575,09/2015,184,75206.59571711511,8358.449698766603,M,46.3,14.7
11576,09/2015,711,72190.06155854324,7010.944894078528,M,51.6,17.6
11577,09/2015,543,90976.0199046373,7942.433767846438,M,59.2,12.0
11578,09/2015,864,115350.4440216768,9523.735937808626,M,35.7,8.6
11579,09/2015,995,74544.58277097388,8110.665593965689,M,,3.7
11580,09/2015,563,91871.67553800721,9545.204974827488,M,44.1,7.1
11581,09/2015,58,75229.04440784422,7903.962936732875,M,61.0,6.9
11582,09/2015,46,81856.00804875241,7366.200481468548,M,35.1,13.7
11583,09/2015,226,140817.73841192608,10701.42153552606,M,57.1,8.2
11584,09/2015,286,96871.86843258399,8341.289082327132,M,64.2,16.9
11585,09/2015,475,84582.85948180556,8996.577049353076,M,37.6,9.6
11586,09/2015,578,78214.47358830356,8735.759444966596,M,55.7,8.8
11587,09/2015,695,95234.38333068092,9098.95609429404,M,40.3,15.1
11588,09/2015,417,78009.27168947611,9061.142752199661,M,44.2,3.6
11589,09/2015,421,137845.53304601245,10083.418843110048,M,51.3,11.2
11590,09/2015,397,103960.7408647738,9017.267659674024,M,,12.9
11591,09/2015,273,88441.08767601234,8438.663910176121,M,43.7,13.2
11592,09/2015,281,62324.94391255426,7008.928985961206,M,58.1,16.5
11593,09/2015,945,77524.42761424801,7970.9125158719,M,40.5,7.3
11594,09/2015,862,95289.25121459507,7759.411540950992,F,53.6,4.1
11595,09/2015,232,63723.94394401687,7560.910867683191,M,44.7,13.6
11596,09/2015,550,119652.33161624438,8760.466341400295,,46.4,7.5
11597,09/2015,917,106296.43017815583,9614.58036229563,M,32.3,17.7
11598,09/2015,56,101367.29090143088,9068.931117235992,M,38.6,14.0
11599,09/2015,377,83617.32466641949,8404.39321543543,F,57.8,4.0
11600,09/2015,143,77954.87837192934,7624.476161625898,M,,7.3
11601,09/2015,782,67832.0142200401,7288.879595201817,M,57.1,15.8
11602,09/2015,17,88584.9870917388,7666.399597058877,M,,18.5
11603,09/2015,800,108780.09961552154,9344.63128895608,M,55.4,15.0
11604,09/2015,418,71443.03458982562,8207.342941245735,M,50.6,9.8
11605,09/2015,282,95286.38087125715,8307.190022958575,M,59.1,15.3
11606,09/2015,495,73365.22815770579,7615.321610058752,M,52.5,5.5
11607,09/2015,492,94830.59950186037,10125.65542759794,M,47.2,11.8
11608,09/2015,968,44511.12687990362,5503.3497721205185,,59.5,2.6
11609,09/2015,802,110115.86782855859,8763.38340396971,M,37.0,11.4
11610,09/2015,215,85241.89293684113,8245.453931227932,M,52.5,7.2
11611,09/2015,959,71087.98103986419,8239.893833986553,M,63.1,13.2
11612,09/2015,954,74895.6150957586,7346.076744007274,M,42.1,5.8
11613,09/2015,482,85153.81235232032,9425.255106792743,M,65.9,13.1
11614,09/2015,102,83912.43940669687,7850.374705894752,M,55.2,11.6
11615,09/2015,776,75522.2758666509,7220.727373004638,M,,15.6
11616,09/2015,528,96946.97993327733,10089.096338749312,M,32.7,15.5
11617,09/2015,292,72888.16035246235,8052.209746109718,M,32.6,13.2
11618,09/2015,971,87315.34998215103,7467.65437708691,M,63.6,15.5
11619,09/2015,152,124064.60082153032,8862.463045876086,M,35.5,3.3
11620,09/2015,750,94096.55692444337,8344.432524259433,M,57.0,16.5
11621,09/2015,199,70337.83894914549,7397.536000345889,M,49.2,13.1
11622,09/2015,154,98458.65680930552,8052.138482703182,M,,6.9
11623,09/2015,675,107291.300728905,9352.209209640294,M,56.2,10.5
11624,09/2015,288,79628.36690594954,6877.698984408099,,47.6,18.3
11625,09/2015,523,53335.78812224557,6807.556587491674,M,32.1,1.2
11626,09/2015,688,77345.1592142695,7886.159631613701,M,41.3,4.0
11627,09/2015,360,107840.18828574917,8516.3812889912,M,49.5,12.0
11628,09/2015,960,111025.22777726271,9639.59679109517,M,55.1,9.8
11629,09/2015,368,98645.44774361212,8708.132054536232,M,53.8,14.7
11630,09/2015,456,96231.92298902667,7775.860355605171,M,55.8,5.9
11631,09/2015,512,117917.93842678724,8732.607546035402,,50.1,15.9
11632,09/2015,650,98664.6145656171,9730.052738544035,M,43.0,12.5
11633,09/2015,380,67638.58529373113,6921.210980599191,M,61.4,1.5
11634,09/2015,139,85657.98952651523,7464.862135669081,M,56.4,8.7
11635,09/2015,994,82715.04619501521,9193.254991078491,M,42.5,2.6
11636,09/2015,689,76886.20890578695,8297.248981260898,M,63.1,2.4
11637,09/2015,243,83910.87994278838,8878.216322774964,M,38.2,16.7
11638,09/2015,148,65005.610664717664,8807.537798824747,M,64.4,9.8
11639,09/2015,252,69782.67711824525,8898.10334177769,M,40.6,14.0
11640,09/2015,265,73466.0722078804,8630.009970553812,M,39.6,3.8
11641,09/2015,362,77667.12522298387,8126.618915324988,M,39.0,3.7
11642,09/2015,336,85395.05578588473,6892.435637244682,M,53.4,15.5
11643,09/2015,928,105176.53666225151,8135.796391829635,M,63.0,14.1
11644,09/2015,515,80698.62292127086,9448.341821160993,M,56.7,9.7
11645,09/2015,483,81429.09338089783,7562.638411162254,M,47.0,12.5
11646,09/2015,395,125201.26019881168,8745.799815814136,M,59.5,16.9
11647,09/2015,758,94178.77685486175,8220.251276782696,M,45.8,3.4
11648,09/2015,361,65462.502772935695,8104.052348756663,,51.1,15.4
11649,09/2015,657,99105.3665835884,9537.275189299115,M,53.9,10.4
11650,09/2015,761,107704.73714221956,8667.10651936959,M,33.4,8.7
11651,09/2015,881,105521.86736574031,7428.433865626186,M,53.5,2.0
11652,09/2015,197,68057.1314681779,8322.198184749213,M,44.6,12.9
11653,09/2015,290,96299.21444070885,8956.317342209695,M,37.7,4.3
11654,09/2015,742,92667.22322459536,9634.653177187736,M,47.7,1.4
11655,09/2015,848,73720.11608496042,9650.513408627245,M,58.3,10.1
11656,09/2015,820,165085.08521639305,11428.037073229518,M,32.4,14.0
11657,09/2015,122,72396.89597484455,6711.786373045173,M,42.0,5.7
11658,09/2015,340,57269.25634714035,6396.557039947958,,43.5,6.5
11659,09/2015,714,116523.62523520259,10369.227932613747,M,39.5,9.7
11660,09/2015,699,77549.81319582294,8105.858952567824,M,38.8,17.8
11661,09/2015,825,84569.66581422403,8484.380288190143,M,39.7,5.7
11662,09/2015,717,96795.73935733331,7871.195393493097,M,51.8,18.7
11663,09/2015,318,86206.82492684346,8841.869499205199,M,60.5,9.5
11664,09/2015,104,64926.56492601811,6616.480181430897,,57.0,5.7
11665,09/2015,816,101446.73875613476,9420.901639226106,M,32.0,1.0
11666,09/2015,296,115419.47379354463,9815.373281676546,M,42.2,11.1
11667,09/2015,696,91337.28390712164,7920.625511986965,M,41.1,14.7
11668,09/2015,27,108565.54868678818,10953.901383749097,M,54.5,12.8
11669,09/2015,22,67950.79602383038,8623.285949126252,M,50.2,13.8
11670,09/2015,785,69675.07515818198,8394.192432283651,M,,14.7
11671,09/2015,256,67215.23713620787,7028.8995365097135,M,,8.8
11672,09/2015,75,110007.31084142518,9353.417465300903,M,47.3,6.5
11673,09/2015,5,116867.13220198343,10005.477824462092,M,39.8,4.7
11674,09/2015,217,83688.2415293317,6983.797918695998,M,64.4,14.8
11675,09/2015,869,59470.480514803145,6455.145242560826,M,38.4,13.3
11676,09/2015,385,82101.4724255353,7566.295538471588,M,44.9,9.4
11677,09/2015,941,77567.31468408134,7923.154947404907,M,35.0,2.8
11678,09/2015,712,97441.65872412678,9515.05166137846,F,,13.8
11679,09/2015,939,88415.28631054919,11352.521805125945,M,49.5,2.4
11680,09/2015,710,107951.69641606347,9891.133051370332,M,57.4,7.4
11681,09/2015,34,93135.02242908774,8021.75468604569,M,,18.6
11682,09/2015,559,134637.63232497385,10030.458249893802,F,62.8,4.7
11683,09/2015,463,54233.359676830594,6596.741285187717,M,48.9,10.3
11684,09/2015,605,69979.63389242635,7640.431017935669,F,63.6,5.9
11685,09/2015,424,97096.58943971818,11235.210941743962,M,49.8,3.8
11686,09/2015,851,77804.90681680817,8194.468966176093,M,43.5,2.4
11687,09/2015,444,95492.76586844171,9332.533853425122,M,45.4,4.1
11688,09/2015,790,79084.27488083516,8316.122325657236,M,37.6,5.0
11689,09/2015,106,128699.4905614398,8909.508499566757,M,42.4,1.2
11690,09/2015,455,108270.58276958241,8733.962295994732,M,,3.9
11691,09/2015,223,72852.73379433792,7394.870939147004,,53.2,5.2
11692,09/2015,242,81356.95408945081,6583.721234255113,F,46.1,14.5
11693,09/2015,77,85264.10904769052,7205.460155532782,M,63.4,8.9
11694,09/2015,961,112086.47117448339,8410.405114489346,M,62.4,6.9
11695,09/2015,416,85509.25303665175,7608.882015626038,M,50.8,16.2
11696,09/2015,506,72652.20957062034,8023.120800418618,M,38.7,5.6
11697,09/2015,287,86990.17672455069,7585.55181682688,M,40.1,15.2
11698,09/2015,52,83534.4757151745,8783.138491296015,M,55.3,5.2
11699,09/2015,132,82788.7485539508,8716.457701642119,M,60.6,17.3
11700,09/2015,319,92226.12608224666,8461.76569726097,M,42.7,9.7
11701,09/2015,871,101457.28955799888,8470.393879014264,M,,7.2
11702,09/2015,213,74787.22591407457,7236.406089848796,M,40.4,15.2
11703,09/2015,846,88780.89306124674,7588.864222389769,M,33.1,17.2
11704,09/2015,351,79702.6987860626,7644.059447171621,M,53.7,7.8
11705,09/2015,324,82831.53328416182,9113.20230435995,M,54.6,9.8
11706,09/2015,173,104186.37383422954,9368.904948345653,M,46.9,9.3
11707,09/2015,88,87964.47805522621,7031.925568699031,M,43.9,18.0
11708,09/2015,347,71049.90651771793,8381.732147098377,M,,15.2
11709,09/2015,513,98063.09383803348,7835.144825423017,M,42.2,14.3
11710,09/2015,487,75117.70418611921,8453.533527455475,M,32.3,14.8
11711,09/2015,295,82084.06865003628,7794.2587016557,M,46.5,8.4
11712,09/2015,430,102710.31379546977,7765.631662477162,M,,11.6
11713,09/2015,437,103739.07105719356,9698.030995517194,M,35.0,9.8
11714,09/2015,644,93672.87589835945,8579.005557939408,M,60.0,5.4
11715,09/2015,803,85627.4783373529,7701.35827998243,M,39.6,13.8
11716,09/2015,2,107860.79373992984,9278.683439839535,M,65.5,1.0
11717,09/2015,932,92924.1436699698,8469.381545684482,,37.4,12.0
11718,09/2015,843,87867.35966430858,7479.747934926792,F,40.4,15.0
11719,09/2015,138,61209.017548268224,7632.65968447868,M,34.5,5.5
11720,09/2015,356,71088.21101660933,7019.1702488814335,M,51.3,12.6
11721,09/2015,466,106456.4483921819,9233.340401575622,M,51.7,13.4
11722,09/2015,729,84461.14946942109,7494.088366069249,M,59.3,9.7
11723,09/2015,535,92102.35552617461,8154.470609264485,M,62.7,2.9
11724,09/2015,715,66480.84295843357,8015.059953976401,M,51.8,5.3
11725,09/2015,70,79713.86471305706,8359.21570190187,F,59.0,4.7
11726,09/2015,485,88829.39038661416,8140.317817587562,M,56.3,15.4
11727,09/2015,128,116377.14640559118,8762.474405513993,M,52.0,5.9
11728,09/2015,587,137876.3075198599,9317.094422011181,M,51.7,9.9
11729,09/2015,142,91314.56405055206,7588.231669109458,,37.3,14.2
11730,09/2015,938,69339.98340987261,7124.827222729927,M,64.5,16.4
11731,09/2015,725,72113.71339056273,7155.997746129544,M,39.9,3.3
11732,09/2015,801,64013.760825422796,6234.571004687251,M,42.7,11.4
11733,09/2015,653,70958.16263377399,6869.971713951918,M,57.7,13.8
11734,09/2015,921,132444.19104003935,8922.334236983887,M,55.5,17.4
11735,09/2015,98,79056.96547938546,7160.619384850196,M,39.4,10.5
11736,09/2015,608,89961.9143095834,9332.876281583938,M,63.9,13.4
11737,09/2015,576,90334.3622976062,8165.860581821909,M,64.1,4.1
11738,09/2015,936,82075.51645209556,8148.105961207493,M,55.9,11.4
11739,09/2015,301,104701.30100977609,8594.978102203713,,33.7,2.0
11740,09/2015,266,95881.8904179794,10315.77386434044,M,36.1,1.4
11741,09/2015,499,103552.4784460399,7952.8028390939035,M,32.6,1.0
11742,09/2015,133,64197.70541027664,6700.517348010011,M,43.3,13.8
11743,09/2015,989,96435.55069890559,9431.55762963761,M,,6.4
11744,09/2015,619,102999.42672187848,8231.492238631705,M,55.2,4.2
11745,09/2015,136,93685.64908154974,10369.304461893038,M,58.5,1.0
11746,09/2015,277,91657.77690950115,8073.537645969106,M,33.1,12.5
11747,09/2015,267,104877.45996672768,8120.512488604172,M,52.8,4.8
11748,09/2015,749,101266.79216792529,9175.798468433599,M,40.0,12.2
11749,09/2015,254,85751.43587645827,8241.707266129873,M,57.0,18.2
11750,09/2015,630,95147.04869372453,8602.410496630648,M,45.0,17.3
11751,09/2015,339,114371.15939777873,8532.128624496207,M,41.1,18.1
11752,09/2015,203,114180.95033231756,11890.992220848337,M,59.0,16.3
11753,09/2015,107,97949.07465775832,8072.928694638866,M,49.9,10.0
11754,09/2015,24,106524.74671581486,9417.245509990711,M,33.6,12.8
11755,09/2015,668,106047.01573531533,8632.453865395864,M,,14.9
11756,09/2015,837,90304.70478355278,7688.351497621931,M,36.8,12.8
11757,09/2015,392,77136.19689968329,10097.102754348038,,33.3,4.8
11758,09/2015,330,69951.00274961372,7959.070331831973,M,,2.2
11759,09/2015,151,63960.249465957524,7727.393624123949,M,48.4,18.7
11760,09/2015,856,99245.64312130798,9139.223915771074,M,53.8,16.7
11761,09/2015,976,84234.09626234554,8090.628201461137,M,57.8,1.9
11762,09/2015,831,78637.68750041418,7492.733379996043,M,54.2,8.5
11763,09/2015,991,81952.46636929904,8075.078682928065,M,35.2,11.1
11764,09/2015,201,98008.10226339458,8472.838675571458,M,57.3,6.1
11765,09/2015,788,87225.9650105688,8150.287067159043,M,32.6,18.3
11766,09/2015,1,113055.20822953318,9753.716638625874,F,43.8,1.4
11767,09/2015,103,85945.42974941249,7580.644049315194,M,64.3,11.8
11768,09/2015,53,90172.75595147176,8381.72550417583,M,56.0,7.9
11769,09/2015,241,83995.00017357696,7735.316247189316,M,36.5,11.2
11770,09/2015,346,116771.32424290548,8052.181455646538,M,49.3,16.0
11771,09/2015,450,64496.29184066329,8112.132786258335,M,57.8,13.3
11772,09/2015,628,86668.54374964343,7754.224914598106,M,61.0,15.2
11773,09/2015,700,75224.62826916223,6521.897438994194,M,51.2,10.6
11774,09/2015,4,95992.41915386071,7741.589220563841,M,59.6,11.7
11775,09/2015,334,81937.78347275469,9936.682478021727,M,56.3,7.2
11776,09/2015,641,90330.8542498114,8066.980342155541,M,33.8,11.0
11777,09/2015,794,89368.53421854707,9098.014832983608,M,34.9,12.3
11778,09/2015,390,86023.60876530065,7413.447905244932,M,54.7,12.7
11779,09/2015,141,100155.62765043098,9363.38096688209,M,44.7,8.8
11780,09/2015,980,130483.02962420789,9661.243902781658,M,36.0,2.1
11781,09/2015,734,78345.18295598817,7055.827021017651,M,47.7,11.6
11782,09/2015,342,94772.109388881,8359.926058113024,M,43.7,4.9
11783,09/2015,370,95947.34545086755,8570.839085219883,M,46.2,1.9
11784,09/2015,480,103691.19948337009,9101.853043369649,M,38.6,11.5
11785,09/2015,902,75470.09874356695,9171.27786396233,M,63.6,5.8
11786,09/2015,477,106270.15011294847,8132.253171670945,M,46.4,8.8
11787,09/2015,193,95213.44754495776,8829.057393292425,M,52.8,16.4
11788,09/2015,476,71721.63953450475,6857.809046378598,M,,18.3
11789,09/2015,537,113455.32862614469,10437.156484732652,M,37.3,2.5
11790,09/2015,591,77414.74636237837,9163.041525183366,M,56.1,9.5
11791,09/2015,189,74665.77803302847,9232.489752904708,M,41.9,5.9
11792,09/2015,596,77273.71362167753,9541.667124709491,M,56.2,13.7
11793,09/2015,235,107221.09570917218,8391.46673121622,M,37.4,9.0
11794,09/2015,520,102933.2771659774,8103.219181517617,M,54.7,8.8
11795,09/2015,677,81665.60038494582,7468.221644324487,M,58.8,14.4
11796,09/2015,704,99113.61599609797,10397.839823926375,F,57.6,7.7
11797,09/2015,355,125334.01789128351,9860.871411996362,M,50.0,3.0
11798,09/2015,247,96473.95975336868,7580.293607261661,M,53.5,2.0
11799,09/2015,207,102736.64429328345,9587.501802808645,M,47.8,3.5
11800,09/2015,990,83948.1729393727,9879.081360359452,M,36.3,4.7
11801,09/2015,41,124864.28405311995,8380.808816968167,M,36.9,10.0
11802,09/2015,678,80020.79900885413,8375.98323503575,M,55.7,7.7
11803,09/2015,663,77691.7133003536,7316.141341438595,M,56.7,12.1
11804,09/2015,28,73755.38933391956,7973.470369273184,M,65.2,4.4
11805,09/2015,672,72890.99712261683,8174.528191390748,M,53.2,13.5
11806,09/2015,393,84278.58677782041,7945.790489197497,M,33.5,7.3
11807,09/2015,615,77572.5013043868,7016.837472986071,M,51.3,2.9
11808,09/2015,923,76659.03580736741,8026.277271615536,M,32.0,7.7
11809,09/2015,544,80747.55408236769,9272.406597872352,M,39.6,13.0
11810,09/2015,364,94308.28987457228,8592.368579509452,M,41.0,9.2
11811,09/2015,573,81515.18032867157,8809.71616479904,M,60.9,6.4
11812,09/2015,125,117278.96397017951,10030.9480574087,M,37.2,9.2
11813,09/2015,949,85355.28503070815,9316.260796345234,M,36.4,12.6
11814,09/2015,510,118975.2012331679,8565.156037804974,M,55.0,12.2
11815,09/2015,878,74594.86270100222,7166.316071080786,M,36.2,5.5
11816,09/2015,992,77893.95890551202,7527.430461979172,M,36.1,17.3
11817,09/2015,8,126394.20994468918,9529.239958399467,M,39.7,13.2
11818,09/2015,984,72191.90163410554,9283.891255026292,M,42.3,10.7
11819,09/2015,763,103988.71759935911,8792.473321660882,M,37.4,6.6
11820,09/2015,973,69550.80275653375,8270.354928456423,M,39.5,15.8
11821,09/2015,25,85371.90739575164,8183.768406173993,M,34.8,14.6
11822,09/2015,541,75444.42786191881,8719.278803292222,M,48.7,8.1
11823,09/2015,757,90941.7807729324,9327.177144841771,M,,13.5
11824,09/2015,374,81916.52025691605,8487.714430303746,,39.7,13.9
11825,09/2015,64,85880.37006380406,8844.852989921168,M,46.0,5.6
11826,09/2015,500,104904.89290590711,8475.49711567996,F,46.2,13.5
11827,09/2015,647,89495.50128246708,8166.071708234273,F,63.4,11.7
11828,09/2015,614,112412.62793175165,9553.876389996347,M,59.8,17.8
11829,09/2015,21,58440.13505517081,7521.517470856454,M,32.8,7.5
11830,09/2015,13,83465.52183559167,9165.575253977124,M,43.1,15.2
11831,09/2015,639,72205.35645498731,6845.087569718742,M,50.0,9.2
11832,09/2015,868,91650.58823297985,9385.687842682339,M,32.5,7.3
11833,09/2015,805,113252.13717200054,8482.263154325474,M,40.7,10.5
11834,09/2015,891,66382.40333742205,6644.20721420312,M,56.5,13.8
11835,09/2015,561,74884.78282900866,7971.826302950332,,44.2,6.2
11836,09/2015,709,74212.65251813956,8636.402023906334,M,38.7,12.6
11837,09/2015,429,97337.74180765855,9871.375653164761,M,46.7,4.7
11838,09/2015,720,59368.88898784513,7448.423623976383,M,64.6,15.1
11839,09/2015,187,136888.6769391891,8697.3622870954,M,48.7,17.0
11840,09/2015,457,71256.65112841956,8925.461759628908,M,63.5,10.5
11841,09/2015,844,120152.05880680446,11250.225250935162,M,47.4,2.4
11842,09/2015,552,109489.48761862986,9652.391378620328,M,61.3,7.3
11843,09/2015,498,98957.45979977753,10905.91568642604,M,49.2,15.3
11844,09/2015,230,103110.25509465492,10017.342499519465,M,38.2,5.1
11845,09/2015,131,82164.00412090687,7936.65241115507,M,35.1,16.0
11846,09/2015,268,96535.10955776805,9788.08556728328,M,41.2,11.2
11847,09/2015,634,93693.6897887796,8270.488245607501,M,46.8,4.5
11848,09/2015,930,80362.90174148284,7092.133463614488,M,54.4,16.9
11849,09/2015,730,144584.6578690431,11776.391310636896,M,60.8,1.5
11850,09/2015,386,95545.52138214665,8101.538191066156,M,37.5,12.8
11851,09/2015,897,125498.26838412005,10136.34642203573,M,43.3,2.5
11852,09/2015,604,86679.95841507633,8790.359786779196,M,59.8,7.6
11853,09/2015,850,90722.90353843335,8450.096936285832,M,39.4,1.4
11854,09/2015,626,84639.01531454279,8302.868970678519,M,51.8,18.1
11855,09/2015,163,93866.19960549801,9014.492911925263,M,58.5,9.1
11856,09/2015,82,121462.59436807626,10578.739949424478,M,61.7,4.0
11857,09/2015,36,92091.26475560796,8725.455127348878,M,37.4,16.3
11858,09/2015,977,110902.9424453757,8152.014327366361,M,56.2,3.7
11859,09/2015,123,86616.61874817069,9815.765948583541,M,65.3,11.5
11860,09/2015,92,97973.18634210405,9355.679200522147,M,41.4,15.1
11861,09/2015,26,127419.98303083717,10929.5485977799,F,47.5,2.7
11862,09/2015,251,76653.92240909762,7641.932639791787,M,43.0,11.9
11863,09/2015,598,81731.82923655113,7526.912914448727,M,51.3,9.4
11864,09/2015,524,97395.81186479435,8352.126130794015,F,39.5,18.5
11865,09/2015,726,96721.7385160581,9649.495721362759,M,58.1,4.5
11866,09/2015,263,85092.88904650387,8666.38760282564,M,52.2,12.2
11867,09/2015,365,84232.71686867686,8352.9328744031,M,37.6,5.3
11868,09/2015,44,90645.19988196995,7816.8968853846345,M,61.5,8.9
11869,09/2015,530,62504.82151850132,7390.383544489672,,47.2,6.9
11870,09/2015,838,95335.31233829792,7931.960728477288,M,,17.2
11871,09/2015,311,90921.50990457565,8419.487027193889,,32.1,9.4
11872,09/2015,447,81273.08644577794,8481.219918940145,M,65.5,12.1
11873,09/2015,993,106069.35098701548,8293.943265567235,M,35.0,2.9
11874,09/2015,315,90041.5266391296,9824.248696612,M,61.1,8.7
11875,09/2015,20,90504.25790150983,9048.866608699991,M,52.1,18.1
11876,09/2015,618,93835.71277467234,8789.740897631811,M,63.9,9.0
11877,09/2015,43,99081.07498951652,9786.674638823482,M,57.3,1.2
11878,09/2015,190,110540.65662669085,9181.570926103597,M,57.5,14.1
11879,09/2015,659,89337.79052958672,8298.432749528,M,65.4,14.7
11880,09/2015,47,94142.69300405442,8728.974935116408,M,40.7,5.3
11881,09/2015,987,114901.80827663039,9243.551208139555,M,32.4,13.8
11882,09/2015,71,69817.58627211301,8083.339990006876,M,39.0,1.0
11883,09/2015,198,98576.77789807008,10073.021384942936,M,41.1,16.6
11884,09/2015,473,71737.05053199128,7499.644510121407,M,59.5,14.6
11885,09/2015,338,94217.37422102032,9274.846790144107,M,42.2,4.3
11886,09/2015,440,74348.67195726949,7203.469393100365,F,39.6,4.4
11887,09/2015,246,107228.60363737034,8406.205654521558,M,57.2,15.1
11888,09/2015,116,122615.0381859391,8824.747295294857,M,42.2,10.6
11889,09/2015,849,78436.57512453498,7747.447587488062,M,65.4,12.1
11890,09/2015,900,83711.1204951757,8226.404315148564,M,41.5,9.4
11891,09/2015,359,78004.95371853258,8475.19424407054,M,47.7,7.9
11892,09/2015,299,116613.40735953364,10475.225991404035,M,50.1,2.0
11893,09/2015,7,87032.70965252961,8991.193878706514,M,40.8,14.1
11894,09/2015,297,78125.5886910437,9599.987797651793,M,53.7,1.0
11895,09/2015,822,111075.67694170582,8079.21842594938,,54.0,2.9
11896,09/2015,648,63729.54318280026,7700.632380115103,M,49.6,4.4
11897,09/2015,294,101960.29312315091,10178.920158645718,M,59.6,4.9
11898,09/2015,491,94784.1060301398,9450.771621031261,M,61.1,3.2
11899,09/2015,568,127306.00301696715,9313.598691058427,M,,16.5
11900,09/2015,584,68127.82332879998,8057.576035894903,M,43.3,14.9
11901,09/2015,690,71500.55473320765,7625.551017448044,M,,8.8
11902,09/2015,291,91924.55596988494,8100.002975280703,M,33.2,5.4
11903,09/2015,49,72814.24602691227,7885.921892428342,M,45.1,3.0
11904,09/2015,585,72601.16288740882,7593.106461899443,M,37.9,11.3
11905,09/2015,606,104510.42425917856,8806.69985139005,M,51.5,15.1
11906,09/2015,693,82594.03828730488,7481.885893466544,,53.1,9.9
11907,09/2015,944,96356.7945660054,9128.753750361255,M,49.4,14.1
11908,09/2015,793,76284.31476304357,8208.960322260571,M,35.0,12.5
11909,09/2015,425,44099.7182842252,5473.9721920936045,M,,17.9
11910,09/2015,683,94910.5943349856,6668.666607267019,,54.5,3.6
11911,09/2015,656,59446.75140946253,7397.223355646123,M,56.4,17.8
11912,09/2015,488,94609.26159845798,6735.620531545765,M,32.4,5.8
11913,09/2015,61,93712.84720740879,7424.520783829235,M,34.1,16.4
11914,09/2015,904,90703.70171596011,7860.816996503894,M,,4.0
11915,09/2015,378,83880.72591474718,8857.429143365625,,36.7,3.5
11916,09/2015,269,99330.39001975566,8726.725052879568,M,39.7,8.1
11917,09/2015,889,98171.42359585552,8611.221105791312,,55.5,2.0
11918,09/2015,481,96760.79454401294,6522.233542485337,F,51.5,17.1
11919,09/2015,344,80563.69759850453,7615.418726005292,M,51.0,11.8
11920,09/2015,99,113379.7533094134,7467.406882291202,M,55.3,5.7
11921,09/2015,832,86426.52976945681,9067.482017723789,M,,13.3
11922,09/2015,127,60405.24182936244,6234.080574306869,M,55.8,11.8
11923,09/2015,617,79972.03104430491,8705.001575551567,M,38.2,17.4
11924,09/2015,770,81380.97364952354,9231.781516709823,M,56.6,15.9
11925,09/2015,484,124154.79793504323,10061.367676717446,M,36.2,4.1
11926,09/2015,341,98669.66175241706,9282.172732419383,F,63.1,16.9
11927,09/2015,982,100964.89578720083,9888.27084979117,M,,9.4
11928,09/2015,212,85480.932553317,8530.18685978153,M,46.4,1.6
11929,09/2015,589,87211.47710487017,8450.179143340818,M,40.7,6.4
11930,09/2015,797,97801.52166698722,8527.264856493477,M,44.6,5.9
11931,09/2015,753,110990.00923827018,9887.521727214029,M,32.8,12.8
11932,09/2015,227,87227.06664587306,7277.552394420162,M,,16.2
11933,09/2015,86,87856.39141408534,7901.171669749686,,,5.4
11934,09/2015,680,66336.00119737833,7288.045170065912,M,61.1,18.9
11935,09/2015,195,72410.34063404337,7357.713466802023,,54.1,8.8
11936,09/2015,595,88084.77294494469,9015.72916335014,M,45.4,7.1
11937,09/2015,854,69941.86621927297,6025.888045482009,M,44.2,18.7
11938,09/2015,828,69650.50482266604,8497.017985671877,,50.6,1.1
11939,09/2015,261,119126.8429326334,9493.003863906097,M,36.4,18.5
11940,09/2015,603,66600.88912450642,8080.64348402471,M,34.9,10.7
11941,09/2015,379,90803.91570520164,9397.748646076441,M,65.1,12.4
11942,09/2015,888,86344.01138199648,9466.823902957512,M,,4.0
11943,09/2015,741,91688.9193189126,9075.689732494273,M,42.4,11.2
11944,09/2015,60,90507.52899536098,9788.497733511243,M,53.4,11.0
11945,09/2015,955,83192.78283310268,8057.092105870762,M,35.8,8.5
11946,09/2015,62,111537.3510831233,9056.19137552874,M,34.0,4.3
11947,09/2015,638,109446.32148803589,9236.906245538084,M,62.7,9.4
11948,09/2015,697,85579.03916513687,8609.655026218086,M,35.0,15.2
11949,09/2015,147,120478.78535910486,10005.446550057895,M,53.7,14.7
11950,09/2015,637,87666.4697369085,7550.974328505038,M,63.3,3.0
11951,09/2015,799,92008.09234707737,8849.655209685845,M,45.3,1.1
11952,09/2015,178,82837.44656504435,8229.93913929262,M,49.0,7.8
11953,09/2015,806,82322.48670930065,8438.033374957025,M,50.3,7.6
11954,09/2015,300,76823.68713316343,9525.496746683055,M,35.9,9.5
11955,09/2015,998,61051.691638766766,6610.496595576567,M,32.1,1.4
11956,09/2015,337,86773.51142965093,8387.27665707973,M,36.0,9.4
11957,09/2015,549,110281.72015411925,9187.420283240937,M,55.1,16.4
11958,09/2015,767,139348.73012383256,10518.285186145902,M,56.5,1.2
11959,09/2015,157,97189.31664405698,8022.491126136978,M,56.8,16.2
11960,09/2015,540,80071.09155269997,8336.623004398261,M,41.6,6.5
11961,09/2015,108,117830.12522825826,10500.166017443695,M,51.2,2.9
11962,09/2015,352,95265.1970136713,7558.833958061731,M,58.1,9.3
11963,09/2015,847,92428.1233378999,9164.10798930808,M,51.0,5.2
11964,09/2015,479,102746.78250190006,8709.469282585738,M,54.6,1.0
11965,09/2015,622,62239.282211225145,7566.671329620031,M,53.2,7.6
11966,09/2015,937,70354.07508789666,7682.893057621328,M,54.9,11.5
11967,09/2015,775,95722.10573075162,9767.343066668063,M,50.4,9.8
11968,09/2015,623,78600.87670868404,7140.913177191765,,,14.4
11969,09/2015,87,68892.56709885222,7618.115326146489,M,48.0,15.4
11970,09/2015,80,61152.85214233157,5952.7594327463785,M,57.8,17.5
11971,09/2015,434,74913.5226919111,7262.667785198252,M,36.5,7.7
11972,09/2015,210,72449.33891414048,7323.338004314048,M,37.0,1.9
11973,09/2015,860,84549.57975971971,7885.802300753662,M,38.0,16.8
11974,09/2015,220,123682.79415321296,8636.261589475467,M,32.1,7.3
11975,09/2015,769,78030.34557789518,7938.711067608461,,58.8,18.9
11976,09/2015,692,90401.43897098434,9157.2724298361,M,42.5,2.3
11977,09/2015,546,76047.91789422132,7628.478680061578,M,55.6,13.5
11978,09/2015,777,126672.32641871824,9377.877257112837,M,59.2,16.0
11979,09/2015,581,92983.22782497709,7454.183066495636,M,35.5,18.5
11980,09/2015,452,92496.80680395024,9164.996641686741,M,53.3,4.4
11981,09/2015,511,94939.13375847129,7796.241580763104,M,35.2,10.9
11982,09/2015,214,87061.32169255991,9785.60676154781,M,,5.9
11983,09/2015,234,91071.05562338527,9161.593831909833,M,42.7,6.2
11984,09/2015,853,76435.0240731229,8681.418380716848,M,42.5,2.3
11985,09/2015,551,78147.78995889178,8667.460260130221,M,,4.3
11986,09/2015,505,74705.38438950514,7393.87981596085,M,33.7,2.5
11987,09/2015,508,68407.19902312776,7796.720035723138,M,54.1,8.3
11988,09/2015,795,87644.45639306566,8631.211491740441,M,50.4,8.6
11989,09/2015,317,101274.7036621904,8580.295454148616,M,33.3,2.7
11990,09/2015,792,104384.04675948992,7207.507159249024,M,,8.7
11991,09/2015,974,59026.61416730418,7549.066317889259,M,34.8,8.2
11992,09/2015,117,85333.80320208357,8180.967820153527,M,59.4,17.1
11993,09/2015,410,85945.97990324485,9019.71296338749,M,38.0,17.4
11994,09/2015,182,86176.13065463085,6779.460959161626,M,40.0,14.4
11995,09/2015,119,69984.86481310002,8346.381683298037,M,65.9,15.4
11996,09/2015,236,72726.86473081393,8009.961868666421,M,42.3,6.7
11997,09/2015,449,103392.28921162541,8733.273051859203,M,38.4,18.7
11998,09/2015,494,67768.76747579986,7511.708661778437,M,48.7,7.9
11999,09/2015,609,106601.10002036666,8273.636529833248,M,,4.6
