,Month,Driver_id,Total_income,Total_km,Gender,Age,Vetek
0,04/2015,943,1159129.15706683,11680.306986375821,F,58.4,0.6
1,04/2015,966,3726395.0920338607,7452.629478826504,M,46.8,0.1
2,04/2015,250,1315710.6933103083,7500.744344014419,M,32.0,0.1
3,04/2015,156,300049.2712986315,8000.150686804585,,64.8,0.7
4,04/2015,67,669604.0390034957,9224.404283662856,M,60.7,0.4
5,04/2015,684,648148.2120540045,8831.5533517337,M,,0.5
6,04/2015,527,157741.91642881843,8620.580653492527,M,,0.4
7,04/2015,556,385271.9119611112,8213.030801231936,M,50.7,0.8
8,04/2015,446,1020294.0035585559,11515.656415962347,M,49.5,0.1
9,04/2015,841,1320539.4629406785,9232.569116686172,M,48.2,0.7
10,04/2015,126,282757.725657021,8155.240977284862,M,53.2,0.7
11,04/2015,910,511966.81705498503,10413.376653369047,M,58.2,0.6
12,04/2015,112,668233.9237892589,8600.539346561582,M,54.7,0.9
13,04/2015,191,255916.68787733995,12431.499505496853,M,50.4,0.1
14,04/2015,739,71025.22311042956,6608.905691551215,M,37.6,0.6
15,04/2015,579,2998399.757694996,8780.675399823704,M,41.3,0.3
16,04/2015,111,3168917.6513464022,9097.2157034128,M,45.4,0.8
17,04/2015,285,181697.61599868245,10033.965177696524,M,47.3,1.0
18,04/2015,796,273305.1296042336,8437.50458900084,M,59.2,0.3
19,04/2015,310,116580.02211839432,8505.174296469484,M,42.2,0.8
20,04/2015,458,571853.4122631133,7559.606518570891,M,39.7,0.2
21,04/2015,884,336574.94248076895,10629.447587377032,M,64.1,0.6
22,04/2015,335,417677.82194964617,9911.939078681751,M,47.0,0.8
23,04/2015,521,398356.28784909565,7570.319195896737,M,56.1,0.8
24,04/2015,887,4235470.803614831,9395.391813727578,M,,0.0
25,04/2015,601,2991922.9217238543,9542.39578482515,M,39.8,0.2
26,04/2015,11,527799.3453902978,8132.446265214543,M,39.1,0.6
27,04/2015,624,2382071.5696859015,8876.739263740694,M,52.8,0.7
28,04/2015,737,2213595.4700547177,8650.46478543637,M,58.1,0.3
29,04/2015,823,3790918.4120308687,8046.526326662909,M,50.6,0.3
30,04/2015,752,545573.1901484956,8166.35552877867,M,63.6,0.4
31,04/2015,732,301934.48925603135,8997.102482923832,M,54.1,0.5
32,04/2015,493,262307.0813038334,11173.105423300616,M,61.1,0.2
33,04/2015,159,356920.311903402,9157.688718936217,M,48.4,0.6
34,04/2015,225,586105.0553337156,12232.073625944562,M,,0.6
35,04/2015,784,306947.0227995256,7925.4389394567015,M,54.3,0.2
36,04/2015,171,517121.4308566973,8739.426578121916,M,49.4,0.4
37,04/2015,460,894899.5779276836,9256.350523563704,F,33.0,0.3
38,04/2015,408,1187661.2169129134,8863.53313934464,M,65.0,0.9
39,04/2015,239,533959.1266614944,8548.119017302814,M,60.4,1.0
40,04/2015,812,4532223.349020352,17877.724612619877,M,54.7,0.9
41,04/2015,896,573839.1475364334,8204.643604495515,M,58.5,0.0
42,04/2015,354,586162.9051724542,10314.081631515195,M,65.2,0.4
43,04/2015,574,232944.48384298867,7830.146913592775,M,60.7,0.3
44,04/2015,186,621348.352897655,8806.909880039804,M,65.7,0.6
45,04/2015,381,5287095.865476637,9877.213903096319,M,44.0,0.1
46,04/2015,898,3348482.0958407014,8394.856554279782,M,46.5,0.0
47,04/2015,405,295027.2379403267,7135.421418898273,M,32.2,0.1
48,04/2015,439,906126.5612597027,11468.694782479877,M,65.2,0.3
49,04/2015,532,1021668.4221804771,13238.411273088499,M,38.2,0.5
50,04/2015,665,316311.0118900757,9298.9312095169,M,,0.6
51,04/2015,962,153372.57365296216,9794.644264692603,,53.5,0.8
52,04/2015,303,2778649.955152005,7569.511280888268,M,37.0,0.6
53,04/2015,996,1048771.0395583974,10824.158187268738,M,41.0,0.5
54,04/2015,836,323421.58214468195,8691.062571470145,,55.4,0.2
55,04/2015,840,900421.4287895911,11564.899107744402,M,35.8,0.3
56,04/2015,459,269472.6659130127,6991.172033650682,M,36.2,0.4
57,04/2015,611,2919596.9966229964,10087.659665599382,M,62.4,0.4
58,04/2015,467,340463.79833738355,9610.288482980133,M,,0.5
59,04/2015,786,1816106.9811624254,9196.562784347114,M,46.5,0.0
60,04/2015,23,73124.18950870514,7149.208103779241,M,51.4,0.9
61,04/2015,302,535476.3887744808,12385.335969501624,M,47.2,0.2
62,04/2015,289,2503989.4495346844,10027.761109620651,M,39.5,0.5
63,04/2015,155,744331.0450562123,9675.06850965883,M,57.3,0.4
64,04/2015,327,600324.0800875726,8888.898382253125,M,51.8,0.8
65,04/2015,114,255702.51681368606,9699.701740680453,M,61.1,0.9
66,04/2015,756,1465792.2468205267,10147.9477147765,,54.8,0.3
67,04/2015,880,2901833.5312569886,8203.01522993925,M,45.6,0.6
68,04/2015,660,454571.64715656464,12246.879755680877,M,56.5,0.9
69,04/2015,454,567287.8646642694,9209.847851399643,M,40.2,0.2
70,04/2015,969,1256308.3667412456,9142.941081831885,F,62.8,0.7
71,04/2015,176,144164.19310831287,6747.473864644928,M,35.8,0.9
72,04/2015,432,1265611.9606490247,9325.3815500838,M,47.3,0.9
73,04/2015,531,8754403.205614984,15830.760659759264,M,46.6,0.9
74,04/2015,101,335800.01639957924,9113.844634026622,M,,0.9
75,04/2015,738,835202.6288825078,9674.168466180192,M,36.7,0.3
76,04/2015,271,727891.9810253711,6731.806678233708,M,64.8,0.4
77,04/2015,423,1487674.9662892816,8744.03088759283,M,59.1,0.6
78,04/2015,765,5590023.406570834,7692.301561473345,M,47.8,0.8
79,04/2015,691,1578371.899537238,11358.170848781654,M,44.8,0.4
80,04/2015,533,3087746.398831859,8733.539989983135,,35.8,0.1
81,04/2015,716,385733.3181027862,7296.959309459267,M,39.8,1.0
82,04/2015,922,7562497.984984896,13804.627349540528,M,58.5,0.8
83,04/2015,174,657758.8233679851,10204.43793043691,M,46.1,0.9
84,04/2015,200,3543884.8327842862,10997.087530859275,M,39.0,0.7
85,04/2015,316,104655.93133513497,8901.531890829243,M,34.8,0.2
86,04/2015,307,671420.915689179,10647.920597108976,M,65.0,0.7
87,04/2015,882,3129425.738389692,9856.350903081091,M,33.7,0.6
88,04/2015,706,739472.7037081249,8748.15835718904,M,51.7,0.3
89,04/2015,829,368895.82371793635,7235.9111918256995,M,35.3,0.5
90,04/2015,719,3232426.8984962157,7146.832682893565,M,32.6,1.0
91,04/2015,935,311150.3573407438,7175.8119218906195,M,38.9,0.3
92,04/2015,68,5051045.000268431,7176.884847254565,F,35.8,1.0
93,04/2015,815,2163118.7482131436,8838.891561765706,,64.2,0.3
94,04/2015,747,131658.3330337541,8955.958284882587,M,43.6,0.7
95,04/2015,798,596606.8884959242,8498.688927935593,M,35.3,0.4
96,04/2015,865,221996.22710233342,8703.725879307187,M,58.5,0.3
97,04/2015,399,174728.27141112872,9005.851179347754,M,53.1,0.9
98,04/2015,509,1504089.6646869252,8811.734778829572,M,46.7,0.5
99,04/2015,308,442439.0774234467,12176.591199902014,M,48.1,0.9
100,04/2015,502,510879.48943963676,8286.164252099683,M,61.5,7.9
101,04/2015,81,1926298.8633837213,7980.532008634113,M,42.4,14.4
102,04/2015,814,2417643.0460039726,11876.940086070494,M,33.1,18.7
103,04/2015,666,1710606.7572454847,8572.174283351827,M,35.3,8.7
104,04/2015,205,5031926.96646821,10153.029880843967,M,56.6,9.9
105,04/2015,759,1641171.4323345837,9886.583434997698,M,44.5,3.4
106,04/2015,96,7050471.349224336,10262.975829157911,M,37.2,9.4
107,04/2015,671,213224.26548136314,7724.718612793713,M,61.4,16.8
108,04/2015,100,572636.7579725872,9861.672378367342,M,38.1,17.2
109,04/2015,321,161975.55796636268,10510.741970122355,M,,10.1
110,04/2015,602,199293.20830688486,9219.117859878585,M,37.3,17.8
111,04/2015,453,5430559.24973285,8327.984225492055,F,60.6,5.4
112,04/2015,396,246264.57043323875,11993.378467590723,M,33.1,12.5
113,04/2015,113,563937.7255244317,9565.005352330561,M,,16.9
114,04/2015,988,4951703.838372542,7966.1400604293585,M,32.9,11.3
115,04/2015,956,2231715.758735072,8748.67866997037,M,65.2,15.6
116,04/2015,59,1993223.834334878,7952.872073128007,M,46.9,8.1
117,04/2015,593,832277.7430305232,9824.676062749648,M,43.4,15.5
118,04/2015,10,245187.79745072036,9685.95918778764,M,45.5,6.4
119,04/2015,196,246092.80726450472,7734.309685558262,M,46.2,4.3
120,04/2015,38,1140458.6133091697,9087.171730532373,,51.3,5.9
121,04/2015,625,387009.90354138706,8838.593057244883,M,57.7,13.8
122,04/2015,570,400868.09122290177,8582.257164002214,M,47.1,16.8
123,04/2015,745,891953.5628006824,10084.984408827364,M,51.3,15.9
124,04/2015,764,82170.62918473585,7741.973672068137,M,47.3,15.0
125,04/2015,66,608823.9296999054,7848.352722416084,M,40.0,18.9
126,04/2015,84,433144.7975984306,8445.911742550667,,36.5,18.8
127,04/2015,462,583135.3220089875,7978.941577533487,,39.3,10.3
128,04/2015,952,156728.7403319467,8249.434919467458,M,56.4,4.4
129,04/2015,970,1633088.2511002456,7802.820874784756,M,34.0,11.4
130,04/2015,333,729175.1787613579,9609.49714753318,M,50.1,8.4
131,04/2015,274,164140.43565441633,8770.28270098672,M,63.7,8.6
132,04/2015,981,437778.46327059856,11737.313446022159,M,62.2,1.6
133,04/2015,110,152738.17901379737,10606.605178623595,M,59.4,15.7
134,04/2015,383,842141.7611620781,16342.807116709295,M,37.5,15.6
135,04/2015,542,287664.19002158736,11421.214618757684,M,35.2,7.8
136,04/2015,787,403275.73260334815,9359.486953177233,M,59.9,12.3
137,04/2015,57,747105.9922075319,9038.063614244751,M,65.6,16.7
138,04/2015,412,6231438.825874163,8005.486100121937,M,59.3,4.6
139,04/2015,177,3860077.138139324,10676.19323275648,M,41.0,1.9
140,04/2015,560,2934676.5471229744,11427.22037008292,M,41.8,12.4
141,04/2015,398,105885.9275180834,7310.77678376707,M,52.0,4.8
142,04/2015,916,653225.9892290463,7808.208334452692,M,65.1,18.0
143,04/2015,965,2901111.557098551,13217.776124006577,M,65.8,5.6
144,04/2015,746,175610.8272668556,11261.487937070375,M,48.2,1.6
145,04/2015,912,1338000.6121092443,11151.257695218736,M,55.6,16.5
146,04/2015,257,335207.1214711305,8822.105381703484,M,36.1,4.5
147,04/2015,727,4045843.5531802443,9465.041214994215,M,53.5,16.6
148,04/2015,144,1832862.9012548842,8795.230039797863,M,43.3,7.4
149,04/2015,164,14176676.945043592,11277.727268017976,M,39.8,10.5
150,04/2015,48,849557.80315473,10705.679144710637,M,63.4,11.9
151,04/2015,872,184662.9949058791,7159.69390265056,M,50.2,11.6
152,04/2015,391,7688304.771177747,10429.357906760017,M,47.8,2.2
153,04/2015,703,85518.9754076853,9064.21249856662,M,,7.8
154,04/2015,504,2770877.4347004336,9166.985473342305,M,40.0,1.8
155,04/2015,876,267297.17957541114,8608.700612143606,M,34.7,5.8
156,04/2015,69,1690927.0852450943,9606.02898492966,M,57.1,11.5
157,04/2015,736,963440.5184493444,8699.426218639017,M,43.1,13.3
158,04/2015,899,725114.9516992504,9807.910017948027,M,58.6,10.2
159,04/2015,219,429614.21699498873,9063.416275371885,M,39.4,17.3
160,04/2015,451,1241732.321101478,14781.653547536365,M,47.1,10.2
161,04/2015,407,709278.5585802771,8947.284380267129,M,46.4,2.4
162,04/2015,735,868554.4260228118,7428.907645339932,M,54.1,4.8
163,04/2015,249,995088.8260992422,9995.73033203737,M,60.9,8.2
164,04/2015,145,258636.2399582141,8656.370980649577,M,49.4,7.5
165,04/2015,12,2639964.5044583194,9380.04054860759,M,59.0,15.6
166,04/2015,724,274801.7287824177,7041.819306677981,F,47.8,16.0
167,04/2015,728,3020501.6430925536,10519.744280779685,M,57.5,2.9
168,04/2015,948,322859.5596321913,9175.447855378046,M,37.5,3.6
169,04/2015,464,323725.03233894345,11578.404063678967,M,58.4,6.4
170,04/2015,278,2590541.240636024,7662.045759246485,,47.4,10.8
171,04/2015,89,800923.5609907645,14198.945965231549,M,42.9,7.5
172,04/2015,124,99744.98943894201,9761.106108910719,M,35.2,9.5
173,04/2015,185,2188315.0693544513,8581.304073609286,M,35.5,14.5
174,04/2015,514,461909.6907931148,9013.469431707881,M,45.0,12.9
175,04/2015,651,342844.578829618,8141.751587254054,M,39.2,8.3
176,04/2015,669,118699.09057004433,9022.243200949157,M,52.6,13.9
177,04/2015,97,646344.3226310643,10627.625012658427,M,62.2,11.0
178,04/2015,924,1153257.2406222662,6748.4102447809855,M,64.5,11.3
179,04/2015,323,1318560.1799713336,9586.03877633818,F,48.5,8.9
180,04/2015,643,1280212.995157694,9297.014177704428,M,35.7,16.0
181,04/2015,890,379820.9734866007,8465.931233242452,M,55.4,17.6
182,04/2015,929,407292.07907294197,7432.868448243755,M,41.7,4.4
183,04/2015,670,5138537.100307366,9288.107963021665,M,36.1,8.3
184,04/2015,181,782193.579286117,9030.194967732737,M,36.8,10.0
185,04/2015,963,342680.48168675374,8660.96623933788,M,50.0,10.8
186,04/2015,997,501527.2148765786,8090.818797761999,M,61.6,10.5
187,04/2015,858,600773.5446746375,14564.74131425249,M,38.2,1.5
188,04/2015,403,281749.9195956911,7487.869337606564,M,45.4,7.8
189,04/2015,572,2267145.2844455363,9019.994958941055,M,,7.6
190,04/2015,754,627475.1118282317,10489.478203401932,M,55.8,11.8
191,04/2015,72,19580294.144281432,10778.979355479012,M,46.7,11.5
192,04/2015,283,435857.2078976014,11743.178009252053,M,57.9,9.6
193,04/2015,705,1873620.8634955075,7723.67781557506,M,46.5,1.7
194,04/2015,983,96749.48977222035,6586.8707673652425,M,36.0,14.7
195,04/2015,305,820474.505497339,9648.127228514786,M,63.1,4.2
196,04/2015,857,230561.52982556837,9529.57790117673,M,37.8,3.3
197,04/2015,74,2531216.0799698425,11753.606869722802,M,37.2,15.0
198,04/2015,824,405012.4852566823,8703.971853714149,M,56.3,2.9
199,04/2015,231,3493336.85068318,9146.728040155856,,42.2,17.8
200,04/2015,130,686665.9133892768,8739.052090013498,M,59.5,15.0
201,04/2015,248,905336.9460722144,9751.947491621171,M,36.4,14.8
202,04/2015,149,1347386.3499616506,11066.203016024227,M,52.6,5.5
203,04/2015,329,574427.2418205619,10007.62865396676,M,43.4,4.5
204,04/2015,582,81519.8557953335,8580.289022313991,M,46.1,4.4
205,04/2015,328,3237328.465628518,6898.1657219581475,M,39.4,11.4
206,04/2015,779,174357.8585767766,9782.076932308402,M,,18.0
207,04/2015,807,1721425.2440307268,8499.055499089078,M,,12.8
208,04/2015,821,1208125.7157037286,8370.01490014295,M,55.6,4.4
209,04/2015,366,312383.9808588504,9408.903139775679,M,42.9,7.5
210,04/2015,433,478515.02007175,10176.572486022511,M,37.5,8.6
211,04/2015,371,3095087.3392568086,8081.617358339597,M,52.2,5.6
212,04/2015,384,279379.6489197733,8468.581623079617,M,43.5,2.5
213,04/2015,632,2628764.8170393417,7538.9690811423,M,35.3,14.1
214,04/2015,861,3474393.0713517363,7895.16182940105,M,48.3,12.6
215,04/2015,65,2605230.036654939,9545.239070603535,,46.8,15.7
216,04/2015,877,181433.6232334795,7770.529415032132,M,40.8,16.7
217,04/2015,244,2240251.0390947466,10702.618028328136,M,40.5,3.1
218,04/2015,863,665946.1773950033,9992.131579764899,M,48.7,17.6
219,04/2015,350,889608.7341675821,8182.146508278451,M,52.6,18.5
220,04/2015,160,665003.5801914106,7698.225127096222,M,34.9,18.1
221,04/2015,45,111048.73006835688,8182.254190485164,M,40.4,11.4
222,04/2015,497,2782396.5991102327,9955.34222668555,,46.3,11.7
223,04/2015,237,5947584.226729309,7933.576076510467,M,39.1,10.7
224,04/2015,9,405143.421926574,11497.350830980393,M,50.3,8.9
225,04/2015,172,3505460.392676208,8216.777472552307,M,55.4,10.6
226,04/2015,918,261543.00380017632,8002.054542685278,M,45.0,2.6
227,04/2015,950,433471.51711996313,7899.071639861898,M,34.7,6.3
228,04/2015,134,353527.42982984235,8264.694558240883,M,64.7,6.2
229,04/2015,140,2405966.8052095827,8468.718968497064,M,,14.0
230,04/2015,238,373113.75426245277,8595.564905330311,M,61.8,3.6
231,04/2015,567,1768132.076455295,11768.15328871885,M,49.1,15.0
232,04/2015,146,730099.6270771469,10763.227348818298,M,38.1,5.6
233,04/2015,519,211201.11361355337,7725.2714767880225,,42.7,1.7
234,04/2015,428,3092345.1225061635,11799.528133333108,M,37.0,13.8
235,04/2015,612,915145.665456332,7542.848127951967,M,56.8,10.3
236,04/2015,153,556304.685199756,8282.547331102256,M,32.3,18.2
237,04/2015,592,452395.0650744929,9790.655100087486,M,52.6,12.7
238,04/2015,713,302898.8775513808,9556.351987172013,M,45.8,18.2
239,04/2015,933,2984161.591770926,11148.47394877814,M,48.6,14.2
240,04/2015,686,1440075.2342908166,10971.036551176387,M,40.8,5.5
241,04/2015,331,779513.4580740284,10640.543715272897,M,36.7,9.1
242,04/2015,885,195436.4678153735,9484.22151592007,M,62.8,6.5
243,04/2015,842,3303805.670604094,7214.961739792771,M,48.5,6.3
244,04/2015,951,3609401.2082501403,8883.615102582497,M,65.1,10.5
245,04/2015,597,1987640.2159517377,11978.411280144455,M,60.0,13.1
246,04/2015,93,1767279.7639338912,11767.141686606787,F,38.4,14.3
247,04/2015,402,358739.1512224737,8649.39998393086,M,35.4,15.1
248,04/2015,435,1438600.4320961004,8473.693959463624,F,60.4,17.1
249,04/2015,751,5920487.128346784,7601.09236926308,M,55.1,6.5
250,04/2015,733,449624.75430291105,8408.54589265287,M,52.2,13.6
251,04/2015,121,513348.0827264595,7671.047981263232,M,58.7,18.4
252,04/2015,760,405238.5849417073,8474.15145600525,M,47.8,11.1
253,04/2015,372,218265.47254342376,8298.63452999996,M,33.0,14.3
254,04/2015,441,609297.526944645,6843.361252502044,M,51.6,2.3
255,04/2015,270,3254409.105111889,7579.515877970532,M,40.7,10.1
256,04/2015,260,81782.61489978428,6921.302627668441,M,34.6,1.1
257,04/2015,442,325141.2389067405,9708.52946340311,M,61.5,13.5
258,04/2015,19,141002.71955996798,8940.862167431967,M,,12.4
259,04/2015,218,1096611.7506583775,9876.015966197252,M,60.8,12.0
260,04/2015,1000,225591.72271261268,8547.221301979389,M,45.2,4.0
261,04/2015,967,610561.8336099733,11550.973412241667,M,56.6,2.4
262,04/2015,413,519601.38556188263,9074.396302266712,M,47.8,1.0
263,04/2015,780,10598434.605273748,9010.799183698351,M,51.8,1.9
264,04/2015,538,3735565.4574321215,10113.667742807407,,44.3,13.5
265,04/2015,255,2654786.1880119964,10401.7825398417,M,50.9,15.2
266,04/2015,211,538408.6500235614,10372.14514159138,M,36.7,8.5
267,04/2015,465,2330459.860112142,8746.024464331287,M,62.0,17.2
268,04/2015,583,501738.49986160186,6653.773630945626,M,39.0,8.2
269,04/2015,489,3842306.439436358,12929.041496697919,M,39.7,17.4
270,04/2015,353,168928.24244015137,7268.3380263425615,M,65.8,5.3
271,04/2015,415,578282.4437844235,8470.181161975255,M,62.5,7.1
272,04/2015,594,202872.8200538223,11224.254047150283,F,44.6,12.7
273,04/2015,957,363028.2442329396,9058.523305322424,M,55.4,5.3
274,04/2015,394,311698.7278151389,8042.201141463423,M,56.1,5.1
275,04/2015,674,2254923.087511021,10713.908471219538,M,61.2,16.6
276,04/2015,646,990386.9306570765,11288.821741975731,M,35.1,10.2
277,04/2015,972,3753532.1350302175,11729.559681324761,M,65.6,1.6
278,04/2015,791,379122.7454953839,8123.6852483618195,M,60.0,8.0
279,04/2015,78,1589090.2018717807,8148.176400427866,M,36.8,7.9
280,04/2015,548,383350.9151151426,9096.533958690197,M,52.2,12.5
281,04/2015,536,435215.41504340107,9180.482377317012,M,55.4,3.4
282,04/2015,621,150109.3393304344,8836.131828681719,M,54.8,1.7
283,04/2015,762,1927420.7891700345,11118.147164948843,M,47.3,14.9
284,04/2015,516,564614.4232946491,8924.795563850425,M,65.6,18.0
285,04/2015,216,393546.5203625424,8559.161556764679,M,36.4,14.5
286,04/2015,635,260977.06406640002,7207.08658600328,M,55.3,14.8
287,04/2015,926,2075733.5119560813,8227.557585504233,M,43.2,14.0
288,04/2015,135,714538.1997807651,8189.72632734634,,,10.5
289,04/2015,387,329534.0556846742,9674.89855118428,M,46.8,16.0
290,04/2015,925,695142.969105807,10952.636141766057,M,57.3,5.5
291,04/2015,85,560825.4327605208,12226.17565575484,M,38.7,16.7
292,04/2015,586,309107.62576992647,10978.696111975309,M,32.2,7.8
293,04/2015,571,1301985.966337215,8276.298116996957,M,53.2,13.8
294,04/2015,855,3346034.3457800862,7605.620835132757,M,64.2,15.2
295,04/2015,685,8232387.505479296,9819.933140430823,M,47.0,7.8
296,04/2015,63,1665276.4701769555,7228.087523371418,M,61.6,12.5
297,04/2015,264,876465.9402679864,11486.03236267277,M,59.1,12.7
298,04/2015,701,2724688.1968710218,7899.689362554198,M,37.3,10.7
299,04/2015,73,135452.82331919507,8649.300481785815,M,48.6,14.7
300,04/2015,478,476750.99979828927,8978.646234955673,M,35.7,7.8
301,04/2015,661,12524548.81337826,10668.161247883188,M,57.1,1.7
302,04/2015,228,342208.0757677111,11776.183298488506,M,48.1,9.5
303,04/2015,309,3795728.264055619,9242.84626312461,M,38.3,14.6
304,04/2015,382,503441.91214920493,11563.111491438302,M,34.4,10.9
305,04/2015,914,3037689.089948415,8199.645408877348,M,54.5,6.4
306,04/2015,170,455743.229249927,15580.104545962931,M,34.1,16.2
307,04/2015,808,1584098.2277282062,14142.577550983768,M,45.2,4.6
308,04/2015,279,1360919.1864175505,7930.469885923973,M,44.8,3.9
309,04/2015,852,2679383.565571943,8755.43248730504,F,37.4,13.3
310,04/2015,258,647289.9008156946,9003.895377290148,M,43.5,6.3
311,04/2015,920,3950063.151854128,12475.236782977556,,64.9,14.6
312,04/2015,167,394190.5111303263,11429.29481875808,M,37.0,6.7
313,04/2015,229,1057262.7011870462,9104.55170102745,M,55.1,7.9
314,04/2015,293,577317.0536569695,8876.727415579137,M,44.9,10.8
315,04/2015,569,337184.85401183675,9281.168717334582,M,39.7,13.3
316,04/2015,39,351697.42590134905,9301.312226916776,M,58.6,1.1
317,04/2015,562,504901.301927199,8957.255117228708,M,43.4,10.0
318,04/2015,819,403968.0290718504,8816.104127109804,M,33.6,15.2
319,04/2015,652,248324.43612744074,7959.304122089461,,43.2,1.1
320,04/2015,827,184623.7195865478,8946.653311772247,M,65.0,3.2
321,04/2015,915,1726296.4374306835,10986.457557865824,M,47.0,13.0
322,04/2015,35,16336861.5096394,13264.20027049353,M,53.3,4.0
323,04/2015,358,97563.9062124988,7137.091268733202,M,35.8,18.3
324,04/2015,867,120125.94093568009,10506.594141347383,M,53.5,10.1
325,04/2015,979,488340.46578278183,9063.815895379641,M,64.3,9.9
326,04/2015,599,518061.2287716691,7829.3494698311015,M,,18.4
327,04/2015,470,1551890.398624553,8027.529636818587,M,45.0,3.5
328,04/2015,903,646054.8627663119,10017.2992736578,M,,16.7
329,04/2015,420,523339.2938487977,8006.600562534352,M,56.3,5.9
330,04/2015,150,2563131.417812303,12235.267333394868,M,,10.2
331,04/2015,631,1236655.4528710367,11766.631288639126,M,43.4,6.2
332,04/2015,616,717326.0450655379,7365.342289739467,M,61.4,8.8
333,04/2015,373,712280.3531800198,8401.427816967582,M,60.9,5.9
334,04/2015,577,337438.0644351489,8380.793262613342,M,42.5,15.7
335,04/2015,901,3677130.6304797945,9274.860570279903,M,56.5,9.0
336,04/2015,55,7387508.285169949,12946.734255292828,M,34.8,2.7
337,04/2015,908,324532.9150198817,9853.178059913635,M,39.6,15.1
338,04/2015,883,481020.0354869053,10917.21673833102,M,,15.3
339,04/2015,522,580300.9865613818,9745.108112992975,M,52.2,14.7
340,04/2015,811,602637.0469967744,7879.783076191709,M,,18.6
341,04/2015,137,603061.3013022657,11783.453646434975,M,58.3,17.6
342,04/2015,600,671430.0234120584,7758.286844860699,M,38.4,17.2
343,04/2015,673,323971.12396520725,12081.377152219682,M,49.1,5.2
344,04/2015,575,493352.80147710023,9417.724960016323,M,32.9,10.9
345,04/2015,469,1018306.8601667098,10374.386691182186,M,64.1,10.3
346,04/2015,698,418897.46909734426,10657.237823829004,M,62.6,5.0
347,04/2015,245,17436163.37814983,13524.859836725185,M,60.9,13.2
348,04/2015,363,1345849.2948411165,8258.590825024434,M,45.2,1.3
349,04/2015,911,324408.8448458771,12284.360241592454,M,53.9,13.9
350,04/2015,343,1545347.7740206681,8497.243145080722,M,63.1,16.4
351,04/2015,886,2416402.2941823634,9788.063937247318,M,59.7,10.7
352,04/2015,262,552863.080736118,10035.663669360776,M,64.6,14.7
353,04/2015,222,646443.5735465136,7925.169384028215,M,39.2,11.6
354,04/2015,731,3871746.869822239,11642.956941694803,,35.2,7.5
355,04/2015,31,245299.16587596232,8320.263124901127,,36.7,16.8
356,04/2015,32,2900343.4157477985,9365.519211566958,M,55.5,2.4
357,04/2015,545,284996.5570668407,7634.205028522504,M,42.4,3.8
358,04/2015,553,4085510.751742886,9801.939135552699,M,35.3,1.8
359,04/2015,284,395071.707522719,8283.251858799425,M,40.5,14.4
360,04/2015,94,1504147.7641824887,7649.1900656963135,M,,9.2
361,04/2015,472,277109.1129563763,11655.193385045177,,40.5,8.5
362,04/2015,748,497153.401441113,9572.89545930065,F,40.7,14.3
363,04/2015,3,2369800.413940658,8357.073931133322,M,49.3,4.7
364,04/2015,676,727176.5714324529,10998.338099940265,M,43.8,17.0
365,04/2015,233,685590.0917199294,9298.780109772772,M,38.2,12.8
366,04/2015,919,1100114.5024775995,8738.519237345201,M,34.6,11.6
367,04/2015,54,148650.54803115095,7807.953012855228,M,57.6,1.3
368,04/2015,95,425867.5003462365,8419.105296803182,M,55.1,14.3
369,04/2015,818,3393294.624615136,8343.821912137706,M,,4.6
370,04/2015,349,599859.0662474246,8718.875358870158,M,63.1,16.7
371,04/2015,224,115468.45733961978,8576.323411124162,M,42.2,9.8
372,04/2015,526,1164280.8528193699,9691.216756293265,M,62.7,18.8
373,04/2015,613,1407878.962543987,13890.30111144346,M,50.9,2.5
374,04/2015,845,2539030.7066090633,9185.593171467945,M,,5.5
375,04/2015,894,405020.1545715333,7958.962892303105,M,47.3,18.1
376,04/2015,419,371359.0046563535,10962.020770372454,M,,18.2
377,04/2015,707,149943.11191615928,8396.149200409205,M,56.4,12.6
378,04/2015,426,3696168.905891362,9102.119386469343,M,43.0,7.2
379,04/2015,427,4648977.959602681,9932.31855071659,M,48.1,3.4
380,04/2015,978,185256.3028755834,8367.864153142044,M,40.8,8.0
381,04/2015,610,1457723.8762964476,10314.626207165818,M,64.5,8.9
382,04/2015,76,809602.8153874404,6654.087514180704,,46.8,11.5
383,04/2015,629,814525.8664238283,9741.301085885632,M,46.4,15.7
384,04/2015,326,106965.27658918058,7125.145203017227,M,32.6,1.6
385,04/2015,875,288146.5482026498,12090.710934852437,,42.4,16.3
386,04/2015,409,306328.044343298,9098.403140958331,M,45.0,14.6
387,04/2015,940,3749105.0383342924,8150.460453050014,M,53.9,9.6
388,04/2015,642,629368.38891932,8417.966814110665,M,43.3,8.4
389,04/2015,14,2281641.4555472927,11388.092812761894,M,56.5,1.7
390,04/2015,129,285368.4986749811,9676.470884854823,M,35.6,11.3
391,04/2015,474,398406.50445732026,8687.57472088972,M,56.2,13.1
392,04/2015,312,2608259.1732050832,7510.069966478475,M,61.2,13.4
393,04/2015,708,785651.9836889113,6721.279711771707,M,40.4,1.6
394,04/2015,30,581653.7864473084,9592.79468654488,M,46.1,9.2
395,04/2015,161,311446.4644479512,8082.379376202873,M,51.3,2.9
396,04/2015,839,947680.3927603791,8714.211800494084,M,36.7,1.6
397,04/2015,400,364182.68715706805,9608.84988563291,,58.4,10.9
398,04/2015,375,6038732.798268912,10635.441985756412,M,43.3,18.2
399,04/2015,298,2825332.533914583,10056.841684193434,M,39.2,11.8
400,04/2015,29,454539.69222648436,10157.80490053375,M,46.5,10.7
401,04/2015,679,3257950.2575277453,7868.7351019590915,M,32.7,10.4
402,04/2015,422,598414.5396792875,14061.132008497838,M,50.1,11.6
403,04/2015,50,767397.3066377722,9074.95245794584,M,53.7,9.0
404,04/2015,804,654314.6617232852,10503.282748090172,M,32.4,13.2
405,04/2015,627,8599515.032016808,9677.404513080315,M,41.2,15.2
406,04/2015,874,3015963.2436759705,7428.561421712759,M,38.0,2.2
407,04/2015,165,3191753.1457815696,9155.42690982213,F,50.4,17.6
408,04/2015,905,439008.4275388,8870.971147973425,M,32.6,15.8
409,04/2015,37,507078.61716911197,7759.436346162029,M,43.8,12.4
410,04/2015,501,638642.7779954395,7186.802670444305,M,47.7,9.3
411,04/2015,529,1248677.7787883217,8450.890173685277,M,47.5,6.1
412,04/2015,774,353562.3487793674,8580.121403823749,M,62.2,17.0
413,04/2015,772,626028.946073353,12233.408897634676,M,47.7,8.2
414,04/2015,773,450159.14451183984,8147.989915643668,M,,14.6
415,04/2015,388,585479.8606932146,7848.774044963622,M,,1.6
416,04/2015,194,2680130.7268358613,8505.835916698776,M,65.8,18.7
417,04/2015,778,1611378.5281830656,10252.50103032573,M,62.7,4.5
418,04/2015,830,3617670.427209355,8679.179842001598,M,49.8,5.2
419,04/2015,655,516036.2428817015,7968.289070035377,M,51.5,7.7
420,04/2015,461,262608.51255154563,8709.606335517687,M,64.8,2.5
421,04/2015,927,164019.92465919512,6881.850257417563,M,53.3,9.6
422,04/2015,90,341006.07033301744,10932.426255431817,M,60.6,11.5
423,04/2015,348,6426759.051879391,9113.676450414561,M,60.8,1.0
424,04/2015,313,821093.5402479955,11554.71320009463,M,53.1,14.1
425,04/2015,590,339477.8138595395,10129.877246829688,M,40.8,4.2
426,04/2015,179,1141435.6789779088,9241.145515824546,,52.8,15.2
427,04/2015,496,360418.570266613,9008.127967232962,M,58.0,17.3
428,04/2015,517,345529.74400576344,9118.710831787552,M,46.1,16.4
429,04/2015,744,194765.5241470378,9292.03260448309,M,48.2,14.3
430,04/2015,682,524376.2795877346,9578.813377802118,M,46.5,10.8
431,04/2015,809,527950.4049097328,8444.043337196166,M,40.3,17.8
432,04/2015,658,1567907.1172983455,10049.31988256342,M,46.5,11.6
433,04/2015,158,405129.7345959445,8897.279813062136,M,,3.0
434,04/2015,357,1282057.140371209,9040.425727767855,M,42.8,9.0
435,04/2015,221,443831.7365637205,6948.007338944618,M,64.0,3.7
436,04/2015,633,350612.4585061978,8053.788013970386,F,46.4,2.6
437,04/2015,721,434191.9675051404,9799.012808634068,M,36.7,14.4
438,04/2015,783,335238.21862263104,9116.966239564168,M,43.3,9.7
439,04/2015,304,2175357.9342714716,8648.309056870583,M,60.5,17.7
440,04/2015,789,775722.1184655627,11136.086183071975,F,39.7,8.0
441,04/2015,486,827422.336986078,8086.709300926,M,56.4,5.1
442,04/2015,580,992234.6864348049,9258.72926663542,M,63.8,10.4
443,04/2015,6,1911503.7245448618,8376.171674419327,M,35.5,15.1
444,04/2015,934,439861.6311173677,9724.447355522689,M,32.4,13.9
445,04/2015,645,3599379.373866693,8633.531423174718,M,52.4,2.3
446,04/2015,206,2089132.7494148442,7812.973351309547,M,64.2,5.3
447,04/2015,401,445984.0576269115,7889.90836989984,M,,13.2
448,04/2015,826,7793846.977480405,10379.863517166847,M,33.7,5.3
449,04/2015,83,7645882.843893071,7790.216063304065,M,65.4,8.2
450,04/2015,183,713109.4367449926,10699.644378026507,M,41.2,14.6
451,04/2015,42,3647803.685296448,8942.612005665118,M,56.3,13.9
452,04/2015,722,914680.8521741225,8694.028669523661,M,45.4,18.3
453,04/2015,503,117397.3621126143,7630.381935260297,M,,18.0
454,04/2015,620,1036390.9543107139,10530.575476553771,M,57.3,1.6
455,04/2015,755,328657.2196189734,7765.1785813993765,M,53.1,14.7
456,04/2015,873,3246830.995149554,9727.201647046539,M,33.1,16.5
457,04/2015,781,263192.8396017067,6968.124985463097,M,33.4,14.1
458,04/2015,40,3595226.9490781534,8730.955340660405,M,36.4,9.0
459,04/2015,240,4286777.4376116535,7836.381234843091,M,,5.8
460,04/2015,436,160578.1548303967,8216.527232748327,,37.8,12.0
461,04/2015,320,3264304.786346056,8486.351526159875,M,43.1,14.4
462,04/2015,723,435796.2123447192,9777.886507848798,,,3.7
463,04/2015,947,2636406.9209032482,10517.102998892993,M,41.6,14.9
464,04/2015,168,695435.1147945796,9038.962221761838,M,60.0,11.2
465,04/2015,259,571346.258700635,8450.005272219998,M,60.8,2.7
466,04/2015,913,3163326.626590276,7816.560294534824,M,53.6,9.3
467,04/2015,985,314256.81777771516,9066.394670386186,M,51.8,15.1
468,04/2015,539,1030283.6211466845,11137.620587476213,M,41.5,10.6
469,04/2015,975,546002.6127868687,7888.222618258189,M,46.1,9.3
470,04/2015,771,3355444.486282334,9055.526705591099,M,59.1,12.7
471,04/2015,566,5995120.359290266,10872.853852796577,M,,11.7
472,04/2015,325,1095049.9698444551,6800.919480608396,M,59.5,7.6
473,04/2015,813,2975247.070867442,12845.723219135558,M,56.3,16.7
474,04/2015,253,1778374.9395508643,8585.0731281017,F,52.5,18.0
475,04/2015,817,2951889.881410171,9196.726597207471,M,35.7,7.4
476,04/2015,958,3371012.531606464,9195.876921426565,M,42.6,2.3
477,04/2015,564,380049.5677011654,9340.74526901827,M,36.5,18.6
478,04/2015,448,623096.0771682133,8540.376109540168,M,51.5,15.3
479,04/2015,322,7417703.728728011,10910.778460439307,M,45.2,13.4
480,04/2015,909,1336771.0841925184,8972.999386014557,F,45.0,18.5
481,04/2015,208,7280347.468110288,9141.862899059304,M,57.5,3.7
482,04/2015,306,286881.30006487144,7055.279910412064,M,57.0,16.2
483,04/2015,471,264515.1310176582,7244.624640867945,M,64.4,4.4
484,04/2015,833,2628707.202139935,9185.770398790544,M,45.8,14.0
485,04/2015,518,2237635.948032599,8907.46047443733,M,55.0,16.6
486,04/2015,607,617424.4670578695,8845.452496924965,M,34.1,13.1
487,04/2015,743,439429.793431051,9557.21436776208,M,55.6,1.1
488,04/2015,431,153519.0668537929,9927.760196170613,M,42.5,3.0
489,04/2015,554,224333.49987956716,7669.843513965518,M,40.1,9.5
490,04/2015,866,645979.7610009579,15323.36323802814,M,35.4,6.1
491,04/2015,740,3346149.717009059,9687.351445065831,M,54.5,9.9
492,04/2015,534,408897.63031439384,8290.268945414993,M,63.4,16.5
493,04/2015,681,740951.4410344387,8054.606596243425,M,56.8,4.5
494,04/2015,694,3639066.740034852,9523.869216357136,M,56.6,8.8
495,04/2015,557,1558197.1151910895,7822.084473953329,M,61.4,16.5
496,04/2015,204,146079.98957456552,9081.103690659333,M,54.7,9.8
497,04/2015,275,582113.8381058146,7898.283023753809,,34.7,14.8
498,04/2015,525,376042.08651859587,8578.182805840035,M,39.2,9.1
499,04/2015,33,487098.21112167684,9078.68168720325,M,55.8,15.2
500,04/2015,18,527924.1193403882,9740.673727033043,M,36.9,16.0
501,04/2015,835,367322.4236772663,11979.067346271173,M,,12.8
502,04/2015,649,107619.03495425887,9510.68849657548,F,41.6,6.4
503,04/2015,406,431578.8357735662,11615.938340981304,,36.0,1.4
504,04/2015,640,555536.5063374575,9253.954156370473,,64.7,9.2
505,04/2015,79,799639.9113033887,10883.075773505063,M,41.3,4.9
506,04/2015,942,288196.39026612934,7959.117505026324,M,50.2,14.9
507,04/2015,895,941689.7427810733,8391.11848465229,M,33.5,17.3
508,04/2015,766,832932.2778572837,7748.212130865935,M,62.4,7.1
509,04/2015,51,286206.2962038988,7974.922969657975,,39.9,6.9
510,04/2015,702,428809.1706618134,7730.59490568121,M,57.5,12.7
511,04/2015,332,995913.2765584971,8527.441290809384,F,55.0,18.7
512,04/2015,314,654963.6781816474,9825.383505473545,M,49.4,4.0
513,04/2015,118,322914.86571202613,10501.571659128505,M,39.8,9.3
514,04/2015,445,3655097.180691731,8242.090967411403,M,59.4,18.6
515,04/2015,906,929916.4583186677,13339.644701189769,M,57.2,5.3
516,04/2015,555,2387083.2988508763,9168.180882107696,M,62.5,3.5
517,04/2015,105,454992.8320849473,8980.052004784851,M,48.3,2.2
518,04/2015,879,424591.3814103994,8839.990958416125,,64.1,3.3
519,04/2015,175,446439.90465853235,7173.092440832824,M,38.2,7.2
520,04/2015,367,622983.2078574704,11327.610716901878,M,58.5,5.2
521,04/2015,810,1536691.037035198,10512.370794447212,M,44.5,2.3
522,04/2015,892,73533.76195538258,7331.916138743794,M,65.4,15.5
523,04/2015,964,625001.6128440014,9613.428703963475,M,50.2,6.4
524,04/2015,946,624897.7361065879,7902.591627494353,M,52.1,6.6
525,04/2015,547,449431.8092137916,9862.304277961726,M,,7.5
526,04/2015,999,296728.5980925872,7104.885767281406,M,45.1,14.1
527,04/2015,953,97391.98747317071,7987.629179088112,M,47.7,14.8
528,04/2015,202,258512.51796074293,8317.386466605007,M,57.6,4.0
529,04/2015,345,185336.31776701025,10094.65137178672,M,40.8,12.9
530,04/2015,718,621432.5307410152,9866.963513255501,M,65.1,1.7
531,04/2015,276,356830.196829569,8981.219017911239,M,45.1,18.5
532,04/2015,768,719535.6061166947,8784.203292425656,M,63.5,6.3
533,04/2015,411,683989.6579915952,8793.433266164891,M,58.7,2.5
534,04/2015,192,3627775.9732549144,7456.932809243738,M,45.7,5.7
535,04/2015,115,390185.30119079637,8727.29061132863,M,36.3,17.6
536,04/2015,162,4084113.2177721937,8352.526151234877,M,35.5,12.1
537,04/2015,636,1935239.620813792,9519.016995595302,F,63.9,7.2
538,04/2015,870,3292002.446323508,9030.552661516758,M,42.5,2.6
539,04/2015,468,1249222.0339141062,9278.13189651181,M,52.3,3.3
540,04/2015,490,912380.3065212448,9143.336778370112,M,62.1,12.7
541,04/2015,558,85377.3205385966,7028.557391563945,M,35.8,9.1
542,04/2015,662,2184252.3010153496,8444.741156207474,M,51.0,6.8
543,04/2015,834,456212.4709849944,10433.057953188802,M,39.8,1.8
544,04/2015,907,461575.8069481759,7641.676008161058,F,61.1,3.8
545,04/2015,15,1298099.1655278474,9029.206306591246,M,35.0,4.2
546,04/2015,588,1786521.424046579,10743.40591767131,F,47.5,14.8
547,04/2015,859,119446.90795487963,8765.653394356674,M,44.3,4.2
548,04/2015,109,1209853.434482995,7723.959714103543,M,45.2,7.3
549,04/2015,369,3546911.869426652,8591.863278434394,M,36.2,8.9
550,04/2015,188,416797.43200372835,11432.579664656534,M,33.0,18.5
551,04/2015,166,3113342.478591259,12556.141357884346,M,,1.3
552,04/2015,180,376071.217325867,7961.090173392926,M,48.2,10.8
553,04/2015,986,456554.1962040366,9227.79883023082,M,34.5,8.6
554,04/2015,438,2539257.1339377323,9568.287879660113,M,37.4,7.0
555,04/2015,120,607523.6141936035,12305.182282446554,F,49.6,7.2
556,04/2015,414,522848.2272596667,7843.466898538974,M,38.1,7.7
557,04/2015,389,417470.5328896522,8010.142510045296,M,58.5,1.7
558,04/2015,91,410513.4434631647,8832.124528302942,M,33.5,2.7
559,04/2015,565,958214.8837628426,11621.13095257753,M,44.3,17.2
560,04/2015,16,170068.80691453605,7740.82244577197,M,47.8,8.0
561,04/2015,443,485997.8425115944,8546.314628980384,M,36.6,1.5
562,04/2015,507,478739.10970086587,9202.57648843306,M,62.1,9.5
563,04/2015,404,249475.89863000048,10938.158184552045,M,55.1,14.7
564,04/2015,280,806345.6567656591,8245.185061377708,,60.1,2.4
565,04/2015,654,3492495.5151402103,8816.421618146347,M,55.4,9.7
566,04/2015,376,90581.03499372583,8445.737608147167,M,37.8,6.4
567,04/2015,169,800329.9214672651,11084.52764974355,M,60.7,18.0
568,04/2015,931,816834.6845596455,10986.498967212743,M,62.2,15.4
569,04/2015,664,1005357.8401428583,9181.776312284037,M,45.6,17.9
570,04/2015,272,377746.3571267184,10920.608149165204,M,41.3,10.3
571,04/2015,667,6798273.264272968,12617.093398530287,,53.4,1.7
572,04/2015,209,740708.2595481809,8187.442196720743,M,47.4,11.3
573,04/2015,687,875948.511506053,10925.784664761457,M,43.9,9.8
574,04/2015,893,588100.2380309261,9021.409806379459,M,38.7,2.4
575,04/2015,184,5245116.923795069,11310.24295551424,M,46.3,14.7
576,04/2015,711,2557181.1144583467,7947.468979185287,M,51.6,17.6
577,04/2015,543,5878190.923681301,7634.6694659416635,M,59.2,12.0
578,04/2015,864,1587316.6179690138,7347.281388443111,M,35.7,8.6
579,04/2015,995,1000216.6302524387,9425.640338900184,M,,3.7
580,04/2015,563,386004.0683935738,9102.397489814732,M,44.1,7.1
581,04/2015,58,191416.44421439397,9069.885511383487,M,61.0,6.9
582,04/2015,46,5543594.0073336,11141.600756039144,M,35.1,13.7
583,04/2015,226,479605.895506927,8562.538084596643,M,57.1,8.2
584,04/2015,286,2802539.513655454,11757.251184962779,M,64.2,16.9
585,04/2015,475,129928.79776426476,11915.035710917336,M,37.6,9.6
586,04/2015,578,2130024.7196705034,9505.547002445985,M,55.7,8.8
587,04/2015,695,390844.5722747967,8982.061624618047,M,40.3,15.1
588,04/2015,417,602431.1627245826,9126.96857793816,M,44.2,3.6
589,04/2015,421,223004.49330457387,7626.894395448391,M,51.3,11.2
590,04/2015,397,108608.93071539496,7975.82937066894,M,,12.9
591,04/2015,273,3189214.1872160193,8146.334622300133,M,43.7,13.2
592,04/2015,281,1326585.4398312399,8924.588414366039,M,58.1,16.5
593,04/2015,945,1244314.9911512593,7572.376311739071,M,40.5,7.3
594,04/2015,862,747023.0071064127,8931.655144230363,F,53.6,4.1
595,04/2015,232,528108.7170827251,8235.884880334092,M,44.7,13.6
596,04/2015,550,6331475.943997999,9258.71731511264,,46.4,7.5
597,04/2015,917,1307493.5212593095,8656.367178434783,M,32.3,17.7
598,04/2015,56,1335942.4370421083,9309.54417187983,M,38.6,14.0
599,04/2015,377,372605.6598619209,7466.413414144382,F,57.8,4.0
600,04/2015,143,3143493.603574033,8513.549991931246,M,,7.3
601,04/2015,782,2914957.487770453,9947.859715133047,M,57.1,15.8
602,04/2015,17,2257705.808769341,7611.819586991579,M,,18.5
603,04/2015,800,1834445.2126903406,7803.350910147256,M,55.4,15.0
604,04/2015,418,1360445.5118539818,10297.660436656848,M,50.6,9.8
605,04/2015,282,364119.7273812246,7409.1129056609,M,59.1,15.3
606,04/2015,495,767470.4085253003,10683.780230170918,M,52.5,5.5
607,04/2015,492,822662.1216024051,8227.467869140657,M,47.2,11.8
608,04/2015,968,577330.9166583004,17551.82875615851,,59.5,2.6
609,04/2015,802,2146717.781032276,13153.228308487809,M,37.0,11.4
610,04/2015,215,1928143.090601546,7371.254514284293,M,52.5,7.2
611,04/2015,959,1037959.3988197276,11266.33858376912,M,63.1,13.2
612,04/2015,954,510885.06122239487,9177.157419352226,M,42.1,5.8
613,04/2015,482,161818.45005852936,9806.863488238268,M,65.9,13.1
614,04/2015,102,700905.4064375564,9059.10123635392,M,55.2,11.6
615,04/2015,776,7238447.886825448,9511.637980766125,M,,15.6
616,04/2015,528,90810.98772323091,8197.488859117913,M,32.7,15.5
617,04/2015,292,352076.4283905969,7860.346022484648,M,32.6,13.2
618,04/2015,971,782054.2359088137,8799.581086523578,M,63.5,15.5
619,04/2015,152,312511.46102403256,6784.9710713231025,M,35.5,3.3
620,04/2015,750,2526436.8473774446,9739.398689477888,M,57.0,16.5
621,04/2015,199,172155.09511117404,7567.192193660082,M,49.2,13.1
622,04/2015,154,1779198.248290255,10812.31109169763,M,,6.9
623,04/2015,675,431765.00247810147,8672.480117934763,M,56.2,10.5
624,04/2015,288,570956.3303402809,8067.629876742636,,47.6,18.3
625,04/2015,523,2887781.875953481,9028.91017096732,M,32.1,1.2
626,04/2015,688,382892.65643303114,10746.411301254913,M,41.3,4.0
627,04/2015,360,493246.81205556594,8182.885835976818,M,49.5,12.0
628,04/2015,960,4528020.490141831,9342.055877885716,M,55.1,9.8
629,04/2015,368,848954.2120380918,9924.393607124091,M,53.7,14.7
630,04/2015,456,2602573.276580882,11733.483297631716,M,55.8,5.9
631,04/2015,512,4592168.8763391385,7848.475737833199,,50.1,15.9
632,04/2015,650,142720.21408593023,10171.667642745708,M,43.0,12.5
633,04/2015,380,562050.882454789,8621.211194914147,M,61.4,1.5
634,04/2015,139,1500896.341673525,13631.044278406005,M,56.4,8.7
635,04/2015,994,276821.1246036425,9403.685326873267,M,42.5,2.6
636,04/2015,689,529936.1841287401,8752.317278816186,M,63.1,2.4
637,04/2015,243,256046.94209613372,7396.753914160351,M,38.2,16.7
638,04/2015,148,746624.7127782637,9340.097634879257,M,64.4,9.8
639,04/2015,252,226487.00390146126,9253.213956055808,M,40.6,14.0
640,04/2015,265,3397398.7532010083,10054.83595234801,M,39.6,3.8
641,04/2015,362,282797.9849710051,7834.945947703812,M,39.0,3.7
642,04/2015,336,528617.5723365066,10558.95758231252,M,53.4,15.5
643,04/2015,928,301209.70769458276,8518.212638659199,M,63.0,14.1
644,04/2015,515,311507.1573467433,9429.180923738106,M,56.7,9.7
645,04/2015,483,471831.0346335669,9270.42273464545,M,47.0,12.5
646,04/2015,395,878675.0332326203,14011.08679364624,M,59.5,16.9
647,04/2015,758,348684.36983669916,7419.825722561142,M,45.8,3.4
648,04/2015,361,1502714.7545141159,10383.958420622184,,51.1,15.4
649,04/2015,657,286408.15744164045,9961.45693450565,M,53.9,10.4
650,04/2015,761,2905535.7111756443,10072.697923695361,M,33.4,8.7
651,04/2015,881,507343.40415445575,8050.570165653164,M,53.5,2.0
652,04/2015,197,1220381.0606917005,12365.791160657142,M,44.6,12.9
653,04/2015,290,238567.50811392037,10484.480514437944,M,37.7,4.3
654,04/2015,742,1662237.9675042562,8003.496948648075,M,47.7,1.4
655,04/2015,848,566537.486793048,10098.2726273614,M,58.3,10.1
656,04/2015,820,2180427.141143885,11503.663859220329,M,32.4,14.0
657,04/2015,122,460800.5660177084,8775.554280965134,M,42.0,5.7
658,04/2015,340,4926921.87651838,8112.85088219232,,43.5,6.5
659,04/2015,714,339200.4883422942,8300.193382653999,M,39.5,9.7
660,04/2015,699,613490.6843624475,8498.037954258085,M,38.8,17.8
661,04/2015,825,129556.89575496483,11200.817712379383,M,39.7,5.7
662,04/2015,717,1136905.9963896968,10349.43321339449,M,51.8,18.7
663,04/2015,318,455117.11549264414,7055.544783775763,M,60.5,9.5
664,04/2015,104,1155793.719544999,11794.142620202982,,57.0,5.7
665,04/2015,816,363919.1061670449,8541.517448902927,M,32.0,1.0
666,04/2015,296,349943.39942690963,11031.686599546696,M,42.2,11.1
667,04/2015,696,3825198.0620582914,8331.74002477439,M,41.1,14.7
668,04/2015,27,706681.3419466673,6653.620862992563,M,54.4,12.8
669,04/2015,22,497877.55271101627,9815.71689177343,M,50.2,13.8
670,04/2015,785,142906.30032368936,9065.640111440585,M,,14.7
671,04/2015,256,2865267.1804668168,8736.228512002624,M,,8.8
672,04/2015,75,539925.2725373685,8223.337789675707,M,47.3,6.5
673,04/2015,5,88500.22780310365,8563.39513071275,M,39.8,4.7
674,04/2015,217,1085622.6663844183,9681.573657603985,M,64.4,14.8
675,04/2015,869,585718.7501486825,8555.04744708105,M,38.4,13.3
676,04/2015,385,114625.63462856675,10198.917985683296,M,44.9,9.4
677,04/2015,941,611743.5158165992,9214.488428131672,M,35.0,2.8
678,04/2015,712,366871.99726254155,10881.490873188488,F,,13.8
679,04/2015,939,4289670.353302431,11891.231729758205,M,49.5,2.4
680,04/2015,710,499669.3610219802,11602.12404401437,M,57.4,7.4
681,04/2015,34,2031350.5557491023,10195.525765863184,M,,18.6
682,04/2015,559,98164.39396276312,7013.3671812285165,F,62.8,4.7
683,04/2015,463,177711.3228108416,8859.66509516369,M,48.9,10.3
684,04/2015,605,171000.78045890582,7634.647222962358,F,63.6,5.9
685,04/2015,424,1465562.5513913515,11511.210317921375,M,49.8,3.8
686,04/2015,851,2980941.8136565927,11454.873859685245,M,43.5,2.4
687,04/2015,444,3932083.2686373787,9010.986172576359,M,45.4,4.1
688,04/2015,790,986461.2411503555,9030.875170721392,M,37.6,5.0
689,04/2015,106,477929.2165702998,7846.041343714369,M,42.4,1.2
690,04/2015,455,622457.454593536,9793.378916917614,M,,3.9
691,04/2015,223,857094.3106139763,9583.22704630314,,53.2,5.2
692,04/2015,242,3467341.8996080616,8724.934049383368,F,46.1,14.5
693,04/2015,77,421975.7148499368,11961.221526068533,M,63.4,8.9
694,04/2015,961,396720.80963099835,12144.016317908914,M,62.4,6.9
695,04/2015,416,2905433.914539638,8099.936307609366,M,50.8,16.2
696,04/2015,506,2127560.3610250503,8708.971746124467,M,38.7,5.6
697,04/2015,287,487364.00444757595,8105.360757701654,M,40.1,15.2
698,04/2015,52,429388.29857465695,9360.398570836736,M,55.3,5.2
699,04/2015,132,178463.34778047926,12217.311069466508,M,60.6,17.3
700,04/2015,319,527558.0001362696,11346.74667095585,M,42.7,9.7
701,04/2015,871,333569.9502406749,6657.0836825656415,M,,7.2
702,04/2015,213,331548.7676997798,8718.529358323723,M,40.4,15.2
703,04/2015,846,393687.7831267504,9514.808887161527,M,33.1,17.2
704,04/2015,351,3549330.429744236,8109.936271551505,M,53.7,7.8
705,04/2015,324,4449022.893089322,8063.647801562276,M,54.6,9.8
706,04/2015,173,339657.4529937484,8920.164687407414,M,46.9,9.3
707,04/2015,88,512806.5973455705,9015.245115305182,M,43.9,18.0
708,04/2015,347,2278732.866977004,11035.589424005151,M,,15.2
709,04/2015,513,252520.73427288473,8912.229878166823,M,42.2,14.3
710,04/2015,487,6811979.114951451,10042.01782701365,M,32.3,14.8
711,04/2015,295,483065.84572346654,8929.096897507145,M,46.5,8.4
712,04/2015,430,3474514.1669464004,8647.468694457444,M,,11.6
713,04/2015,437,79776.88938883702,7692.772593735755,M,35.0,9.8
714,04/2015,644,545015.4835001266,9627.560512891796,M,60.0,5.4
715,04/2015,803,883662.0954582121,10722.528180048595,M,39.6,13.8
716,04/2015,2,649816.5799347948,7497.942181638189,M,65.5,1.0
717,04/2015,932,4483375.159003839,9752.099584261689,,37.4,12.0
718,04/2015,843,837818.5115487354,9737.730076524516,F,40.4,15.0
719,04/2015,138,506906.4041428827,8588.307037838968,M,34.5,5.5
720,04/2015,356,74499.69741378742,7717.14595952308,M,51.3,12.6
721,04/2015,466,911987.1884626223,10162.955373408386,M,51.7,13.4
722,04/2015,729,2634916.037363965,8901.44143593093,M,59.3,9.7
723,04/2015,535,425610.11548633256,10011.454168075146,M,62.7,2.9
724,04/2015,715,435512.26919942535,8212.782996039872,M,51.8,5.3
725,04/2015,70,713405.5127581012,9807.948111005566,F,59.0,4.7
726,04/2015,485,835865.0502012572,9056.325671055381,M,56.3,15.4
727,04/2015,128,2388044.1180509585,9950.700941353592,M,52.0,5.9
728,04/2015,587,930020.9118580378,9556.510037238138,M,51.7,9.9
729,04/2015,142,542268.0129826834,8511.039460908994,,37.3,14.2
730,04/2015,938,1604934.5659394844,8311.15324523035,M,64.5,16.4
731,04/2015,725,164957.52934179173,7337.225805443869,M,39.8,3.3
732,04/2015,801,186619.0786838919,10011.061216816686,M,42.7,11.4
733,04/2015,653,1006025.3241629101,10650.306963436673,M,57.7,13.8
734,04/2015,921,306245.8997567617,7259.213309633339,M,55.5,17.4
735,04/2015,98,336888.282794069,13276.285841807647,M,39.4,10.5
736,04/2015,608,479596.64376659703,10715.039326997397,M,63.9,13.4
737,04/2015,576,423744.5350553207,8524.453974340042,M,64.1,4.1
738,04/2015,936,233509.27235921237,9651.837862417704,M,55.8,11.4
739,04/2015,301,2314671.3678290993,8210.020930637249,,33.7,2.0
740,04/2015,266,2606508.4345186413,8643.548379024967,M,36.1,1.4
741,04/2015,499,3210506.8921845034,10416.980112751311,M,32.6,1.0
742,04/2015,133,2040232.306399472,10201.75341071547,M,43.3,13.8
743,04/2015,989,3349027.940080326,9576.097183832742,M,,6.4
744,04/2015,619,7949162.293674773,21135.53387699917,M,55.2,4.2
745,04/2015,136,2118011.1618064702,9307.11969621973,M,58.5,1.0
746,04/2015,277,4015205.625413348,8932.448048888698,M,33.1,12.5
747,04/2015,267,192566.22793839718,9410.66278061148,M,52.8,4.8
748,04/2015,749,253606.91416887645,9479.726583530974,M,40.0,12.2
749,04/2015,254,384416.50581058045,8297.417369735067,M,57.0,18.2
750,04/2015,630,66536.45878032762,8529.62624219895,M,45.0,17.3
751,04/2015,339,3825404.580725081,8223.427392127218,M,41.1,18.1
752,04/2015,203,254152.50255211606,9477.439080552827,M,59.0,16.3
753,04/2015,107,797507.5926105921,9143.43444151429,M,49.9,10.0
754,04/2015,24,4127099.856997441,9733.904769040595,M,33.6,12.8
755,04/2015,668,465081.36064129206,11975.517529982943,M,,14.9
756,04/2015,837,802872.9751106787,9564.57470110259,M,36.8,12.8
757,04/2015,392,871784.386733144,10194.967340997142,,33.3,4.8
758,04/2015,330,547888.9199683118,8409.155560146333,M,,2.2
759,04/2015,151,4696003.970867302,8509.78410281904,M,48.4,18.7
760,04/2015,856,467114.34251730033,8591.209947281817,M,53.8,16.7
761,04/2015,976,387931.09898603597,8669.342942175339,M,57.8,1.9
762,04/2015,831,464714.94053921755,8397.670660273754,M,54.2,8.5
763,04/2015,991,726628.3737748667,11503.029078772735,M,35.2,11.1
764,04/2015,201,642279.7981852827,9537.382401183824,M,57.3,6.1
765,04/2015,788,4142825.071243169,8426.285236658365,M,32.6,18.3
766,04/2015,1,499545.3156015321,8996.202081526,F,43.8,1.4
767,04/2015,103,401592.89199693967,8287.118769267798,M,64.3,11.8
768,04/2015,53,256430.97561342528,10430.875759380695,M,56.0,7.9
769,04/2015,241,181165.972369966,8798.113619643958,M,36.5,11.2
770,04/2015,346,905054.228426931,11890.440985312707,M,49.3,16.0
771,04/2015,450,1592290.3829924555,9493.94915419227,M,57.8,13.3
772,04/2015,628,288223.3858044106,7048.8065169531765,M,61.0,15.2
773,04/2015,700,786803.5522207244,9809.35616439267,M,51.2,10.6
774,04/2015,4,1128199.560790829,11083.670726221571,M,59.6,11.7
775,04/2015,334,336844.29140102665,10192.28660066542,M,56.3,7.2
776,04/2015,641,628022.6450900419,10066.545307882363,M,33.8,11.0
777,04/2015,794,2349814.926297487,9353.692457646788,M,34.9,12.3
778,04/2015,390,331345.21328363067,10424.136502507681,M,54.7,12.7
779,04/2015,141,405114.06705939246,7969.094787301854,M,44.7,8.8
780,04/2015,980,2843196.0006030337,9467.86029217527,M,36.0,2.1
781,04/2015,734,1008696.5944696877,10870.577813806467,M,47.7,11.6
782,04/2015,342,415192.9612307921,11364.000896249467,M,43.7,4.9
783,04/2015,370,613738.9601358579,7227.0599133973155,M,46.2,1.9
784,04/2015,480,378799.86115151277,10876.360011053303,M,38.6,11.5
785,04/2015,902,2123854.3885339648,8162.503872752486,M,63.6,5.8
786,04/2015,477,868739.7074427808,9461.253103768891,M,46.4,8.8
787,04/2015,193,3183261.986264399,9312.355545688692,M,52.8,16.4
788,04/2015,476,1001490.628856198,9318.415264422614,M,,18.3
789,04/2015,537,814025.0093311835,9771.028539972767,M,37.2,2.5
790,04/2015,591,267129.6721664337,7784.633257590147,M,56.1,9.5
791,04/2015,189,1662004.473322287,11088.20064140688,M,41.9,5.9
792,04/2015,596,3523872.218009083,10521.666030208888,M,56.2,13.7
793,04/2015,235,341508.644335794,9412.827479262425,M,37.4,9.0
794,04/2015,520,2118327.7259417283,9696.913154813563,M,54.7,8.8
795,04/2015,677,759742.574127316,8423.982409996594,M,58.8,14.4
796,04/2015,704,507200.5347064344,9558.267618879823,F,57.6,7.7
797,04/2015,355,752893.5631554328,8388.49308201485,M,50.0,3.0
798,04/2015,247,313898.3641755961,10414.00833284412,M,53.5,2.0
799,04/2015,207,535630.0257276219,9568.516856973865,M,47.8,3.5
800,04/2015,990,2297050.05374748,14772.05018383529,M,36.3,4.7
801,04/2015,41,460177.8493441655,13472.65917933734,M,36.9,10.0
802,04/2015,678,400840.8669592404,7169.533200585389,M,55.7,7.7
803,04/2015,663,687639.7444294337,12217.333851813964,M,56.7,12.1
804,04/2015,28,700528.310037117,8408.087407966177,M,65.2,4.4
805,04/2015,672,4652829.136135832,8971.906815449602,M,53.2,13.5
806,04/2015,393,2254713.321594878,10184.989913516541,M,33.5,7.3
807,04/2015,615,666246.8120975991,9617.847912448275,M,51.3,2.9
808,04/2015,923,1415111.9396865098,12679.818550255304,M,32.0,7.7
809,04/2015,544,1713437.2917737297,8099.610460043324,M,39.6,13.0
810,04/2015,364,1319363.8432096066,7654.491212907095,M,41.0,9.2
811,04/2015,573,502238.07962424017,7932.033257736418,M,60.9,6.4
812,04/2015,125,1232657.4596563908,7913.005056247621,M,37.2,9.2
813,04/2015,949,617842.4308428853,7950.224862093722,M,36.4,12.6
814,04/2015,510,3042390.438294701,18894.69525082115,M,55.0,12.2
815,04/2015,878,1776064.6762372477,11093.053196491013,M,36.2,5.5
816,04/2015,992,783527.9277304836,8483.353017275602,M,36.1,17.3
817,04/2015,8,2644399.453719878,8523.357845711716,M,39.7,13.2
818,04/2015,984,537815.11686332,10845.712173653248,M,42.3,10.7
819,04/2015,763,492585.58150216413,8360.43030968425,M,37.4,6.6
820,04/2015,973,793614.9238080127,10682.853154401311,M,39.5,15.8
821,04/2015,25,603830.7612341668,11850.564768956687,M,34.8,14.6
822,04/2015,541,347112.42244532536,9961.374422242274,M,48.7,8.1
823,04/2015,757,418848.5401203732,7959.751935784431,M,,13.5
824,04/2015,374,493715.77635202487,9264.099564951677,,39.7,13.9
825,04/2015,64,383637.6639565382,8871.13763816278,M,46.0,5.6
826,04/2015,500,3470438.184997618,8927.373730396128,F,46.2,13.5
827,04/2015,647,101407.49555258706,8308.075283502792,F,63.4,11.7
828,04/2015,614,631774.8936800826,6995.123667147964,M,59.8,17.8
829,04/2015,21,706739.6894758553,7738.176848728185,M,32.8,7.5
830,04/2015,13,457825.14072422835,8149.401666106193,M,43.1,15.2
831,04/2015,639,443139.0197604197,10399.973393779852,M,50.0,9.2
832,04/2015,868,791668.8266024487,7801.023201946797,M,32.5,7.3
833,04/2015,805,3098116.6375808218,10364.529641536867,M,40.7,10.5
834,04/2015,891,240203.78138547993,13232.853819827033,M,56.5,13.8
835,04/2015,561,645780.2012911865,7926.752280312471,,44.2,6.2
836,04/2015,709,312228.9010291191,8809.227201524016,M,38.7,12.6
837,04/2015,429,2599684.5352394516,8972.048343862709,M,46.7,4.7
838,04/2015,720,1068934.4139553756,8829.042914707132,M,64.6,15.1
839,04/2015,187,597038.9836446778,9147.630255353075,M,48.7,17.0
840,04/2015,457,507006.2160719433,8009.107987191063,M,63.5,10.5
841,04/2015,844,621494.8638236043,9013.509633046468,M,47.4,2.4
842,04/2015,552,494809.2915528045,8541.611373073842,M,61.3,7.3
843,04/2015,498,138154.45472613347,9164.316043264524,M,49.2,15.3
844,04/2015,230,690583.0578229041,7942.189522188191,M,38.2,5.1
845,04/2015,131,10136831.001231901,11049.87987473064,M,35.1,16.0
846,04/2015,268,716816.6961845113,8248.666368603552,M,41.2,11.2
847,04/2015,634,2279466.532683615,16920.969066632846,M,46.8,4.5
848,04/2015,930,1347787.608176204,6678.736754581527,M,54.4,16.9
849,04/2015,730,2434827.245322019,10203.238505463343,M,60.7,1.5
850,04/2015,386,2813993.006116807,8553.356444127834,M,37.5,12.8
851,04/2015,897,486914.31655555015,9564.12031071635,M,43.3,2.5
852,04/2015,604,679854.5228881567,7421.756321271739,M,59.8,7.6
853,04/2015,850,468418.6654435331,8880.505056493323,M,39.4,1.4
854,04/2015,626,881648.8007066646,9298.209853343446,M,51.8,18.1
855,04/2015,163,545513.993015847,6811.291734285841,M,58.5,9.1
856,04/2015,82,276464.203017734,14121.367132187355,M,61.7,4.0
857,04/2015,36,349781.94665780885,6578.110776913207,M,37.4,16.3
858,04/2015,977,559871.0357412063,9903.240047277259,M,56.2,3.7
859,04/2015,123,3631992.0777371787,8811.210386366543,M,65.3,11.5
860,04/2015,92,194401.83093068126,12658.600092471464,M,41.4,15.1
861,04/2015,26,696122.0197404069,9733.536571062017,F,47.5,2.7
862,04/2015,251,560474.023090222,11709.316101692328,M,43.0,11.9
863,04/2015,598,3532663.9210120765,8136.778879583661,M,51.3,9.4
864,04/2015,524,632892.4029074906,10513.705395023802,F,39.5,18.5
865,04/2015,726,3592829.4195784857,9152.724027066293,M,58.1,4.5
866,04/2015,263,3279443.862846248,10258.563339128834,M,52.2,12.2
867,04/2015,365,3769244.5200120113,8575.115132668117,M,37.6,5.3
868,04/2015,44,2928096.2197012384,12933.17587203656,M,61.5,8.9
869,04/2015,530,275834.3062946955,7783.520927486501,,47.1,6.9
870,04/2015,838,475218.6745626789,8109.4850289998485,M,,17.2
871,04/2015,311,603083.7946215875,8344.335677102586,,32.1,9.4
872,04/2015,447,2858249.887371565,8738.256317080883,M,65.5,12.1
873,04/2015,993,5013111.077589048,8102.103170950739,M,35.0,2.9
874,04/2015,315,3281185.8563714367,9371.369522678611,M,61.1,8.7
875,04/2015,20,408144.3741221882,9429.280120578962,M,52.1,18.1
876,04/2015,618,245299.2636999545,9611.608220681646,M,63.9,9.0
877,04/2015,43,730343.9097572931,9950.864128177393,M,57.3,1.2
878,04/2015,190,471448.97480307467,11277.201670809158,M,57.5,14.1
879,04/2015,659,671483.4427398284,8284.795592619403,M,65.4,14.7
880,04/2015,47,4351781.916424195,9311.680884496382,M,40.7,5.3
881,04/2015,987,349339.32289438404,8430.691837965594,M,32.4,13.8
882,04/2015,71,596349.3009300076,8584.390505065936,M,39.0,1.0
883,04/2015,198,4306129.79436829,8327.609487886608,M,41.1,16.6
884,04/2015,473,2988274.4264949975,8221.273458635973,M,59.5,14.6
885,04/2015,338,1510710.8371823418,10657.67409576529,M,42.2,4.3
886,04/2015,440,887469.2997290258,8946.957242772824,F,39.6,4.4
887,04/2015,246,378643.50381387834,7184.79235036877,M,57.2,15.1
888,04/2015,116,630799.7972870462,8298.180933423511,M,42.2,10.6
889,04/2015,849,524973.851475293,8460.20286053563,M,65.4,12.1
890,04/2015,900,354832.08654957777,8742.779583854444,M,41.5,9.4
891,04/2015,359,306691.1328179335,13044.655003376522,M,47.7,7.9
892,04/2015,299,318995.4195163541,9074.35460237287,M,50.1,2.0
893,04/2015,7,550493.4909237679,8898.568858595778,M,40.8,14.1
894,04/2015,297,2199607.159031232,10211.44567178323,M,53.7,1.0
895,04/2015,822,3022578.1155732223,10567.334900870424,,54.0,2.9
896,04/2015,648,781826.8343988988,9099.466416746494,M,49.6,4.4
897,04/2015,294,639325.2681938882,9916.507737935499,M,59.6,4.9
898,04/2015,491,372582.1544668986,7294.786518568869,M,61.1,3.2
899,04/2015,568,5017687.553202072,7992.338115582841,M,,16.5
900,04/2015,584,231190.4071456923,7722.712371067859,M,43.3,14.9
901,04/2015,690,301736.06731784745,7557.214218752168,M,,8.8
902,04/2015,291,488108.93184109003,12289.349913687967,M,33.2,5.4
903,04/2015,49,4513407.108874912,11625.071458447614,M,45.1,3.0
904,04/2015,585,306051.7691707068,8566.602214277187,M,37.9,11.3
905,04/2015,606,16288595.377450848,15143.561927118375,M,51.5,15.1
906,04/2015,693,179980.79074717048,7358.04291455294,,53.1,9.9
907,04/2015,944,2983724.1506781955,9464.052492879391,M,49.4,14.1
908,04/2015,793,1056706.2889372865,7337.930520365784,M,35.0,12.5
909,04/2015,425,630415.8749412015,9134.276921725083,M,,17.9
910,04/2015,683,191126.03503355637,9982.81091422367,,54.5,3.6
911,04/2015,656,4546318.938436161,10095.108219821637,M,56.4,17.8
912,04/2015,488,425221.5915432151,10357.02001754172,M,32.4,5.8
913,04/2015,61,4580714.274429505,7159.424746040699,M,34.1,16.4
914,04/2015,904,284731.6091267302,7857.157762253902,M,,4.0
915,04/2015,378,823489.0557189842,12489.12713467876,,36.7,3.5
916,04/2015,269,3844635.5688495315,11160.710093551712,M,39.7,8.1
917,04/2015,889,1112848.7687960241,9155.090602837945,,55.5,2.0
918,04/2015,481,1043924.0792871087,7266.485894423606,F,51.5,17.1
919,04/2015,344,605532.7721002137,15261.275661052969,M,51.0,11.8
920,04/2015,99,654622.9049131534,8391.893209922246,M,55.3,5.7
921,04/2015,832,3815784.9284371734,9232.860302492898,M,,13.3
922,04/2015,127,851757.1671899332,8464.261239434221,M,55.8,11.8
923,04/2015,617,777344.4539259135,9745.922153614853,M,38.2,17.4
924,04/2015,770,1635464.252229913,15874.910239207373,M,56.6,15.9
925,04/2015,484,255995.24702974997,6256.098512212875,M,36.2,4.1
926,04/2015,341,6060474.470482234,9816.84385527448,F,63.1,16.9
927,04/2015,982,1553655.6691187352,8870.819154811272,M,,9.4
928,04/2015,212,2308124.9546290534,6671.717384564181,M,46.4,1.6
929,04/2015,589,1248537.356809784,8616.134444569394,M,40.7,6.4
930,04/2015,797,391105.57550575555,12491.346683793163,M,44.6,5.9
931,04/2015,753,1028105.9148653846,16570.82385567947,M,32.8,12.8
932,04/2015,227,293513.3163079285,7989.951821608187,M,,16.2
933,04/2015,86,288950.8940013257,9449.336646043783,,,5.4
934,04/2015,680,486605.218665703,10219.17552339645,M,61.1,18.9
935,04/2015,195,885321.6042316151,9491.761322715633,,54.1,8.8
936,04/2015,595,449223.4569570917,8845.237009959326,M,45.4,7.1
937,04/2015,854,2731571.404324631,9435.429136532108,M,44.2,18.7
938,04/2015,828,1054941.9255988037,8701.066953175996,,50.6,1.1
939,04/2015,261,4438801.846371161,10031.572639344084,M,36.4,18.5
940,04/2015,603,2696722.7258777544,8058.968704967013,M,34.9,10.7
941,04/2015,379,3101575.338138659,12706.199447902014,M,65.1,12.4
942,04/2015,888,114710.57795846334,10045.544713239655,M,,4.0
943,04/2015,741,1229299.9436289074,11114.362113315367,M,42.4,11.2
944,04/2015,60,2118999.327632308,10985.983023272496,M,53.4,11.0
945,04/2015,955,3494223.826850109,10500.927268440992,M,35.8,8.5
946,04/2015,62,1109147.0992736176,14416.297347598196,M,34.0,4.3
947,04/2015,638,1093496.447065927,11192.214507121469,M,62.7,9.4
948,04/2015,697,301925.62090189324,8738.731466717316,M,35.0,15.2
949,04/2015,147,207636.9205570606,10804.353534474378,M,53.7,14.7
950,04/2015,637,6536912.971179957,10874.878489697223,M,63.3,3.0
951,04/2015,799,1147453.4962958407,12080.511017825676,M,45.3,1.1
952,04/2015,178,5562269.3130779425,7870.391466182605,M,49.0,7.8
953,04/2015,806,933274.678502551,11789.878759875288,M,50.3,7.6
954,04/2015,300,116056.69400568554,8372.179722430648,M,35.9,9.5
955,04/2015,998,614738.1849622608,10268.158654381532,M,32.1,1.4
956,04/2015,337,368880.7558482957,9330.106023188011,M,36.0,9.4
957,04/2015,549,2752455.330292538,9703.296919507173,M,55.1,16.4
958,04/2015,767,574856.2622696154,8065.709838529056,M,56.5,1.2
959,04/2015,157,2794875.873604855,10880.639329224308,M,56.8,16.2
960,04/2015,540,3205580.20791916,10893.234245350275,M,41.6,6.5
961,04/2015,108,3885269.875109346,6681.504668770847,M,51.2,2.9
962,04/2015,352,455838.4813511835,8403.423588144135,M,58.1,9.3
963,04/2015,847,6450556.6171577955,10450.961481943805,M,51.0,5.2
964,04/2015,479,547789.2867674982,8599.393414168506,M,54.6,1.0
965,04/2015,622,404207.1156727408,8316.68413221485,M,53.2,7.6
966,04/2015,937,929600.0058585318,7174.620150772078,M,54.9,11.5
967,04/2015,775,2776784.3249195735,8970.095223285203,M,50.4,9.8
968,04/2015,623,3182484.7694997233,8548.962137080183,,,14.4
969,04/2015,87,705999.028226337,14255.127240165575,M,48.0,15.4
970,04/2015,80,595805.3995447959,9016.874876001946,M,57.8,17.5
971,04/2015,434,256981.1537544076,9665.937350783777,M,36.5,7.7
972,04/2015,210,109740.32114527229,11571.760007866755,M,37.0,1.9
973,04/2015,860,1081968.0741308865,11462.533189486212,M,38.0,16.8
974,04/2015,220,3738682.8551148344,9005.538692316788,M,32.1,7.3
975,04/2015,769,1258369.4277629962,7819.083894617936,,58.8,18.9
976,04/2015,692,469916.7647139266,7400.962898243484,M,42.4,2.3
977,04/2015,546,335874.03567254986,8389.529474257572,M,55.6,13.5
978,04/2015,777,105042.31360540912,10941.426241754689,M,59.2,16.0
979,04/2015,581,91033.81301611006,8422.53376456467,M,35.5,18.5
980,04/2015,452,636201.9933931739,8426.72560095301,M,53.3,4.4
981,04/2015,511,720126.0462809454,8348.960006822179,M,35.2,10.9
982,04/2015,214,799714.4780116199,7868.833926633714,M,,5.9
983,04/2015,234,153758.3356106546,8999.687606397485,M,42.7,6.2
984,04/2015,853,331717.04648679215,8257.25390133204,M,42.5,2.3
985,04/2015,551,2360600.4807800436,6687.4588812846605,M,,4.3
986,04/2015,505,420770.87594324915,8150.962371233987,M,33.7,2.5
987,04/2015,508,592005.2239453653,9543.457184342764,M,54.1,8.3
988,04/2015,795,460485.992795432,13060.447520453296,M,50.4,8.6
989,04/2015,317,523480.28886382614,8589.149271762066,M,33.3,2.7
990,04/2015,792,657706.5272051902,8372.844359925715,M,,8.7
991,04/2015,974,380360.5244143879,7887.658469594507,M,34.8,8.2
992,04/2015,117,3799294.5317122303,9773.412275560153,M,59.4,17.1
993,04/2015,410,2417249.2699634586,13623.515862004235,M,38.0,17.4
994,04/2015,182,529381.0985539046,12830.876122181506,M,40.0,14.4
995,04/2015,119,658374.7059712285,10768.408825225637,M,65.9,15.4
996,04/2015,236,580489.9536003907,8405.106262240124,M,42.3,6.7
997,04/2015,449,979248.8216949889,8436.909786379341,M,38.4,18.7
998,04/2015,494,193006.38655334222,8672.324620638123,M,48.7,7.9
999,04/2015,609,662582.2578078051,11491.13199864404,M,,4.6
1000,08/2015,943,1073894.2644017509,7225.481589799602,F,58.4,0.6
1001,08/2015,966,4210820.18294762,8573.26315640758,M,46.8,0.1
1002,08/2015,250,3885000.9207315138,10109.5795087145,M,32.0,0.1
1003,08/2015,156,3023927.318639187,10924.32205071414,,64.8,0.7
1004,08/2015,67,100788.86756961106,9349.278751596197,M,60.7,0.4
1005,08/2015,684,345938.666625289,6794.986910728205,M,,0.5
1006,08/2015,527,1507644.3308960304,7524.655981873198,M,,0.4
1007,08/2015,556,345992.33378034376,9278.216505798222,M,50.7,0.8
1008,08/2015,446,174683.5865895027,8339.261218725349,M,49.5,0.1
1009,08/2015,841,325497.46712431766,7178.224609713029,M,48.2,0.7
1010,08/2015,126,3946164.713269675,7424.073023929283,M,53.2,0.7
1011,08/2015,910,369727.1584501647,9765.330581577793,M,58.2,0.6
1012,08/2015,112,218302.51094608914,8309.774724583607,M,54.7,0.9
1013,08/2015,191,217969.5986820419,9898.71374409186,M,50.4,0.1
1014,08/2015,739,265509.6142191108,9268.724111239626,M,37.6,0.6
1015,08/2015,579,576696.1798570644,7956.627695859426,M,41.3,0.3
1016,08/2015,111,433612.8908712251,9450.23606416175,M,45.4,0.8
1017,08/2015,285,692395.3379344838,7235.62144132579,M,47.3,1.0
1018,08/2015,796,1315423.461235132,7750.374773286032,M,59.2,0.3
1019,08/2015,310,3097887.3707711934,9449.59599619763,M,42.2,0.8
1020,08/2015,458,154865.0077849547,10274.13771794644,M,39.7,0.2
1021,08/2015,884,1025646.5759208588,9553.339115459405,M,64.1,0.6
1022,08/2015,335,541165.9742213833,8750.917238124111,M,47.0,0.8
1023,08/2015,521,366602.1714873749,9166.86165241913,M,56.1,0.8
1024,08/2015,887,848005.6406861765,7472.967033352437,M,,0.0
1025,08/2015,601,837568.8186451595,7681.756358301111,M,39.8,0.2
1026,08/2015,11,460441.994193495,10698.309333201016,M,39.1,0.6
1027,08/2015,624,585850.3592487106,8678.765863534538,M,52.8,0.7
1028,08/2015,737,687257.8929749584,8510.596449622542,M,58.1,0.3
1029,08/2015,823,806093.777072975,9858.39845707001,M,50.6,0.3
1030,08/2015,752,378745.7079542183,9052.73892226768,M,63.6,0.4
1031,08/2015,732,894386.8794402062,10883.744957940282,M,54.1,0.5
1032,08/2015,493,2521461.1138056912,8049.17729103138,M,61.1,0.2
1033,08/2015,159,1301843.7716860997,10913.825066411875,M,48.4,0.6
1034,08/2015,225,154352.97000306737,10415.486121004855,M,,0.6
1035,08/2015,784,792435.918178212,8448.137354521903,M,54.3,0.2
1036,08/2015,171,651936.8840750633,11026.198037341017,M,49.4,0.4
1037,08/2015,460,753734.4366327071,7870.712248803102,F,33.0,0.3
1038,08/2015,408,370957.6117917284,8719.366762125606,M,65.0,0.9
1039,08/2015,239,595696.664130916,9749.809690818925,M,60.4,1.0
1040,08/2015,812,1048628.3527564,9371.004062577562,M,54.7,0.9
1041,08/2015,896,133210.7101077001,10273.151529894472,M,58.5,0.0
1042,08/2015,354,924832.6523478623,11345.66589103538,M,65.2,0.4
1043,08/2015,574,278775.6425266459,8114.093377330375,M,60.7,0.3
1044,08/2015,186,1086950.5227918187,11743.519442834237,M,65.7,0.6
1045,08/2015,381,3681997.9815870514,9384.87780436302,M,44.0,0.1
1046,08/2015,898,258943.57774560098,9214.395485994108,M,46.5,0.0
1047,08/2015,405,2421766.8005652633,7539.514829015594,M,32.2,0.1
1048,08/2015,439,1214402.613009528,11334.253185823614,M,65.2,0.3
1049,08/2015,532,806201.8281654,8934.382538303382,M,38.2,0.5
1050,08/2015,665,1051776.117070557,9481.02026245784,M,,0.6
1051,08/2015,962,515474.1991220261,8966.90579535945,,53.5,0.8
1052,08/2015,303,161415.46775647273,9370.212652949074,M,37.0,0.6
1053,08/2015,996,619023.8253584582,9803.684419538255,M,41.0,0.5
1054,08/2015,836,1825520.768719736,10227.860258202041,,55.4,0.2
1055,08/2015,840,3248417.5217006644,8166.388656802362,M,35.8,0.3
1056,08/2015,459,2100619.6077091624,9671.64318229329,M,36.2,0.4
1057,08/2015,611,194376.98000142656,11528.192349319543,M,62.4,0.4
1058,08/2015,467,420100.23184722295,9273.47291473276,M,,0.5
1059,08/2015,786,260579.3500456592,8596.917111014272,M,46.5,0.0
1060,08/2015,23,473421.93179460336,9199.455444579278,M,51.4,0.9
1061,08/2015,302,279301.09852728463,11249.028815718064,M,47.2,0.2
1062,08/2015,289,2447254.5195347983,7985.205279093764,M,39.5,0.5
1063,08/2015,155,1358102.0198375948,9467.43633352054,M,57.3,0.4
1064,08/2015,327,71312.65535969398,8682.210810832901,M,51.8,0.8
1065,08/2015,114,772563.3671445159,9591.936474694881,M,61.1,0.9
1066,08/2015,756,3905570.4746924923,9404.134045474586,,54.8,0.3
1067,08/2015,880,3215499.3326776167,12181.97035811857,M,45.6,0.6
1068,08/2015,660,231153.6079088558,7453.138937914801,M,56.5,0.9
1069,08/2015,454,416640.9292610817,8150.750866633069,M,40.2,0.2
1070,08/2015,969,662239.908836883,9413.002019851756,F,62.8,0.7
1071,08/2015,176,823501.2325306565,9306.736252810264,M,35.8,0.9
1072,08/2015,432,1242201.0299721416,14419.876734730438,M,47.3,0.9
1073,08/2015,531,2949190.9354601684,9065.856097974236,M,46.6,0.9
1074,08/2015,101,1241563.939090512,7036.636001290811,M,,0.9
1075,08/2015,738,5630573.809019542,8970.156642182832,M,36.7,0.3
1076,08/2015,271,401819.70313712064,7376.240159831355,M,64.8,0.4
1077,08/2015,423,407166.03297549585,7492.303430265662,M,59.1,0.6
1078,08/2015,765,2259645.357060305,7777.862526514325,M,47.8,0.8
1079,08/2015,691,2551720.4290630114,9434.58648451201,M,44.8,0.4
1080,08/2015,533,997886.9404390145,7846.2166564801755,,35.8,0.1
1081,08/2015,716,379316.6184364949,8019.839401726208,M,39.8,1.0
1082,08/2015,922,1127939.086394926,10470.017132493715,M,58.5,0.8
1083,08/2015,174,527050.1744572336,10221.294646516768,M,46.1,0.9
1084,08/2015,200,479568.4609736466,7991.170424274165,M,39.0,0.7
1085,08/2015,316,1684921.6987591095,7208.8148315658855,M,34.8,0.2
1086,08/2015,307,3838253.8484957144,12895.612283344153,M,65.0,0.7
1087,08/2015,882,4365969.018247968,9206.075722527139,M,33.7,0.6
1088,08/2015,706,7215400.5812012125,10246.637978168968,M,51.7,0.3
1089,08/2015,829,329752.12358432874,9567.871017503632,M,35.3,0.5
1090,08/2015,719,413843.26296479156,8772.22593458999,M,32.6,1.0
1091,08/2015,935,509421.9784150139,9516.948865329701,M,38.9,0.3
1092,08/2015,68,124952.18115532504,9241.289181610538,F,35.8,1.0
1093,08/2015,815,321240.7863827658,8897.389096035775,,64.2,0.3
1094,08/2015,747,268822.7144613738,9584.210596707606,M,43.6,0.7
1095,08/2015,798,66942.37423881146,6543.435907949966,M,35.3,0.4
1096,08/2015,865,664003.647748433,10315.959088838941,M,58.5,0.3
1097,08/2015,399,438654.65733418695,9792.594747900366,M,53.1,0.9
1098,08/2015,509,460342.32909116213,10926.93870286759,M,46.7,0.5
1099,08/2015,308,331809.9779094566,7937.768755102195,M,48.1,0.9
1100,08/2015,502,549648.9378147738,7896.843415922934,M,61.5,7.9
1101,08/2015,81,489821.574181399,8218.919432606446,M,42.4,14.4
1102,08/2015,814,531254.0281880372,12010.33232727464,M,33.1,18.7
1103,08/2015,666,1297566.4134378275,7718.050783065742,M,35.3,8.7
1104,08/2015,205,417704.91196547693,8477.795599393685,M,56.6,9.9
1105,08/2015,759,800058.1028630179,6896.854863185356,M,44.5,3.4
1106,08/2015,96,370893.7822160118,10023.948441973514,M,37.2,9.4
1107,08/2015,671,765255.1960711235,14531.638687543282,M,61.4,16.8
1108,08/2015,100,4202359.235945726,11404.04242691317,M,38.1,17.2
1109,08/2015,321,508651.64541614783,8366.461387009125,M,,10.1
1110,08/2015,602,1351247.0395255834,8778.58119714414,M,37.3,17.8
1111,08/2015,453,1543462.2710962552,9663.224395011845,F,60.6,5.4
1112,08/2015,396,782728.0859990778,12571.812997074585,M,33.1,12.5
1113,08/2015,113,254983.12738714737,10324.917150974123,M,,16.9
1114,08/2015,988,206745.9163561438,8728.662992668915,M,32.9,11.3
1115,08/2015,956,210183.21578154946,7849.927788319876,M,65.2,15.6
1116,08/2015,59,2625657.4567932747,7343.280534475242,M,46.9,8.1
1117,08/2015,593,1789701.5464590513,9567.495736076718,M,43.4,15.5
1118,08/2015,10,1081290.7224384479,8454.31416168061,M,45.5,6.4
1119,08/2015,196,717392.589370109,10534.492094433657,M,46.2,4.3
1120,08/2015,38,933367.8848185122,7410.393527972133,,51.3,5.9
1121,08/2015,625,128665.74319132534,10873.635852143381,M,57.7,13.8
1122,08/2015,570,264336.5949544174,8402.763766083632,M,47.1,16.8
1123,08/2015,745,536851.1921749788,10531.137911357164,M,51.3,15.9
1124,08/2015,764,443850.2427302908,9007.476237777018,M,47.3,15.0
1125,08/2015,66,2010125.2505325386,13003.234904644043,M,40.0,18.9
1126,08/2015,84,2701696.040740219,14153.047148650268,,36.5,18.8
1127,08/2015,462,1810304.59678732,7333.42767249592,,39.3,10.3
1128,08/2015,952,266945.1456704268,8133.781278698146,M,56.4,4.4
1129,08/2015,970,401538.05918501434,7693.1790342723625,M,34.0,11.4
1130,08/2015,333,169874.77334189255,8288.65120070962,M,50.1,8.4
1131,08/2015,274,863301.7216529283,10370.0814160799,M,63.7,8.6
1132,08/2015,981,463342.92895419017,8790.391786262928,M,62.2,1.6
1133,08/2015,110,258638.13086925188,11260.81985253267,M,59.4,15.7
1134,08/2015,383,428089.2687733152,8315.24880722688,M,37.5,15.6
1135,08/2015,542,3728244.2757823025,8778.058018536285,M,35.2,7.8
1136,08/2015,787,192097.60991678017,7749.5745996640235,M,59.9,12.3
1137,08/2015,57,411703.6656377053,7786.165414639336,M,65.6,16.7
1138,08/2015,412,732643.6221682803,12297.393807592365,M,59.3,4.6
1139,08/2015,177,641387.3147613251,7822.207218987679,M,41.0,1.9
1140,08/2015,560,652100.4586675701,8220.255201523003,M,41.8,12.4
1141,08/2015,398,543084.1167497296,8040.9303192202715,M,52.0,4.8
1142,08/2015,916,109826.39650530249,7434.558685497068,M,65.1,18.0
1143,08/2015,965,361100.3370517503,6986.915710664887,M,65.8,5.6
1144,08/2015,746,532156.9710095658,8013.224001452013,M,48.2,1.6
1145,08/2015,912,185735.645348524,8116.933294360808,M,55.6,16.5
1146,08/2015,257,360747.6719041206,6841.315827269603,M,36.1,4.5
1147,08/2015,727,312284.6461148315,9446.070004014788,M,53.5,16.6
1148,08/2015,144,5930730.401329691,9739.752853233424,M,43.3,7.4
1149,08/2015,164,3097708.5027989578,10081.813808916657,M,39.8,10.5
1150,08/2015,48,439770.2877326062,9797.437276213874,M,63.4,11.9
1151,08/2015,872,458726.4534955676,10124.264485240687,M,50.2,11.6
1152,08/2015,391,558616.2001499365,9286.93785326962,M,47.8,2.2
1153,08/2015,703,481209.9014774764,11357.26506113559,M,,7.8
1154,08/2015,504,1178166.0538916176,8726.054049523966,M,40.0,1.8
1155,08/2015,876,2209692.1640684432,8094.947755664903,M,34.7,5.8
1156,08/2015,69,4300175.345761056,10794.83545474701,M,57.1,11.5
1157,08/2015,736,1501013.018760227,9846.647868515412,M,43.1,13.3
1158,08/2015,899,2928113.6766805504,11426.645596315022,M,58.6,10.2
1159,08/2015,219,315655.9105244117,10723.532090024342,M,39.4,17.3
1160,08/2015,451,850016.2760672157,6304.7498726511485,M,47.1,10.2
1161,08/2015,407,1826224.5984350203,9225.303696792567,M,46.4,2.4
1162,08/2015,735,477833.4344295443,8427.357823316614,M,54.1,4.8
1163,08/2015,249,321514.96865367366,8957.926983792537,M,60.9,8.2
1164,08/2015,145,87207.16389432098,8310.048691730557,M,49.4,7.5
1165,08/2015,12,304995.9933176138,16198.121016655967,M,59.0,15.6
1166,08/2015,724,2265338.43809713,8237.328404536713,F,47.8,16.0
1167,08/2015,728,4469073.480098259,8387.822010467531,M,57.5,2.9
1168,08/2015,948,653214.3376343668,8584.060385290626,M,37.5,3.6
1169,08/2015,464,597655.2478006947,8059.149929395765,M,58.4,6.4
1170,08/2015,278,414742.4608846313,8819.328316724797,,47.4,10.8
1171,08/2015,89,2590670.691150816,8280.577947138647,M,42.9,7.5
1172,08/2015,124,1071364.4885591802,7840.350822170427,M,35.2,9.5
1173,08/2015,185,221813.83617236404,13435.274786938877,M,35.5,14.5
1174,08/2015,514,99847.08129020377,7008.0759951130985,M,45.0,12.9
1175,08/2015,651,472525.57051058166,7821.813671309449,M,39.2,8.3
1176,08/2015,669,367266.81357702205,9434.344702610417,M,52.6,13.9
1177,08/2015,97,417342.77313762065,8605.867836216568,M,62.2,11.0
1178,08/2015,924,409821.86291069695,8576.56585882239,M,64.5,11.3
1179,08/2015,323,289987.37993120385,9011.833049918505,F,48.5,8.9
1180,08/2015,643,1233012.4985488923,9643.01750146342,M,35.7,16.0
1181,08/2015,890,3261983.1130438955,12068.796204122369,M,55.4,17.6
1182,08/2015,929,387493.5776754905,12810.960015994233,M,41.7,4.4
1183,08/2015,670,2966638.6931169494,10537.12965316253,M,36.1,8.3
1184,08/2015,181,907777.7304073155,8875.607219035526,M,36.8,10.0
1185,08/2015,963,2886872.0641593374,12096.326202573884,M,50.0,10.8
1186,08/2015,997,662367.8592805663,9298.416342309825,M,61.6,10.5
1187,08/2015,858,689749.0457409393,10184.154688716526,M,38.2,1.5
1188,08/2015,403,209048.78956239877,7442.6903385729465,M,45.4,7.8
1189,08/2015,572,597690.0243216275,11945.32163133993,M,,7.6
1190,08/2015,754,315899.48317835707,9618.566824244903,M,55.8,11.8
1191,08/2015,72,605656.2100709644,13582.892817212547,M,46.7,11.5
1192,08/2015,283,487190.9004831977,9442.294037413547,M,57.9,9.6
1193,08/2015,705,595222.6492120629,8147.212712860865,M,46.5,1.7
1194,08/2015,983,575854.1447061505,9199.3611126379,M,36.0,14.7
1195,08/2015,305,1971572.6938084986,7474.341584292874,M,63.1,4.2
1196,08/2015,857,1132600.2918430266,9439.651003302111,M,37.8,3.3
1197,08/2015,74,5256466.700545132,10012.916373585187,M,37.2,15.0
1198,08/2015,824,1280052.3127530382,9340.700012271396,M,56.3,2.9
1199,08/2015,231,111672.90772356103,6903.914129171505,,42.2,17.8
1200,08/2015,130,10207206.51488928,8691.380392073637,M,59.5,15.0
1201,08/2015,248,124508.22716898534,10613.156754443677,M,36.4,14.8
1202,08/2015,149,687880.5964171794,12083.821737338554,M,52.6,5.5
1203,08/2015,329,1094803.182831083,10288.802137819795,M,43.4,4.5
1204,08/2015,582,593386.7122680094,10559.406319775013,M,46.1,4.4
1205,08/2015,328,489410.13236951095,10073.311314874218,M,39.4,11.4
1206,08/2015,779,273667.98520637525,8336.832811921156,M,,18.0
1207,08/2015,807,179366.20098245665,11140.014440543166,M,,12.8
1208,08/2015,821,1803092.4651062314,7783.486322008451,M,55.6,4.4
1209,08/2015,366,185419.3180858427,9491.651631747896,M,42.9,7.5
1210,08/2015,433,277548.4273383424,6539.351812187309,M,37.5,8.6
1211,08/2015,371,176514.7205933988,7233.709438906133,M,52.2,5.6
1212,08/2015,384,1547799.9818371877,8336.825667607662,M,43.5,2.5
1213,08/2015,632,308310.02799126547,7965.322614158029,M,35.3,14.1
1214,08/2015,861,3902377.8671149337,8419.783562500123,M,48.3,12.6
1215,08/2015,65,212017.8687377644,8029.213888689964,,46.8,15.7
1216,08/2015,877,290395.3009805026,10441.242102331867,M,40.8,16.7
1217,08/2015,244,324453.15633470064,9781.181505382287,M,40.5,3.1
1218,08/2015,863,731858.8668643952,10218.806539169866,M,48.7,17.6
1219,08/2015,350,572297.3740010796,9762.456941887123,M,52.6,18.5
1220,08/2015,160,365514.6872546133,7497.582198307189,M,34.9,18.1
1221,08/2015,45,350591.1832187832,7251.691244131251,M,40.4,11.4
1222,08/2015,497,978976.8638490833,8947.50771107169,,46.3,11.7
1223,08/2015,237,428327.2421189354,10398.224583116385,M,39.1,10.7
1224,08/2015,9,366209.13548327866,7108.470005035986,M,50.3,8.9
1225,08/2015,172,506116.120426464,13369.76082171839,M,55.4,10.6
1226,08/2015,918,281774.0795290801,10074.75095509867,M,45.0,2.6
1227,08/2015,950,3882316.569601606,7960.680516083605,M,34.7,6.3
1228,08/2015,134,435031.2972570078,7467.22224907303,M,64.7,6.2
1229,08/2015,140,535370.5553426623,7612.295236635679,M,,14.0
1230,08/2015,238,334952.84810528497,11274.882866737169,M,61.8,3.6
1231,08/2015,567,4650589.279297878,12851.902652184253,M,49.1,15.0
1232,08/2015,146,506648.96415110317,7960.70406928318,M,38.1,5.6
1233,08/2015,519,133317.42653439118,11074.634858922052,,42.7,1.7
1234,08/2015,428,65102.15140577878,6671.612376771954,M,37.0,13.8
1235,08/2015,612,451670.18051340594,10947.782619790316,M,56.8,10.3
1236,08/2015,153,413608.91465161875,10238.67889237507,M,32.3,18.2
1237,08/2015,592,183460.41537892315,7042.1825649468265,M,52.6,12.7
1238,08/2015,713,151575.75096266804,7212.79786953392,M,45.8,18.2
1239,08/2015,933,115441.40151055386,7497.406983440949,M,48.6,14.2
1240,08/2015,686,292890.12496344006,8967.859116776452,M,40.8,5.5
1241,08/2015,331,2572795.5612399336,14912.602354052242,M,36.7,9.1
1242,08/2015,885,294255.58854164433,11247.96934886118,M,62.8,6.5
1243,08/2015,842,570841.0727954346,7903.485307739231,M,48.5,6.3
1244,08/2015,951,1193184.7506342994,10989.98155247493,M,65.1,10.5
1245,08/2015,597,316057.3110197329,8220.909754221935,M,60.0,13.1
1246,08/2015,93,1794918.0709571438,7659.850618616282,F,38.4,14.3
1247,08/2015,402,2211579.9420646266,8435.353061838348,M,35.4,15.1
1248,08/2015,435,372357.1593025284,9220.417363871122,F,60.4,17.1
1249,08/2015,751,4561498.501374375,9862.942511694653,M,55.1,6.5
1250,08/2015,733,1805792.3201857868,7359.822452972974,M,52.2,13.6
1251,08/2015,121,373495.71406679554,9198.320631584378,M,58.7,18.4
1252,08/2015,760,482020.53212208475,9661.196247208687,M,47.8,11.1
1253,08/2015,372,3613459.3258668133,11417.071549471404,M,33.0,14.3
1254,08/2015,441,696973.187580278,12476.118841045283,M,51.6,2.3
1255,08/2015,270,141413.68191471917,8402.122266451319,M,40.7,10.1
1256,08/2015,260,283147.4479215248,11864.540555937889,M,34.6,1.1
1257,08/2015,442,584461.174145553,16575.625156285518,M,61.5,13.5
1258,08/2015,19,3485869.6614822866,9244.522878080015,M,,12.4
1259,08/2015,218,428877.2394147472,8197.988291733755,M,60.8,12.0
1260,08/2015,1000,501015.19730243715,8698.269020580086,M,45.2,4.0
1261,08/2015,967,2099039.680960562,9289.440196514182,M,56.6,2.4
1262,08/2015,413,884243.3419143884,12400.929604800463,M,47.8,1.0
1263,08/2015,780,2830471.6752524036,8125.875634106498,M,51.8,1.9
1264,08/2015,538,245484.7844219075,12631.88229672159,,44.3,13.5
1265,08/2015,255,3062646.883146198,8656.81511355442,M,50.9,15.2
1266,08/2015,211,480966.9438038301,8589.52304151969,M,36.7,8.5
1267,08/2015,465,4165551.951301424,8376.41864774266,M,62.0,17.2
1268,08/2015,583,853924.5937330478,8539.025731966922,M,39.0,8.2
1269,08/2015,489,1704070.477523704,7519.584313988335,M,39.7,17.4
1270,08/2015,353,155437.53093710524,11993.789894526875,M,65.8,5.3
1271,08/2015,415,3342445.327958183,9118.244363394208,M,62.5,7.1
1272,08/2015,594,2102838.85429903,9467.787477378599,F,44.6,12.7
1273,08/2015,957,157674.00748884067,9088.850032568542,M,55.4,5.3
1274,08/2015,394,575071.6058370108,13275.646068610682,M,56.1,5.1
1275,08/2015,674,638715.9656931224,9134.44778221279,M,61.2,16.6
1276,08/2015,646,853882.8542779298,8781.423992400521,M,35.1,10.2
1277,08/2015,972,558442.6694127343,9377.582290552962,M,65.6,1.6
1278,08/2015,791,347316.1938729516,9539.650207322238,M,60.0,8.0
1279,08/2015,78,190138.98686254263,7647.040347870129,M,36.8,7.9
1280,08/2015,548,5065778.148008202,7604.336814226042,M,52.2,12.5
1281,08/2015,536,650129.2126534435,10951.146552446882,M,55.4,3.4
1282,08/2015,621,1151272.4119731584,7969.429932396818,M,54.8,1.7
1283,08/2015,762,1642655.1693923022,8313.311723969176,M,47.3,14.9
1284,08/2015,516,1603960.8035661431,7634.848490847899,M,65.6,18.0
1285,08/2015,216,2877565.0700105745,8131.572511700897,M,36.4,14.5
1286,08/2015,635,190166.73013732448,8947.605700176464,M,55.3,14.8
1287,08/2015,926,325404.6105754113,9121.439025616784,M,43.2,14.0
1288,08/2015,135,629572.0493012185,8601.666828214611,,,10.5
1289,08/2015,387,274250.1211097959,7188.884920577761,M,46.8,16.0
1290,08/2015,925,276717.86265036603,8114.1775541714205,M,57.3,5.5
1291,08/2015,85,388257.6098456834,7830.940710938495,M,38.7,16.7
1292,08/2015,586,2233881.879861825,8721.369475484044,M,32.2,7.8
1293,08/2015,571,2171059.2851151596,8847.469298863238,M,53.2,13.8
1294,08/2015,855,4424698.510359398,8767.132958178083,M,64.2,15.2
1295,08/2015,685,4384932.083780772,8635.045137375879,M,47.0,7.8
1296,08/2015,63,555935.62604779,9078.24897086188,M,61.6,12.5
1297,08/2015,264,351641.305283152,9090.166174318114,M,59.1,12.7
1298,08/2015,701,1059150.8855284457,8835.216699757411,M,37.3,10.7
1299,08/2015,73,417870.67678423505,8875.270929065584,M,48.6,14.7
1300,08/2015,478,807712.7171294057,10838.326576762007,M,35.7,7.8
1301,08/2015,661,274402.703404964,10002.131995175121,M,57.1,1.7
1302,08/2015,228,1748299.7018681495,8324.158416902455,M,48.1,9.5
1303,08/2015,309,473677.39783218526,8677.784107528603,M,38.3,14.6
1304,08/2015,382,3998184.3642297853,8828.31201399486,M,34.4,10.9
1305,08/2015,914,374400.81412678753,11132.702364734465,M,54.5,6.4
1306,08/2015,170,165018.05539210117,7828.631209014015,M,34.1,16.2
1307,08/2015,808,533650.0979284775,10314.283511660833,M,45.2,4.6
1308,08/2015,279,739594.9176706353,8506.105615592385,M,44.8,3.9
1309,08/2015,852,3291826.8338536746,9323.562975297635,F,37.4,13.3
1310,08/2015,258,449455.8808259716,8744.861365168814,M,43.5,6.3
1311,08/2015,920,511484.01734970865,8565.263616332306,,64.9,14.6
1312,08/2015,167,408847.20365827065,9193.882835716184,M,37.0,6.7
1313,08/2015,229,157923.78935327806,8457.664138651158,M,55.1,7.9
1314,08/2015,293,200353.8429134349,6239.95439956061,M,44.9,10.8
1315,08/2015,569,2293886.5202975296,8053.2979925444215,M,39.7,13.3
1316,08/2015,39,3854812.8838534234,8693.422810341432,M,58.6,1.1
1317,08/2015,562,438751.72773851274,8437.46410149717,M,43.4,10.0
1318,08/2015,819,88663.3356138657,9142.97705807792,M,33.6,15.2
1319,08/2015,652,793096.0629768874,8210.59033682518,,43.2,1.1
1320,08/2015,827,847246.5146832839,10313.827010445195,M,65.0,3.2
1321,08/2015,915,2121378.2740438846,9502.547791331408,M,47.0,13.0
1322,08/2015,35,3635772.891895373,11167.832925408962,M,53.3,4.0
1323,08/2015,358,314489.5771360928,6983.463060825307,M,35.8,18.3
1324,08/2015,867,2162717.989000552,13499.296325202777,M,53.5,10.1
1325,08/2015,979,591675.8841378642,9486.56498172093,M,64.3,9.9
1326,08/2015,599,723433.603172683,11323.092306451957,M,,18.4
1327,08/2015,470,143609.9311974673,10621.837803478376,M,45.0,3.5
1328,08/2015,903,363023.60445299116,8955.933214843006,M,,16.7
1329,08/2015,420,325168.66737217037,13805.559568836139,M,56.3,5.9
1330,08/2015,150,123419.46849604478,13557.699172710729,M,,10.2
1331,08/2015,631,490147.5407849864,11850.325523266132,M,43.4,6.2
1332,08/2015,616,271585.8250894652,8761.351197684638,M,61.4,8.8
1333,08/2015,373,355044.2564308753,8724.127173229943,M,60.9,5.9
1334,08/2015,577,2151426.303633114,8088.35892633125,M,42.5,15.7
1335,08/2015,901,1646674.7086645057,8969.336294326335,M,56.5,9.0
1336,08/2015,55,118771.5105859246,7735.52701547151,M,34.8,2.7
1337,08/2015,908,657217.3622106683,7244.9937289885975,M,39.6,15.1
1338,08/2015,883,312393.6695414288,6844.42235318686,M,,15.3
1339,08/2015,522,601772.4026139375,10132.621582966252,M,52.2,14.7
1340,08/2015,811,515505.63524319424,10194.00389104964,M,,18.6
1341,08/2015,137,224048.79403304405,10254.339487345134,M,58.3,17.6
1342,08/2015,600,525692.8384027844,7166.246858933462,M,38.4,17.2
1343,08/2015,673,5318757.045199862,12452.428401365685,M,49.1,5.2
1344,08/2015,575,1285004.4519217147,8261.906019745038,M,32.9,10.9
1345,08/2015,469,3299239.7627345826,8638.419727978566,M,64.1,10.3
1346,08/2015,698,449419.85924384167,8352.082691250902,M,62.6,5.0
1347,08/2015,245,536415.5477137696,11154.866566674562,M,60.9,13.2
1348,08/2015,363,1545953.1425973827,12634.378345000527,M,45.2,1.3
1349,08/2015,911,302373.54083632206,8455.109518036163,M,53.9,13.9
1350,08/2015,343,405663.8154432296,8602.514288314722,M,63.1,16.4
1351,08/2015,886,805371.6645376572,11741.60062525048,M,59.7,10.7
1352,08/2015,262,334294.2438406161,10191.14104052521,M,64.6,14.7
1353,08/2015,222,160758.80516364114,8829.957387759447,M,39.2,11.6
1354,08/2015,731,206386.03107109657,7640.56388512369,,35.2,7.5
1355,08/2015,31,1676954.841499277,8339.751465086865,,36.7,16.8
1356,08/2015,32,682857.835381476,7936.782963048303,M,55.5,2.4
1357,08/2015,545,75049.66652268138,7336.692301126787,M,42.4,3.8
1358,08/2015,553,1007917.9549454578,7450.663863727305,M,35.3,1.8
1359,08/2015,284,739977.9469541765,8476.477361346906,M,40.5,14.4
1360,08/2015,94,467437.75750755554,7599.437338047113,M,,9.2
1361,08/2015,472,1635419.3316538688,10312.140987546409,,40.5,8.5
1362,08/2015,748,1149415.207531126,10956.505873419588,F,40.7,14.3
1363,08/2015,3,111553.38562575338,10535.388840194164,M,49.3,4.7
1364,08/2015,676,110857.62758563166,8992.163024091456,M,43.8,17.0
1365,08/2015,233,379433.9762826267,12695.01261664273,M,38.2,12.8
1366,08/2015,919,448239.00960551936,10873.26995485202,M,34.6,11.6
1367,08/2015,54,2532951.0008588536,8283.936078469571,M,57.6,1.3
1368,08/2015,95,512495.2030682621,7950.901460911756,M,55.1,14.3
1369,08/2015,818,452366.5735026795,11242.838584326018,M,,4.6
1370,08/2015,349,293207.06317498017,11398.92352974964,M,63.1,16.7
1371,08/2015,224,787976.8107595999,12897.668318289918,M,42.2,9.8
1372,08/2015,526,3387098.213615085,9340.493612654052,M,62.7,18.8
1373,08/2015,613,7012880.943082238,13036.755003522869,M,50.9,2.5
1374,08/2015,845,346940.3787344224,9835.64673059632,M,,5.5
1375,08/2015,894,337499.46750187967,10294.296304920148,M,47.3,18.1
1376,08/2015,419,239770.40591387652,7808.963129988648,M,,18.2
1377,08/2015,707,530746.3293108882,6127.243680099667,M,56.4,12.6
1378,08/2015,426,794482.5432333073,8904.116832315618,M,43.0,7.2
1379,08/2015,427,512981.9999859167,8496.554643632375,M,48.1,3.4
1380,08/2015,978,452829.38845203916,8403.239085748326,M,40.8,8.0
1381,08/2015,610,2227287.122199821,8317.429707425337,M,64.5,8.9
1382,08/2015,76,497511.18332707544,8033.409302943235,,46.8,11.5
1383,08/2015,629,384650.029833693,7747.581304060186,M,46.4,15.7
1384,08/2015,326,970863.5958292778,12427.951775209453,M,32.6,1.6
1385,08/2015,875,187628.67027204248,7050.792066057013,,42.4,16.3
1386,08/2015,409,161453.38122454344,7822.822576092708,M,45.0,14.6
1387,08/2015,940,379037.36823712033,9325.607395999825,M,53.9,9.6
1388,08/2015,642,136800.61527453345,8985.252065638593,M,43.3,8.4
1389,08/2015,14,464175.4796320722,7967.771304671199,M,56.5,1.7
1390,08/2015,129,87603.57885514681,7637.532124640481,M,35.6,11.3
1391,08/2015,474,3895234.438224569,8071.209747719619,M,56.2,13.1
1392,08/2015,312,2202721.903875664,7367.546985433235,M,61.2,13.4
1393,08/2015,708,101567.18143198728,8629.214415366137,M,40.4,1.6
1394,08/2015,30,641863.0433628064,8820.132836815088,M,46.1,9.2
1395,08/2015,161,219951.6063091942,9303.757665857358,M,51.3,2.9
1396,08/2015,839,4223973.737264965,8975.169188485817,M,36.7,1.6
1397,08/2015,400,371830.77045218024,8887.856410649105,,58.4,10.9
1398,08/2015,375,354953.8963135799,12018.50279712237,M,43.3,18.2
1399,08/2015,298,513331.72906868515,8496.027819947072,M,39.2,11.8
1400,08/2015,29,7301288.650088999,11688.790525720298,M,46.5,10.7
1401,08/2015,679,2460317.248355259,9017.425466417122,M,32.7,10.4
1402,08/2015,422,2104479.677179233,8788.540024608543,M,50.1,11.6
1403,08/2015,50,381892.5776558839,11586.675527705831,M,53.7,9.0
1404,08/2015,804,1516501.9743175935,10693.14731464461,M,32.4,13.2
1405,08/2015,627,108412.3902856328,7717.766513217787,M,41.2,15.2
1406,08/2015,874,1078042.946814668,7134.029323838873,M,38.0,2.2
1407,08/2015,165,400724.4307189331,8310.687784037105,F,50.4,17.6
1408,08/2015,905,2150510.762227856,8618.367261269228,M,32.6,15.8
1409,08/2015,37,98918.44244371778,8164.362923737153,M,43.8,12.4
1410,08/2015,501,342247.82327250915,7649.452577698706,M,47.7,9.3
1411,08/2015,529,384614.26021495496,8685.37166406792,M,47.5,6.1
1412,08/2015,774,727988.6006565434,8909.163240078473,M,62.2,17.0
1413,08/2015,772,3210926.758801577,9514.657566633216,M,47.7,8.2
1414,08/2015,773,1969923.585047277,11981.571535593444,M,,14.6
1415,08/2015,388,628921.5942954401,10314.276605480949,M,,1.6
1416,08/2015,194,403781.23062471586,8052.232390795835,M,65.8,18.7
1417,08/2015,778,1466971.357459731,9210.726863644522,M,62.7,4.5
1418,08/2015,830,202338.42666415256,9844.69385646914,M,49.8,5.2
1419,08/2015,655,739334.1834119759,8900.210707239014,M,51.5,7.7
1420,08/2015,461,1834997.0460291507,14832.462866985725,M,64.8,2.5
1421,08/2015,927,115132.85793110996,8249.547202362903,M,53.3,9.6
1422,08/2015,90,354263.29976167856,9774.63379271447,M,60.6,11.5
1423,08/2015,348,328844.16525134456,8435.493349189894,M,60.8,1.0
1424,08/2015,313,2542080.501703612,8189.840649438309,M,53.1,14.1
1425,08/2015,590,3912031.506793898,8486.974757597525,M,40.8,4.2
1426,08/2015,179,143261.24333440152,10649.37235280718,,52.8,15.2
1427,08/2015,496,687377.6022635878,11127.151913530837,M,58.0,17.3
1428,08/2015,517,496149.5465648192,8318.654711160298,M,46.1,16.4
1429,08/2015,744,4483895.1203284515,11027.353026624452,M,48.2,14.3
1430,08/2015,682,3487905.9149347004,9154.756902860752,M,46.5,10.8
1431,08/2015,809,393727.2317233626,9263.131818218091,M,40.3,17.8
1432,08/2015,658,214462.42247446202,8424.071260098566,M,46.5,11.6
1433,08/2015,158,266091.6183439946,11047.835374302755,M,,3.0
1434,08/2015,357,115514.50377179572,10983.541513754597,M,42.8,9.0
1435,08/2015,221,576332.4206814801,8296.128308613828,M,64.0,3.7
1436,08/2015,633,270097.09873669344,9648.341018274072,F,46.4,2.6
1437,08/2015,721,4127890.42443216,9120.714909393979,M,36.7,14.4
1438,08/2015,783,340341.846971104,9632.57124485393,M,43.3,9.7
1439,08/2015,304,1450809.6854211094,8539.653685379702,M,60.5,17.7
1440,08/2015,789,551903.7173609314,9309.40115312489,F,39.7,8.0
1441,08/2015,486,160222.5146582493,11686.939248794248,M,56.4,5.1
1442,08/2015,580,501585.6126807481,10669.815526988275,M,63.8,10.4
1443,08/2015,6,1582830.1925370276,8916.126191783587,M,35.5,15.1
1444,08/2015,934,808368.5656521556,8584.934516619429,M,32.4,13.9
1445,08/2015,645,825234.875125871,7954.372888903328,M,52.4,2.3
1446,08/2015,206,2728762.5520751327,9071.276899791104,M,64.2,5.3
1447,08/2015,401,284914.6203881608,7671.222666888695,M,,13.2
1448,08/2015,826,2884578.4184920536,14322.609443632477,M,33.7,5.3
1449,08/2015,83,1243955.2570892961,8695.310104631688,M,65.4,8.2
1450,08/2015,183,3674131.991158091,14383.380799900408,M,41.2,14.6
1451,08/2015,42,2133926.7976990123,11599.199759914512,M,56.3,13.9
1452,08/2015,722,533855.8686387511,18892.632476741495,M,45.4,18.3
1453,08/2015,503,1343240.1954743227,11112.274645477673,M,,18.0
1454,08/2015,620,788638.3265364134,8260.444508331122,M,57.3,1.6
1455,08/2015,755,622353.442876804,8412.285571993656,M,53.1,14.7
1456,08/2015,873,450088.64873001084,9079.44194560368,M,33.1,16.5
1457,08/2015,781,300610.94163771847,13015.317079818682,M,33.4,14.1
1458,08/2015,40,154292.45637228026,10713.64304181077,M,36.4,9.0
1459,08/2015,240,261113.1145018369,8252.956805977818,M,,5.8
1460,08/2015,436,543647.1007477704,9565.035402414846,,37.8,12.0
1461,08/2015,320,3572038.914399253,9277.39218688152,M,43.1,14.4
1462,08/2015,723,262382.51647228195,11534.661205915449,,,3.7
1463,08/2015,947,146072.55354241794,9678.959291425137,M,41.6,14.9
1464,08/2015,168,979213.0127758102,7798.319169664844,M,60.0,11.2
1465,08/2015,259,784929.2618608681,8600.431655064769,M,60.8,2.7
1466,08/2015,913,1748809.570125656,9983.90983345101,M,53.6,9.3
1467,08/2015,985,2163841.9008987728,8879.119536618395,M,51.8,15.1
1468,08/2015,539,647072.4388667244,9503.555242206688,M,41.5,10.6
1469,08/2015,975,153883.2630384737,15299.430852246185,M,46.1,9.3
1470,08/2015,771,816640.7033515368,9129.054841118716,M,59.1,12.7
1471,08/2015,566,1562927.1790864868,11551.249857169612,M,,11.7
1472,08/2015,325,1283981.471023896,8884.464843709617,M,59.5,7.6
1473,08/2015,813,274251.9568882993,8844.165415472167,M,56.3,16.7
1474,08/2015,253,2309133.7253400674,8031.039067076678,F,52.5,18.0
1475,08/2015,817,1434393.7174518628,9683.783297241456,M,35.7,7.4
1476,08/2015,958,168801.69010906623,9390.602082009444,M,42.6,2.3
1477,08/2015,564,2309426.328097561,9238.480953667642,M,36.5,18.6
1478,08/2015,448,1004352.3504033627,6257.334796638278,M,51.5,15.3
1479,08/2015,322,2023385.723253063,9991.276040154959,M,45.2,13.4
1480,08/2015,909,2808223.3141026115,12091.985284209519,F,45.0,18.5
1481,08/2015,208,4109339.8383846926,8515.172049761512,M,57.5,3.7
1482,08/2015,306,6153936.175802705,8722.336640747284,M,57.0,16.2
1483,08/2015,471,2322891.968327661,9495.636127407637,M,64.4,4.4
1484,08/2015,833,2848780.340185652,8766.108205510624,M,45.8,14.0
1485,08/2015,518,1051595.2787753285,8723.07615598911,M,55.0,16.6
1486,08/2015,607,1074779.401154548,10094.31494663336,M,34.1,13.1
1487,08/2015,743,717578.306155761,8913.661738411809,M,55.6,1.1
1488,08/2015,431,544794.1600595828,9791.330298823921,M,42.5,3.0
1489,08/2015,554,399513.8473597309,8613.198111853131,M,40.1,9.5
1490,08/2015,866,4421009.416338237,12346.958517813417,M,35.4,6.1
1491,08/2015,740,4809734.059278182,10750.541535856779,M,54.5,9.9
1492,08/2015,534,653743.8800129958,8798.716392369472,M,63.4,16.5
1493,08/2015,681,426341.18358010927,8703.079927821707,M,56.8,4.5
1494,08/2015,694,160312.03128728957,8935.773675778566,M,56.6,8.8
1495,08/2015,557,322331.32184871606,7089.133405472068,M,61.4,16.5
1496,08/2015,204,2076632.6248752621,7634.639122236244,M,54.7,9.8
1497,08/2015,275,944301.2155536617,6940.278779856989,,34.7,14.8
1498,08/2015,525,307231.5342139042,8272.515603718095,M,39.2,9.1
1499,08/2015,33,1313230.8200578217,9581.51708372626,M,55.8,15.2
1500,08/2015,18,840056.6584365161,10115.529268248134,M,36.9,16.0
1501,08/2015,835,2356009.79014985,15868.564776652804,M,,12.8
1502,08/2015,649,162801.64424871776,6522.444563888099,F,41.6,6.4
1503,08/2015,406,1446082.6792247943,11808.099307608518,,36.0,1.4
1504,08/2015,640,756721.4309435546,8049.2478869132565,,64.7,9.2
1505,08/2015,79,405643.6423087129,8272.327484546597,M,41.3,4.9
1506,08/2015,942,532988.8825198101,9251.124021830596,M,50.2,14.9
1507,08/2015,895,554810.4296788257,11672.472969363298,M,33.5,17.3
1508,08/2015,766,2884694.4038871503,8601.966385475944,M,62.4,7.1
1509,08/2015,51,668351.1149583147,9152.749826714129,,39.9,6.9
1510,08/2015,702,1077261.399675755,7200.383680912811,M,57.5,12.7
1511,08/2015,332,346626.35346264974,8624.072697556134,F,55.0,18.7
1512,08/2015,314,2793375.526829194,7903.062479239579,M,49.4,4.0
1513,08/2015,118,2023717.55064125,11437.421250301917,M,39.8,9.3
1514,08/2015,445,1303762.5405988018,12880.265620215678,M,59.4,18.6
1515,08/2015,906,323277.70188238396,8210.892989397002,M,57.2,5.3
1516,08/2015,555,144089.4531937083,12254.443550641794,M,62.5,3.5
1517,08/2015,105,314283.71965359664,7862.8713454254075,M,48.3,2.2
1518,08/2015,879,577206.5595749238,9746.857160888889,,64.1,3.3
1519,08/2015,175,181138.02779378294,9229.50606901297,M,38.2,7.2
1520,08/2015,367,2549605.1969752335,9676.796818142142,M,58.5,5.2
1521,08/2015,810,162839.990357765,11467.165368847476,M,44.5,2.3
1522,08/2015,892,730561.3295473682,9208.498451019032,M,65.4,15.5
1523,08/2015,964,2336875.4454291025,11227.440231241466,M,50.2,6.4
1524,08/2015,946,2761997.792735742,9929.534789640666,M,52.1,6.6
1525,08/2015,547,758010.328942563,8864.594910482125,M,,7.5
1526,08/2015,999,652724.5477016488,9098.888132154632,M,45.1,14.1
1527,08/2015,953,80180.64413817921,9449.888384434355,M,47.7,14.8
1528,08/2015,202,521005.6560958602,8265.304535282285,M,57.6,4.0
1529,08/2015,345,1611067.769241834,9050.770645946926,M,40.8,12.9
1530,08/2015,718,416218.8090902942,9221.666977284123,M,65.1,1.7
1531,08/2015,276,1493076.4689449314,13341.809525514029,M,45.1,18.5
1532,08/2015,768,4071535.123546609,7693.884061641984,M,63.5,6.3
1533,08/2015,411,2852709.9367203494,7864.879200855269,M,58.7,2.5
1534,08/2015,192,334969.6362055934,8003.791989849247,M,45.7,5.7
1535,08/2015,115,241444.21447706313,8386.790071898655,M,36.3,17.6
1536,08/2015,162,4138558.031818672,6961.14652363049,M,35.5,12.1
1537,08/2015,636,624844.2442410889,8791.471096662955,F,63.9,7.2
1538,08/2015,870,291478.92331845005,8505.070943613764,M,42.5,2.6
1539,08/2015,468,2478439.8169624964,7712.209512203586,M,52.3,3.3
1540,08/2015,490,437962.1436997543,10597.668883824219,M,62.1,12.7
1541,08/2015,558,4218387.292971854,12501.292901071101,M,35.8,9.1
1542,08/2015,662,298998.52256421576,9578.525266238057,M,51.0,6.8
1543,08/2015,834,987990.0966788117,9453.98492488056,M,39.8,1.8
1544,08/2015,907,11775765.808599187,12449.910976553478,F,61.1,3.8
1545,08/2015,15,3522061.5063356915,9050.802915507564,M,35.0,4.2
1546,08/2015,588,2203796.346140361,8806.19190154216,F,47.5,14.8
1547,08/2015,859,489567.5436732615,10461.847024947034,M,44.3,4.2
1548,08/2015,109,6162880.940036726,11235.195751419857,M,45.2,7.3
1549,08/2015,369,451745.0544495312,9768.91463192864,M,36.2,8.9
1550,08/2015,188,541794.9714170945,11493.637658100262,M,33.0,18.5
1551,08/2015,166,413825.6454407856,8528.860959552145,M,,1.3
1552,08/2015,180,3575263.9401243287,8613.538381149237,M,48.2,10.8
1553,08/2015,986,4298446.513910621,7605.300852550308,M,34.5,8.6
1554,08/2015,438,1054152.7569608332,8682.31963111643,M,37.4,7.0
1555,08/2015,120,305046.10425607656,6193.316963089112,F,49.6,7.2
1556,08/2015,414,501376.4410484632,15300.540132906552,M,38.1,7.7
1557,08/2015,389,501152.6686232002,8289.69169326606,M,58.5,1.7
1558,08/2015,91,1634882.1143840235,11035.806944102325,M,33.5,2.7
1559,08/2015,565,7195783.802433266,8917.194458943852,M,44.3,17.2
1560,08/2015,16,429768.9892691744,11819.4598883258,M,47.8,8.0
1561,08/2015,443,291932.8435024215,7031.99594052378,M,36.6,1.5
1562,08/2015,507,3087746.45437271,9262.315551786382,M,62.1,9.5
1563,08/2015,404,290064.8875486643,8416.248577706017,M,55.1,14.7
1564,08/2015,280,579607.1860381569,8308.979717242764,,60.1,2.4
1565,08/2015,654,416939.0788110216,8799.719393807263,M,55.4,9.7
1566,08/2015,376,382406.8985098754,8778.812030256237,M,37.8,6.4
1567,08/2015,169,571842.6562084379,12416.48606728297,M,60.7,18.0
1568,08/2015,931,590143.0977326704,8313.463526107662,M,62.2,15.4
1569,08/2015,664,2582131.645108567,9447.216944427866,M,45.6,17.9
1570,08/2015,272,316781.23357486137,8465.720727679423,M,41.3,10.3
1571,08/2015,667,4879601.14001996,12076.328323800675,,53.4,1.7
1572,08/2015,209,3838050.2412441988,7964.649215943081,M,47.4,11.3
1573,08/2015,687,1530425.0313961848,8192.951000985257,M,43.9,9.8
1574,08/2015,893,1096640.7159740545,7575.790296980392,M,38.7,2.4
1575,08/2015,184,357089.39678835875,9890.989728688071,M,46.3,14.7
1576,08/2015,711,582989.1949424545,10444.961157134696,M,51.6,17.6
1577,08/2015,543,2197814.7742717084,12235.943087370277,M,59.2,12.0
1578,08/2015,864,695724.2018237001,8424.28506026787,M,35.7,8.6
1579,08/2015,995,4939529.92722419,8023.9691414961035,M,,3.7
1580,08/2015,563,82763.83110117607,8099.0662494306225,M,44.1,7.1
1581,08/2015,58,3309338.495104866,13424.447209989255,M,61.0,6.9
1582,08/2015,46,182690.18680853915,8658.781722016636,M,35.1,13.7
1583,08/2015,226,2138623.173019127,11016.700843765007,M,57.1,8.2
1584,08/2015,286,1250998.7065183334,8177.0899166224735,M,64.2,16.9
1585,08/2015,475,802456.9565546976,9077.089075385456,M,37.6,9.6
1586,08/2015,578,478863.03103643435,10489.895037598822,M,55.7,8.8
1587,08/2015,695,933634.1206003907,9500.677722930857,M,40.3,15.1
1588,08/2015,417,708983.8013258884,9936.915842668728,M,44.2,3.6
1589,08/2015,421,401173.04258958856,7669.272339682632,M,51.3,11.2
1590,08/2015,397,3467540.296277237,6723.161302250737,M,,12.9
1591,08/2015,273,445631.4577800997,10814.39476630146,M,43.7,13.2
1592,08/2015,281,1838116.944412548,11661.627718614287,M,58.1,16.5
1593,08/2015,945,3305820.0029720934,8381.090994517814,M,40.5,7.3
1594,08/2015,862,1180638.4144284765,13651.254524351067,F,53.6,4.1
1595,08/2015,232,2364521.1226672293,10438.874481890485,M,44.7,13.6
1596,08/2015,550,2825943.9346569004,8612.859407724145,,46.4,7.5
1597,08/2015,917,384342.665113271,8930.924883333786,M,32.3,17.7
1598,08/2015,56,80373.02934765139,7894.490284129541,M,38.6,14.0
1599,08/2015,377,523081.04664652364,8046.959125031381,F,57.8,4.0
1600,08/2015,143,2008146.3768642843,8456.844899884301,M,,7.3
1601,08/2015,782,316615.979464173,6713.501104949214,M,57.1,15.8
1602,08/2015,17,497598.03808704927,10178.97964743821,M,,18.5
1603,08/2015,800,396286.0627010237,8264.985597237886,M,55.4,15.0
1604,08/2015,418,4601570.4161832705,11768.184759750053,M,50.6,9.8
1605,08/2015,282,2012966.2749253896,9302.323670411548,M,59.1,15.3
1606,08/2015,495,1256544.2024077266,18647.227904786756,M,52.5,5.5
1607,08/2015,492,359268.17732817517,8338.767734567404,M,47.2,11.8
1608,08/2015,968,1558144.5011787629,11872.83832646023,,59.5,2.6
1609,08/2015,802,596502.1130434463,8861.313055721661,M,37.0,11.4
1610,08/2015,215,598809.1233694097,9782.964224403873,M,52.5,7.2
1611,08/2015,959,307501.26963502704,7435.66974201691,M,63.1,13.2
1612,08/2015,954,428549.09293303743,11334.636371628494,M,42.1,5.8
1613,08/2015,482,127712.197114919,13630.158355489573,M,65.9,13.1
1614,08/2015,102,882256.8501561956,8350.492414796972,M,55.2,11.6
1615,08/2015,776,399092.9115021606,9133.409740484929,M,,15.6
1616,08/2015,528,452792.3683750443,12104.134254812847,M,32.7,15.5
1617,08/2015,292,3397182.5188697265,9086.811557324812,M,32.6,13.2
1618,08/2015,971,16880869.66751324,14187.623878373033,M,63.5,15.5
1619,08/2015,152,411119.7691366974,11352.560066886408,M,35.5,3.3
1620,08/2015,750,122396.21482825298,6925.76083338598,M,57.0,16.5
1621,08/2015,199,355887.83969319717,9850.409578739904,M,49.2,13.1
1622,08/2015,154,869954.5429905877,11277.288072419085,M,,6.9
1623,08/2015,675,336513.02833981573,8540.040535105521,M,56.2,10.5
1624,08/2015,288,341742.64664756774,11436.44514710627,,47.6,18.3
1625,08/2015,523,650369.2611938083,10308.274760328697,M,32.1,1.2
1626,08/2015,688,711110.2782992541,8780.52876682975,M,41.3,4.0
1627,08/2015,360,631835.7586677544,11143.215857946805,M,49.5,12.0
1628,08/2015,960,5414434.357730627,8501.64127704286,M,55.1,9.8
1629,08/2015,368,132018.96387656796,8173.949565625806,M,53.7,14.7
1630,08/2015,456,3493454.440965883,8548.727589178014,M,55.8,5.9
1631,08/2015,512,870437.2510458956,8991.812236385196,,50.1,15.9
1632,08/2015,650,1012952.9522154942,14342.218164483735,M,43.0,12.5
1633,08/2015,380,5308873.867204971,8889.313594096406,M,61.4,1.5
1634,08/2015,139,311042.41193484556,9875.666211045342,M,56.4,8.7
1635,08/2015,994,755645.3151365465,9179.794272084016,M,42.5,2.6
1636,08/2015,689,393109.3002007077,8306.01924051679,M,63.1,2.4
1637,08/2015,243,2903674.5877547245,9678.70334252556,M,38.2,16.7
1638,08/2015,148,1606969.1262266778,13112.652294191348,M,64.4,9.8
1639,08/2015,252,662431.8670890398,8861.732502029809,M,40.6,14.0
1640,08/2015,265,313753.9180734537,6528.542730383785,M,39.6,3.8
1641,08/2015,362,541025.8120127387,10026.840245784657,M,39.0,3.7
1642,08/2015,336,1204421.238239101,8894.143752862747,M,53.4,15.5
1643,08/2015,928,3825039.501803128,12429.31883341649,M,63.0,14.1
1644,08/2015,515,808907.8647714568,10035.818490438576,M,56.7,9.7
1645,08/2015,483,558449.625755604,9455.414651347683,M,47.0,12.5
1646,08/2015,395,323959.85298540565,8038.419394962831,M,59.5,16.9
1647,08/2015,758,354383.7628438823,11882.170299608111,M,45.8,3.4
1648,08/2015,361,548445.842339157,8985.36580023378,,51.1,15.4
1649,08/2015,657,1858014.699801111,8533.779040451716,M,53.9,10.4
1650,08/2015,761,335239.4098077724,13627.076831035098,M,33.4,8.7
1651,08/2015,881,113222.67978149588,8987.59577263416,M,53.5,2.0
1652,08/2015,197,196712.53291782553,9220.37612095761,M,44.6,12.9
1653,08/2015,290,2214312.129806504,9154.023558814106,M,37.7,4.3
1654,08/2015,742,6362725.280548394,8934.294991715142,M,47.7,1.4
1655,08/2015,848,279922.39028656465,11002.900383195256,M,58.3,10.1
1656,08/2015,820,474312.52559106,8681.195066231245,M,32.4,14.0
1657,08/2015,122,597071.6166101478,10646.20100431249,M,42.0,5.7
1658,08/2015,340,512380.91149326164,8721.726206504172,,43.5,6.5
1659,08/2015,714,743565.5348572629,9905.571158727398,M,39.5,9.7
1660,08/2015,699,2119349.3221919904,8017.108413806133,M,38.8,17.8
1661,08/2015,825,623016.5048434768,8852.251156593928,M,39.7,5.7
1662,08/2015,717,538552.238954542,7991.435897991691,M,51.8,18.7
1663,08/2015,318,680849.6483515428,8523.999129106165,M,60.5,9.5
1664,08/2015,104,644743.8610166967,11414.804232759174,,57.0,5.7
1665,08/2015,816,220501.30897175721,12466.107594199882,M,32.0,1.0
1666,08/2015,296,350078.19176942087,8003.893871402276,M,42.2,11.1
1667,08/2015,696,715476.559201972,7675.07717406896,M,41.1,14.7
1668,08/2015,27,897830.5146191112,8011.5626972045075,M,54.4,12.8
1669,08/2015,22,239054.7018020432,8203.765070939675,M,50.2,13.8
1670,08/2015,785,1029247.4875118656,12791.468404792893,M,,14.7
1671,08/2015,256,1170871.5374094588,8532.337730991361,M,,8.8
1672,08/2015,75,626117.0781052957,10825.404410056723,M,47.3,6.5
1673,08/2015,5,615411.8623747007,8607.075800436063,M,39.8,4.7
1674,08/2015,217,3096430.852972422,8191.987469826899,M,64.4,14.8
1675,08/2015,869,364385.4637147765,9584.16122521251,M,38.4,13.3
1676,08/2015,385,733183.5104206204,8162.024755389143,M,44.9,9.4
1677,08/2015,941,3337883.7825896135,14554.112686739227,M,35.0,2.8
1678,08/2015,712,504295.2144706313,8265.806434557488,F,,13.8
1679,08/2015,939,802896.2022159554,8181.404892083221,M,49.5,2.4
1680,08/2015,710,5969378.20781493,10236.429911132785,M,57.4,7.4
1681,08/2015,34,317698.3011008212,9622.602950920636,M,,18.6
1682,08/2015,559,901295.5502553364,8422.597472599635,F,62.8,4.7
1683,08/2015,463,1012533.5881727036,14048.727845651552,M,48.9,10.3
1684,08/2015,605,2536547.436241866,7580.700718892737,F,63.6,5.9
1685,08/2015,424,458431.5352669567,8007.75362105541,M,49.8,3.8
1686,08/2015,851,433154.38575487817,8666.106213570245,M,43.5,2.4
1687,08/2015,444,5225576.688109617,10122.072188886015,M,45.4,4.1
1688,08/2015,790,3210165.4489830136,8105.160718001936,M,37.6,5.0
1689,08/2015,106,130661.81156863944,8112.14650145788,M,42.4,1.2
1690,08/2015,455,379257.999810527,8947.186603810871,M,,3.9
1691,08/2015,223,191052.71900963836,11542.826900140679,,53.2,5.2
1692,08/2015,242,589666.3560942445,7689.362284920632,F,46.1,14.5
1693,08/2015,77,789962.2576453305,11900.675014948822,M,63.4,8.9
1694,08/2015,961,2352874.174268478,9036.120354445695,M,62.4,6.9
1695,08/2015,416,722469.3354026489,14761.514672156327,M,50.8,16.2
1696,08/2015,506,1569134.3014218763,10420.786405692072,M,38.7,5.6
1697,08/2015,287,514568.15531909827,8730.439116923193,M,40.1,15.2
1698,08/2015,52,1318267.2441752392,7407.2742095101585,M,55.3,5.2
1699,08/2015,132,2115707.1073574554,7057.856161695451,M,60.6,17.3
1700,08/2015,319,484514.53576394706,7823.393309405891,M,42.7,9.7
1701,08/2015,871,638873.2787848156,8197.101930799592,M,,7.2
1702,08/2015,213,1197374.0667237788,11933.022686178618,M,40.4,15.2
1703,08/2015,846,4283671.260819583,10454.229325325752,M,33.1,17.2
1704,08/2015,351,714845.3644125757,8732.77447521535,M,53.7,7.8
1705,08/2015,324,550882.2736900329,7277.303586269074,M,54.6,9.8
1706,08/2015,173,306929.3157643376,9221.482726421695,M,46.9,9.3
1707,08/2015,88,366570.7813492714,8513.802558735844,M,43.9,18.0
1708,08/2015,347,339046.2642697348,9579.378576837475,M,,15.2
1709,08/2015,513,778299.223279467,8477.158076926571,M,42.2,14.3
1710,08/2015,487,1480582.6819413546,7159.797100270299,M,32.3,14.8
1711,08/2015,295,459017.6265020315,8608.243376331815,M,46.5,8.4
1712,08/2015,430,335126.0652906819,8402.56841325262,M,,11.6
1713,08/2015,437,2526274.8069172706,8330.831136290659,M,35.0,9.8
1714,08/2015,644,486417.07766857644,8984.505725588157,M,60.0,5.4
1715,08/2015,803,3351414.1846265,7022.245270807794,M,39.6,13.8
1716,08/2015,2,923837.0702958064,11747.136489783868,M,65.5,1.0
1717,08/2015,932,293509.656009479,8312.756349112173,,37.4,12.0
1718,08/2015,843,997577.9920622297,10894.198151224607,F,40.4,15.0
1719,08/2015,138,405913.2304611215,9112.602060172554,M,34.5,5.5
1720,08/2015,356,475403.2189198962,8062.916991385192,M,51.3,12.6
1721,08/2015,466,611405.7313434196,9109.823692134989,M,51.7,13.4
1722,08/2015,729,405870.214506385,10574.897542879866,M,59.3,9.7
1723,08/2015,535,4761436.312161646,10850.763990730282,M,62.7,2.9
1724,08/2015,715,504979.2581238055,7962.348880150579,M,51.8,5.3
1725,08/2015,70,132543.25557528317,11399.109384381061,F,59.0,4.7
1726,08/2015,485,128812.20498653414,9048.20254709038,M,56.3,15.4
1727,08/2015,128,2954489.781148565,8969.869219310274,M,52.0,5.9
1728,08/2015,587,3854773.048174327,7397.589143270354,M,51.7,9.9
1729,08/2015,142,373362.398016253,7783.358072028133,,37.3,14.2
1730,08/2015,938,194015.46917980202,8960.956123716905,M,64.5,16.4
1731,08/2015,725,1589552.29085107,6946.012363199287,M,39.8,3.3
1732,08/2015,801,3886516.5837299847,11823.836459675422,M,42.7,11.4
1733,08/2015,653,355700.3971820069,9078.964091860074,M,57.7,13.8
1734,08/2015,921,4418014.58848184,8538.179272512982,M,55.5,17.4
1735,08/2015,98,1636792.7709659485,8722.114400718721,M,39.4,10.5
1736,08/2015,608,963755.0348941998,7719.21451816587,M,63.9,13.4
1737,08/2015,576,980613.8671947462,8375.326722345864,M,64.1,4.1
1738,08/2015,936,911886.2773788935,10173.615507401719,M,55.8,11.4
1739,08/2015,301,1692085.7963262857,8265.74904817765,,33.7,2.0
1740,08/2015,266,670488.5812499361,7810.344626187935,M,36.1,1.4
1741,08/2015,499,108424.25162673963,8136.1795159465455,M,32.6,1.0
1742,08/2015,133,3448229.154069482,7988.976148904034,M,43.3,13.8
1743,08/2015,989,2855607.669237443,9196.44261390864,M,,6.4
1744,08/2015,619,3314668.104086294,9636.10113445059,M,55.2,4.2
1745,08/2015,136,360132.949312351,9814.56362542566,M,58.5,1.0
1746,08/2015,277,1478198.3699954413,13335.517515896507,M,33.1,12.5
1747,08/2015,267,567453.2002915689,8965.01090521236,M,52.8,4.8
1748,08/2015,749,424544.9471976017,9685.557279472081,M,40.0,12.2
1749,08/2015,254,270396.30194510735,9984.525044103368,M,57.0,18.2
1750,08/2015,630,178114.8190074173,10918.653492410582,M,45.0,17.3
1751,08/2015,339,7302401.76778372,10406.547683306637,M,41.1,18.1
1752,08/2015,203,366540.3133383777,8932.496985842416,M,59.0,16.3
1753,08/2015,107,383170.1812546551,11013.092860679591,M,49.9,10.0
1754,08/2015,24,3428294.7473127893,9821.346738179887,M,33.6,12.8
1755,08/2015,668,744180.6641212068,10458.839289572994,M,,14.9
1756,08/2015,837,499625.8397137756,7436.317730361208,M,36.8,12.8
1757,08/2015,392,686341.7698506746,10484.796582176219,,33.3,4.8
1758,08/2015,330,573212.2648790473,9272.413077435203,M,,2.2
1759,08/2015,151,1126630.480749443,6909.279200056588,M,48.4,18.7
1760,08/2015,856,334984.66098621313,9222.065801470864,M,53.8,16.7
1761,08/2015,976,970471.2212256487,10150.340105372263,M,57.8,1.9
1762,08/2015,831,131389.55384169915,8643.848827308977,M,54.2,8.5
1763,08/2015,991,169654.5846484491,8636.911466526546,M,35.2,11.1
1764,08/2015,201,707088.8005504361,7839.898538237109,M,57.3,6.1
1765,08/2015,788,4284719.877962296,11179.623820337805,M,32.6,18.3
1766,08/2015,1,515322.8023429194,9642.550837719959,F,43.8,1.4
1767,08/2015,103,2281972.373791295,9741.746703483046,M,64.3,11.8
1768,08/2015,53,2117641.371035943,8436.894665188374,M,56.0,7.9
1769,08/2015,241,549618.734991679,11233.977993131854,M,36.5,11.2
1770,08/2015,346,647735.5709459631,9795.534860227948,M,49.3,16.0
1771,08/2015,450,635638.56437751,9343.864633850477,M,57.8,13.3
1772,08/2015,628,123247.91208610905,8644.974899906165,M,61.0,15.2
1773,08/2015,700,208062.31254411273,8211.202501220085,M,51.2,10.6
1774,08/2015,4,1722918.9200541193,7632.721283229038,M,59.6,11.7
1775,08/2015,334,3111236.5117316367,9909.740482540627,M,56.3,7.2
1776,08/2015,641,551727.730345922,9435.029901939255,M,33.8,11.0
1777,08/2015,794,417431.1363330059,7250.409723331142,M,34.9,12.3
1778,08/2015,390,208479.40815332334,11324.657022516063,M,54.7,12.7
1779,08/2015,141,195814.89030685846,8279.069467686546,M,44.7,8.8
1780,08/2015,980,299634.496371276,9368.485481725329,M,36.0,2.1
1781,08/2015,734,3833845.9900018633,8647.191614130488,M,47.7,11.6
1782,08/2015,342,641192.0826156263,9203.22307284634,M,43.7,4.9
1783,08/2015,370,283122.12914554944,8087.591961394218,M,46.2,1.9
1784,08/2015,480,3138365.73160837,8015.048365071088,M,38.6,11.5
1785,08/2015,902,422741.6863988399,7840.468288802786,M,63.6,5.8
1786,08/2015,477,562435.8406078675,8949.908733296275,M,46.4,8.8
1787,08/2015,193,2845411.7811713414,11408.123438906814,M,52.8,16.4
1788,08/2015,476,1489949.015920408,10491.810845188433,M,,18.3
1789,08/2015,537,491216.1806876932,6827.618903675163,M,37.2,2.5
1790,08/2015,591,374384.56612184993,7433.709492634568,M,56.1,9.5
1791,08/2015,189,488075.1142280258,8644.544007700037,M,41.9,5.9
1792,08/2015,596,516478.00930909294,8541.453641480528,M,56.2,13.7
1793,08/2015,235,180455.85805255658,10128.734207576992,M,37.4,9.0
1794,08/2015,520,376278.90285672556,9396.949521359733,M,54.7,8.8
1795,08/2015,677,424471.7717701308,9851.989377218622,M,58.8,14.4
1796,08/2015,704,1164053.4065291071,8231.907207480264,F,57.6,7.7
1797,08/2015,355,343684.4300850897,10908.620520758142,M,50.0,3.0
1798,08/2015,247,1804247.4337742429,10371.517625331648,M,53.5,2.0
1799,08/2015,207,884749.3482310645,10985.367808619832,M,47.8,3.5
1800,08/2015,990,486597.97297065496,8587.68693548609,M,36.3,4.7
1801,08/2015,41,322377.1111946711,7496.143045940842,M,36.9,10.0
1802,08/2015,678,380760.3657349717,8689.107820364621,M,55.7,7.7
1803,08/2015,663,125676.17176608044,9295.646182330433,M,56.7,12.1
1804,08/2015,28,612735.2319972367,7730.891533665085,M,65.2,4.4
1805,08/2015,672,139100.6732513874,12159.424634818297,M,53.2,13.5
1806,08/2015,393,251689.96077383237,7612.231277349747,M,33.5,7.3
1807,08/2015,615,84110.750202042,7783.265274384462,M,51.3,2.9
1808,08/2015,923,918016.7637229759,7394.866568799546,M,32.0,7.7
1809,08/2015,544,364940.0474641952,9993.178367776885,M,39.6,13.0
1810,08/2015,364,1311107.1966120373,7552.355726077711,M,41.0,9.2
1811,08/2015,573,631904.4158930896,10647.444687369229,M,60.9,6.4
1812,08/2015,125,3473296.5998488213,9315.68655700276,M,37.2,9.2
1813,08/2015,949,2543100.1896610726,12188.396937206802,M,36.4,12.6
1814,08/2015,510,4332895.711107501,8800.34226952334,M,55.0,12.2
1815,08/2015,878,269357.97671103943,8585.586921434433,M,36.2,5.5
1816,08/2015,992,476046.8702094661,12855.638928550976,M,36.1,17.3
1817,08/2015,8,444983.8466805696,7035.126925607302,M,39.7,13.2
1818,08/2015,984,2556396.9058575025,9432.51590144445,M,42.3,10.7
1819,08/2015,763,429873.15927779645,10598.40398887476,M,37.4,6.6
1820,08/2015,973,425960.97066167474,9192.591677622853,M,39.5,15.8
1821,08/2015,25,211812.39879911346,7726.873706361935,M,34.8,14.6
1822,08/2015,541,588019.883311705,10447.011234672114,M,48.7,8.1
1823,08/2015,757,4762723.461557864,11897.57071187285,M,,13.5
1824,08/2015,374,280121.32142537157,8452.881677274208,,39.7,13.9
1825,08/2015,64,161327.06540585653,9148.139600979977,M,46.0,5.6
1826,08/2015,500,926380.5721685097,9423.003965957354,F,46.2,13.5
1827,08/2015,647,259331.74415198757,8828.266036282726,F,63.4,11.7
1828,08/2015,614,208155.123228183,9341.353334557203,M,59.8,17.8
1829,08/2015,21,3929593.484581749,11835.895250739854,M,32.8,7.5
1830,08/2015,13,709973.4218840774,9110.196009496205,M,43.1,15.2
1831,08/2015,639,648743.3060789766,15434.30979251527,M,50.0,9.2
1832,08/2015,868,148958.330539755,9362.85230115435,M,32.5,7.3
1833,08/2015,805,388085.1577355429,8665.168824673681,M,40.7,10.5
1834,08/2015,891,570246.4415842913,7150.291337459711,M,56.5,13.8
1835,08/2015,561,228488.4370150521,8340.754145186866,,44.2,6.2
1836,08/2015,709,303152.82385135785,8885.129993285991,M,38.7,12.6
1837,08/2015,429,445278.03918723034,6816.1984300766935,M,46.7,4.7
1838,08/2015,720,543188.3656314766,10501.634286019176,M,64.6,15.1
1839,08/2015,187,934989.346553511,8720.793440728745,M,48.7,17.0
1840,08/2015,457,409384.604733877,9579.941280785382,M,63.5,10.5
1841,08/2015,844,1200322.7266178343,12194.330189872768,M,47.4,2.4
1842,08/2015,552,3611994.492655937,11636.196587752589,M,61.3,7.3
1843,08/2015,498,726148.4515002442,7327.846774354293,M,49.2,15.3
1844,08/2015,230,430599.38519821916,9870.654267997397,M,38.2,5.1
1845,08/2015,131,145153.1476366944,9338.549249359341,M,35.1,16.0
1846,08/2015,268,201689.42391950748,6278.534017625871,M,41.2,11.2
1847,08/2015,634,531304.162416325,8799.95875977992,M,46.8,4.5
1848,08/2015,930,4528455.1687724115,8041.960658249906,M,54.4,16.9
1849,08/2015,730,3297081.861969148,8127.110696002897,M,60.7,1.5
1850,08/2015,386,1160321.7638512058,14845.226647918324,M,37.5,12.8
1851,08/2015,897,901743.9717773305,10318.03129280181,M,43.3,2.5
1852,08/2015,604,266137.46395677526,8401.341836127074,M,59.8,7.6
1853,08/2015,850,3795449.5278067486,7215.780944816884,M,39.4,1.4
1854,08/2015,626,701517.1170930899,8510.138615041495,M,51.8,18.1
1855,08/2015,163,3694371.7906755973,9568.976218605008,M,58.5,9.1
1856,08/2015,82,245422.06216035518,8749.412437487255,M,61.7,4.0
1857,08/2015,36,140827.96718432632,9090.08514420549,M,37.4,16.3
1858,08/2015,977,688563.0476135504,11189.131360087309,M,56.2,3.7
1859,08/2015,123,1460606.8619779842,8821.523525439054,M,65.3,11.5
1860,08/2015,92,878938.0434497948,11482.498848306566,M,41.4,15.1
1861,08/2015,26,613907.6225883152,7155.787539390762,F,47.5,2.7
1862,08/2015,251,555466.7956469107,8779.239719030147,M,43.0,11.9
1863,08/2015,598,249135.42777297756,8314.469076044817,M,51.3,9.4
1864,08/2015,524,3597901.3998302394,10049.884413155287,F,39.5,18.5
1865,08/2015,726,332336.86846384034,10855.89891525469,M,58.1,4.5
1866,08/2015,263,373831.7329013361,14542.54096162338,M,52.2,12.2
1867,08/2015,365,2861283.9623065162,8643.281836091033,M,37.6,5.3
1868,08/2015,44,1307357.7436698931,9878.32991681672,M,61.5,8.9
1869,08/2015,530,314665.4190144303,11645.852527020552,,47.1,6.9
1870,08/2015,838,398363.2173487225,9630.892587214059,M,,17.2
1871,08/2015,311,1967486.1619734815,10316.744396698183,,32.1,9.4
1872,08/2015,447,124500.24992393456,9553.327662106049,M,65.5,12.1
1873,08/2015,993,3880710.8428434534,8737.278796386609,M,35.0,2.9
1874,08/2015,315,458838.0753310129,6956.830082496579,M,61.1,8.7
1875,08/2015,20,528465.7827107342,8015.1313475329325,M,52.1,18.1
1876,08/2015,618,852389.8579184347,10744.926810638726,M,63.9,9.0
1877,08/2015,43,346344.1376450553,8755.84473121143,M,57.3,1.2
1878,08/2015,190,591076.110884695,8712.238758906129,M,57.5,14.1
1879,08/2015,659,563166.8342922847,8890.36712115786,M,65.4,14.7
1880,08/2015,47,2382525.0441067843,8479.21747924322,M,40.7,5.3
1881,08/2015,987,604308.9193158443,9531.802414392752,M,32.4,13.8
1882,08/2015,71,590364.5936034544,8831.590145129845,M,39.0,1.0
1883,08/2015,198,1270579.8881293396,12980.566633619434,M,41.1,16.6
1884,08/2015,473,127467.14813315762,7916.678871570677,M,59.5,14.6
1885,08/2015,338,536281.6120880102,7920.687709290822,M,42.2,4.3
1886,08/2015,440,106855.71330979347,11690.258365056015,F,39.6,4.4
1887,08/2015,246,178790.58728428694,7337.109488149787,M,57.2,15.1
1888,08/2015,116,432749.6844774985,8297.147169432057,M,42.2,10.6
1889,08/2015,849,188966.38306361387,8196.059536167772,M,65.4,12.1
1890,08/2015,900,679921.634302165,7210.043259805484,M,41.5,9.4
1891,08/2015,359,114907.2118897115,11552.843896493248,M,47.7,7.9
1892,08/2015,299,215959.47015327518,8676.304817773607,M,50.1,2.0
1893,08/2015,7,1035363.1669910732,7488.57631731508,M,40.8,14.1
1894,08/2015,297,1915655.3293281284,10487.648981941704,M,53.7,1.0
1895,08/2015,822,5378471.522623418,10602.067329786938,,54.0,2.9
1896,08/2015,648,576428.1529573366,8534.700816480141,M,49.6,4.4
1897,08/2015,294,104857.0934697883,7860.870784968947,M,59.6,4.9
1898,08/2015,491,110189.88317998087,9106.019916991207,M,61.1,3.2
1899,08/2015,568,625191.49271412,7839.354561836187,M,,16.5
1900,08/2015,584,359917.51343430945,7687.449314327214,M,43.3,14.9
1901,08/2015,690,508899.8893950598,10240.132031305006,M,,8.8
1902,08/2015,291,269589.64452861756,8803.161621987843,M,33.2,5.4
1903,08/2015,49,3931343.499459952,12364.723089675386,M,45.1,3.0
1904,08/2015,585,303033.0505763764,8367.628454011976,M,37.9,11.3
1905,08/2015,606,800604.7299780372,10326.039742436406,M,51.5,15.1
1906,08/2015,693,459249.6004593526,8140.870497301048,,53.1,9.9
1907,08/2015,944,1518509.1033838338,8496.038367071606,M,49.4,14.1
1908,08/2015,793,742835.564016816,8195.796694294926,M,35.0,12.5
1909,08/2015,425,394071.951457494,8579.098493360421,M,,17.9
1910,08/2015,683,1019816.628644712,10402.794738533205,,54.5,3.6
1911,08/2015,656,401232.5710026273,8587.105568256999,M,56.4,17.8
1912,08/2015,488,3068078.0507783894,8258.029527059773,M,32.4,5.8
1913,08/2015,61,313259.9316086121,8751.701222697015,M,34.1,16.4
1914,08/2015,904,727147.4998272085,8925.514751102974,M,,4.0
1915,08/2015,378,429339.8616228456,12887.730695567177,,36.7,3.5
1916,08/2015,269,2742994.448172585,7954.9973105064655,M,39.7,8.1
1917,08/2015,889,391124.34054977103,9206.299602919402,,55.5,2.0
1918,08/2015,481,5416203.684337739,7884.078820495746,F,51.5,17.1
1919,08/2015,344,834605.2348226302,10760.069629751093,M,51.0,11.8
1920,08/2015,99,4408547.134599633,8330.92077367735,M,55.3,5.7
1921,08/2015,832,3519541.0673811035,9196.300013539723,M,,13.3
1922,08/2015,127,1523065.985782147,11358.65790025278,M,55.8,11.8
1923,08/2015,617,2458843.0080740396,9757.842694828933,M,38.2,17.4
1924,08/2015,770,343258.90651886584,8608.735619740683,M,56.6,15.9
1925,08/2015,484,98618.13767455323,8975.493077219635,M,36.2,4.1
1926,08/2015,341,1115224.289720417,10595.208746199854,F,63.1,16.9
1927,08/2015,982,702347.5729074698,8342.850959590754,M,,9.4
1928,08/2015,212,1356374.4547166277,12573.666352783821,M,46.4,1.6
1929,08/2015,589,449458.1211000767,7118.009900000849,M,40.7,6.4
1930,08/2015,797,953730.7002816472,8315.688611860385,M,44.6,5.9
1931,08/2015,753,2256297.7520471895,11108.590694850163,M,32.8,12.8
1932,08/2015,227,2136910.8272616467,10287.41781436157,M,,16.2
1933,08/2015,86,2481393.2005922743,8999.206600986945,,,5.4
1934,08/2015,680,123011.47773704852,8580.505734071969,M,61.1,18.9
1935,08/2015,195,125666.76613736547,11817.46062597815,,54.1,8.8
1936,08/2015,595,373268.5261854078,9494.342725340452,M,45.4,7.1
1937,08/2015,854,3071774.336538132,9384.561105969655,M,44.2,18.7
1938,08/2015,828,697164.366138829,8356.79889562489,,50.6,1.1
1939,08/2015,261,1096379.5905353026,9535.004562937622,M,36.4,18.5
1940,08/2015,603,492025.0126588406,8276.429306735557,M,34.9,10.7
1941,08/2015,379,155888.8597237967,9605.492101251866,M,65.1,12.4
1942,08/2015,888,300038.0662470595,7005.020481402456,M,,4.0
1943,08/2015,741,642362.3025124733,8603.254185632271,M,42.4,11.2
1944,08/2015,60,126895.38210154569,9190.719240024842,M,53.4,11.0
1945,08/2015,955,338422.31489269476,8793.129904244086,M,35.8,8.5
1946,08/2015,62,413191.87841342285,11665.938657708017,M,34.0,4.3
1947,08/2015,638,814562.8707447622,10383.274467982244,M,62.7,9.4
1948,08/2015,697,1000012.3501614026,9821.900401233625,M,35.0,15.2
1949,08/2015,147,3602027.4430683614,10566.824321811986,M,53.7,14.7
1950,08/2015,637,790307.9029712161,8535.720262267736,M,63.3,3.0
1951,08/2015,799,780462.1426039428,11691.399269324722,M,45.3,1.1
1952,08/2015,178,560685.3668993065,12003.315591862869,M,49.0,7.8
1953,08/2015,806,419615.4849411056,7539.619129894757,M,50.3,7.6
1954,08/2015,300,448896.0023645251,10816.350806555849,M,35.9,9.5
1955,08/2015,998,371853.2196805852,7516.34806851252,M,32.1,1.4
1956,08/2015,337,1583253.9077165283,14152.663614259169,M,36.0,9.4
1957,08/2015,549,1858348.6596581934,13040.998103844426,M,55.1,16.4
1958,08/2015,767,1669760.8042548809,8388.981182364092,M,56.5,1.2
1959,08/2015,157,443251.99907833175,9662.025139113524,M,56.8,16.2
1960,08/2015,540,711935.8318765498,9048.778364100168,M,41.6,6.5
1961,08/2015,108,3259338.13795514,10923.786783375393,M,51.2,2.9
1962,08/2015,352,2954166.503831653,10530.26136485672,M,58.1,9.3
1963,08/2015,847,105577.88614959733,5978.422746094943,M,51.0,5.2
1964,08/2015,479,153863.46344667108,7192.064021134317,M,54.6,1.0
1965,08/2015,622,3623700.6173310736,9544.35180541269,M,53.2,7.6
1966,08/2015,937,1608605.7906892758,10210.464662273724,M,54.9,11.5
1967,08/2015,775,115604.66007482017,10494.179595406844,M,50.4,9.8
1968,08/2015,623,2920995.7517982344,7866.6774788231605,,,14.4
1969,08/2015,87,1794682.8981520685,9246.129909597215,M,48.0,15.4
1970,08/2015,80,398538.69690633134,11030.28180418517,M,57.8,17.5
1971,08/2015,434,1849562.7539336414,11823.468846116424,M,36.5,7.7
1972,08/2015,210,331672.88865118497,7636.71201208296,M,37.0,1.9
1973,08/2015,860,463482.37122036127,8735.906143060365,M,38.0,16.8
1974,08/2015,220,1046404.0120479029,12560.392790146789,M,32.1,7.3
1975,08/2015,769,2153180.290758807,9731.20543652457,,58.8,18.9
1976,08/2015,692,636747.6995133715,8843.57868661171,M,42.4,2.3
1977,08/2015,546,1590917.7157815925,9228.491132592599,M,55.6,13.5
1978,08/2015,777,545037.6254602725,11924.598061970182,M,59.2,16.0
1979,08/2015,581,4066923.655966292,9605.45472274414,M,35.5,18.5
1980,08/2015,452,1980561.5203568868,7951.306193374348,M,53.3,4.4
1981,08/2015,511,3524619.957853865,9622.24206840923,M,35.2,10.9
1982,08/2015,214,7789263.531915487,8006.188770368571,M,,5.9
1983,08/2015,234,187996.00533671488,9711.267969309174,M,42.7,6.2
1984,08/2015,853,424061.63373180036,7974.257245878667,M,42.5,2.3
1985,08/2015,551,2672489.8444467797,12150.651767779778,M,,4.3
1986,08/2015,505,952348.136485458,8917.55057439054,M,33.7,2.5
1987,08/2015,508,375534.5400869875,9071.655621419628,M,54.1,8.3
1988,08/2015,795,94543.48299777423,6516.363161810079,M,50.4,8.6
1989,08/2015,317,488150.9374105141,8770.456545216655,M,33.3,2.7
1990,08/2015,792,1839096.965842791,11428.633852643236,M,,8.7
1991,08/2015,974,2291776.509116517,9453.531568378341,M,34.8,8.2
1992,08/2015,117,475952.01199465245,9085.580145444332,M,59.4,17.1
1993,08/2015,410,680270.3733311027,9265.595521062134,M,38.0,17.4
1994,08/2015,182,350252.549613734,12013.89966130295,M,40.0,14.4
1995,08/2015,119,662072.1838706464,8083.991680952937,M,65.9,15.4
1996,08/2015,236,3441625.7106344774,9760.017179581962,M,42.3,6.7
1997,08/2015,449,4430468.250256553,8275.714940935219,M,38.4,18.7
1998,08/2015,494,2098906.122534649,7405.01901663693,M,48.7,7.9
1999,08/2015,609,422022.01126225747,10616.645122752218,M,,4.6
2000,12/2015,943,490028.64980752784,12268.639905056285,F,58.4,0.6
2001,12/2015,966,436182.5820542004,10905.987140033163,M,46.8,0.1
2002,12/2015,250,173312.69718040098,8523.66647232429,M,32.0,0.1
2003,12/2015,156,328110.9783627218,7702.559379528575,,64.8,0.7
2004,12/2015,67,1259907.9679643451,6576.916862670415,M,60.7,0.4
2005,12/2015,684,903775.6873147388,8341.839788271533,M,,0.5
2006,12/2015,527,626837.4352882612,9237.653923775386,M,,0.4
2007,12/2015,556,455626.8439283515,9932.956348716509,M,50.7,0.8
2008,12/2015,446,12491320.576249616,10756.365560701468,M,49.5,0.1
2009,12/2015,841,522625.57083179447,12418.494106799435,M,48.2,0.7
2010,12/2015,126,431791.740675151,10660.985844379595,M,53.2,0.7
2011,12/2015,910,6593263.998513316,9352.399773261095,M,58.2,0.6
2012,12/2015,112,604608.5354280681,7783.02084542886,M,54.7,0.9
2013,12/2015,191,581081.5774285367,8871.304664462943,M,50.4,0.1
2014,12/2015,739,219285.49695741438,6666.816713564836,M,37.6,0.6
2015,12/2015,579,609157.0154196286,8975.32636707716,M,41.3,0.3
2016,12/2015,111,403718.85684857843,8910.250775917379,M,45.4,0.8
2017,12/2015,285,6979876.930428266,10924.339571385952,M,47.3,1.0
2018,12/2015,796,1271804.1626191903,9530.324713538863,M,59.2,0.3
2019,12/2015,310,1217642.7261200538,11059.067200352916,M,42.2,0.8
2020,12/2015,458,290451.2903218594,9335.423971070808,M,39.7,0.2
2021,12/2015,884,804672.690681396,11363.635295203654,M,64.1,0.6
2022,12/2015,335,221916.5157148976,8027.715244565375,M,47.0,0.8
2023,12/2015,521,2440682.8672539666,7359.110105418639,M,56.1,0.8
2024,12/2015,887,963714.0805906478,8838.774721695616,M,,0.0
2025,12/2015,601,590605.9480198657,8627.763818420233,M,39.8,0.2
2026,12/2015,11,642834.2903017326,9139.382359168414,M,39.1,0.6
2027,12/2015,624,3667027.563671961,9072.338356039316,M,52.8,0.7
2028,12/2015,737,1251586.447325652,7687.656621840895,M,58.1,0.3
2029,12/2015,823,168634.32213799277,8480.200590759165,M,50.6,0.3
2030,12/2015,752,2835123.224672846,8907.534900397999,M,63.6,0.4
2031,12/2015,732,569590.8875975856,9716.540814244958,M,54.1,0.5
2032,12/2015,493,176348.5800305508,6767.701617294282,M,61.1,0.2
2033,12/2015,159,393275.1519971947,8619.546756117255,M,48.4,0.6
2034,12/2015,225,100410.34829595532,9237.210583789538,M,,0.6
2035,12/2015,784,255340.92328168897,6947.6806620585085,M,54.3,0.2
2036,12/2015,171,109703.37699545217,9003.239682059539,M,49.4,0.4
2037,12/2015,460,296722.243085941,8221.682870282382,F,33.0,0.3
2038,12/2015,408,6023206.701111018,9482.015094252367,M,65.0,0.9
2039,12/2015,239,259253.96769719827,7844.840360337015,M,60.4,1.0
2040,12/2015,812,2156378.767131105,8583.585218874376,M,54.7,0.9
2041,12/2015,896,1123003.6103691754,10475.369666663222,M,58.5,0.0
2042,12/2015,354,403542.8677104925,7883.58741085885,M,65.2,0.4
2043,12/2015,574,371633.3854704194,8395.672541849615,M,60.7,0.3
2044,12/2015,186,814429.8016842663,8535.903656671337,M,65.7,0.6
2045,12/2015,381,1054534.1276579993,9964.020461434257,M,44.0,0.1
2046,12/2015,898,450061.0075432754,11025.333585992445,M,46.5,0.0
2047,12/2015,405,88532.94937175437,9305.721643391536,M,32.2,0.1
2048,12/2015,439,267432.323048758,11830.85675115149,M,65.2,0.3
2049,12/2015,532,685575.2192311533,9839.068740122162,M,38.2,0.5
2050,12/2015,665,2547313.165179037,8519.723176116448,M,,0.6
2051,12/2015,962,270035.29489214526,9866.012440171737,,53.5,0.8
2052,12/2015,303,1591543.2246351794,8647.018350957884,M,37.0,0.6
2053,12/2015,996,428658.6243448712,7207.853128996402,M,41.0,0.5
2054,12/2015,836,1344892.455935832,8390.778262100619,,55.4,0.2
2055,12/2015,840,685860.1567308233,8466.84743846167,M,35.8,0.3
2056,12/2015,459,401904.28195828694,8769.515411030841,M,36.2,0.4
2057,12/2015,611,675840.2405070299,11084.9441285863,M,62.4,0.4
2058,12/2015,467,85213.9273857247,7142.701874355758,M,,0.5
2059,12/2015,786,204310.71547091927,7876.7316182081195,M,46.5,0.0
2060,12/2015,23,16217087.529374598,11806.783858735902,M,51.4,0.9
2061,12/2015,302,2640073.93008002,7805.547064107594,M,47.2,0.2
2062,12/2015,289,2308714.8621524163,8773.494749808244,M,39.5,0.5
2063,12/2015,155,3641024.4967663754,7412.15846800526,M,57.3,0.4
2064,12/2015,327,3816603.9340819675,8124.570822253345,M,51.8,0.8
2065,12/2015,114,3163440.011995704,7237.794365451049,M,61.1,0.9
2066,12/2015,756,369977.7665307352,7879.204022600309,,54.8,0.3
2067,12/2015,880,630808.8189739168,8903.475147666002,M,45.6,0.6
2068,12/2015,660,408413.9647861192,11170.05772806462,M,56.5,0.9
2069,12/2015,454,325348.9059621556,8747.099570724775,M,40.2,0.2
2070,12/2015,969,877345.7136231934,7480.456725381141,F,62.8,0.7
2071,12/2015,176,71221.1199929776,9287.998174986935,M,35.8,0.9
2072,12/2015,432,983012.7156441609,13033.338301398184,M,47.3,0.9
2073,12/2015,531,1807749.9638300072,9222.44222281629,M,46.6,0.9
2074,12/2015,101,358252.641238793,8602.623067771829,M,,0.9
2075,12/2015,738,159280.87454173996,7393.800911470786,M,36.7,0.3
2076,12/2015,271,1964691.987883988,12547.515853147113,M,64.8,0.4
2077,12/2015,423,3043862.4119930626,7234.642847196794,M,59.1,0.6
2078,12/2015,765,825510.53372202,7042.677076097765,M,47.8,0.8
2079,12/2015,691,421789.5270806866,8296.639389315364,M,44.8,0.4
2080,12/2015,533,104313.73757273715,8687.650630085316,,35.8,0.1
2081,12/2015,716,478085.4630346654,10055.195111389354,M,39.8,1.0
2082,12/2015,922,325696.1647144084,8913.941363147407,M,58.5,0.8
2083,12/2015,174,4647309.278776426,10936.834498620177,M,46.1,0.9
2084,12/2015,200,442351.9206925542,8153.426167133761,M,39.0,0.7
2085,12/2015,316,613090.7332975529,8850.855617379188,M,34.8,0.2
2086,12/2015,307,226009.18223708196,10764.413898643315,M,65.0,0.7
2087,12/2015,882,316683.2419447367,10248.475691380647,M,33.7,0.6
2088,12/2015,706,620270.5668376164,7908.933649070026,M,51.7,0.3
2089,12/2015,829,739090.4227423836,10106.629345254929,M,35.3,0.5
2090,12/2015,719,694324.8360510507,6891.115271572975,M,32.6,1.0
2091,12/2015,935,4933764.007205439,11403.906639418265,M,38.9,0.3
2092,12/2015,68,405018.0242002507,9406.733350743878,F,35.8,1.0
2093,12/2015,815,379712.8440054631,9288.285269471986,,64.2,0.3
2094,12/2015,747,3130786.5636879075,9104.637864328895,M,43.6,0.7
2095,12/2015,798,348124.1938593941,10301.552812529713,M,35.3,0.4
2096,12/2015,865,531820.8797915486,7164.6467059354,M,58.5,0.3
2097,12/2015,399,939727.0948458399,8442.114783154422,M,53.1,0.9
2098,12/2015,509,275243.1473923349,11118.078082066459,M,46.7,0.5
2099,12/2015,308,3985832.6986396057,12646.430720521043,M,48.1,0.9
2100,12/2015,502,612272.973070306,9824.852253307306,M,61.5,7.9
2101,12/2015,81,471334.6026851155,8998.847516651324,M,42.4,14.4
2102,12/2015,814,1141162.7768551551,10893.891653960489,M,33.1,18.7
2103,12/2015,666,7048942.388932853,8945.973388906363,M,35.3,8.7
2104,12/2015,205,387922.66613712587,10033.795780226308,M,56.6,9.9
2105,12/2015,759,412888.4726400253,9062.686678610722,M,44.5,3.4
2106,12/2015,96,2569290.20003109,7844.857137284993,M,37.2,9.4
2107,12/2015,671,179910.36801728792,13260.740738544731,M,61.4,16.8
2108,12/2015,100,297471.5636094469,8693.398889554985,M,38.1,17.2
2109,12/2015,321,332189.3868832539,7775.419903991713,M,,10.1
2110,12/2015,602,2880808.867509473,12825.340705138457,M,37.3,17.8
2111,12/2015,453,526572.7509663813,10287.184931914016,F,60.6,5.4
2112,12/2015,396,141420.28252490776,11401.217328602144,M,33.1,12.5
2113,12/2015,113,99854.6929371787,8206.35731898817,M,,16.9
2114,12/2015,988,464631.0671638405,13307.664625887895,M,32.9,11.3
2115,12/2015,956,2870619.440744149,9578.803615133358,M,65.2,15.6
2116,12/2015,59,433141.4281981907,8790.591530942713,M,46.9,8.1
2117,12/2015,593,3433303.1954046027,9641.456955707878,M,43.4,15.5
2118,12/2015,10,525028.3869492994,8204.018231089907,M,45.5,6.4
2119,12/2015,196,692253.991030083,9218.672999390654,M,46.2,4.3
2120,12/2015,38,568910.4162094604,7889.893877743006,,51.3,5.9
2121,12/2015,625,253162.81152062188,9919.348770899105,M,57.7,13.8
2122,12/2015,570,13588727.76523693,10366.802580199288,M,47.1,16.8
2123,12/2015,745,3171828.374079606,9593.003345052373,M,51.3,15.9
2124,12/2015,764,512744.6893345675,8528.625765445779,M,47.3,15.0
2125,12/2015,66,709031.9054148975,10798.96663930466,M,40.0,18.9
2126,12/2015,84,2337024.2781022643,7950.488248900274,,36.5,18.8
2127,12/2015,462,1002548.4370287405,10269.785941870026,,39.3,10.3
2128,12/2015,952,2684524.6538238246,10095.560189133403,M,56.4,4.4
2129,12/2015,970,591317.4122325047,9374.351344574223,M,34.0,11.4
2130,12/2015,333,1133047.5673278794,9692.286173577577,M,50.1,8.4
2131,12/2015,274,347234.25555401697,8302.890965576795,M,63.7,8.6
2132,12/2015,981,2033179.4182564716,9029.294894601324,M,62.2,1.6
2133,12/2015,110,1213562.4345413903,8165.200069305683,M,59.4,15.7
2134,12/2015,383,642948.3583738718,8257.589687793412,M,37.5,15.6
2135,12/2015,542,3808618.3947395515,8917.712871367316,M,35.2,7.8
2136,12/2015,787,626152.0877395079,8796.776685621486,M,59.9,12.3
2137,12/2015,57,94021.0158928638,8746.511262945354,M,65.6,16.7
2138,12/2015,412,1730475.2162638293,7677.647142089786,M,59.3,4.6
2139,12/2015,177,2152133.2364271847,8144.221050153164,M,41.0,1.9
2140,12/2015,560,2259836.4783430416,12766.64344476911,M,41.8,12.4
2141,12/2015,398,2359983.654910837,6579.5531453938165,M,52.0,4.8
2142,12/2015,916,1907070.7875232534,9361.036321973737,M,65.1,18.0
2143,12/2015,965,2704307.645876067,7726.495207705635,M,65.8,5.6
2144,12/2015,746,6078443.310656632,11313.1868902347,M,48.2,1.6
2145,12/2015,912,125060.20947677345,8653.96461898944,M,55.6,16.5
2146,12/2015,257,8069829.375549334,11013.777855586693,M,36.1,4.5
2147,12/2015,727,446832.15841554507,7570.854623254152,M,53.5,16.6
2148,12/2015,144,245050.11845896536,7467.620793251113,M,43.3,7.4
2149,12/2015,164,1600293.7334656923,14823.967145560462,M,39.8,10.5
2150,12/2015,48,423396.03320148855,8840.061672610924,M,63.4,11.9
2151,12/2015,872,4047850.061755846,11787.97448908553,M,50.2,11.6
2152,12/2015,391,90823.01011489813,7655.708833027507,M,47.8,2.2
2153,12/2015,703,3201070.5140861124,8642.434072564061,M,,7.8
2154,12/2015,504,6093813.333158142,9431.606260352128,M,40.0,1.8
2155,12/2015,876,2674460.4316015397,6549.967175512741,M,34.7,5.8
2156,12/2015,69,389912.1910602043,8848.624647186773,M,57.1,11.5
2157,12/2015,736,377402.4750652783,8055.599730641028,M,43.1,13.3
2158,12/2015,899,994551.9975399548,8661.808480997974,M,58.6,10.2
2159,12/2015,219,269701.6917746873,8395.3656831857,M,39.4,17.3
2160,12/2015,451,366866.2793318501,8851.904506399664,M,47.1,10.2
2161,12/2015,407,1598929.5631697695,6586.135017999957,M,46.4,2.4
2162,12/2015,735,425507.60882247443,10916.329892386073,M,54.1,4.8
2163,12/2015,249,642268.0042799517,8928.078738614397,M,60.9,8.2
2164,12/2015,145,303426.0872658163,11324.204479260801,M,49.4,7.5
2165,12/2015,12,2575859.6260903934,9839.673041870245,M,59.0,15.6
2166,12/2015,724,290260.0513422753,12503.0189071396,F,47.8,16.0
2167,12/2015,728,576489.1581204063,10825.206608247418,M,57.5,2.9
2168,12/2015,948,645549.9395219287,10202.35219548662,M,37.5,3.6
2169,12/2015,464,684688.4428923532,8383.059027488971,M,58.4,6.4
2170,12/2015,278,2510445.061235875,7939.690022778162,,47.4,10.8
2171,12/2015,89,2787057.933260314,7341.857181974464,M,42.9,7.5
2172,12/2015,124,146563.30694604566,8892.22015399404,M,35.2,9.5
2173,12/2015,185,581825.8705724023,9614.265043267847,M,35.5,14.5
2174,12/2015,514,725625.652757208,8538.12510248104,M,45.0,12.9
2175,12/2015,651,1370977.4385109073,10054.010700981904,M,39.2,8.3
2176,12/2015,669,2431130.259378252,6534.613317776994,M,52.6,13.9
2177,12/2015,97,981691.9119144508,8696.48595556552,M,62.2,11.0
2178,12/2015,924,486490.08294469933,9028.956409437551,M,64.5,11.3
2179,12/2015,323,1361399.3595741028,8432.364631652288,F,48.5,8.9
2180,12/2015,643,642075.9445994372,10206.960050404388,M,35.7,16.0
2181,12/2015,890,2811904.583016227,8194.43407074451,M,55.4,17.6
2182,12/2015,929,183360.46898811593,11289.782142187996,M,41.7,4.4
2183,12/2015,670,624379.3644432656,9706.054278061789,M,36.1,8.3
2184,12/2015,181,353260.41771693213,8681.403442490018,M,36.8,10.0
2185,12/2015,963,626841.3626142322,9043.296017447012,M,50.0,10.8
2186,12/2015,997,1132878.7219643001,10173.435218778764,M,61.6,10.5
2187,12/2015,858,995699.6213840134,9556.707595692036,M,38.2,1.5
2188,12/2015,403,670144.2410660319,7470.041524554296,M,45.4,7.8
2189,12/2015,572,298303.1274207125,8914.729213298173,M,,7.6
2190,12/2015,754,6011080.779152913,11981.631581349266,M,55.8,11.8
2191,12/2015,72,687285.481098551,9219.27159119394,M,46.7,11.5
2192,12/2015,283,646961.3994047905,7341.7864174095785,M,57.9,9.6
2193,12/2015,705,6354767.308977598,9947.648285256137,M,46.5,1.7
2194,12/2015,983,463265.86679673917,9978.130147388056,M,36.0,14.7
2195,12/2015,305,877508.053529062,10162.953237460522,M,63.1,4.2
2196,12/2015,857,436627.885377476,9162.044200882276,M,37.8,3.3
2197,12/2015,74,486543.16268421296,8904.530906058879,M,37.2,15.0
2198,12/2015,824,2494224.873284593,9090.454627919546,M,56.3,2.9
2199,12/2015,231,477261.06400375615,9391.57294581294,,42.2,17.8
2200,12/2015,130,4962719.030324807,9561.15465454934,M,59.5,15.0
2201,12/2015,248,582787.0205942682,14694.236906145257,M,36.4,14.8
2202,12/2015,149,701375.7649335141,6853.43648510477,M,52.6,5.5
2203,12/2015,329,346372.50825872994,8229.870064134948,M,43.4,4.5
2204,12/2015,582,216038.37918045168,8835.392477685624,M,46.1,4.4
2205,12/2015,328,415309.9212590808,11392.19459750749,M,39.4,11.4
2206,12/2015,779,490530.9777315709,7695.132160834935,M,,18.0
2207,12/2015,807,3485478.317550891,7930.698738072194,M,,12.8
2208,12/2015,821,5784711.700535162,7846.837745524042,M,55.6,4.4
2209,12/2015,366,428743.7620666385,8790.043121702154,M,42.9,7.5
2210,12/2015,433,495441.1497653662,9813.225470777143,M,37.5,8.6
2211,12/2015,371,412678.02551615785,8961.662271908972,M,52.2,5.6
2212,12/2015,384,149368.16308022226,9651.62712149477,M,43.5,2.5
2213,12/2015,632,304293.41865186446,8614.957469299561,M,35.3,14.1
2214,12/2015,861,537453.0435743388,9076.422063576823,M,48.3,12.6
2215,12/2015,65,298934.1710705434,7413.347504859909,,46.8,15.7
2216,12/2015,877,672932.1635826266,9177.239682487158,M,40.8,16.7
2217,12/2015,244,5453532.683873553,7832.333327451835,M,40.5,3.1
2218,12/2015,863,462670.00931009836,7684.888516089701,M,48.7,17.6
2219,12/2015,350,6242794.825217741,10229.221730848492,M,52.6,18.5
2220,12/2015,160,235795.828567014,8333.318977718514,M,34.9,18.1
2221,12/2015,45,1147926.2594359007,9725.213741563815,M,40.4,11.4
2222,12/2015,497,376155.94694189075,8105.829420582794,,46.3,11.7
2223,12/2015,237,3493281.9734359384,7321.774983223793,M,39.1,10.7
2224,12/2015,9,371443.4409162716,10774.052496865055,M,50.3,8.9
2225,12/2015,172,4384749.134293365,9780.42592649533,M,55.4,10.6
2226,12/2015,918,1480773.2416661975,9966.425314238031,M,45.0,2.6
2227,12/2015,950,1046445.2891804598,8035.8977408566625,M,34.7,6.3
2228,12/2015,134,1546090.6495377482,7610.427144925613,M,64.7,6.2
2229,12/2015,140,339512.64496198896,11503.774510014377,M,,14.0
2230,12/2015,238,393908.14902801125,10624.691700855816,M,61.8,3.6
2231,12/2015,567,380056.6830343695,6417.221583778923,M,49.1,15.0
2232,12/2015,146,187699.128012574,9121.206342889078,M,38.1,5.6
2233,12/2015,519,334427.5112536456,11692.010458099063,,42.7,1.7
2234,12/2015,428,3338735.798145315,9338.24024204357,M,37.0,13.8
2235,12/2015,612,614942.2057049029,8486.874658698169,M,56.8,10.3
2236,12/2015,153,368063.9163067778,9112.374845249442,M,32.3,18.2
2237,12/2015,592,280508.19258110475,8137.024879730066,M,52.6,12.7
2238,12/2015,713,190043.22544676554,7540.858466541116,M,45.8,18.2
2239,12/2015,933,2759904.618921727,10971.160810692256,M,48.6,14.2
2240,12/2015,686,225875.87371207148,9496.3340877707,M,40.8,5.5
2241,12/2015,331,8227851.478574648,9307.868799124848,M,36.7,9.1
2242,12/2015,885,4495950.7088156445,12241.1424278827,M,62.8,6.5
2243,12/2015,842,418521.18347346527,14500.035772736337,M,48.5,6.3
2244,12/2015,951,3115621.320177341,7926.015030123333,M,65.1,10.5
2245,12/2015,597,751290.1131927336,7869.216237078702,M,60.0,13.1
2246,12/2015,93,157098.1039768666,12021.11466378978,F,38.4,14.3
2247,12/2015,402,4859819.187212656,10666.742751808131,M,35.4,15.1
2248,12/2015,435,5269452.3886972405,12847.044212580011,F,60.4,17.1
2249,12/2015,751,474324.529626075,7860.690699922421,M,55.1,6.5
2250,12/2015,733,4427495.453872185,7023.86679076232,M,52.2,13.6
2251,12/2015,121,282533.3101504162,11919.896148089241,M,58.7,18.4
2252,12/2015,760,3030323.617926046,9104.221104870026,M,47.8,11.1
2253,12/2015,372,389887.3271211986,13952.790427709637,M,33.0,14.3
2254,12/2015,441,206280.59559901577,8699.989984434998,M,51.6,2.3
2255,12/2015,270,396985.65148464934,7100.135733538697,M,40.7,10.1
2256,12/2015,260,416985.921536263,8855.594086349556,M,34.6,1.1
2257,12/2015,442,115291.83255297758,8581.62223556976,M,61.5,13.5
2258,12/2015,19,552212.3355523102,7950.28841242502,M,,12.4
2259,12/2015,218,2477836.2113384292,8301.927325705019,M,60.8,12.0
2260,12/2015,1000,1434005.741637943,7537.938483587501,M,45.2,4.0
2261,12/2015,967,426948.19793589535,14322.017553848538,M,56.6,2.4
2262,12/2015,413,808070.3920069446,8623.275656643436,M,47.8,1.0
2263,12/2015,780,2875071.294697353,9499.363285640084,M,51.8,1.9
2264,12/2015,538,912431.7435455042,11677.749961118752,,44.3,13.5
2265,12/2015,255,206426.49490079828,11283.23381984541,M,50.9,15.2
2266,12/2015,211,3413433.06709789,12044.080266921597,M,36.7,8.5
2267,12/2015,465,673557.6283124855,9508.779876667764,M,62.0,17.2
2268,12/2015,583,498035.9660489202,9722.1485630338,M,39.0,8.2
2269,12/2015,489,3110112.767739784,8983.559119894942,M,39.7,17.4
2270,12/2015,353,358532.5825454615,9073.351155635712,M,65.8,5.3
2271,12/2015,415,660538.5328663167,9662.029734173053,M,62.5,7.1
2272,12/2015,594,1587027.4201697344,10572.835702724733,F,44.6,12.7
2273,12/2015,957,480906.26846845594,9042.765250939858,M,55.4,5.3
2274,12/2015,394,942140.2080496016,7722.160402296238,M,56.1,5.1
2275,12/2015,674,2687195.7311106496,12697.889105309001,M,61.2,16.6
2276,12/2015,646,5792010.395028833,11574.427044676873,M,35.1,10.2
2277,12/2015,972,2820101.794608088,8762.114081819409,M,65.6,1.6
2278,12/2015,791,2939348.639804733,9410.971670574458,M,60.0,8.0
2279,12/2015,78,659034.337822251,10824.91790256917,M,36.8,7.9
2280,12/2015,548,585743.9866524693,8401.98289938295,M,52.2,12.5
2281,12/2015,536,478874.2316488017,9276.492047145066,M,55.4,3.4
2282,12/2015,621,2470122.1832805537,7459.861531877593,M,54.8,1.7
2283,12/2015,762,415819.5968197928,7776.092453931621,M,47.3,14.9
2284,12/2015,516,425135.1888763865,8001.1606416163395,M,65.6,18.0
2285,12/2015,216,840238.0040243863,6742.023853538531,M,36.4,14.5
2286,12/2015,635,2954221.1759684216,9483.083231987155,M,55.3,14.8
2287,12/2015,926,498357.312214834,7934.2210473117475,M,43.2,14.0
2288,12/2015,135,662636.264800834,11214.124409493197,,,10.5
2289,12/2015,387,275274.68979494076,8347.205212182895,M,46.8,16.0
2290,12/2015,925,2231933.301807546,9409.232731589236,M,57.3,5.5
2291,12/2015,85,197746.04141548774,9053.780964321913,M,38.7,16.7
2292,12/2015,586,705461.0279923372,6949.191014007422,M,32.2,7.8
2293,12/2015,571,2620624.2718793093,9727.96241568128,M,53.2,13.8
2294,12/2015,855,1545434.6376298561,8035.574908229935,M,64.2,15.2
2295,12/2015,685,5397229.545141686,9581.759906549009,M,47.0,7.8
2296,12/2015,63,4259695.43411667,9600.489320267601,M,61.6,12.5
2297,12/2015,264,899220.5785123445,8708.836430546984,M,59.1,12.7
2298,12/2015,701,298759.18226000835,8783.566953801377,M,37.3,10.7
2299,12/2015,73,973152.0970116841,7864.921073630865,M,48.6,14.7
2300,12/2015,478,4904894.174494545,8467.36329804656,M,35.7,7.8
2301,12/2015,661,2721294.7347244476,9676.442470578733,M,57.1,1.7
2302,12/2015,228,1875315.3875442487,10853.18001623783,M,48.1,9.5
2303,12/2015,309,3163861.5963468193,8950.214523579069,M,38.3,14.6
2304,12/2015,382,525772.6134886348,7022.300192929817,M,34.4,10.9
2305,12/2015,914,673607.9280080212,9769.903043546738,M,54.5,6.4
2306,12/2015,170,920756.7486911144,13434.599373642817,M,34.1,16.2
2307,12/2015,808,347731.7711836498,7954.421195252592,M,45.2,4.6
2308,12/2015,279,230954.357110004,7820.561830175011,M,44.8,3.9
2309,12/2015,852,4697163.024460641,7560.581715326454,F,37.4,13.3
2310,12/2015,258,7767426.19174336,9629.477708374638,M,43.5,6.3
2311,12/2015,920,787570.919449891,7987.917170599594,,64.9,14.6
2312,12/2015,167,105110.61096216588,7083.162768574801,M,37.0,6.7
2313,12/2015,229,580692.4928887151,9695.457357115747,M,55.1,7.9
2314,12/2015,293,423854.1123229514,9740.217340089946,M,44.9,10.8
2315,12/2015,569,155655.88675131593,8319.040576779438,M,39.7,13.3
2316,12/2015,39,86822.78708634313,8756.823177189319,M,58.6,1.1
2317,12/2015,562,280566.2330076265,7949.3017478213515,M,43.4,10.0
2318,12/2015,819,949526.967570526,11874.108225720172,M,33.6,15.2
2319,12/2015,652,318608.52041625674,8142.314486451035,,43.2,1.1
2320,12/2015,827,978789.9561967247,11944.208367979432,M,65.0,3.2
2321,12/2015,915,1946284.717495152,16689.441714066652,M,47.0,13.0
2322,12/2015,35,950439.6152742537,9447.645120080302,M,53.3,4.0
2323,12/2015,358,348700.6915850069,8286.563124442902,M,35.8,18.3
2324,12/2015,867,1086202.6347875302,8162.878961331753,M,53.5,10.1
2325,12/2015,979,2441879.5646429197,8931.839129129969,M,64.3,9.9
2326,12/2015,599,266453.48525348766,8128.075563209074,M,,18.4
2327,12/2015,470,1389247.5260697268,10692.934335267288,M,45.0,3.5
2328,12/2015,903,224580.06833353534,9997.692538798412,M,,16.7
2329,12/2015,420,1545687.90320173,10737.656616917353,M,56.3,5.9
2330,12/2015,150,489824.1370834105,8024.980529441966,M,,10.2
2331,12/2015,631,398789.31222447037,9281.468291424555,M,43.4,6.2
2332,12/2015,616,436477.96778733283,7228.66616706469,M,61.4,8.8
2333,12/2015,373,1756975.7586406786,8143.349072760991,M,60.9,5.9
2334,12/2015,577,483716.75807555165,8442.95089348916,M,42.5,15.7
2335,12/2015,901,494929.920218837,7095.713435269054,M,56.5,9.0
2336,12/2015,55,2045804.035065192,7875.26138715723,M,34.8,2.7
2337,12/2015,908,750280.9832550425,15748.39797442334,M,39.6,15.1
2338,12/2015,883,518581.3040509899,8982.279358664478,M,,15.3
2339,12/2015,522,1623401.5571159718,8674.29213561262,M,52.2,14.7
2340,12/2015,811,1617098.4560247338,8024.805453704777,M,,18.6
2341,12/2015,137,548762.6916143863,8613.276848283003,M,58.3,17.6
2342,12/2015,600,205349.63396041622,9771.99827753565,M,38.4,17.2
2343,12/2015,673,457744.6913352334,7480.0123675028335,M,49.1,5.2
2344,12/2015,575,602086.3866323696,6448.708241806146,M,32.9,10.9
2345,12/2015,469,4569435.741243457,8126.558886718933,M,64.1,10.3
2346,12/2015,698,98259.08861986978,8290.466530714095,M,62.6,5.0
2347,12/2015,245,647176.4183650659,8192.612439980148,M,60.9,13.2
2348,12/2015,363,532376.5666077533,7589.921837080705,M,45.2,1.3
2349,12/2015,911,447645.20355140837,8894.695495419634,M,53.9,13.9
2350,12/2015,343,557122.0308480461,8276.881264683132,M,63.1,16.4
2351,12/2015,886,936244.1050685223,8206.873822724658,M,59.7,10.7
2352,12/2015,262,589249.8783242807,8076.31811840533,M,64.6,14.7
2353,12/2015,222,1538512.7599313057,12925.595743479664,M,39.2,11.6
2354,12/2015,731,1864436.185946868,8938.349614419885,,35.2,7.5
2355,12/2015,31,1999495.53392744,9478.698620991094,,36.7,16.8
2356,12/2015,32,588935.7938553594,8421.078437726947,M,55.5,2.4
2357,12/2015,545,2716009.2333565815,12391.149753608963,M,42.4,3.8
2358,12/2015,553,161419.2927407074,7705.172338073725,M,35.3,1.8
2359,12/2015,284,1747240.4490287802,11548.521194627494,M,40.5,14.4
2360,12/2015,94,1851749.850542757,7509.3645967300845,M,,9.2
2361,12/2015,472,983793.1698864956,14338.680733073994,,40.5,8.5
2362,12/2015,748,5242573.827081514,12067.184355345931,F,40.7,14.3
2363,12/2015,3,2594891.150889789,8803.137933133235,M,49.3,4.7
2364,12/2015,676,598827.5479786121,8274.165073961887,M,43.8,17.0
2365,12/2015,233,868295.5469499251,9443.683095493714,M,38.2,12.8
2366,12/2015,919,144966.1554706414,8001.48740895216,M,34.6,11.6
2367,12/2015,54,2520983.9003478778,9862.991037637123,M,57.6,1.3
2368,12/2015,95,2820708.337048666,7254.816509885383,M,55.1,14.3
2369,12/2015,818,1986653.9613571004,8700.374282083885,M,,4.6
2370,12/2015,349,875964.2040442068,10866.842197404518,M,63.1,16.7
2371,12/2015,224,3621280.324741364,7650.187532168391,M,42.2,9.8
2372,12/2015,526,281338.52001521137,9844.67562070944,M,62.7,18.8
2373,12/2015,613,3446558.258998076,7729.95733603736,M,50.9,2.5
2374,12/2015,845,301647.42078763834,7726.97686396045,M,,5.5
2375,12/2015,894,397218.4360571268,10282.876469323153,M,47.3,18.1
2376,12/2015,419,1260841.7795753723,9265.449751497878,M,,18.2
2377,12/2015,707,235967.4508414527,8441.433188513922,M,56.4,12.6
2378,12/2015,426,1024715.0029853536,7051.011843283044,M,43.0,7.2
2379,12/2015,427,542488.6059915833,9790.980089591443,M,48.1,3.4
2380,12/2015,978,705070.1292453874,7749.337897206524,M,40.8,8.0
2381,12/2015,610,751424.5202075768,11759.893345627454,M,64.5,8.9
2382,12/2015,76,6643608.264329478,9372.633708927824,,46.8,11.5
2383,12/2015,629,8626899.06918953,10473.194789621697,M,46.4,15.7
2384,12/2015,326,2915006.5863859816,10984.703012275317,M,32.6,1.6
2385,12/2015,875,2103199.2504992546,7507.124153954849,,42.4,16.3
2386,12/2015,409,404992.8769178634,11956.150138315683,M,45.0,14.6
2387,12/2015,940,2040752.0703116714,7098.36934890415,M,53.9,9.6
2388,12/2015,642,326670.888104687,6958.062163024291,M,43.3,8.4
2389,12/2015,14,585377.7116490969,9927.969959123222,M,56.5,1.7
2390,12/2015,129,2403777.539887973,9031.736610582491,M,35.6,11.3
2391,12/2015,474,131271.687821248,10193.847361949112,M,56.2,13.1
2392,12/2015,312,943876.0997247363,14750.00489659468,M,61.2,13.4
2393,12/2015,708,456558.83089825674,8670.858758163262,M,40.4,1.6
2394,12/2015,30,92492.98633862824,8564.77903467821,M,46.1,9.2
2395,12/2015,161,946050.3502168575,9564.11539996347,M,51.3,2.9
2396,12/2015,839,648887.7459768837,10541.992332079151,M,36.7,1.6
2397,12/2015,400,1091688.1185169842,9553.42196146257,,58.4,10.9
2398,12/2015,375,733237.22272392,9718.581002012574,M,43.3,18.2
2399,12/2015,298,435769.9607198552,11136.223659198446,M,39.2,11.8
2400,12/2015,29,283664.4814663099,8826.888266218653,M,46.5,10.7
2401,12/2015,679,676373.5158230392,7909.147241621687,M,32.7,10.4
2402,12/2015,422,615938.8930917848,7547.631239391743,M,50.1,11.6
2403,12/2015,50,185779.71652154104,7779.51001211652,M,53.7,9.0
2404,12/2015,804,2321553.466543438,7886.565300509839,M,32.4,13.2
2405,12/2015,627,2720696.723427567,8066.890627812756,M,41.2,15.2
2406,12/2015,874,425302.9401357296,7749.246557103065,M,38.0,2.2
2407,12/2015,165,293082.4915620293,9311.661050413202,F,50.4,17.6
2408,12/2015,905,1463603.168776605,5650.08706380881,M,32.6,15.8
2409,12/2015,37,364669.63384429767,7090.281131341037,M,43.8,12.4
2410,12/2015,501,234317.0320906755,11970.337150145064,M,47.7,9.3
2411,12/2015,529,100168.28204726464,8878.364564712861,M,47.5,6.1
2412,12/2015,774,231873.3097128215,9882.597279559272,M,62.2,17.0
2413,12/2015,772,366296.9630279317,9056.054962762502,M,47.7,8.2
2414,12/2015,773,4399105.227905532,8508.573634927008,M,,14.6
2415,12/2015,388,795230.532344948,9685.233775882265,M,,1.6
2416,12/2015,194,328103.2123530943,8338.570011921518,M,65.8,18.7
2417,12/2015,778,438997.7880726654,9290.023358810002,M,62.7,4.5
2418,12/2015,830,1692970.9748240523,11009.958010477318,M,49.8,5.2
2419,12/2015,655,709345.9222291997,8942.366036828382,M,51.5,7.7
2420,12/2015,461,169220.60799330205,8221.025995392501,M,64.8,2.5
2421,12/2015,927,122770.63186651228,10834.849771049317,M,53.3,9.6
2422,12/2015,90,611061.4541737213,7911.194514607305,M,60.6,11.5
2423,12/2015,348,2653963.4737681514,8451.982454853876,M,60.8,1.0
2424,12/2015,313,130970.46594802012,7440.663473270795,M,53.1,14.1
2425,12/2015,590,896503.561290671,8452.242236634967,M,40.8,4.2
2426,12/2015,179,378832.2540008674,7845.794428710629,,52.8,15.2
2427,12/2015,496,170659.60413884177,9136.09548773778,M,58.0,17.3
2428,12/2015,517,2370201.935116212,12119.631697992727,M,46.1,16.4
2429,12/2015,744,982826.3193377804,14842.434130223442,M,48.2,14.3
2430,12/2015,682,1900940.6828425454,12464.68031327908,M,46.5,10.8
2431,12/2015,809,3943689.7005008557,8839.099579142478,M,40.3,17.8
2432,12/2015,658,2075478.9227119985,11109.1922957195,M,46.5,11.6
2433,12/2015,158,1316262.6658898226,7400.044198412014,M,,3.0
2434,12/2015,357,503861.38173649576,7450.738764259212,M,42.8,9.0
2435,12/2015,221,647902.2574383173,11429.60918950926,M,64.0,3.7
2436,12/2015,633,3789537.1197292567,9097.620244883368,F,46.4,2.6
2437,12/2015,721,649177.712051185,9625.270933567415,M,36.7,14.4
2438,12/2015,783,2898307.3183224765,8433.976561345095,M,43.3,9.7
2439,12/2015,304,664755.2569636427,8324.96036223673,M,60.5,17.7
2440,12/2015,789,439213.36033449066,8407.583770722997,F,39.7,8.0
2441,12/2015,486,489198.7993240871,9961.197012345736,M,56.4,5.1
2442,12/2015,580,3160072.8022144698,8434.321345451592,M,63.8,10.4
2443,12/2015,6,3640425.239613843,7847.153268972314,M,35.5,15.1
2444,12/2015,934,376744.3804169472,9944.229593160266,M,32.4,13.9
2445,12/2015,645,970574.1591324637,8391.629806008457,M,52.4,2.3
2446,12/2015,206,2182193.5047727465,8272.36088363711,M,64.2,5.3
2447,12/2015,401,374326.70992497227,7356.849596683701,M,,13.2
2448,12/2015,826,682887.194895245,9316.77179711801,M,33.7,5.3
2449,12/2015,83,1779490.3109471297,11871.447184651384,M,65.4,8.2
2450,12/2015,183,386816.7152224114,10665.592808720052,M,41.2,14.6
2451,12/2015,42,253576.348572646,8580.030021509905,M,56.3,13.9
2452,12/2015,722,3812504.1360603794,9197.78735738878,M,45.4,18.3
2453,12/2015,503,761352.8964467121,19043.310585550054,M,,18.0
2454,12/2015,620,5291440.495804649,11540.291233193699,M,57.3,1.6
2455,12/2015,755,650976.6864469327,9040.197273987826,M,53.1,14.7
2456,12/2015,873,3460503.384990379,8432.648807692603,M,33.1,16.5
2457,12/2015,781,1082602.4059248369,8246.741748590106,M,33.4,14.1
2458,12/2015,40,1437241.592884303,14757.021625057818,M,36.4,9.0
2459,12/2015,240,1119107.3408051517,7918.172727209722,M,,5.8
2460,12/2015,436,1910443.3740868897,13407.001320327336,,37.8,12.0
2461,12/2015,320,917356.2103456944,7952.024406861609,M,43.1,14.4
2462,12/2015,723,105972.36846517764,8152.2302801113965,,,3.7
2463,12/2015,947,521686.3359867396,8700.683458490212,M,41.6,14.9
2464,12/2015,168,2487896.828886096,9849.708640864796,M,60.0,11.2
2465,12/2015,259,2582628.8283095537,7759.6806645996685,M,60.8,2.7
2466,12/2015,913,615305.9068473199,9133.245371121417,M,53.6,9.3
2467,12/2015,985,286476.78803972603,9143.46478267395,M,51.8,15.1
2468,12/2015,539,153342.091227941,8887.392095222902,M,41.5,10.6
2469,12/2015,975,1894287.9084293654,14376.50736650515,M,46.1,9.3
2470,12/2015,771,174534.88156936324,10091.344943942806,M,59.1,12.7
2471,12/2015,566,758301.3706999698,9206.999129688076,M,,11.7
2472,12/2015,325,239057.19910359717,10627.68305509137,M,59.5,7.6
2473,12/2015,813,700551.5035795181,9043.559878793792,M,56.3,16.7
2474,12/2015,253,127184.41429888892,11963.609125867863,F,52.5,18.0
2475,12/2015,817,653285.9919036722,10161.156198976452,M,35.7,7.4
2476,12/2015,958,3991052.7184100254,12424.861077481502,M,42.6,2.3
2477,12/2015,564,251068.59888934885,8483.708262379138,M,36.5,18.6
2478,12/2015,448,560327.9893086348,11084.803508063966,M,51.5,15.3
2479,12/2015,322,1077538.990181418,8076.616718653327,M,45.2,13.4
2480,12/2015,909,3831637.4183835653,8106.746684798,F,45.0,18.5
2481,12/2015,208,93895.92663171433,8102.789745540973,M,57.5,3.7
2482,12/2015,306,1788385.335469148,8733.79575685083,M,57.0,16.2
2483,12/2015,471,3051541.671439844,7975.925892070848,M,64.4,4.4
2484,12/2015,833,514442.87397052464,8946.491390001564,M,45.8,14.0
2485,12/2015,518,1032456.5065666612,10040.320640306272,M,55.0,16.6
2486,12/2015,607,630601.2751316304,10509.813048791657,M,34.1,13.1
2487,12/2015,743,2930213.9930220544,7760.378905193257,M,55.6,1.1
2488,12/2015,431,2336771.4118736843,11176.90142654681,M,42.5,3.0
2489,12/2015,554,269786.31398333854,11204.806278971986,M,40.1,9.5
2490,12/2015,866,423021.0710280452,9339.768364023912,M,35.4,6.1
2491,12/2015,740,3545628.557842633,9043.235577186868,M,54.5,9.9
2492,12/2015,534,287396.0612471201,8496.657732423893,M,63.4,16.5
2493,12/2015,681,5875676.618815011,12713.651445858515,M,56.8,4.5
2494,12/2015,694,174302.71450851546,6303.195575473542,M,56.6,8.8
2495,12/2015,557,730563.450716617,9708.752870112712,M,61.4,16.5
2496,12/2015,204,4050104.606322284,8742.978241193412,M,54.7,9.8
2497,12/2015,275,137058.79860801963,9171.937400759385,,34.7,14.8
2498,12/2015,525,2404355.681772967,7748.057548958777,M,39.2,9.1
2499,12/2015,33,598333.31170885,10013.410290408565,M,55.8,15.2
2500,12/2015,18,4166199.6353636077,11140.080019279572,M,36.9,16.0
2501,12/2015,835,452634.70934014115,9426.335095841554,M,,12.8
2502,12/2015,649,4763534.075754315,8603.336933971594,F,41.6,6.4
2503,12/2015,406,532782.0374016832,9429.580721882478,,36.0,1.4
2504,12/2015,640,335279.1807703973,6743.573046892354,,64.7,9.2
2505,12/2015,79,2864536.6905331863,10450.592815933844,M,41.3,4.9
2506,12/2015,942,2963113.8046022677,9690.868423618664,M,50.2,14.9
2507,12/2015,895,853300.526993444,10122.20569110769,M,33.5,17.3
2508,12/2015,766,508663.41314842337,10459.908219097271,M,62.4,7.1
2509,12/2015,51,3159325.4167148857,9273.484552658425,,39.9,6.9
2510,12/2015,702,1374824.9110493169,9517.63688154095,M,57.5,12.7
2511,12/2015,332,447985.69899409,8486.510462126782,F,55.0,18.7
2512,12/2015,314,343881.1281544299,9199.52477957266,M,49.4,4.0
2513,12/2015,118,4191465.045127208,9754.998221022992,M,39.8,9.3
2514,12/2015,445,847800.7963117894,8524.952475835607,M,59.4,18.6
2515,12/2015,906,4230565.92820663,10250.634630546554,M,57.2,5.3
2516,12/2015,555,3391100.595083485,7218.860389008209,M,62.5,3.5
2517,12/2015,105,511329.6835004905,9592.925393160247,M,48.3,2.2
2518,12/2015,879,1872785.7086783724,9476.58661784123,,64.1,3.3
2519,12/2015,175,502948.5218981774,8273.030053451579,M,38.2,7.2
2520,12/2015,367,96117.36696861817,9015.769626348703,M,58.5,5.2
2521,12/2015,810,2178222.1597644025,8874.670818957433,M,44.5,2.3
2522,12/2015,892,121933.31854959292,7742.086482097587,M,65.4,15.5
2523,12/2015,964,1307983.8087591217,10568.05406359225,M,50.2,6.4
2524,12/2015,946,2795140.1391718592,6870.073222159381,M,52.1,6.6
2525,12/2015,547,2725852.7768105,8309.894166921686,M,,7.5
2526,12/2015,999,3517493.9561110125,9008.844189849486,M,45.1,14.1
2527,12/2015,953,711455.5170073266,6340.215869150555,M,47.7,14.8
2528,12/2015,202,1845033.3358743642,8286.231189845928,M,57.6,4.0
2529,12/2015,345,626963.7410379525,9577.171233749143,M,40.8,12.9
2530,12/2015,718,346254.9845299072,8043.890634567771,M,65.1,1.7
2531,12/2015,276,3740012.9578718073,9152.974756506885,M,45.1,18.5
2532,12/2015,768,366319.0911307868,11897.570375439345,M,63.5,6.3
2533,12/2015,411,833540.4016964065,8411.013278514525,M,58.7,2.5
2534,12/2015,192,3354521.5585848214,10450.394864622085,M,45.7,5.7
2535,12/2015,115,1066086.494406561,8327.31722520823,M,36.3,17.6
2536,12/2015,162,2585866.4485588865,8112.167580993954,M,35.5,12.1
2537,12/2015,636,2234631.553506458,9812.257443371982,F,63.9,7.2
2538,12/2015,870,3953055.543862403,8038.384014350091,M,42.5,2.6
2539,12/2015,468,3317859.847567463,8277.242612355716,M,52.3,3.3
2540,12/2015,490,2861608.7561067953,9171.062797305269,M,62.1,12.7
2541,12/2015,558,3297052.8655465213,9113.661908714377,M,35.8,9.1
2542,12/2015,662,1500554.1438047145,8426.946944121508,M,51.0,6.8
2543,12/2015,834,1168093.3730533873,9870.891443002365,M,39.8,1.8
2544,12/2015,907,125989.30752837236,8384.863374256594,F,61.1,3.8
2545,12/2015,15,3864971.5208377102,10029.475326951326,M,35.0,4.2
2546,12/2015,588,819449.0447548167,8504.131812463165,F,47.5,14.8
2547,12/2015,859,5450361.221544303,9165.626414421748,M,44.3,4.2
2548,12/2015,109,805893.1665112857,9385.659103133088,M,45.2,7.3
2549,12/2015,369,422038.57919317426,11591.240822684314,M,36.2,8.9
2550,12/2015,188,525905.7451797394,8356.885456249141,M,33.0,18.5
2551,12/2015,166,2765988.278684199,7247.518727218576,M,,1.3
2552,12/2015,180,4601678.818548474,8550.428526383068,M,48.2,10.8
2553,12/2015,986,402178.4090750544,9088.811051490937,M,34.5,8.6
2554,12/2015,438,475182.95273912576,7648.533369026678,M,37.4,7.0
2555,12/2015,120,1298147.9397684732,7910.421319260231,F,49.6,7.2
2556,12/2015,414,3468001.2162068817,8462.73201712426,M,38.1,7.7
2557,12/2015,389,723613.5172536381,9241.067158782296,M,58.5,1.7
2558,12/2015,91,3108615.7644567383,8323.333641766496,M,33.5,2.7
2559,12/2015,565,73867.04717828927,8497.074734182668,M,44.3,17.2
2560,12/2015,16,395444.8880619734,8203.37553805799,M,47.8,8.0
2561,12/2015,443,2409378.9079276957,10107.216376251716,M,36.6,1.5
2562,12/2015,507,2903144.127327445,14248.252674472564,M,62.1,9.5
2563,12/2015,404,493739.29188425234,12966.022771188394,M,55.1,14.7
2564,12/2015,280,2727328.336518677,9460.747312535488,,60.1,2.4
2565,12/2015,654,5763717.539723675,9149.952169799812,M,55.4,9.7
2566,12/2015,376,5659291.636863136,8199.26058258383,M,37.8,6.4
2567,12/2015,169,230423.8201631574,8483.751122919151,M,60.7,18.0
2568,12/2015,931,552696.4425423824,7984.964282828982,M,62.2,15.4
2569,12/2015,664,515267.3755834593,11244.47154789313,M,45.6,17.9
2570,12/2015,272,99776.06867744504,6462.54679401842,M,41.3,10.3
2571,12/2015,667,4194338.657152373,9253.777147867604,,53.4,1.7
2572,12/2015,209,3658505.7010292695,9336.537336913207,M,47.4,11.3
2573,12/2015,687,2936867.9460590794,9051.122951982805,M,43.9,9.8
2574,12/2015,893,2247736.665113189,8182.3172103621355,M,38.7,2.4
2575,12/2015,184,430525.42463537457,7465.781115794777,M,46.3,14.7
2576,12/2015,711,1912708.339521136,12679.829342982559,M,51.6,17.6
2577,12/2015,543,1749981.056612089,11252.524539294385,M,59.2,12.0
2578,12/2015,864,459798.8249983146,7582.20533872041,M,35.7,8.6
2579,12/2015,995,408133.0530919382,7707.812850336144,M,,3.7
2580,12/2015,563,391493.4190510855,10360.694479688655,M,44.1,7.1
2581,12/2015,58,947044.8937176142,6436.83423093576,M,61.0,6.9
2582,12/2015,46,483119.4670034386,8923.67868462747,M,35.1,13.7
2583,12/2015,226,3996066.715848855,11704.080250657607,M,57.1,8.2
2584,12/2015,286,91035.38936076357,8774.7274796574,M,64.2,16.9
2585,12/2015,475,132145.57442746885,8579.401945719052,M,37.6,9.6
2586,12/2015,578,350657.5870200827,8304.385354876656,M,55.7,8.8
2587,12/2015,695,2576625.922940994,9142.49128592635,M,40.3,15.1
2588,12/2015,417,260172.10718209657,11280.385373288093,M,44.2,3.6
2589,12/2015,421,1944961.012909727,7838.577609510929,M,51.3,11.2
2590,12/2015,397,3260795.5339845363,10090.503187996059,M,,12.9
2591,12/2015,273,564619.9155313458,8181.857677165938,M,43.7,13.2
2592,12/2015,281,382086.95582105475,8839.289785127437,M,58.1,16.5
2593,12/2015,945,1127476.375452409,9940.130355788593,M,40.5,7.3
2594,12/2015,862,4452098.1649507545,7786.925628054736,F,53.6,4.1
2595,12/2015,232,1959945.902546656,8044.889411206065,M,44.7,13.6
2596,12/2015,550,315356.09680972423,9178.079751788839,,46.4,7.5
2597,12/2015,917,1040958.9309202093,9261.702786875634,M,32.3,17.7
2598,12/2015,56,320456.86215161235,8292.060033135649,M,38.6,14.0
2599,12/2015,377,3299646.791880427,7717.366578808899,F,57.8,4.0
2600,12/2015,143,1006903.2451873183,8221.162928177055,M,,7.3
2601,12/2015,782,278782.00123963587,6771.824794892925,M,57.1,15.8
2602,12/2015,17,400968.33161531866,9421.918619090167,M,,18.5
2603,12/2015,800,1294129.5375252024,8376.771538561541,M,55.4,15.0
2604,12/2015,418,847513.9075215302,7730.3716376561915,M,50.6,9.8
2605,12/2015,282,1161964.4452750066,9580.028731077091,M,59.1,15.3
2606,12/2015,495,2149041.6218437855,7795.649194341502,M,52.5,5.5
2607,12/2015,492,334402.90082515654,7709.288330377954,M,47.2,11.8
2608,12/2015,968,3945483.658712365,13110.835391588793,,59.5,2.6
2609,12/2015,802,884470.4197816374,9418.729098425061,M,37.0,11.4
2610,12/2015,215,1111852.7997446654,9490.822837278816,M,52.5,7.2
2611,12/2015,959,11528117.751425805,11487.916819607115,M,63.1,13.2
2612,12/2015,954,118587.36916030406,11089.39769193227,M,42.1,5.8
2613,12/2015,482,592880.88062326,9277.179664997635,M,65.9,13.1
2614,12/2015,102,739278.4057706267,9685.934446522153,M,55.2,11.6
2615,12/2015,776,406024.9031971123,11327.17340357593,M,,15.6
2616,12/2015,528,299596.9394680773,11176.974047015114,M,32.7,15.5
2617,12/2015,292,2286565.687020576,8248.138189798672,M,32.6,13.2
2618,12/2015,971,2766105.6446844744,7960.508135814918,M,63.5,15.5
2619,12/2015,152,1594409.2729452865,8340.081206675575,M,35.5,3.3
2620,12/2015,750,406891.89921355114,9385.951156374113,M,57.0,16.5
2621,12/2015,199,3724435.598970196,8520.158032754196,M,49.2,13.1
2622,12/2015,154,1480599.4849063442,8043.72612934822,M,,6.9
2623,12/2015,675,216364.27114192268,7995.861199262953,M,56.2,10.5
2624,12/2015,288,4652736.572379352,9612.79018838505,,47.6,18.3
2625,12/2015,523,499076.595132531,9684.530432080812,M,32.1,1.2
2626,12/2015,688,3156761.697771479,8143.953386401536,M,41.3,4.0
2627,12/2015,360,2387468.1395421857,8676.794994540402,M,49.5,12.0
2628,12/2015,960,159187.5563837045,9000.267215617605,M,55.1,9.8
2629,12/2015,368,155357.47909825883,8826.238737867778,M,53.7,14.7
2630,12/2015,456,783548.6779785363,8700.631696455426,M,55.8,5.9
2631,12/2015,512,304473.35813906725,11216.822703706122,,50.1,15.9
2632,12/2015,650,96062.15159850105,8087.20124576862,M,43.0,12.5
2633,12/2015,380,580621.9371147687,9760.970975037477,M,61.4,1.5
2634,12/2015,139,488186.9900863219,7991.957402443228,M,56.4,8.7
2635,12/2015,994,615564.0086209144,14703.510352081432,M,42.5,2.6
2636,12/2015,689,456928.10721752374,11777.098658369081,M,63.1,2.4
2637,12/2015,243,2123301.877481413,9141.94723821568,M,38.2,16.7
2638,12/2015,148,404178.63600258616,7468.307376339247,M,64.4,9.8
2639,12/2015,252,3800545.332684409,8707.832795970975,M,40.6,14.0
2640,12/2015,265,180237.35341795348,8910.5980295977,M,39.6,3.8
2641,12/2015,362,2484934.867876937,7891.166500990639,M,39.0,3.7
2642,12/2015,336,884668.8127709676,7722.457858451072,M,53.4,15.5
2643,12/2015,928,741057.5641603688,9463.278522509454,M,63.0,14.1
2644,12/2015,515,3168756.88109864,7978.405849978429,M,56.7,9.7
2645,12/2015,483,2940380.4486602712,8120.755456503116,M,47.0,12.5
2646,12/2015,395,2261747.3150978484,9724.54904431241,M,59.5,16.9
2647,12/2015,758,466599.87565048493,10042.292796451842,M,45.8,3.4
2648,12/2015,361,477818.78757469234,11345.964638032052,,51.1,15.4
2649,12/2015,657,469505.61366945447,9282.083381942515,M,53.9,10.4
2650,12/2015,761,300333.8134405565,7396.079416367009,M,33.4,8.7
2651,12/2015,881,1044893.5310440487,7616.348259226132,M,53.5,2.0
2652,12/2015,197,532306.6040230484,9452.27267236143,M,44.6,12.9
2653,12/2015,290,5928234.319249963,9060.968204799761,M,37.7,4.3
2654,12/2015,742,4304259.950200493,9160.78872224028,M,47.7,1.4
2655,12/2015,848,1374147.189205237,13486.823011688197,M,58.3,10.1
2656,12/2015,820,464318.903345579,8916.061852657134,M,32.4,14.0
2657,12/2015,122,828206.1093261741,9440.866791722694,M,42.0,5.7
2658,12/2015,340,2291752.232338035,9361.187696359284,,43.5,6.5
2659,12/2015,714,360224.7490389471,8372.859843633376,M,39.5,9.7
2660,12/2015,699,1885294.6917359426,8109.742498948167,M,38.8,17.8
2661,12/2015,825,525733.6282174928,7657.058772046918,M,39.7,5.7
2662,12/2015,717,330549.2579541427,11899.426884711776,M,51.8,18.7
2663,12/2015,318,3567989.713355963,9251.306066861687,M,60.5,9.5
2664,12/2015,104,1523620.1456662558,13021.037556006657,,57.0,5.7
2665,12/2015,816,137141.6204819573,8659.034969688051,M,32.0,1.0
2666,12/2015,296,785935.5846832875,11862.694209608515,M,42.2,11.1
2667,12/2015,696,770605.9792258075,8918.671548772565,M,41.1,14.7
2668,12/2015,27,615446.1958406031,11046.621104074067,M,54.4,12.8
2669,12/2015,22,758135.00443764,8777.46587690767,M,50.2,13.8
2670,12/2015,785,2386167.615416954,8512.187982793379,M,,14.7
2671,12/2015,256,3430000.1974578034,7700.210633257494,M,,8.8
2672,12/2015,75,2836743.6918708086,7764.903562025217,M,47.3,6.5
2673,12/2015,5,578302.6480889292,9516.718594800426,M,39.8,4.7
2674,12/2015,217,2627445.5356166153,8478.02377848994,M,64.4,14.8
2675,12/2015,869,259480.04875225248,10675.653402618867,M,38.4,13.3
2676,12/2015,385,2644402.9405605407,12153.463534481232,M,44.9,9.4
2677,12/2015,941,391853.1662305169,8306.202410977885,M,35.0,2.8
2678,12/2015,712,309969.3209790602,7797.591728641641,F,,13.8
2679,12/2015,939,199745.55014322093,9604.981736702255,M,49.5,2.4
2680,12/2015,710,1127923.6552514862,10927.089416659237,M,57.4,7.4
2681,12/2015,34,444149.3678222646,8377.128429529477,M,,18.6
2682,12/2015,559,1831894.0929795883,8261.449433357162,F,62.8,4.7
2683,12/2015,463,589774.8127166141,8719.69659500186,M,48.9,10.3
2684,12/2015,605,534415.1393753015,8648.327449297316,F,63.6,5.9
2685,12/2015,424,292064.0294842262,11314.273970862909,M,49.8,3.8
2686,12/2015,851,366238.750362746,10515.531984228504,M,43.5,2.4
2687,12/2015,444,7133400.064276861,7668.690381193332,M,45.4,4.1
2688,12/2015,790,3372795.214792325,6902.373523773777,M,37.6,5.0
2689,12/2015,106,1666643.8947636576,7981.279086360109,M,42.4,1.2
2690,12/2015,455,5563948.669881076,7889.738442601379,M,,3.9
2691,12/2015,223,248196.40985650764,9587.929599704403,,53.2,5.2
2692,12/2015,242,345001.16639384493,9099.200217562713,F,46.1,14.5
2693,12/2015,77,1673228.4362651734,8383.199034394938,M,63.4,8.9
2694,12/2015,961,259642.58459849312,8219.69734038908,M,62.4,6.9
2695,12/2015,416,1841327.0531984414,7901.011479493688,M,50.8,16.2
2696,12/2015,506,1207533.474676687,8964.441177370922,M,38.7,5.6
2697,12/2015,287,262215.4553363194,7849.706678065325,M,40.1,15.2
2698,12/2015,52,1601189.6875176907,10798.568465343475,M,55.3,5.2
2699,12/2015,132,537055.1024436719,7448.517110193552,M,60.6,17.3
2700,12/2015,319,4491797.4440312665,8842.547037939868,M,42.7,9.7
2701,12/2015,871,1210848.484342777,7500.158597622241,M,,7.2
2702,12/2015,213,1960196.4139353803,12474.796300812397,M,40.4,15.2
2703,12/2015,846,306778.0500142418,7605.440470401078,M,33.1,17.2
2704,12/2015,351,627679.737190376,8716.104400652672,M,53.7,7.8
2705,12/2015,324,550490.7879488515,9449.740452485848,M,54.6,9.8
2706,12/2015,173,1053915.2550301854,7909.242983183324,M,46.9,9.3
2707,12/2015,88,3257078.29296951,8068.917017513923,M,43.9,18.0
2708,12/2015,347,453948.25965459796,9062.00010805537,M,,15.2
2709,12/2015,513,575295.9033801268,9053.25885888177,M,42.2,14.3
2710,12/2015,487,183502.1902767965,11045.610874522967,M,32.3,14.8
2711,12/2015,295,1321441.2417102503,7483.050729524864,M,46.5,8.4
2712,12/2015,430,664256.1433234261,8673.25355073116,M,,11.6
2713,12/2015,437,152184.45210054296,10340.265007435553,M,35.0,9.8
2714,12/2015,644,948741.1736856269,8312.959306168177,M,60.0,5.4
2715,12/2015,803,2550582.150024102,11666.760712879823,M,39.6,13.8
2716,12/2015,2,351716.45769280207,10772.4319072595,M,65.5,1.0
2717,12/2015,932,732575.5804672487,9754.24144211913,,37.4,12.0
2718,12/2015,843,330946.5393185789,10586.592761331349,F,40.4,15.0
2719,12/2015,138,586378.1208371359,10190.522673070516,M,34.5,5.5
2720,12/2015,356,643322.7815061751,12336.72503141006,M,51.3,12.6
2721,12/2015,466,626617.3724368843,10484.696909705192,M,51.7,13.4
2722,12/2015,729,4954126.03146456,8650.922905915202,M,59.3,9.7
2723,12/2015,535,150687.90981566842,12570.3263450923,M,62.7,2.9
2724,12/2015,715,362671.5313575572,9879.714554965021,M,51.8,5.3
2725,12/2015,70,226678.30466812686,8371.311276810708,F,59.0,4.7
2726,12/2015,485,599658.4341651998,8734.652568845713,M,56.3,15.4
2727,12/2015,128,138517.48418683652,7782.654320912904,M,52.0,5.9
2728,12/2015,587,542281.448571557,8640.75402134246,M,51.7,9.9
2729,12/2015,142,844330.4645478942,9600.866131056588,,37.3,14.2
2730,12/2015,938,306727.0363050149,8626.41046366435,M,64.5,16.4
2731,12/2015,725,160749.7099472656,8208.561644487161,M,39.8,3.3
2732,12/2015,801,2499212.740654015,12460.949865120916,M,42.7,11.4
2733,12/2015,653,4774507.344842668,9028.980783096156,M,57.7,13.8
2734,12/2015,921,620865.6247876916,6854.790489751499,M,55.5,17.4
2735,12/2015,98,332604.1437496865,8433.333727061796,M,39.4,10.5
2736,12/2015,608,171704.38512134488,6982.901263051667,M,63.9,13.4
2737,12/2015,576,3194616.0850646556,7836.595840214753,M,64.1,4.1
2738,12/2015,936,2941905.4462735425,9084.856963868877,M,55.8,11.4
2739,12/2015,301,351527.42662376683,10181.420628717198,,33.7,2.0
2740,12/2015,266,881382.8252036277,9640.441183855273,M,36.1,1.4
2741,12/2015,499,3995585.8286546757,11026.180023886185,M,32.6,1.0
2742,12/2015,133,2693606.385949656,6951.7161812716995,M,43.3,13.8
2743,12/2015,989,195303.23967518113,8775.243656582308,M,,6.4
2744,12/2015,619,343975.0732519847,11801.77398819602,M,55.2,4.2
2745,12/2015,136,579878.907953038,7994.825676248499,M,58.5,1.0
2746,12/2015,277,4956018.631200017,8137.622877014967,M,33.1,12.5
2747,12/2015,267,1544219.484929508,9116.765837433837,M,52.8,4.8
2748,12/2015,749,419858.7503957857,10468.185994894116,M,40.0,12.2
2749,12/2015,254,1244481.930651299,7223.160786306211,M,57.0,18.2
2750,12/2015,630,578348.6342760791,9232.08039968984,M,45.0,17.3
2751,12/2015,339,130981.89610337329,8851.298414666915,M,41.1,18.1
2752,12/2015,203,261659.16208925936,7170.519317004067,M,59.0,16.3
2753,12/2015,107,1636439.216455808,9182.444267113257,M,49.9,10.0
2754,12/2015,24,401840.0098178192,8109.882532316609,M,33.6,12.8
2755,12/2015,668,1860100.97010998,11549.525579638661,M,,14.9
2756,12/2015,837,14057914.031530313,9707.486754490132,M,36.8,12.8
2757,12/2015,392,553846.1815427842,10068.395297611874,,33.3,4.8
2758,12/2015,330,341693.94883127674,8644.917518189503,M,,2.2
2759,12/2015,151,3054517.105957774,8357.307467938379,M,48.4,18.7
2760,12/2015,856,83644.18010305315,8303.363806046562,M,53.8,16.7
2761,12/2015,976,4324955.953764168,9673.10297389624,M,57.8,1.9
2762,12/2015,831,3133765.5545499353,8298.380340193362,M,54.2,8.5
2763,12/2015,991,3252974.057698749,8347.161767626874,M,35.2,11.1
2764,12/2015,201,488612.19443181186,11271.097705628637,M,57.3,6.1
2765,12/2015,788,2179751.479080911,8579.06616096649,M,32.6,18.3
2766,12/2015,1,516303.3182319499,8815.9539302061,F,43.8,1.4
2767,12/2015,103,163524.7534462513,11493.004434020295,M,64.3,11.8
2768,12/2015,53,718443.9999150235,11963.284597556833,M,56.0,7.9
2769,12/2015,241,319778.94529639144,8881.205216601727,M,36.5,11.2
2770,12/2015,346,239717.31524750148,12812.339702946467,M,49.3,16.0
2771,12/2015,450,532300.5100092302,8339.049937892687,M,57.8,13.3
2772,12/2015,628,1830099.0888509497,10187.028209728716,M,61.0,15.2
2773,12/2015,700,688631.7993032073,12085.93541412961,M,51.2,10.6
2774,12/2015,4,1917234.5862512959,8023.479579247623,M,59.6,11.7
2775,12/2015,334,710945.7234094412,8604.544362940502,M,56.3,7.2
2776,12/2015,641,611726.092958523,10589.414290756962,M,33.8,11.0
2777,12/2015,794,3457105.2575218664,9529.360968150402,M,34.9,12.3
2778,12/2015,390,369038.8669819782,8167.889153619413,M,54.7,12.7
2779,12/2015,141,577349.4487654793,11256.353337818735,M,44.7,8.8
2780,12/2015,980,2420282.8423657035,9363.958003012267,M,36.0,2.1
2781,12/2015,734,962753.7660056095,9560.820134169548,M,47.7,11.6
2782,12/2015,342,616619.162745587,8459.834808496249,M,43.7,4.9
2783,12/2015,370,3116766.7787815933,7259.894810453788,M,46.2,1.9
2784,12/2015,480,668192.9503368059,10696.947971741442,M,38.6,11.5
2785,12/2015,902,2881650.0882792827,8856.931929989018,M,63.6,5.8
2786,12/2015,477,3626580.948703748,8810.74302365286,M,46.4,8.8
2787,12/2015,193,439852.5187282171,7118.17207167549,M,52.8,16.4
2788,12/2015,476,574551.0293714778,7848.548842316206,M,,18.3
2789,12/2015,537,988852.3606409505,8633.278728651994,M,37.2,2.5
2790,12/2015,591,424721.5501882773,9292.011153029562,M,56.1,9.5
2791,12/2015,189,3087741.4415155295,9868.266367291671,M,41.9,5.9
2792,12/2015,596,103340.69433686789,7525.899702852586,M,56.2,13.7
2793,12/2015,235,794526.9544053724,9653.800647039621,M,37.4,9.0
2794,12/2015,520,829270.6868239013,11272.72578249657,M,54.7,8.8
2795,12/2015,677,124094.06877082255,9878.648576733347,M,58.8,14.4
2796,12/2015,704,2558362.9178396077,9987.80647049687,F,57.6,7.7
2797,12/2015,355,462159.5456407198,8480.433862832648,M,50.0,3.0
2798,12/2015,247,565003.0176771703,7373.765337169375,M,53.5,2.0
2799,12/2015,207,1462294.4229733245,11121.385558082193,M,47.8,3.5
2800,12/2015,990,363364.0692841454,8262.109111564107,M,36.3,4.7
2801,12/2015,41,3729105.2200595234,7614.90110785805,M,36.9,10.0
2802,12/2015,678,489771.54385296884,8846.913543568317,M,55.7,7.7
2803,12/2015,663,2565693.8558510235,16747.086869655657,M,56.7,12.1
2804,12/2015,28,138045.8545105698,9566.44973461556,M,65.2,4.4
2805,12/2015,672,2694553.3667159905,8573.535807739552,M,53.2,13.5
2806,12/2015,393,3827743.3341633407,9090.659506851567,M,33.5,7.3
2807,12/2015,615,3238887.572448002,8964.198635183013,M,51.3,2.9
2808,12/2015,923,676333.2753995581,13129.333808814585,M,32.0,7.7
2809,12/2015,544,4937609.500085283,8625.33923330363,M,39.6,13.0
2810,12/2015,364,657838.3592300196,9837.818943913297,M,41.0,9.2
2811,12/2015,573,8437000.956264071,14406.811687272973,M,60.9,6.4
2812,12/2015,125,855279.852004424,7247.67204035454,M,37.2,9.2
2813,12/2015,949,164152.9324410649,6555.769479182296,M,36.4,12.6
2814,12/2015,510,3550933.059607484,7937.5266093990995,M,55.0,12.2
2815,12/2015,878,701711.4127530686,9007.496961859266,M,36.2,5.5
2816,12/2015,992,815642.7297050459,10295.968780442547,M,36.1,17.3
2817,12/2015,8,355138.79450093204,8125.164006797687,M,39.7,13.2
2818,12/2015,984,162421.76228968258,9111.047529337557,M,42.3,10.7
2819,12/2015,763,415590.7179815405,11682.899953633896,M,37.4,6.6
2820,12/2015,973,485901.04980946204,7842.272059134769,M,39.5,15.8
2821,12/2015,25,105607.67662050604,10633.29287543961,M,34.8,14.6
2822,12/2015,541,2205828.405300968,8737.913698545133,M,48.7,8.1
2823,12/2015,757,3963602.5569649944,7648.21029821018,M,,13.5
2824,12/2015,374,2085979.2350590606,7851.832960589378,,39.7,13.9
2825,12/2015,64,1427880.1440546147,8881.874961299234,M,46.0,5.6
2826,12/2015,500,259168.08376691816,12068.481077511648,F,46.2,13.5
2827,12/2015,647,361659.54878489237,8903.547536149812,F,63.4,11.7
2828,12/2015,614,392438.8262217476,8571.970610072232,M,59.8,17.8
2829,12/2015,21,1465547.358641072,11645.738322998372,M,32.8,7.5
2830,12/2015,13,1065540.3189308299,10517.347253364373,M,43.1,15.2
2831,12/2015,639,2053971.2697674246,9198.542641016791,M,50.0,9.2
2832,12/2015,868,2239299.31165835,7952.074565229992,M,32.5,7.3
2833,12/2015,805,2771428.526331033,8207.669414039681,M,40.7,10.5
2834,12/2015,891,323863.0316124588,8289.45733030402,M,56.5,13.8
2835,12/2015,561,3462134.45218612,7498.0242094528,,44.2,6.2
2836,12/2015,709,652803.4325192904,9751.562956707696,M,38.7,12.6
2837,12/2015,429,96911.59933170126,8150.8242718561505,M,46.7,4.7
2838,12/2015,720,469709.04607703135,9278.540852663464,M,64.6,15.1
2839,12/2015,187,1248495.5050900718,11978.476600575359,M,48.7,17.0
2840,12/2015,457,2865666.3267882233,8714.619730325054,M,63.5,10.5
2841,12/2015,844,179051.33907698354,7305.846970659852,M,47.4,2.4
2842,12/2015,552,210299.2454833162,8458.082674545667,M,61.3,7.3
2843,12/2015,498,512450.00881474913,10816.331814837868,M,49.2,15.3
2844,12/2015,230,505911.3880162932,8138.496394047011,M,38.2,5.1
2845,12/2015,131,440664.1914727422,8707.535026535994,M,35.1,16.0
2846,12/2015,268,1375291.3147649274,7439.385594623769,M,41.2,11.2
2847,12/2015,634,869667.4508642242,7222.835707414342,M,46.8,4.5
2848,12/2015,930,550189.5600709849,7896.769007662125,M,54.4,16.9
2849,12/2015,730,1623972.4205004906,9484.016767627121,M,60.7,1.5
2850,12/2015,386,149013.87616272914,11317.713890377148,M,37.5,12.8
2851,12/2015,897,344899.7852982153,10232.176489532598,M,43.3,2.5
2852,12/2015,604,141116.45099432435,8472.751270165507,M,59.8,7.6
2853,12/2015,850,577681.3809914524,9614.510750772773,M,39.4,1.4
2854,12/2015,626,661946.5038669776,9232.03001988991,M,51.8,18.1
2855,12/2015,163,147225.88053850192,8171.495355913712,M,58.5,9.1
2856,12/2015,82,444589.55846169457,7197.4101367786125,M,61.7,4.0
2857,12/2015,36,2746894.137607316,8586.205580651203,M,37.4,16.3
2858,12/2015,977,87715.03268400709,8698.488851673836,M,56.2,3.7
2859,12/2015,123,303280.81959117186,7674.926851471271,M,65.3,11.5
2860,12/2015,92,527414.9090930875,8989.521452552313,M,41.4,15.1
2861,12/2015,26,453388.98863097414,8868.221499189376,F,47.5,2.7
2862,12/2015,251,114328.03398929385,7290.435919362444,M,43.0,11.9
2863,12/2015,598,491885.1377093902,8393.540429942012,M,51.3,9.4
2864,12/2015,524,2071937.3087921257,8245.258653642451,F,39.5,18.5
2865,12/2015,726,1246215.289092282,12204.655112040384,M,58.1,4.5
2866,12/2015,263,3359956.758209391,9279.455414845788,M,52.2,12.2
2867,12/2015,365,488473.66254415765,7822.675573655952,M,37.6,5.3
2868,12/2015,44,407348.7858806604,14710.872925903175,M,61.5,8.9
2869,12/2015,530,3592152.99548686,8739.925589720284,,47.1,6.9
2870,12/2015,838,356223.9027558122,6927.979126904858,M,,17.2
2871,12/2015,311,510658.90097978176,7795.414862015217,,32.1,9.4
2872,12/2015,447,6136426.025514451,7770.755563293776,M,65.5,12.1
2873,12/2015,993,476295.6694664118,7051.058873337554,M,35.0,2.9
2874,12/2015,315,550453.7185390819,8895.639546859838,M,61.1,8.7
2875,12/2015,20,2336877.6697510956,7854.834614448245,M,52.1,18.1
2876,12/2015,618,572885.6101173658,8162.630589559782,M,63.9,9.0
2877,12/2015,43,478254.9438724186,9251.65392406077,M,57.3,1.2
2878,12/2015,190,2868675.3591736984,9378.127218617146,M,57.5,14.1
2879,12/2015,659,4568616.2309072595,10406.330683893755,M,65.4,14.7
2880,12/2015,47,432525.4586123918,7279.544375551935,M,40.7,5.3
2881,12/2015,987,454589.30073318904,10984.017624026803,M,32.4,13.8
2882,12/2015,71,5232505.410163428,9350.835935815694,M,39.0,1.0
2883,12/2015,198,411563.3566811542,12329.094229095666,M,41.1,16.6
2884,12/2015,473,604834.5718362419,8867.548281359292,M,59.5,14.6
2885,12/2015,338,3546631.7279912196,8734.870548896655,M,42.2,4.3
2886,12/2015,440,3881566.087123732,10357.21345268785,F,39.6,4.4
2887,12/2015,246,604864.3312164375,14403.39731025359,M,57.2,15.1
2888,12/2015,116,349028.7969535166,10395.12981964064,M,42.2,10.6
2889,12/2015,849,710063.9762711546,10392.31403267436,M,65.4,12.1
2890,12/2015,900,1029348.2650672895,8327.340448683812,M,41.5,9.4
2891,12/2015,359,3941350.5861835703,8295.038110122721,M,47.7,7.9
2892,12/2015,299,675024.473404428,12705.4198357052,M,50.1,2.0
2893,12/2015,7,140819.12575458118,10410.458033994144,M,40.8,14.1
2894,12/2015,297,1248336.3571003808,10375.361208018548,M,53.7,1.0
2895,12/2015,822,2683071.9471204705,6558.117934462694,,54.0,2.9
2896,12/2015,648,3587771.2618080736,7983.981596726377,M,49.6,4.4
2897,12/2015,294,814239.3758326182,8861.950042557606,M,59.6,4.9
2898,12/2015,491,145398.72567905133,8166.451812115846,M,61.1,3.2
2899,12/2015,568,174859.2816103475,8379.224526411006,M,,16.5
2900,12/2015,584,3051954.3259259877,6885.465462615904,M,43.3,14.9
2901,12/2015,690,566282.3131059927,8046.7205123677695,M,,8.8
2902,12/2015,291,755949.910841886,7564.486678735625,M,33.2,5.4
2903,12/2015,49,630592.8799884141,8111.95195169522,M,45.1,3.0
2904,12/2015,585,525522.6156562145,8556.9605749061,M,37.9,11.3
2905,12/2015,606,511780.27019550395,11078.188868451109,M,51.5,15.1
2906,12/2015,693,4051928.761874222,7790.620677445461,,53.1,9.9
2907,12/2015,944,3009285.099116631,7834.373543371443,M,49.4,14.1
2908,12/2015,793,1165355.3638056847,8117.685672759503,M,35.0,12.5
2909,12/2015,425,479826.70896012965,11629.029577470637,M,,17.9
2910,12/2015,683,537136.9707270989,9757.653081805778,,54.5,3.6
2911,12/2015,656,695549.5045283127,8803.790785009918,M,56.4,17.8
2912,12/2015,488,459586.29329220374,11348.4253822601,M,32.4,5.8
2913,12/2015,61,236873.29230569792,10381.905464428995,M,34.1,16.4
2914,12/2015,904,4369927.817243446,8175.020459221146,M,,4.0
2915,12/2015,378,5350647.740908856,7210.530094952757,,36.7,3.5
2916,12/2015,269,707263.3505642425,9339.719752409901,M,39.7,8.1
2917,12/2015,889,206492.56938725544,8496.629469315762,,55.5,2.0
2918,12/2015,481,3912446.536306461,7900.216938858083,F,51.5,17.1
2919,12/2015,344,137862.21735134296,8566.75009319857,M,51.0,11.8
2920,12/2015,99,3329163.4348311666,7119.012388594582,M,55.3,5.7
2921,12/2015,832,166122.06016411853,6512.051859387298,M,,13.3
2922,12/2015,127,1602408.2393747396,9979.426718311812,M,55.8,11.8
2923,12/2015,617,1406695.0876584123,7875.926099407327,M,38.2,17.4
2924,12/2015,770,624500.0514297809,11355.606875491927,M,56.6,15.9
2925,12/2015,484,3285974.360158775,8402.009042098167,M,36.2,4.1
2926,12/2015,341,231639.02122093292,9570.491096419222,F,63.1,16.9
2927,12/2015,982,407290.7498996684,8573.189433055335,M,,9.4
2928,12/2015,212,3098330.264791857,9998.23643581496,M,46.4,1.6
2929,12/2015,589,3317869.206631407,8092.546555532006,M,40.7,6.4
2930,12/2015,797,3567595.949133807,10001.781540211046,M,44.6,5.9
2931,12/2015,753,993514.069151654,8597.566555068723,M,32.8,12.8
2932,12/2015,227,522861.9500125826,8316.989971424126,M,,16.2
2933,12/2015,86,405756.15922678064,14067.85056402485,,,5.4
2934,12/2015,680,164286.08228918668,8751.876571205317,M,61.1,18.9
2935,12/2015,195,4775146.872214388,9797.896052143038,,54.1,8.8
2936,12/2015,595,3026802.070203214,8847.97777594684,M,45.4,7.1
2937,12/2015,854,531761.3752716213,11250.216160926393,M,44.2,18.7
2938,12/2015,828,743198.2780079718,9601.110784171746,,50.6,1.1
2939,12/2015,261,208949.09261812948,8396.581114446599,M,36.4,18.5
2940,12/2015,603,5324941.808098135,10773.612216135654,M,34.9,10.7
2941,12/2015,379,1218240.5706294905,9018.275168350772,M,65.1,12.4
2942,12/2015,888,255723.27165398578,8509.333302499912,M,,4.0
2943,12/2015,741,1279320.9994446707,9603.057570117073,M,42.4,11.2
2944,12/2015,60,787083.6216616429,8527.392073214474,M,53.4,11.0
2945,12/2015,955,57594.757177689986,7007.299549341032,M,35.8,8.5
2946,12/2015,62,4257372.58727059,8974.60994788942,M,34.0,4.3
2947,12/2015,638,542980.7987770212,8175.447570814784,M,62.7,9.4
2948,12/2015,697,227757.20680975408,11487.389022411571,M,35.0,15.2
2949,12/2015,147,152043.63488699714,8861.261681484355,M,53.7,14.7
2950,12/2015,637,405876.79327229375,10335.298304605561,M,63.3,3.0
2951,12/2015,799,328261.5048854737,9865.496926477092,M,45.3,1.1
2952,12/2015,178,814468.7775957324,9516.38542456042,M,49.0,7.8
2953,12/2015,806,468176.8212512082,12232.777728529243,M,50.3,7.6
2954,12/2015,300,1820003.5063427303,9652.158072722601,M,35.9,9.5
2955,12/2015,998,231380.68540898073,8648.553888962088,M,32.1,1.4
2956,12/2015,337,426832.93969703856,10026.407820253678,M,36.0,9.4
2957,12/2015,549,413756.94810172654,8720.435344541369,M,55.1,16.4
2958,12/2015,767,2654573.2115853205,9358.843156825646,M,56.5,1.2
2959,12/2015,157,827067.1982057168,8276.990772336989,M,56.8,16.2
2960,12/2015,540,14429781.769382875,10270.369981023876,M,41.6,6.5
2961,12/2015,108,1584364.6478455192,9072.623292605824,M,51.2,2.9
2962,12/2015,352,770515.4269284934,9242.950747095494,M,58.1,9.3
2963,12/2015,847,418334.72796008777,10503.106942505397,M,51.0,5.2
2964,12/2015,479,4510879.832887037,6969.001558870995,M,54.6,1.0
2965,12/2015,622,322095.8233407304,10602.076063976549,M,53.2,7.6
2966,12/2015,937,379767.1797355421,8076.011252681045,M,54.9,11.5
2967,12/2015,775,2921499.84243449,9182.653454238272,M,50.4,9.8
2968,12/2015,623,263106.443759045,7575.6274780919675,,,14.4
2969,12/2015,87,2719972.2655718895,8669.651606728134,M,48.0,15.4
2970,12/2015,80,613196.7032259555,8781.075849630286,M,57.8,17.5
2971,12/2015,434,474160.4625865348,8379.103131262156,M,36.5,7.7
2972,12/2015,210,760982.952943199,8881.54426222737,M,37.0,1.9
2973,12/2015,860,3070606.291660754,13158.548216717469,M,38.0,16.8
2974,12/2015,220,201904.66211120895,9009.133342929348,M,32.1,7.3
2975,12/2015,769,592039.3766161838,8985.141449450743,,58.8,18.9
2976,12/2015,692,437769.7165999301,12383.90072550355,M,42.4,2.3
2977,12/2015,546,110123.2586933902,9792.453130150243,M,55.6,13.5
2978,12/2015,777,5678579.414723952,8516.822241747652,M,59.2,16.0
2979,12/2015,581,2482745.863766264,7646.195236941987,M,35.5,18.5
2980,12/2015,452,480742.1687155647,8532.480518509608,M,53.3,4.4
2981,12/2015,511,341255.9443795144,7633.762581466902,M,35.2,10.9
2982,12/2015,214,518644.5354957053,8934.29652561022,M,,5.9
2983,12/2015,234,883557.7183858105,9188.735480878133,M,42.7,6.2
2984,12/2015,853,1829649.6811702538,9525.513025921851,M,42.5,2.3
2985,12/2015,551,356921.5219271387,6712.863981560771,M,,4.3
2986,12/2015,505,92566.34491225635,8759.315458356692,M,33.7,2.5
2987,12/2015,508,417686.735406216,8098.398686333108,M,54.1,8.3
2988,12/2015,795,670621.2995966811,9709.159817094376,M,50.4,8.6
2989,12/2015,317,7624774.186027063,11580.217220488203,M,33.3,2.7
2990,12/2015,792,1875590.5058448582,9051.736338788896,M,,8.7
2991,12/2015,974,1787172.081465146,10013.061049556869,M,34.8,8.2
2992,12/2015,117,1389360.6197395385,7329.793272714724,M,59.4,17.1
2993,12/2015,410,689701.6239598629,11240.61057137641,M,38.0,17.4
2994,12/2015,182,2614149.765040914,7151.047794654466,M,40.0,14.4
2995,12/2015,119,10754675.728357345,12160.05695410591,M,65.9,15.4
2996,12/2015,236,555353.9923096014,8327.863777948523,M,42.3,6.7
2997,12/2015,449,1738086.2509633077,7735.203813244611,M,38.4,18.7
2998,12/2015,494,9193958.649527134,10219.468220515837,M,48.7,7.9
2999,12/2015,609,1008560.1408295729,7702.571619092796,M,,4.6
3000,02/2015,943,828399.5845565735,8061.154580355174,F,58.4,0.6
3001,02/2015,966,580102.5311345018,7703.725895926091,M,46.8,0.1
3002,02/2015,250,570655.8396025611,9398.27744470827,M,32.0,0.1
3003,02/2015,156,2435360.734975601,7208.903133209069,,64.8,0.7
3004,02/2015,67,824579.3921669404,11007.163512724526,M,60.7,0.4
3005,02/2015,684,3125852.4504584195,9250.702813905495,M,,0.5
3006,02/2015,527,2562253.1483307593,11045.537370717762,M,,0.4
3007,02/2015,556,500189.0124193948,8793.278044993951,M,50.7,0.8
3008,02/2015,446,680344.572083027,8869.111308759173,M,49.5,0.1
3009,02/2015,841,4853864.223973667,12597.306504105436,M,48.2,0.7
3010,02/2015,126,448476.49593839975,12141.137151337023,M,53.2,0.7
3011,02/2015,910,3759017.942305435,10589.209920183148,M,58.2,0.6
3012,02/2015,112,164001.3665274121,8296.781521050165,M,54.7,0.9
3013,02/2015,191,224845.79557568918,10492.243692207046,M,50.4,0.1
3014,02/2015,739,1799151.5814559702,9616.606027282132,M,37.6,0.6
3015,02/2015,579,3618504.734156215,8605.398623134482,M,41.3,0.3
3016,02/2015,111,652520.0422053296,13056.576223394035,M,45.4,0.8
3017,02/2015,285,76785.69616658318,7915.168532177455,M,47.3,1.0
3018,02/2015,796,167067.10831348196,8145.675351735438,M,59.2,0.3
3019,02/2015,310,3678536.7034017863,12723.534610631788,M,42.2,0.8
3020,02/2015,458,370946.2475760253,13788.827211270605,M,39.7,0.2
3021,02/2015,884,525448.6446348956,12515.039671047849,M,64.1,0.6
3022,02/2015,335,425750.5928445058,7601.119640842535,M,47.0,0.8
3023,02/2015,521,853306.9270888646,9184.248067270184,M,56.1,0.8
3024,02/2015,887,649276.3203725006,9290.345273912835,M,,0.0
3025,02/2015,601,10366333.058637882,9488.160622989324,M,39.8,0.2
3026,02/2015,11,546902.8684578649,11037.631264275218,M,39.1,0.6
3027,02/2015,624,501012.89737848716,10508.761551745065,M,52.8,0.7
3028,02/2015,737,190695.7625246693,7281.868167597802,M,58.1,0.3
3029,02/2015,823,191838.26451742018,9936.244988543709,M,50.6,0.3
3030,02/2015,752,2970275.9839743767,9022.650735425368,M,63.6,0.4
3031,02/2015,732,198440.79245518535,6465.547264515824,M,54.1,0.5
3032,02/2015,493,3522622.215308628,6658.055280504099,M,61.1,0.2
3033,02/2015,159,380332.2944421247,7456.456660631951,M,48.4,0.6
3034,02/2015,225,3369424.06285108,7862.145218259601,M,,0.6
3035,02/2015,784,101924.13758033454,7113.778898843674,M,54.3,0.2
3036,02/2015,171,297628.5984088953,9738.445051296194,M,49.4,0.4
3037,02/2015,460,498200.8057072681,9273.542060579202,F,33.0,0.3
3038,02/2015,408,278978.83577276615,8096.909895399279,M,65.0,0.9
3039,02/2015,239,2480235.2203034884,11001.438760303636,M,60.4,1.0
3040,02/2015,812,121808.15005939282,8352.796922401263,M,54.7,0.9
3041,02/2015,896,3086009.5546061127,10909.328333666228,M,58.5,0.0
3042,02/2015,354,792244.798968258,8607.806330933066,M,65.2,0.4
3043,02/2015,574,101500.11288297112,7801.136271424819,M,60.7,0.3
3044,02/2015,186,97797.99241998792,9977.735009832326,M,65.7,0.6
3045,02/2015,381,144601.45993824245,11606.603179025407,M,44.0,0.1
3046,02/2015,898,1903564.5469939196,7144.630651638919,M,46.5,0.0
3047,02/2015,405,438146.51377823757,8854.570587534965,M,32.2,0.1
3048,02/2015,439,6034968.694312145,7383.7852969513715,M,65.2,0.3
3049,02/2015,532,305351.0127816286,6962.408896141934,M,38.2,0.5
3050,02/2015,665,2862066.058816735,9009.58282732892,M,,0.6
3051,02/2015,962,179213.4749982948,8493.777606793477,,53.5,0.8
3052,02/2015,303,4966272.773489587,8737.516664295104,M,37.0,0.6
3053,02/2015,996,461027.77757633454,8971.760870788976,M,41.0,0.5
3054,02/2015,836,1018230.0250033147,9540.00797311676,,55.4,0.2
3055,02/2015,840,359955.518792542,9847.696501799033,M,35.8,0.3
3056,02/2015,459,161732.2923434968,8806.998404364567,M,36.2,0.4
3057,02/2015,611,5369065.171123506,7993.310907166809,M,62.4,0.4
3058,02/2015,467,325398.3320300145,7734.50683517485,M,,0.5
3059,02/2015,786,629239.96206199,10447.251729615067,M,46.5,0.0
3060,02/2015,23,495617.47631060035,9031.805188092438,M,51.4,0.9
3061,02/2015,302,386258.0907357241,9591.858931010618,M,47.2,0.2
3062,02/2015,289,992710.4863295982,10472.12617413132,M,39.5,0.5
3063,02/2015,155,1010910.7559275626,8958.38970424593,M,57.3,0.4
3064,02/2015,327,3328440.077857522,10849.443560030631,M,51.8,0.8
3065,02/2015,114,771702.6431541663,11739.63612888169,M,61.1,0.9
3066,02/2015,756,4517833.156876736,8734.950832997,,54.8,0.3
3067,02/2015,880,125724.97937897198,8365.706284380807,M,45.6,0.6
3068,02/2015,660,179699.50199697135,10292.814850699868,M,56.5,0.9
3069,02/2015,454,176063.5014080228,10258.90485453272,M,40.2,0.2
3070,02/2015,969,417060.12650526175,9163.789849449422,F,62.8,0.7
3071,02/2015,176,262193.08493418206,8425.132894278207,M,35.8,0.9
3072,02/2015,432,415248.87946835614,9063.439270142728,M,47.3,0.9
3073,02/2015,531,5529509.836825547,10667.449847895969,M,46.6,0.9
3074,02/2015,101,2585487.308071657,11461.325860240493,M,,0.9
3075,02/2015,738,1450308.4866452725,10959.967143122038,M,36.7,0.3
3076,02/2015,271,324056.20810863544,8060.73431038663,M,64.8,0.4
3077,02/2015,423,445684.643273933,12255.313216907449,M,59.1,0.6
3078,02/2015,765,442105.54769571306,9402.661887988803,M,47.8,0.8
3079,02/2015,691,223273.86289250155,12267.220335439022,M,44.8,0.4
3080,02/2015,533,5895469.560361298,9090.751474461582,,35.8,0.1
3081,02/2015,716,1922839.9560908468,8268.637834641224,M,39.8,1.0
3082,02/2015,922,1630998.6426498084,11775.02310323382,M,58.5,0.8
3083,02/2015,174,3521145.8611788917,10173.444904993508,M,46.1,0.9
3084,02/2015,200,117481.59618458043,7805.38158183514,M,39.0,0.7
3085,02/2015,316,768564.0867731438,9286.983663288916,M,34.8,0.2
3086,02/2015,307,80762.32958449361,6687.94394579745,M,65.0,0.7
3087,02/2015,882,107616.15187061531,8092.760781649062,M,33.7,0.6
3088,02/2015,706,3392336.0856448296,7938.922799610263,M,51.7,0.3
3089,02/2015,829,356135.3355618467,8365.537963259174,M,35.3,0.5
3090,02/2015,719,3109104.940651114,9641.45703631542,M,32.6,1.0
3091,02/2015,935,2167137.593153228,9394.68730148109,M,38.9,0.3
3092,02/2015,68,205125.35215695872,9020.806503863596,F,35.8,1.0
3093,02/2015,815,2316577.404689062,9158.50244383591,,64.2,0.3
3094,02/2015,747,2575358.4623705363,9114.727551470438,M,43.6,0.7
3095,02/2015,798,1450354.1491630175,8561.612562671358,M,35.3,0.4
3096,02/2015,865,543193.8008040927,8103.621532357822,M,58.5,0.3
3097,02/2015,399,1108815.3165458064,10485.763726024907,M,53.1,0.9
3098,02/2015,509,1409746.006096003,11205.036438309937,M,46.7,0.5
3099,02/2015,308,227207.5915129107,8761.918429199006,M,48.1,0.9
3100,02/2015,502,4159656.110296877,8559.356793957937,M,61.5,7.9
3101,02/2015,81,462161.782322281,9354.784407751016,M,42.4,14.4
3102,02/2015,814,452539.6530864381,11253.164171696808,M,33.1,18.7
3103,02/2015,666,1163885.6665267283,8025.3689640244365,M,35.3,8.7
3104,02/2015,205,1362387.3631441465,8322.667382091246,M,56.6,9.9
3105,02/2015,759,247132.8107910086,10751.352975248506,M,44.5,3.4
3106,02/2015,96,4991029.297252921,8525.317096343402,M,37.2,9.4
3107,02/2015,671,314363.2302288077,8085.991265594048,M,61.4,16.8
3108,02/2015,100,321791.0744624142,7920.38034935734,M,38.1,17.2
3109,02/2015,321,2282555.4624901162,8423.957156074779,M,,10.1
3110,02/2015,602,1532286.8499989305,8205.19957374992,M,37.3,17.8
3111,02/2015,453,158481.08275721737,9461.7791927218,F,60.6,5.4
3112,02/2015,396,418688.06299985887,9955.689734393718,M,33.1,12.5
3113,02/2015,113,777995.6910704749,8740.99003048944,M,,16.9
3114,02/2015,988,5887304.752530476,8923.013214772858,M,32.9,11.3
3115,02/2015,956,199344.1381761634,9072.103836224294,M,65.2,15.6
3116,02/2015,59,395144.98744288617,7906.492947582758,M,46.9,8.1
3117,02/2015,593,2660269.4945014184,12641.221649415236,M,43.4,15.5
3118,02/2015,10,655241.3598698106,9595.192208428614,M,45.5,6.4
3119,02/2015,196,114443.56490030303,8942.550036459654,M,46.2,4.3
3120,02/2015,38,119547.05035554511,8935.705087035316,,51.3,5.9
3121,02/2015,625,232993.47365333483,7512.82324018269,M,57.7,13.8
3122,02/2015,570,381273.23555485264,9935.932495412544,M,47.1,16.8
3123,02/2015,745,638970.8951597826,10334.11834025689,M,51.3,15.9
3124,02/2015,764,387846.6663249036,9776.995044308633,M,47.3,15.0
3125,02/2015,66,153625.7789881214,12672.391613021371,M,40.0,18.9
3126,02/2015,84,160937.8604407789,10888.713616871219,,36.5,18.8
3127,02/2015,462,5855028.021113664,9976.06857050003,,39.3,10.3
3128,02/2015,952,500593.85278223816,12750.657096842937,M,56.4,4.4
3129,02/2015,970,560343.232814043,8054.244341061315,M,34.0,11.4
3130,02/2015,333,716616.4213080895,9830.157695187714,M,50.1,8.4
3131,02/2015,274,667167.0156133475,11130.262627540511,M,63.7,8.6
3132,02/2015,981,348575.2830826327,9806.759855741002,M,62.2,1.6
3133,02/2015,110,519234.5033078028,7811.3124905517825,M,59.4,15.7
3134,02/2015,383,358587.5903392809,11894.01831946787,M,37.5,15.6
3135,02/2015,542,140405.86341325246,7136.241587292942,M,35.2,7.8
3136,02/2015,787,160032.3382615464,8481.35960792565,M,59.9,12.3
3137,02/2015,57,2615902.526935228,9681.373505410018,M,65.6,16.7
3138,02/2015,412,3773623.750213028,7701.9509237444345,M,59.3,4.6
3139,02/2015,177,134139.02675587634,13033.249278221307,M,41.0,1.9
3140,02/2015,560,888417.0197081056,9258.086835886188,M,41.8,12.4
3141,02/2015,398,110674.12807934024,10352.87049902623,M,52.0,4.8
3142,02/2015,916,1236483.3755507735,9548.461037366938,M,65.1,18.0
3143,02/2015,965,2661850.710631552,8690.021302191688,M,65.8,5.6
3144,02/2015,746,3411393.647272778,10899.470916121552,M,48.2,1.6
3145,02/2015,912,457051.0271411668,7900.628436038726,M,55.6,16.5
3146,02/2015,257,204987.9429901339,7561.796407346701,M,36.1,4.5
3147,02/2015,727,337593.10917227407,9945.272506205525,M,53.5,16.6
3148,02/2015,144,347506.73613880074,8359.759037395563,M,43.3,7.4
3149,02/2015,164,477040.3917882933,8361.439396729795,M,39.8,10.5
3150,02/2015,48,374209.46035905136,8626.212366293974,M,63.4,11.9
3151,02/2015,872,403551.87534487905,11563.121824413056,M,50.2,11.6
3152,02/2015,391,688520.1920977484,11148.934097885978,M,47.8,2.2
3153,02/2015,703,2069798.7216681466,9331.297991559826,M,,7.8
3154,02/2015,504,358228.3572530496,9256.1953997847,M,40.0,1.8
3155,02/2015,876,611480.2101771754,8720.348324255516,M,34.7,5.8
3156,02/2015,69,1290075.7638094372,8846.552108790213,M,57.1,11.5
3157,02/2015,736,125957.36925884221,9239.854035881608,M,43.1,13.3
3158,02/2015,899,3474178.5516319107,8772.42328549909,M,58.6,10.2
3159,02/2015,219,235439.62175832855,7934.828564294021,M,39.4,17.3
3160,02/2015,451,2038442.1088887432,9076.64346889773,M,47.1,10.2
3161,02/2015,407,210662.53450297515,8549.063510839022,M,46.4,2.4
3162,02/2015,735,759339.5959348652,11992.480271987959,M,54.1,4.8
3163,02/2015,249,287672.9666197977,10287.93801644044,M,60.9,8.2
3164,02/2015,145,788607.3588015711,8386.592452433148,M,49.4,7.5
3165,02/2015,12,4129366.5579152894,7564.65183506899,M,59.0,15.6
3166,02/2015,724,320952.7502017349,13162.218427305414,F,47.8,16.0
3167,02/2015,728,3039446.055586127,8256.343029082016,M,57.5,2.9
3168,02/2015,948,245574.97974797245,11978.734895859126,M,37.5,3.6
3169,02/2015,464,115953.80284785344,8919.93803341234,M,58.4,6.4
3170,02/2015,278,63311.19323545726,7711.895786425342,,47.4,10.8
3171,02/2015,89,2803965.060584452,10196.691384738211,M,42.9,7.5
3172,02/2015,124,1740399.2348870228,9076.651574703144,M,35.2,9.5
3173,02/2015,185,1495858.0181334135,9240.366421593826,M,35.5,14.5
3174,02/2015,514,960518.3997735985,8380.86561986879,M,45.0,12.9
3175,02/2015,651,268203.53582379327,9565.622109027678,M,39.2,8.3
3176,02/2015,669,1534585.6835845532,10841.597352805182,M,52.6,13.9
3177,02/2015,97,405213.92147533066,8044.596573667798,M,62.2,11.0
3178,02/2015,924,583503.3971030269,8432.773060248934,M,64.5,11.3
3179,02/2015,323,482539.20346906915,10458.614403889811,F,48.5,8.9
3180,02/2015,643,242317.38772705756,10152.49914902018,M,35.7,16.0
3181,02/2015,890,561786.0814985192,10254.646075905606,M,55.4,17.6
3182,02/2015,929,496327.29751662863,8012.383834464301,M,41.7,4.4
3183,02/2015,670,465602.96261600056,11092.871367349157,M,36.1,8.3
3184,02/2015,181,725941.782626455,8841.063969894098,M,36.8,10.0
3185,02/2015,963,2359549.108046954,12034.211658445793,M,50.0,10.8
3186,02/2015,997,3510176.810822673,8942.132683198843,M,61.6,10.5
3187,02/2015,858,178970.69555645762,10058.084552913597,M,38.2,1.5
3188,02/2015,403,274483.1689080154,9848.495581789106,M,45.4,7.8
3189,02/2015,572,850503.4458424806,12048.296156083485,M,,7.6
3190,02/2015,754,171615.67193397676,8198.182201558648,M,55.8,11.8
3191,02/2015,72,635828.4764052262,8591.00286409154,M,46.7,11.5
3192,02/2015,283,235940.51171144584,9003.473644136884,M,57.9,9.6
3193,02/2015,705,322512.8006907395,11774.239575683216,M,46.5,1.7
3194,02/2015,983,521893.39420135034,8377.898451286499,M,36.0,14.7
3195,02/2015,305,156702.47972648355,8011.830407659026,M,63.1,4.2
3196,02/2015,857,257822.23024888994,8469.296184635781,M,37.8,3.3
3197,02/2015,74,1164322.3327719562,7513.368262406219,M,37.2,15.0
3198,02/2015,824,3036341.4585953136,9853.91949441522,M,56.3,2.9
3199,02/2015,231,82760.38875254273,9162.068467808695,,42.2,17.8
3200,02/2015,130,2866099.0879519195,14501.700477746925,M,59.5,15.0
3201,02/2015,248,226498.36686034134,7387.855585090685,M,36.4,14.8
3202,02/2015,149,767397.0645451098,18761.42426003684,M,52.6,5.5
3203,02/2015,329,2826776.282088442,10535.805838678814,M,43.4,4.5
3204,02/2015,582,1167945.192993202,9420.639837536819,M,46.1,4.4
3205,02/2015,328,2130916.999984719,8852.310715338712,M,39.4,11.4
3206,02/2015,779,4214077.756631199,8622.56522727233,M,,18.0
3207,02/2015,807,716481.3887179487,8677.198074058402,M,,12.8
3208,02/2015,821,391247.4538067363,10144.386932320196,M,55.6,4.4
3209,02/2015,366,862108.1206780053,8900.37115651226,M,42.9,7.5
3210,02/2015,433,1444355.5471705715,8841.100146439514,M,37.5,8.6
3211,02/2015,371,399719.1781778267,8229.430460309755,M,52.2,5.6
3212,02/2015,384,2030866.4200367453,9097.727049317233,M,43.5,2.5
3213,02/2015,632,432631.570227412,10254.164376980068,M,35.3,14.1
3214,02/2015,861,4449501.743737601,8827.785100144714,M,48.3,12.6
3215,02/2015,65,504301.57113458164,8175.425458872239,,46.8,15.7
3216,02/2015,877,121433.50761751438,9295.755428684577,M,40.8,16.7
3217,02/2015,244,75498.84970577717,8020.640433674473,M,40.5,3.1
3218,02/2015,863,1006272.9489865259,9606.837010729021,M,48.7,17.6
3219,02/2015,350,553295.8160756193,10535.201509198607,M,52.6,18.5
3220,02/2015,160,980386.0481883562,10215.952198401681,M,34.9,18.1
3221,02/2015,45,200649.23166087383,8557.45952011106,M,40.4,11.4
3222,02/2015,497,274825.58661858464,7617.511679519954,,46.3,11.7
3223,02/2015,237,231215.24103823636,10309.427791676539,M,39.1,10.7
3224,02/2015,9,135468.33642669045,9107.26700246209,M,50.3,8.9
3225,02/2015,172,581427.4135481884,7537.995079629583,M,55.4,10.6
3226,02/2015,918,303710.46594208217,10400.23669074759,M,45.0,2.6
3227,02/2015,950,97465.09372332567,7524.641203509292,M,34.7,6.3
3228,02/2015,134,5916112.424368237,14921.116681612433,M,64.7,6.2
3229,02/2015,140,4552981.12074105,11261.331838700631,M,,14.0
3230,02/2015,238,4063103.690314365,11920.733391471458,M,61.8,3.6
3231,02/2015,567,175485.93332923244,8419.811996332875,M,49.1,15.0
3232,02/2015,146,816932.3006212555,8005.605702830182,M,38.1,5.6
3233,02/2015,519,142828.39264946955,7742.027853379345,,42.7,1.7
3234,02/2015,428,229982.3121335458,7434.543308251895,M,37.0,13.8
3235,02/2015,612,87287.54598090159,8428.286846629195,M,56.8,10.3
3236,02/2015,153,5087019.8095748,14228.050564088902,M,32.3,18.2
3237,02/2015,592,176913.25335271118,8804.188587652392,M,52.6,12.7
3238,02/2015,713,2755784.6507474273,8312.5127249376,M,45.8,18.2
3239,02/2015,933,319113.3518205899,9019.255794368622,M,48.6,14.2
3240,02/2015,686,4399530.26785098,9104.57826829214,M,40.8,5.5
3241,02/2015,331,6301093.753448548,8859.492547975968,M,36.7,9.1
3242,02/2015,885,133596.21282977558,7564.877891816265,M,62.8,6.5
3243,02/2015,842,4483236.617771664,8534.332827196948,M,48.5,6.3
3244,02/2015,951,416100.6502791754,8953.304170621333,M,65.1,10.5
3245,02/2015,597,129587.97119501201,8323.86862356634,M,60.0,13.1
3246,02/2015,93,2921149.266773375,8670.918515917074,F,38.4,14.3
3247,02/2015,402,219107.98664781777,8578.58601381918,M,35.4,15.1
3248,02/2015,435,349011.7870779697,7540.194632610553,F,60.4,17.1
3249,02/2015,751,3338243.406532129,9051.686216199145,M,55.1,6.5
3250,02/2015,733,297981.2905556719,11616.412411233168,M,52.2,13.6
3251,02/2015,121,3230652.733418292,9065.063083863204,M,58.7,18.4
3252,02/2015,760,631101.8952248341,13051.17025870025,M,47.8,11.1
3253,02/2015,372,574384.7461237622,10193.572514371932,M,33.0,14.3
3254,02/2015,441,1617177.4467029786,8145.075213311643,M,51.6,2.3
3255,02/2015,270,102385.1545870712,9152.70744794332,M,40.7,10.1
3256,02/2015,260,148759.07817251742,10196.218107722962,M,34.6,1.1
3257,02/2015,442,450650.2811676341,10025.891192543582,M,61.5,13.5
3258,02/2015,19,957834.2565105454,11927.370905922704,M,,12.4
3259,02/2015,218,5889493.192513797,14958.038850847544,M,60.8,12.0
3260,02/2015,1000,336700.9473463821,8906.275567569355,M,45.2,4.0
3261,02/2015,967,1017155.0233311832,9516.133367549519,M,56.6,2.4
3262,02/2015,413,229590.67719031885,11628.725354535994,M,47.8,1.0
3263,02/2015,780,118917.71934271559,10547.820250944938,M,51.8,1.9
3264,02/2015,538,504149.7681718678,8382.62921281827,,44.3,13.5
3265,02/2015,255,408756.7550796643,12716.774390015942,M,50.9,15.2
3266,02/2015,211,93261.29908083225,8094.922620172925,M,36.7,8.5
3267,02/2015,465,340573.8333114322,8377.514516227726,M,62.0,17.2
3268,02/2015,583,1698157.0313994703,8014.667201656767,M,39.0,8.2
3269,02/2015,489,2243624.6307264697,10772.70902269872,M,39.7,17.4
3270,02/2015,353,90709.03215178088,11750.556486095253,M,65.8,5.3
3271,02/2015,415,1276694.141007831,7444.395114078871,M,62.5,7.1
3272,02/2015,594,193472.99911750932,13899.364327017125,F,44.6,12.7
3273,02/2015,957,3033365.7290841127,10423.051708575967,M,55.4,5.3
3274,02/2015,394,210094.01152334653,9379.573210789975,M,56.1,5.1
3275,02/2015,674,814444.3481969411,8086.90843046748,M,61.2,16.6
3276,02/2015,646,370923.4480660868,8375.496883756636,M,35.1,10.2
3277,02/2015,972,535990.6876113755,9433.046800292093,M,65.6,1.6
3278,02/2015,791,870962.0030310501,12011.099140607186,M,60.0,8.0
3279,02/2015,78,835947.5623675457,9429.061813731547,M,36.8,7.9
3280,02/2015,548,382112.8788095106,6946.892797225923,M,52.2,12.5
3281,02/2015,536,111890.69765233115,8325.068984405387,M,55.4,3.4
3282,02/2015,621,401248.6783891028,7401.527774670839,M,54.8,1.7
3283,02/2015,762,4600410.474647097,11784.689934043412,M,47.3,14.9
3284,02/2015,516,609442.7586021011,13475.325713944872,M,65.6,18.0
3285,02/2015,216,445478.786612282,7699.315628394028,M,36.4,14.5
3286,02/2015,635,642231.6129685763,8395.408243412348,M,55.3,14.8
3287,02/2015,926,596211.2229883346,6958.617718775998,M,43.2,14.0
3288,02/2015,135,4533247.786885381,8186.332204932394,,,10.5
3289,02/2015,387,1203511.0032793332,12097.050459519187,M,46.8,16.0
3290,02/2015,925,866007.21586793,8137.177444990117,M,57.3,5.5
3291,02/2015,85,496901.7533688989,10969.120690003489,M,38.7,16.7
3292,02/2015,586,657350.4063195118,8093.130049078564,M,32.2,7.8
3293,02/2015,571,493969.20182009897,10423.457715517348,M,53.2,13.8
3294,02/2015,855,239548.51126705235,5583.285145720082,M,64.2,15.2
3295,02/2015,685,774734.5449278519,11517.320662760056,M,47.0,7.8
3296,02/2015,63,402156.0800775189,10505.692973290284,M,61.6,12.5
3297,02/2015,264,130489.56562589669,11137.958631871856,M,59.1,12.7
3298,02/2015,701,2917856.5966051514,8874.448128472588,M,37.3,10.7
3299,02/2015,73,1924461.7194595535,10250.736871725081,M,48.6,14.7
3300,02/2015,478,1059836.3858903963,8520.33825943738,M,35.7,7.8
3301,02/2015,661,637966.1314731546,13114.514701805008,M,57.1,1.7
3302,02/2015,228,2411375.177063319,10335.068183783811,M,48.1,9.5
3303,02/2015,309,408543.6367739349,9978.557634911956,M,38.3,14.6
3304,02/2015,382,217858.8328902527,7461.762581061314,M,34.4,10.9
3305,02/2015,914,688221.7575309532,9692.056173491072,M,54.5,6.4
3306,02/2015,170,172044.82448792495,7936.834491983574,M,34.1,16.2
3307,02/2015,808,546167.5075191347,8391.486456590837,M,45.2,4.6
3308,02/2015,279,2488507.5508849733,11265.035295541715,M,44.8,3.9
3309,02/2015,852,1385531.3007153566,8464.542763728692,F,37.4,13.3
3310,02/2015,258,1721589.172968684,10319.790078583294,M,43.5,6.3
3311,02/2015,920,1847288.8834371727,7602.6061571940745,,64.9,14.6
3312,02/2015,167,837663.9168729545,9628.091253909754,M,37.0,6.7
3313,02/2015,229,310539.1396815396,9001.052580404708,M,55.1,7.9
3314,02/2015,293,381929.5810770898,10967.188989601284,M,44.9,10.8
3315,02/2015,569,589360.4509152471,14260.738671039824,M,39.7,13.3
3316,02/2015,39,157888.17578766297,9502.88560941982,M,58.6,1.1
3317,02/2015,562,461462.09850132366,10851.980522677482,M,43.4,10.0
3318,02/2015,819,359270.43214004464,8855.287128734524,M,33.6,15.2
3319,02/2015,652,112848.70023479106,9547.74062497106,,43.2,1.1
3320,02/2015,827,1807974.457622435,9200.788033646633,M,65.0,3.2
3321,02/2015,915,612760.311274007,8163.477227351013,M,47.0,13.0
3322,02/2015,35,478577.30424515036,9166.992397064685,M,53.3,4.0
3323,02/2015,358,670470.1410411872,8899.467986456468,M,35.8,18.3
3324,02/2015,867,4163150.0349965254,12244.956897694745,M,53.5,10.1
3325,02/2015,979,1852445.5199485684,16359.014416675522,M,64.3,9.9
3326,02/2015,599,391832.20719485736,11645.882974193466,M,,18.4
3327,02/2015,470,95138.00339861083,8682.860368209964,M,45.0,3.5
3328,02/2015,903,336623.473003992,7858.500266091577,M,,16.7
3329,02/2015,420,365969.6581000919,9574.571874007424,M,56.3,5.9
3330,02/2015,150,443420.8063029584,8511.658748475189,M,,10.2
3331,02/2015,631,253613.22453264182,11262.249655601627,M,43.4,6.2
3332,02/2015,616,462044.9028526273,9013.377056523886,M,61.4,8.8
3333,02/2015,373,3737162.29476704,12033.938392372022,M,60.9,5.9
3334,02/2015,577,660506.5439307825,10047.152319516274,M,42.5,15.7
3335,02/2015,901,1339500.8541572974,8091.978268736519,M,56.5,9.0
3336,02/2015,55,790508.8528357295,10337.668592945543,M,34.8,2.7
3337,02/2015,908,227047.23968405643,7395.759147684262,M,39.6,15.1
3338,02/2015,883,101551.06732161476,8715.771756127613,M,,15.3
3339,02/2015,522,3367957.5602652878,9088.724595121948,M,52.2,14.7
3340,02/2015,811,1992668.841090035,6666.706048858133,M,,18.6
3341,02/2015,137,1459647.0530417329,10438.457778340475,M,58.3,17.6
3342,02/2015,600,3516246.796183433,7634.660802980145,M,38.4,17.2
3343,02/2015,673,1490577.6720023234,8104.35460671085,M,49.1,5.2
3344,02/2015,575,3026918.744003261,9760.957209706,M,32.9,10.9
3345,02/2015,469,185660.5769228558,8642.357043301288,M,64.1,10.3
3346,02/2015,698,384678.68321883597,9970.575265188678,M,62.6,5.0
3347,02/2015,245,3666885.281270782,8690.268749553616,M,60.9,13.2
3348,02/2015,363,414627.3833065078,7892.4982697972,M,45.2,1.3
3349,02/2015,911,359963.5791737327,8924.216468430031,M,53.9,13.9
3350,02/2015,343,172669.2010826965,9212.534647262348,M,63.1,16.4
3351,02/2015,886,365903.8009681248,8963.870615366106,M,59.7,10.7
3352,02/2015,262,413713.90776006406,8140.109173259499,M,64.6,14.7
3353,02/2015,222,596945.1176058563,8167.3656991535645,M,39.2,11.6
3354,02/2015,731,2051863.277261305,7987.426091405165,,35.2,7.5
3355,02/2015,31,4291889.757314143,10876.656424994979,,36.7,16.8
3356,02/2015,32,807030.686682804,8569.800236636449,M,55.5,2.4
3357,02/2015,545,181000.0871808395,8838.67016349265,M,42.4,3.8
3358,02/2015,553,191632.36731481337,7442.3585253810015,M,35.3,1.8
3359,02/2015,284,116810.69310932812,12608.071105195928,M,40.5,14.4
3360,02/2015,94,318099.55622715515,9087.085922560222,M,,9.2
3361,02/2015,472,218274.4507986341,9538.52041277298,,40.5,8.5
3362,02/2015,748,740925.9877172908,8592.458961396953,F,40.7,14.3
3363,02/2015,3,115693.23547156718,8458.52590105343,M,49.3,4.7
3364,02/2015,676,313903.7642530887,7230.700522997709,M,43.8,17.0
3365,02/2015,233,112078.84237649423,9080.762531665869,M,38.2,12.8
3366,02/2015,919,606361.5640683805,11107.518328652002,M,34.6,11.6
3367,02/2015,54,428661.816347795,9173.27035734922,M,57.6,1.3
3368,02/2015,95,374767.01897274476,9013.54550684351,M,55.1,14.3
3369,02/2015,818,1438098.917422085,7983.477186658747,M,,4.6
3370,02/2015,349,476354.334029725,7906.86249704607,M,63.1,16.7
3371,02/2015,224,3793411.8870481984,8424.874243369617,M,42.2,9.8
3372,02/2015,526,1805844.308675566,15378.327320570505,M,62.7,18.8
3373,02/2015,613,341686.5431931941,7973.265713442736,M,50.9,2.5
3374,02/2015,845,1398952.8202381276,8583.715620554118,M,,5.5
3375,02/2015,894,405309.5807592191,8126.212431889225,M,47.3,18.1
3376,02/2015,419,852426.0119120574,9762.161385497418,M,,18.2
3377,02/2015,707,439550.102597087,8910.135095193275,M,56.4,12.6
3378,02/2015,426,737576.8684365852,15442.482621562749,M,43.0,7.2
3379,02/2015,427,140438.024327261,7411.1550944360415,M,48.1,3.4
3380,02/2015,978,645368.8818354184,8739.310139806372,M,40.8,8.0
3381,02/2015,610,342235.43559894426,8183.246159456061,M,64.5,8.9
3382,02/2015,76,660654.112128162,7962.456346263272,,46.8,11.5
3383,02/2015,629,1616699.1351753643,8558.986011117986,M,46.4,15.7
3384,02/2015,326,387445.89685427264,10198.59630667161,M,32.6,1.6
3385,02/2015,875,164323.94883990803,8236.80607831131,,42.4,16.3
3386,02/2015,409,7080136.555054789,10085.867152541783,M,45.0,14.6
3387,02/2015,940,293542.7039527959,8953.744825283151,M,53.9,9.6
3388,02/2015,642,709986.8331061384,9739.33525780841,M,43.3,8.4
3389,02/2015,14,608155.5324438111,8947.393452203776,M,56.5,1.7
3390,02/2015,129,403089.54374021594,9610.88637874127,M,35.6,11.3
3391,02/2015,474,71885.82489495224,6777.871413679282,M,56.2,13.1
3392,02/2015,312,112630.55894313104,7564.9915828376625,M,61.2,13.4
3393,02/2015,708,2790300.165326967,10398.090367465276,M,40.4,1.6
3394,02/2015,30,429332.7562529359,8691.755397510015,M,46.1,9.2
3395,02/2015,161,4338295.072363527,11864.332130183198,M,51.3,2.9
3396,02/2015,839,469104.87243530294,6745.540326791583,M,36.7,1.6
3397,02/2015,400,2372241.8383783163,9465.487232494655,,58.4,10.9
3398,02/2015,375,815004.305354251,7423.111052134326,M,43.3,18.2
3399,02/2015,298,143768.73460446583,9067.838573050092,M,39.2,11.8
3400,02/2015,29,846466.9116072798,11443.771762356204,M,46.5,10.7
3401,02/2015,679,679250.0330036059,7180.6825902520695,M,32.7,10.4
3402,02/2015,422,720784.8236154821,10389.164515657365,M,50.1,11.6
3403,02/2015,50,735436.9789104693,7205.470414681121,M,53.7,9.0
3404,02/2015,804,582801.126495067,11685.434745043898,M,32.4,13.2
3405,02/2015,627,374944.49506855337,7429.784885872463,M,41.2,15.2
3406,02/2015,874,1236213.7585160783,8837.294669358807,M,38.0,2.2
3407,02/2015,165,798796.0854703147,9787.758371031126,F,50.4,17.6
3408,02/2015,905,1829383.5568320532,10545.711729745724,M,32.6,15.8
3409,02/2015,37,487753.5006773093,7827.376495485176,M,43.8,12.4
3410,02/2015,501,140956.4242101971,16829.908634720374,M,47.7,9.3
3411,02/2015,529,568461.4088539518,9642.117200728322,M,47.5,6.1
3412,02/2015,774,2338915.3733687876,10417.955970047324,M,62.2,17.0
3413,02/2015,772,691694.7364477256,8360.261016811592,M,47.7,8.2
3414,02/2015,773,1181691.66961333,6806.119045432894,M,,14.6
3415,02/2015,388,607706.2320945166,8677.289089132017,M,,1.6
3416,02/2015,194,147557.98226378302,10024.043189434733,M,65.8,18.7
3417,02/2015,778,3381391.8966662786,8932.860855475466,M,62.7,4.5
3418,02/2015,830,1467114.988589554,9664.562375798225,M,49.8,5.2
3419,02/2015,655,1045359.0728100782,8435.72768538737,M,51.5,7.7
3420,02/2015,461,619692.7700386653,8518.835189859552,M,64.8,2.5
3421,02/2015,927,1381996.4354253989,7772.097989666391,M,53.3,9.6
3422,02/2015,90,622940.6045379327,6981.288942419316,M,60.6,11.5
3423,02/2015,348,562487.1475532426,9622.147116981278,M,60.8,1.0
3424,02/2015,313,223506.32256740707,9426.726397290638,M,53.1,14.1
3425,02/2015,590,287499.30636438495,8129.8620788679855,M,40.8,4.2
3426,02/2015,179,112270.50558774754,7108.55945912537,,52.8,15.2
3427,02/2015,496,414382.23580808495,7558.791786671631,M,58.0,17.3
3428,02/2015,517,335373.8151975331,9560.692144477387,M,46.1,16.4
3429,02/2015,744,229866.26141336854,9672.201123616092,M,48.2,14.3
3430,02/2015,682,108519.34268253495,9099.245306328196,M,46.5,10.8
3431,02/2015,809,315115.5526337589,9675.341778844637,M,40.3,17.8
3432,02/2015,658,641102.9268198593,9868.535263647553,M,46.5,11.6
3433,02/2015,158,978126.1119834669,13697.584585473127,M,,3.0
3434,02/2015,357,929267.6582115794,8778.306544607023,M,42.8,9.0
3435,02/2015,221,1723736.1462659957,14093.596280844153,M,64.0,3.7
3436,02/2015,633,4925957.655462828,11629.888433732778,F,46.4,2.6
3437,02/2015,721,596193.7353983711,8373.194453412894,M,36.7,14.4
3438,02/2015,783,104952.7462148789,6817.221789238163,M,43.3,9.7
3439,02/2015,304,114418.32293538906,7438.727033336023,M,60.5,17.7
3440,02/2015,789,500261.7390343081,9477.757975330598,F,39.7,8.0
3441,02/2015,486,84968.75418860317,7589.679222932846,M,56.4,5.1
3442,02/2015,580,195768.25882403195,7307.8973335504015,M,63.8,10.4
3443,02/2015,6,358785.1121598038,9641.057659578808,M,35.5,15.1
3444,02/2015,934,624758.7190201603,9000.197901745805,M,32.4,13.9
3445,02/2015,645,127752.56767551905,9007.797608822797,M,52.4,2.3
3446,02/2015,206,83786.35357428047,9078.33169736666,M,64.2,5.3
3447,02/2015,401,249570.91151894286,7896.820857293559,M,,13.2
3448,02/2015,826,155881.22131665252,9778.22710231965,M,33.7,5.3
3449,02/2015,83,2247188.409055147,8703.326422470851,M,65.4,8.2
3450,02/2015,183,1113957.4504192849,12047.996950485662,M,41.2,14.6
3451,02/2015,42,102100.25487764264,9692.352403226287,M,56.3,13.9
3452,02/2015,722,2070188.5215550829,8253.696259209428,M,45.4,18.3
3453,02/2015,503,895175.7215410259,9024.180211465728,M,,18.0
3454,02/2015,620,110835.78083849758,9405.92105922397,M,57.3,1.6
3455,02/2015,755,340447.4419212615,8720.559893213764,M,53.1,14.7
3456,02/2015,873,234721.38859575422,11961.371395876595,M,33.1,16.5
3457,02/2015,781,4358183.463419902,9793.679720690983,M,33.4,14.1
3458,02/2015,40,1241629.7792248481,12467.2450685364,M,36.4,9.0
3459,02/2015,240,498171.0902317962,8978.240892205009,M,,5.8
3460,02/2015,436,340160.3405583708,8158.639106041354,,37.8,12.0
3461,02/2015,320,103832.99005593146,9176.282709543188,M,43.1,14.4
3462,02/2015,723,363395.1174722752,8083.096469401504,,,3.7
3463,02/2015,947,240921.43497829736,7441.958605969332,M,41.6,14.9
3464,02/2015,168,796059.1863213805,10361.38136558604,M,60.0,11.2
3465,02/2015,259,3139573.9472849583,9027.826669016351,M,60.8,2.7
3466,02/2015,913,6297602.747817379,8951.63968018466,M,53.6,9.3
3467,02/2015,985,2709411.1968528647,9390.300715635674,M,51.8,15.1
3468,02/2015,539,102714.9648419851,8804.521393760195,M,41.5,10.6
3469,02/2015,975,876531.888412605,11515.854713219727,M,46.1,9.3
3470,02/2015,771,419754.2739684212,10599.136229968875,M,59.1,12.7
3471,02/2015,566,3141349.38420599,6041.059029719915,M,,11.7
3472,02/2015,325,440270.35195820144,11109.273984480655,M,59.5,7.6
3473,02/2015,813,4020636.4807179626,11240.005491016833,M,56.3,16.7
3474,02/2015,253,5814444.622867801,10132.127012087283,F,52.5,18.0
3475,02/2015,817,360261.8551993276,9158.059776989863,M,35.7,7.4
3476,02/2015,958,103694.11675187844,8151.034283038814,M,42.6,2.3
3477,02/2015,564,4212184.202948017,12513.635508263813,M,36.5,18.6
3478,02/2015,448,154436.33629486445,7928.033277573599,M,51.5,15.3
3479,02/2015,322,198117.10014927186,8221.078670459301,M,45.2,13.4
3480,02/2015,909,2492583.8677427815,9947.572582550003,F,45.0,18.5
3481,02/2015,208,250015.24477472174,10010.94870171228,M,57.5,3.7
3482,02/2015,306,258052.22151456095,7979.644890665017,M,57.0,16.2
3483,02/2015,471,734312.7237872506,13890.849158576459,M,64.4,4.4
3484,02/2015,833,415502.946404784,7734.374064662704,M,45.8,14.0
3485,02/2015,518,90136.18698365755,8647.844825884382,M,55.0,16.6
3486,02/2015,607,173648.11796907705,8893.022123013303,M,34.1,13.1
3487,02/2015,743,150122.62129995777,9637.92159408156,M,55.6,1.1
3488,02/2015,431,696603.1643779362,13792.592576879535,M,42.5,3.0
3489,02/2015,554,101277.81548396651,8327.182698389048,M,40.1,9.5
3490,02/2015,866,385651.4450551352,6556.116740743232,M,35.4,6.1
3491,02/2015,740,314188.8241318703,9518.47327923727,M,54.5,9.9
3492,02/2015,534,340705.5331963123,9030.056076134226,M,63.4,16.5
3493,02/2015,681,1632571.2375927698,9698.846971761106,M,56.8,4.5
3494,02/2015,694,1022048.2542600224,8284.831886658325,M,56.6,8.8
3495,02/2015,557,332273.19937509415,10087.259916603156,M,61.4,16.5
3496,02/2015,204,2083741.9496364268,7820.031718164102,M,54.7,9.8
3497,02/2015,275,755386.0686269014,11661.210775465455,,34.7,14.8
3498,02/2015,525,590774.3186909196,7470.09383954092,M,39.2,9.1
3499,02/2015,33,1580875.7090155613,9708.850072445122,M,55.8,15.2
3500,02/2015,18,3684262.406282202,9773.825023278489,M,36.9,16.0
3501,02/2015,835,516810.8337421533,8797.079655451336,M,,12.8
3502,02/2015,649,500776.6916343716,8533.866413399888,F,41.6,6.4
3503,02/2015,406,156168.85032698838,10502.446452009568,,36.0,1.4
3504,02/2015,640,696935.2847921486,9596.189110553922,,64.7,9.2
3505,02/2015,79,3192271.5585144083,9473.786018523935,M,41.3,4.9
3506,02/2015,942,882328.3956017868,15896.428042899086,M,50.2,14.9
3507,02/2015,895,299721.6572426942,8630.367169401738,M,33.5,17.3
3508,02/2015,766,235287.29708181403,8901.41088739561,M,62.4,7.1
3509,02/2015,51,3546973.8625599626,10750.446004433908,,39.9,6.9
3510,02/2015,702,552737.2207508356,9446.909332857434,M,57.5,12.7
3511,02/2015,332,458020.2519313835,7756.227447877585,F,55.0,18.7
3512,02/2015,314,394751.148188735,9773.854458915448,M,49.4,4.0
3513,02/2015,118,342592.3645963904,8039.261645688387,M,39.8,9.3
3514,02/2015,445,410578.6637536075,12809.10935520671,M,59.4,18.6
3515,02/2015,906,2970956.5145791215,12484.997793191498,M,57.2,5.3
3516,02/2015,555,373395.58938339923,6878.16236968214,M,62.5,3.5
3517,02/2015,105,2141852.9609746845,9485.294201714403,M,48.3,2.2
3518,02/2015,879,546258.4339791662,8792.655705362004,,64.1,3.3
3519,02/2015,175,1895606.0082155745,7122.43713360028,M,38.2,7.2
3520,02/2015,367,115512.75557390832,7384.421157231492,M,58.5,5.2
3521,02/2015,810,99393.7665557445,7724.000157250776,M,44.5,2.3
3522,02/2015,892,12418239.4721587,14840.382606933443,M,65.4,15.5
3523,02/2015,964,364108.9733667996,9556.866837080397,M,50.2,6.4
3524,02/2015,946,5304427.216700465,9176.037448521769,M,52.1,6.6
3525,02/2015,547,111652.71493769469,11865.1762225178,M,,7.5
3526,02/2015,999,119983.3393151797,10671.890565840333,M,45.1,14.1
3527,02/2015,953,406148.400780744,7230.323129814899,M,47.7,14.8
3528,02/2015,202,107831.49911858329,9902.763044060472,M,57.6,4.0
3529,02/2015,345,489028.8408309265,10131.380341856451,M,40.8,12.9
3530,02/2015,718,257867.85415367002,12310.83755439947,M,65.1,1.7
3531,02/2015,276,1790532.6640005338,7830.56761792462,M,45.1,18.5
3532,02/2015,768,336300.22478994227,7576.167288743118,M,63.5,6.3
3533,02/2015,411,243364.55335161617,8855.412596165,M,58.7,2.5
3534,02/2015,192,1309160.961047694,7285.551203512075,M,45.7,5.7
3535,02/2015,115,402916.8721893396,11168.811200747705,M,36.3,17.6
3536,02/2015,162,456088.4136177464,6850.754782976854,M,35.5,12.1
3537,02/2015,636,357105.2413006724,11109.417530628709,F,63.9,7.2
3538,02/2015,870,332773.71589758,11502.138341356891,M,42.5,2.6
3539,02/2015,468,829164.4546124716,12777.205367298904,M,52.3,3.3
3540,02/2015,490,3514092.037919322,8368.182458004865,M,62.1,12.7
3541,02/2015,558,393050.26466307486,10645.748560531909,M,35.8,9.1
3542,02/2015,662,313330.9652434992,10073.998649250856,M,51.0,6.8
3543,02/2015,834,589714.6277706795,8391.877637438105,M,39.8,1.8
3544,02/2015,907,2050803.5711549788,6867.015416097958,F,61.1,3.8
3545,02/2015,15,1972031.794361664,7640.893341906184,M,35.0,4.2
3546,02/2015,588,331244.9902187614,9223.365458600614,F,47.5,14.8
3547,02/2015,859,808589.9739813565,8936.93377198935,M,44.3,4.2
3548,02/2015,109,3095351.0169505575,9504.559459406853,M,45.2,7.3
3549,02/2015,369,2324301.9126320337,9497.858342454669,M,36.2,8.9
3550,02/2015,188,1126840.776026513,7552.120729438528,M,33.0,18.5
3551,02/2015,166,319728.7507341071,9750.379453605266,M,,1.3
3552,02/2015,180,186016.3290187197,8571.53397517303,M,48.2,10.8
3553,02/2015,986,196809.4742367113,9651.685950588011,M,34.5,8.6
3554,02/2015,438,530886.5533009637,11805.73694885156,M,37.4,7.0
3555,02/2015,120,364617.98056032066,10654.626661542345,F,49.6,7.2
3556,02/2015,414,1173565.8965844428,11231.323798031355,M,38.1,7.7
3557,02/2015,389,92215.67627457502,8804.191174700625,M,58.5,1.7
3558,02/2015,91,1045952.4936202852,8635.312218379293,M,33.5,2.7
3559,02/2015,565,507192.6481220724,11355.523238621252,M,44.3,17.2
3560,02/2015,16,758623.2488431394,8135.386745574748,M,47.8,8.0
3561,02/2015,443,339657.4652117504,9576.07082567685,M,36.6,1.5
3562,02/2015,507,452238.7610317189,8407.863805972796,M,62.1,9.5
3563,02/2015,404,273639.0328143458,8338.787213537107,M,55.1,14.7
3564,02/2015,280,1539132.54329427,11838.594220851663,,60.1,2.4
3565,02/2015,654,333103.7661672337,11360.651916407516,M,55.4,9.7
3566,02/2015,376,231895.81351013246,10806.329562911475,M,37.8,6.4
3567,02/2015,169,259680.7944377966,8071.124155663125,M,60.7,18.0
3568,02/2015,931,438098.4391532186,10584.127177262237,M,62.2,15.4
3569,02/2015,664,1738129.2115611576,9451.502912343842,M,45.6,17.9
3570,02/2015,272,730893.6545911165,7802.184296090753,M,41.3,10.3
3571,02/2015,667,744216.689788133,6652.211676055814,,53.4,1.7
3572,02/2015,209,6810291.425316486,9799.101596528692,M,47.4,11.3
3573,02/2015,687,330582.22530463024,11092.232814249615,M,43.9,9.8
3574,02/2015,893,452807.73233883793,9896.535487139192,M,38.7,2.4
3575,02/2015,184,218186.79092607304,8707.181628186921,M,46.3,14.7
3576,02/2015,711,771624.0032338005,11433.08084421115,M,51.6,17.6
3577,02/2015,543,217519.21881522308,8125.313417566059,M,59.2,12.0
3578,02/2015,864,4084963.225491493,7982.9775772842895,M,35.7,8.6
3579,02/2015,995,514805.31661637244,8512.784905831153,M,,3.7
3580,02/2015,563,342802.74205535307,9264.396536412984,M,44.1,7.1
3581,02/2015,58,102374.93417973245,7587.380750195506,M,61.0,6.9
3582,02/2015,46,233364.22748357573,9189.099837981465,M,35.1,13.7
3583,02/2015,226,1436041.4969822876,7821.188646514429,M,57.1,8.2
3584,02/2015,286,805629.1532668503,7608.334482516925,M,64.2,16.9
3585,02/2015,475,155386.20905243885,12399.499950250853,M,37.6,9.6
3586,02/2015,578,164403.5068131835,9856.996958505059,M,55.7,8.8
3587,02/2015,695,121774.88621782036,7833.993634322802,M,40.3,15.1
3588,02/2015,417,608482.7953788573,12432.709589875709,M,44.2,3.6
3589,02/2015,421,105310.15939673487,9679.982221669252,M,51.3,11.2
3590,02/2015,397,1522389.8887574936,13911.024415079793,M,,12.9
3591,02/2015,273,2803696.7624943643,7955.835752380106,M,43.7,13.2
3592,02/2015,281,1921176.4289317066,12172.90107096295,M,58.1,16.5
3593,02/2015,945,158649.31939051475,11006.848684049883,M,40.5,7.3
3594,02/2015,862,179520.94216904775,8774.710180127768,F,53.6,4.1
3595,02/2015,232,489867.3643494677,11766.890614171703,M,44.7,13.6
3596,02/2015,550,4122672.506524472,11225.856929047426,,46.4,7.5
3597,02/2015,917,5582827.089436797,8758.525329706257,M,32.3,17.7
3598,02/2015,56,1445897.7370273813,8091.2872946834495,M,38.6,14.0
3599,02/2015,377,109333.48723222352,7492.986317548607,F,57.8,4.0
3600,02/2015,143,243619.36250268627,10137.224233817351,M,,7.3
3601,02/2015,782,413301.0387393601,7654.543618494602,M,57.1,15.8
3602,02/2015,17,734772.8588867855,9045.96973253861,M,,18.5
3603,02/2015,800,306805.26453773346,9877.364788364064,M,55.4,15.0
3604,02/2015,418,973799.4405317452,9370.229008215629,M,50.6,9.8
3605,02/2015,282,1790659.7789565988,7824.862145647812,M,59.1,15.3
3606,02/2015,495,664389.6491157544,13525.947193787888,M,52.5,5.5
3607,02/2015,492,203941.409161655,7937.605844160231,M,47.2,11.8
3608,02/2015,968,368930.7243433333,9487.01629927959,,59.5,2.6
3609,02/2015,802,851884.5310673141,9321.72467892747,M,37.0,11.4
3610,02/2015,215,232452.09293550026,11783.323533150695,M,52.5,7.2
3611,02/2015,959,1294345.1421428802,7301.443598650594,M,63.1,13.2
3612,02/2015,954,192416.98163596002,8823.156870488392,M,42.1,5.8
3613,02/2015,482,694949.2163035218,9132.934333184665,M,65.9,13.1
3614,02/2015,102,794783.0180859778,11711.926044379226,M,55.2,11.6
3615,02/2015,776,3489148.390713488,10235.435190073636,M,,15.6
3616,02/2015,528,1447854.9977294302,7436.483165544996,M,32.7,15.5
3617,02/2015,292,3668349.657151512,8289.142550490576,M,32.6,13.2
3618,02/2015,971,271484.57573555515,8844.459630170306,M,63.5,15.5
3619,02/2015,152,599702.6996178685,7914.271714456094,M,35.5,3.3
3620,02/2015,750,96607.06124003904,11025.73614052626,M,57.0,16.5
3621,02/2015,199,3842474.60155743,12269.18494880223,M,49.2,13.1
3622,02/2015,154,5074318.947299862,8427.444655538293,M,,6.9
3623,02/2015,675,4163164.1325997366,9556.732049665254,M,56.2,10.5
3624,02/2015,288,5818450.416233155,8426.042651808752,,47.6,18.3
3625,02/2015,523,1406166.0375733974,7820.00412305409,M,32.1,1.2
3626,02/2015,688,247294.72284429419,6671.022909129712,M,41.3,4.0
3627,02/2015,360,864097.711199811,8858.236688246585,M,49.5,12.0
3628,02/2015,960,449796.6214806991,10693.145128929176,M,55.1,9.8
3629,02/2015,368,293683.02891493286,10517.86973816361,M,53.7,14.7
3630,02/2015,456,2146604.424270576,8897.23614017246,M,55.8,5.9
3631,02/2015,512,404198.5057167819,8969.188149048408,,50.1,15.9
3632,02/2015,650,574007.5496036466,11390.422226716591,M,43.0,12.5
3633,02/2015,380,600234.9166798217,11183.239320501514,M,61.4,1.5
3634,02/2015,139,1764663.5310232223,8184.985447510242,M,56.4,8.7
3635,02/2015,994,424171.84888952237,9052.193054715222,M,42.5,2.6
3636,02/2015,689,82626.5095849518,7094.960615832244,M,63.1,2.4
3637,02/2015,243,368713.343553298,10981.857883202734,M,38.2,16.7
3638,02/2015,148,119937.88786961007,11671.122256657265,M,64.4,9.8
3639,02/2015,252,359467.2094259975,8050.620615899583,M,40.6,14.0
3640,02/2015,265,843532.2948524785,11469.243691441212,M,39.6,3.8
3641,02/2015,362,957980.8738035284,22010.17262677685,M,39.0,3.7
3642,02/2015,336,369691.30748684634,8146.290297220521,M,53.4,15.5
3643,02/2015,928,391442.3924904071,8946.750975098734,M,63.0,14.1
3644,02/2015,515,1750550.148391036,16933.99268839595,M,56.7,9.7
3645,02/2015,483,125040.59590471983,11278.263323115301,M,47.0,12.5
3646,02/2015,395,4133826.4648282863,7623.714692780039,M,59.5,16.9
3647,02/2015,758,10143030.088323187,10306.538820023927,M,45.8,3.4
3648,02/2015,361,546619.9726601194,8369.893842707632,,51.1,15.4
3649,02/2015,657,256587.19687197116,7991.8233805208965,M,53.9,10.4
3650,02/2015,761,8553335.996285282,10119.069249259812,M,33.4,8.7
3651,02/2015,881,66069.10684008425,6492.580957104566,M,53.5,2.0
3652,02/2015,197,151859.7255091921,10227.512235356273,M,44.6,12.9
3653,02/2015,290,351891.8194302194,11808.402602735066,M,37.7,4.3
3654,02/2015,742,362136.4556726356,7826.018307553039,M,47.7,1.4
3655,02/2015,848,107235.30075292102,8032.823528019791,M,58.3,10.1
3656,02/2015,820,589949.9281281354,8748.965139318074,M,32.4,14.0
3657,02/2015,122,433599.528977243,9313.644202623527,M,42.0,5.7
3658,02/2015,340,330898.6683190449,10148.637652758933,,43.5,6.5
3659,02/2015,714,637399.6162607736,13780.336612269923,M,39.5,9.7
3660,02/2015,699,401049.18168434524,9097.33799549346,M,38.8,17.8
3661,02/2015,825,283843.43728963163,7235.814163814402,M,39.7,5.7
3662,02/2015,717,513315.6483786813,11137.79817301567,M,51.8,18.7
3663,02/2015,318,3350307.784470654,9216.850998069818,M,60.5,9.5
3664,02/2015,104,491508.2991173235,9631.371048630113,,57.0,5.7
3665,02/2015,816,152774.9602849834,11025.870617941473,M,32.0,1.0
3666,02/2015,296,145385.53089343425,6554.898377191447,M,42.2,11.1
3667,02/2015,696,840995.0110353625,12320.400637847493,M,41.1,14.7
3668,02/2015,27,3751310.674862632,8627.66880332545,M,54.4,12.8
3669,02/2015,22,224371.82709917251,8537.306323196146,M,50.2,13.8
3670,02/2015,785,353511.1189801487,7769.615213581796,M,,14.7
3671,02/2015,256,2946981.8855623044,9580.90911413154,M,,8.8
3672,02/2015,75,237062.18854448796,9083.853930255524,M,47.3,6.5
3673,02/2015,5,2728727.9042570516,12626.094445916142,M,39.8,4.7
3674,02/2015,217,115065.6174068065,7304.3369511689025,M,64.4,14.8
3675,02/2015,869,574365.1370632026,7423.400960903703,M,38.4,13.3
3676,02/2015,385,352120.0160918042,8743.840445611626,M,44.9,9.4
3677,02/2015,941,519163.754427766,8608.384734822475,M,35.0,2.8
3678,02/2015,712,155101.19571395492,8153.681409023832,F,,13.8
3679,02/2015,939,443998.78481577913,7205.635423837499,M,49.5,2.4
3680,02/2015,710,334305.3789118465,7903.080577757035,M,57.4,7.4
3681,02/2015,34,428272.3576557884,9069.394410243272,M,,18.6
3682,02/2015,559,260352.97628597057,11844.13051724573,F,62.8,4.7
3683,02/2015,463,330397.92927689047,8180.97174069434,M,48.9,10.3
3684,02/2015,605,566423.6617123006,8328.306447151961,F,63.6,5.9
3685,02/2015,424,407087.8366636535,12777.598115648734,M,49.8,3.8
3686,02/2015,851,359300.10089292383,8514.75654789997,M,43.5,2.4
3687,02/2015,444,2748887.406704231,9002.126110504201,M,45.4,4.1
3688,02/2015,790,314159.74641134316,9422.273673422516,M,37.6,5.0
3689,02/2015,106,136591.73435079088,10399.984597066536,M,42.4,1.2
3690,02/2015,455,646786.3610037052,10407.815662493082,M,,3.9
3691,02/2015,223,117916.44899939706,10956.450092988747,,53.2,5.2
3692,02/2015,242,381808.52293107024,7257.097661641408,F,46.1,14.5
3693,02/2015,77,728059.5031027145,8955.625439732396,M,63.4,8.9
3694,02/2015,961,2306272.9134633956,8223.719643044467,M,62.4,6.9
3695,02/2015,416,2290710.9264824586,7727.053681974667,M,50.8,16.2
3696,02/2015,506,1854000.2327638122,9580.744140152301,M,38.7,5.6
3697,02/2015,287,3132109.255637716,8388.506284344192,M,40.1,15.2
3698,02/2015,52,524100.7064586631,7183.504285956187,M,55.3,5.2
3699,02/2015,132,418296.55958155316,9932.094716714335,M,60.6,17.3
3700,02/2015,319,118098.62455917164,8108.721641147935,M,42.7,9.7
3701,02/2015,871,2813972.387577608,13117.225708675425,M,,7.2
3702,02/2015,213,4943366.887190396,9102.320730463347,M,40.4,15.2
3703,02/2015,846,453445.85009256983,8966.808675531243,M,33.1,17.2
3704,02/2015,351,548605.2859181096,7535.58919761857,M,53.7,7.8
3705,02/2015,324,119150.07612536583,9888.867743479796,M,54.6,9.8
3706,02/2015,173,2550688.8926250995,12093.597272300907,M,46.9,9.3
3707,02/2015,88,1314193.0887094368,14094.578509026187,M,43.9,18.0
3708,02/2015,347,439992.2149147759,10333.683955409862,M,,15.2
3709,02/2015,513,489680.444677635,10138.575817176516,M,42.2,14.3
3710,02/2015,487,4967260.475873988,9580.557039156882,M,32.3,14.8
3711,02/2015,295,2397453.490393714,9014.569914455367,M,46.5,8.4
3712,02/2015,430,2301185.8783973353,7745.76518672949,M,,11.6
3713,02/2015,437,421851.34474698576,8931.269105351896,M,35.0,9.8
3714,02/2015,644,1385238.8322565341,8985.698921566314,M,60.0,5.4
3715,02/2015,803,1522544.8202259503,9567.860565649326,M,39.6,13.8
3716,02/2015,2,293077.8951266537,11626.065305869755,M,65.5,1.0
3717,02/2015,932,164669.59760320067,12140.326541933699,,37.4,12.0
3718,02/2015,843,1679842.2779066614,10155.197331893582,F,40.4,15.0
3719,02/2015,138,6176286.671339675,8696.768963909213,M,34.5,5.5
3720,02/2015,356,2421730.3962714775,8851.998829523429,M,51.3,12.6
3721,02/2015,466,419548.2997853205,14839.945665360898,M,51.7,13.4
3722,02/2015,729,352443.44998243777,8715.94965884518,M,59.3,9.7
3723,02/2015,535,294744.5269725527,6447.028132921345,M,62.7,2.9
3724,02/2015,715,112148.9434566982,10937.646053873255,M,51.8,5.3
3725,02/2015,70,386453.30686125427,11500.889097035497,F,59.0,4.7
3726,02/2015,485,162812.3197785849,9323.256004579625,M,56.3,15.4
3727,02/2015,128,148670.82183769366,12156.592712007623,M,52.0,5.9
3728,02/2015,587,2456404.8936701366,11183.73767121819,M,51.7,9.9
3729,02/2015,142,1860327.4477443108,9569.099375626944,,37.3,14.2
3730,02/2015,938,229527.97345545594,6439.236831553398,M,64.5,16.4
3731,02/2015,725,80636.1585524702,6895.190705958705,M,39.8,3.3
3732,02/2015,801,158844.00472313573,8340.868815614725,M,42.7,11.4
3733,02/2015,653,438530.08404723374,9778.134478443453,M,57.7,13.8
3734,02/2015,921,5718283.696225296,8841.304395817813,M,55.5,17.4
3735,02/2015,98,3455510.6209036685,9513.285759047953,M,39.4,10.5
3736,02/2015,608,500967.3201464664,12300.000244956056,M,63.9,13.4
3737,02/2015,576,2891227.649758223,9788.597980889814,M,64.1,4.1
3738,02/2015,936,113516.09509145065,10501.007957172833,M,55.8,11.4
3739,02/2015,301,896297.8438955459,7839.9127897011895,,33.7,2.0
3740,02/2015,266,2588124.9280054923,8495.384348051719,M,36.1,1.4
3741,02/2015,499,250748.94398991577,8214.328004984225,M,32.6,1.0
3742,02/2015,133,193192.46654155507,7749.963042518011,M,43.3,13.8
3743,02/2015,989,2584982.441071263,7592.0155492495005,M,,6.4
3744,02/2015,619,100439.76985294055,8158.332949618535,M,55.2,4.2
3745,02/2015,136,168731.27987403708,12980.296015299728,M,58.5,1.0
3746,02/2015,277,184694.82509139352,8787.75983498489,M,33.1,12.5
3747,02/2015,267,107071.45564758536,8217.067007989719,M,52.8,4.8
3748,02/2015,749,100968.26026367072,10163.901363545261,M,40.0,12.2
3749,02/2015,254,3301467.6207310064,8610.943933823288,M,57.0,18.2
3750,02/2015,630,787775.3179824826,7943.224385959806,M,45.0,17.3
3751,02/2015,339,2429082.8032988887,7913.043690187096,M,41.1,18.1
3752,02/2015,203,874610.1522846861,18209.25404053907,M,59.0,16.3
3753,02/2015,107,478389.2814840714,10794.538313063915,M,49.9,10.0
3754,02/2015,24,122662.4930427841,7469.685904705097,M,33.6,12.8
3755,02/2015,668,2058361.247322293,7952.403956753042,M,,14.9
3756,02/2015,837,461177.8506606321,10183.330781061737,M,36.8,12.8
3757,02/2015,392,3420071.9614130766,13289.283889600543,,33.3,4.8
3758,02/2015,330,283033.39637926564,8619.520046880594,M,,2.2
3759,02/2015,151,2714137.8801091015,8480.0655389702,M,48.4,18.7
3760,02/2015,856,341341.48053014633,8176.965588047455,M,53.8,16.7
3761,02/2015,976,4335486.643604406,15238.751095843645,M,57.8,1.9
3762,02/2015,831,698485.0642715347,8893.210759241158,M,54.2,8.5
3763,02/2015,991,626093.8588764289,8017.384398181118,M,35.2,11.1
3764,02/2015,201,3802859.719978721,7730.300051542438,M,57.3,6.1
3765,02/2015,788,617790.2863108474,8906.418269554168,M,32.6,18.3
3766,02/2015,1,408756.01275422424,6652.696087215445,F,43.8,1.4
3767,02/2015,103,2311169.7755260835,8112.533515727315,M,64.3,11.8
3768,02/2015,53,332767.8736305063,8461.826289084183,M,56.0,7.9
3769,02/2015,241,515450.7962820285,9242.08069827836,M,36.5,11.2
3770,02/2015,346,515341.39122584026,13376.469318781341,M,49.3,16.0
3771,02/2015,450,445338.41413590504,9234.873500967265,M,57.8,13.3
3772,02/2015,628,148777.19135852752,9821.32742819574,M,61.0,15.2
3773,02/2015,700,697791.5409348155,9472.480233460432,M,51.2,10.6
3774,02/2015,4,117476.38380848314,8081.523658581136,M,59.6,11.7
3775,02/2015,334,778739.7202653743,9677.571619795493,M,56.3,7.2
3776,02/2015,641,255191.66068338798,9495.427349570024,M,33.8,11.0
3777,02/2015,794,2211644.7383696022,11560.009896689979,M,34.9,12.3
3778,02/2015,390,699367.4889685413,9081.93240301428,M,54.7,12.7
3779,02/2015,141,787660.9628350658,8726.41058449015,M,44.7,8.8
3780,02/2015,980,561954.2032600262,9497.72781832636,M,36.0,2.1
3781,02/2015,734,277776.56093753775,6697.5954054252325,M,47.7,11.6
3782,02/2015,342,2320683.7157879896,7833.220602037274,M,43.7,4.9
3783,02/2015,370,224786.61957774087,11983.205244798279,M,46.2,1.9
3784,02/2015,480,2560509.709961753,9039.496354851406,M,38.6,11.5
3785,02/2015,902,2402000.2696472667,8138.3679928402225,M,63.6,5.8
3786,02/2015,477,302620.17805727985,7559.668214444744,M,46.4,8.8
3787,02/2015,193,3451544.7510095886,9682.12941461941,M,52.8,16.4
3788,02/2015,476,296074.22396506247,11006.108478924747,M,,18.3
3789,02/2015,537,910776.7364323683,8490.46461624384,M,37.2,2.5
3790,02/2015,591,91642.79313998285,7452.451474790655,M,56.1,9.5
3791,02/2015,189,116853.63139845307,8090.661817667535,M,41.9,5.9
3792,02/2015,596,224425.40979269115,9556.757086611546,M,56.2,13.7
3793,02/2015,235,318609.13389106485,7433.503060723834,M,37.4,9.0
3794,02/2015,520,228704.5355994368,7942.107380681096,M,54.7,8.8
3795,02/2015,677,524485.0517562953,9456.945204185777,M,58.8,14.4
3796,02/2015,704,387896.44721035275,6724.04728175978,F,57.6,7.7
3797,02/2015,355,340952.481531553,7824.594296118974,M,50.0,3.0
3798,02/2015,247,244411.30978238315,8498.085012591542,M,53.5,2.0
3799,02/2015,207,2632781.2432067203,9513.272356314808,M,47.8,3.5
3800,02/2015,990,2731630.7211424885,9708.83957125183,M,36.3,4.7
3801,02/2015,41,4079205.770627576,10993.68060788488,M,36.9,10.0
3802,02/2015,678,344967.7933059787,8235.486364326776,M,55.7,7.7
3803,02/2015,663,4010628.343168414,8372.347633320027,M,56.7,12.1
3804,02/2015,28,473213.18768404785,6910.448845228464,M,65.2,4.4
3805,02/2015,672,485148.02831698366,7966.91471014849,M,53.2,13.5
3806,02/2015,393,4440183.134338362,16139.572169019873,M,33.5,7.3
3807,02/2015,615,363853.330018357,8002.847337412703,M,51.3,2.9
3808,02/2015,923,143513.0283026297,8650.379683809875,M,32.0,7.7
3809,02/2015,544,196810.72450104725,7494.991400112158,M,39.6,13.0
3810,02/2015,364,243550.84314460633,12527.797604740403,M,41.0,9.2
3811,02/2015,573,1402495.0299447088,10071.968519746268,M,60.9,6.4
3812,02/2015,125,359137.74000685615,8041.652077123568,M,37.2,9.2
3813,02/2015,949,840588.0931711075,9741.248812314001,M,36.4,12.6
3814,02/2015,510,730863.7926094183,10225.146521936102,M,55.0,12.2
3815,02/2015,878,419186.60119240294,7053.3885114231125,M,36.2,5.5
3816,02/2015,992,156048.8256693469,8979.312589163397,M,36.1,17.3
3817,02/2015,8,3928364.2842278187,12111.35015392512,M,39.7,13.2
3818,02/2015,984,3974824.7589995707,7558.462157695044,M,42.3,10.7
3819,02/2015,763,744753.0259684704,9716.846410685748,M,37.4,6.6
3820,02/2015,973,1157177.3865265884,12144.061549609753,M,39.5,15.8
3821,02/2015,25,345329.7812525423,10647.496118809819,M,34.8,14.6
3822,02/2015,541,2094133.234347181,10338.891788089566,M,48.7,8.1
3823,02/2015,757,370946.14575764735,11452.215672051383,M,,13.5
3824,02/2015,374,3741323.7479056423,8320.695456525733,,39.7,13.9
3825,02/2015,64,448742.8076901761,8868.206148626461,M,46.0,5.6
3826,02/2015,500,3520102.785406478,12309.74945759554,F,46.2,13.5
3827,02/2015,647,459941.9492217893,7866.130930221426,F,63.4,11.7
3828,02/2015,614,405256.02925906825,17407.531643147446,M,59.8,17.8
3829,02/2015,21,393097.42123154737,8908.73186278874,M,32.8,7.5
3830,02/2015,13,1597807.7261459685,8373.743416362146,M,43.1,15.2
3831,02/2015,639,358067.9889355434,10039.042448054226,M,50.0,9.2
3832,02/2015,868,482992.5142183178,8212.557137245656,M,32.5,7.3
3833,02/2015,805,288801.64931281,9480.247723484268,M,40.7,10.5
3834,02/2015,891,268961.8920867849,9500.84396926113,M,56.5,13.8
3835,02/2015,561,208412.57455778398,8178.940679262076,,44.2,6.2
3836,02/2015,709,202703.3284107576,8684.321713783615,M,38.7,12.6
3837,02/2015,429,221805.64976125522,9491.486602909596,M,46.7,4.7
3838,02/2015,720,2990849.702703621,7568.896896498091,M,64.6,15.1
3839,02/2015,187,1404012.6800558295,9215.171468972414,M,48.7,17.0
3840,02/2015,457,2916389.8928003474,9734.079358047973,M,63.5,10.5
3841,02/2015,844,569297.0445869478,10360.33963779738,M,47.4,2.4
3842,02/2015,552,2979289.6052565514,9502.164409935755,M,61.3,7.3
3843,02/2015,498,2470460.6099765734,10872.397384035476,M,49.2,15.3
3844,02/2015,230,95856.14683651685,7425.200492753064,M,38.2,5.1
3845,02/2015,131,1156728.2275514712,13025.31828894302,M,35.1,16.0
3846,02/2015,268,660939.0606643703,9442.252864873228,M,41.2,11.2
3847,02/2015,634,381962.88670190534,7849.009768829163,M,46.8,4.5
3848,02/2015,930,259047.2057710029,9026.946991794784,M,54.4,16.9
3849,02/2015,730,263077.1188403136,9159.406346839949,M,60.7,1.5
3850,02/2015,386,159836.86375597687,7613.431362082543,M,37.5,12.8
3851,02/2015,897,207233.89181593672,10908.66189503622,M,43.3,2.5
3852,02/2015,604,730097.7758598918,10699.17510508794,M,59.8,7.6
3853,02/2015,850,228461.92550093893,9679.175848609353,M,39.4,1.4
3854,02/2015,626,3851842.502243406,10157.303508925435,M,51.8,18.1
3855,02/2015,163,285503.10645775055,9627.106229856927,M,58.5,9.1
3856,02/2015,82,305728.7898145696,8285.612338171748,M,61.7,4.0
3857,02/2015,36,321990.06562621274,7383.897441889008,M,37.4,16.3
3858,02/2015,977,1176946.792158617,8989.953885293733,M,56.2,3.7
3859,02/2015,123,301006.26167252794,9750.433512742973,M,65.3,11.5
3860,02/2015,92,440232.02410027303,6936.2329609720755,M,41.4,15.1
3861,02/2015,26,2090946.4180091436,7804.012065467339,F,47.5,2.7
3862,02/2015,251,483934.84035103506,7482.061085453345,M,43.0,11.9
3863,02/2015,598,848777.5828080239,9659.735172332556,M,51.3,9.4
3864,02/2015,524,514652.15053428547,9269.383321081596,F,39.5,18.5
3865,02/2015,726,353301.916028979,11197.471551665127,M,58.1,4.5
3866,02/2015,263,208875.34474779668,7184.564548439964,M,52.2,12.2
3867,02/2015,365,283647.0664137587,9016.915430457062,M,37.6,5.3
3868,02/2015,44,532624.4088656368,14467.4741736748,M,61.5,8.9
3869,02/2015,530,116166.09739230704,8567.805417501266,,47.1,6.9
3870,02/2015,838,323778.61929442297,12217.659675306562,M,,17.2
3871,02/2015,311,144996.98703536214,7223.3152474479775,,32.1,9.4
3872,02/2015,447,1500322.848484185,7473.963858224546,M,65.5,12.1
3873,02/2015,993,712655.8386181382,8355.952330371807,M,35.0,2.9
3874,02/2015,315,1269851.5054976102,7762.119847215016,M,61.1,8.7
3875,02/2015,20,411757.1104020234,9634.131902437515,M,52.1,18.1
3876,02/2015,618,4609711.876846881,8615.065172020008,M,63.9,9.0
3877,02/2015,43,2465100.319698587,7627.78409285017,M,57.3,1.2
3878,02/2015,190,195600.37569814557,7082.391290777305,M,57.5,14.1
3879,02/2015,659,341646.3727918586,7459.844730030811,M,65.4,14.7
3880,02/2015,47,632175.6052475993,8686.490946600263,M,40.7,5.3
3881,02/2015,987,85533.87425038738,11338.562168243305,M,32.4,13.8
3882,02/2015,71,3122047.189344585,13323.159450692798,M,39.0,1.0
3883,02/2015,198,205068.68583126526,8304.481545938814,M,41.1,16.6
3884,02/2015,473,600147.190622223,8468.072017479391,M,59.5,14.6
3885,02/2015,338,1428382.953513637,8229.180024538746,M,42.2,4.3
3886,02/2015,440,323332.6794844765,8428.68375880978,F,39.6,4.4
3887,02/2015,246,76234.23024167167,8723.673454921745,M,57.2,15.1
3888,02/2015,116,278928.9200514899,10833.560771336943,M,42.2,10.6
3889,02/2015,849,511544.8514476002,9659.98942586948,M,65.4,12.1
3890,02/2015,900,139742.72228347365,7504.033276329454,M,41.5,9.4
3891,02/2015,359,169183.0820562527,12355.735061065694,M,47.7,7.9
3892,02/2015,299,4760202.328223663,8551.594980677,M,50.1,2.0
3893,02/2015,7,685159.0020225346,10278.272806571598,M,40.8,14.1
3894,02/2015,297,2496728.888650021,10210.8641012024,M,53.7,1.0
3895,02/2015,822,309990.55766424065,9322.950376649545,,54.0,2.9
3896,02/2015,648,239481.43743302216,12378.066844343826,M,49.6,4.4
3897,02/2015,294,1094220.3442064414,8630.915973644856,M,59.6,4.9
3898,02/2015,491,299214.1513824026,8525.162884424148,M,61.1,3.2
3899,02/2015,568,2001231.6049066419,11459.725959554744,M,,16.5
3900,02/2015,584,641612.3766095194,11601.247463076004,M,43.3,14.9
3901,02/2015,690,942451.4772330248,11537.218054772946,M,,8.8
3902,02/2015,291,140828.60222132565,9463.889831261442,M,33.2,5.4
3903,02/2015,49,4948889.477667407,12863.20249892806,M,45.1,3.0
3904,02/2015,585,2520715.8070375044,12173.592250054806,M,37.9,11.3
3905,02/2015,606,286118.13506897015,7926.46711523869,M,51.5,15.1
3906,02/2015,693,941461.8445221147,12006.319987212186,,53.1,9.9
3907,02/2015,944,1564144.5474307737,8186.645864307655,M,49.4,14.1
3908,02/2015,793,2867573.1629152913,9290.241668412196,M,35.0,12.5
3909,02/2015,425,5972457.220826939,9675.853639477733,M,,17.9
3910,02/2015,683,178491.71478931306,9257.939061971525,,54.5,3.6
3911,02/2015,656,190701.36868350502,9343.003151701874,M,56.4,17.8
3912,02/2015,488,2330408.3648188235,12114.455839789296,M,32.4,5.8
3913,02/2015,61,287378.9898999114,6445.456038888986,M,34.1,16.4
3914,02/2015,904,474814.4676458957,9776.068668275155,M,,4.0
3915,02/2015,378,208681.37439146984,12576.161415632394,,36.7,3.5
3916,02/2015,269,2450190.3225085023,7720.2339778538635,M,39.7,8.1
3917,02/2015,889,2869062.5574975014,10790.619584726312,,55.5,2.0
3918,02/2015,481,353090.2414901223,5886.869146333571,F,51.5,17.1
3919,02/2015,344,1446902.4723419987,9536.981604150138,M,51.0,11.8
3920,02/2015,99,714936.5453721693,14073.20793922149,M,55.3,5.7
3921,02/2015,832,1013850.1027625789,11166.033271790111,M,,13.3
3922,02/2015,127,373469.22375633725,12081.567444641825,M,55.8,11.8
3923,02/2015,617,99760.97514879414,9808.40132268346,M,38.2,17.4
3924,02/2015,770,974863.8176322775,7672.693539268029,M,56.6,15.9
3925,02/2015,484,170980.21932963716,8525.825294357679,M,36.2,4.1
3926,02/2015,341,370548.54713191726,6905.839356427001,F,63.1,16.9
3927,02/2015,982,333698.65880159126,8880.762316083767,M,,9.4
3928,02/2015,212,2722813.9871157156,10117.994464554971,M,46.4,1.6
3929,02/2015,589,3662785.270946068,8436.191122487826,M,40.7,6.4
3930,02/2015,797,787397.8669273903,10495.643340809407,M,44.6,5.9
3931,02/2015,753,555525.1995428888,6968.445477125864,M,32.8,12.8
3932,02/2015,227,3638178.4942643023,7989.67046058725,M,,16.2
3933,02/2015,86,669432.523938741,8891.602270106543,,,5.4
3934,02/2015,680,95561.06475434951,7854.4065548153385,M,61.1,18.9
3935,02/2015,195,421702.28417622135,9619.092633264656,,54.1,8.8
3936,02/2015,595,297020.9671825531,8871.160698528452,M,45.4,7.1
3937,02/2015,854,4992392.362232048,9944.852077480431,M,44.2,18.7
3938,02/2015,828,991471.2425571955,9301.19355732395,,50.6,1.1
3939,02/2015,261,297463.04072182416,7682.488510846549,M,36.4,18.5
3940,02/2015,603,388534.61679880373,7998.215161498396,M,34.9,10.7
3941,02/2015,379,80523.42677169124,6971.16002262148,M,65.1,12.4
3942,02/2015,888,2091666.238945468,7274.953091182959,M,,4.0
3943,02/2015,741,1915373.1320437419,7393.023531898322,M,42.4,11.2
3944,02/2015,60,268973.22198565624,8793.612537253302,M,53.4,11.0
3945,02/2015,955,2002772.9327435286,8296.368546472248,M,35.8,8.5
3946,02/2015,62,317515.0100540821,10159.982554346503,M,34.0,4.3
3947,02/2015,638,277915.4025984927,9119.820131171626,M,62.7,9.4
3948,02/2015,697,708765.063020792,8220.452690765074,M,35.0,15.2
3949,02/2015,147,1976872.4184537998,9333.654137560483,M,53.7,14.7
3950,02/2015,637,3215742.1094979723,8675.248173346143,M,63.3,3.0
3951,02/2015,799,1911612.849627477,9767.092830020782,M,45.3,1.1
3952,02/2015,178,175571.1380280087,7234.952343702666,M,49.0,7.8
3953,02/2015,806,144151.3142587536,8538.9245209471,M,50.3,7.6
3954,02/2015,300,302251.3059471141,8413.758221067988,M,35.9,9.5
3955,02/2015,998,6091539.913302779,11218.576310046858,M,32.1,1.4
3956,02/2015,337,1463349.850638579,11792.403585794988,M,36.0,9.4
3957,02/2015,549,2597318.472400963,8244.351237507422,M,55.1,16.4
3958,02/2015,767,1268321.7706911284,11932.754153334929,M,56.5,1.2
3959,02/2015,157,4060560.4595655864,11431.424390394388,M,56.8,16.2
3960,02/2015,540,576693.3162907816,9578.640422850602,M,41.6,6.5
3961,02/2015,108,655811.090265739,9604.288249646059,M,51.2,2.9
3962,02/2015,352,484954.536142884,10031.333948007095,M,58.1,9.3
3963,02/2015,847,137906.61398040297,8733.72765177308,M,51.0,5.2
3964,02/2015,479,1491765.7497132404,8638.439851886498,M,54.6,1.0
3965,02/2015,622,388336.9045157561,10326.247655137922,M,53.2,7.6
3966,02/2015,937,556492.7730224306,8335.043615729692,M,54.9,11.5
3967,02/2015,775,2702083.1356834746,9273.008488968824,M,50.4,9.8
3968,02/2015,623,311657.2905025054,8762.868421734012,,,14.4
3969,02/2015,87,526511.803030147,8353.30143250254,M,48.0,15.4
3970,02/2015,80,5605924.766117551,11644.538571850158,M,57.8,17.5
3971,02/2015,434,302020.5425928483,8492.000143134259,M,36.5,7.7
3972,02/2015,210,5859436.75091155,15036.710963912177,M,37.0,1.9
3973,02/2015,860,2725790.7050487427,7869.185798369244,M,38.0,16.8
3974,02/2015,220,288265.38471229514,8747.895077875046,M,32.1,7.3
3975,02/2015,769,423255.36315183423,12191.94849725157,,58.8,18.9
3976,02/2015,692,501371.1807201096,8299.811410911161,M,42.4,2.3
3977,02/2015,546,88525.36411431352,8055.11108838572,M,55.6,13.5
3978,02/2015,777,1151531.6961517716,12459.658804555744,M,59.2,16.0
3979,02/2015,581,624896.0725651426,7818.338820363702,M,35.5,18.5
3980,02/2015,452,869748.6026267324,10889.029943533158,M,53.3,4.4
3981,02/2015,511,5195391.712961303,11354.178241562056,M,35.2,10.9
3982,02/2015,214,125110.9921351175,9084.891636221631,M,,5.9
3983,02/2015,234,1357257.7840966221,8672.422462562603,M,42.7,6.2
3984,02/2015,853,7993457.999455932,10443.763836631657,M,42.5,2.3
3985,02/2015,551,450663.7862202933,7889.16086959114,M,,4.3
3986,02/2015,505,127875.96349269274,7434.14540900434,M,33.7,2.5
3987,02/2015,508,1394059.0458714634,8883.993193925055,M,54.1,8.3
3988,02/2015,795,376003.3950531784,9107.20659903025,M,50.4,8.6
3989,02/2015,317,1730900.8829062018,10905.149291245276,M,33.3,2.7
3990,02/2015,792,2378121.205389131,8139.014394577505,M,,8.7
3991,02/2015,974,548330.1160417774,12125.036626206038,M,34.8,8.2
3992,02/2015,117,466383.5909413888,10907.454402323063,M,59.4,17.1
3993,02/2015,410,567236.1068990959,9646.891485519767,M,38.0,17.4
3994,02/2015,182,5126281.3320077695,9908.014762842857,M,40.0,14.4
3995,02/2015,119,95845.64853450297,7448.133834172035,M,65.9,15.4
3996,02/2015,236,1801144.2310731325,8787.310491223825,M,42.3,6.7
3997,02/2015,449,735211.3633049078,10767.34391559336,M,38.4,18.7
3998,02/2015,494,183885.88719741462,9116.835175222299,M,48.7,7.9
3999,02/2015,609,2667974.081540839,9737.318634671383,M,,4.6
4000,01/2015,943,774983.740090878,12055.776414853843,F,58.4,0.6
4001,01/2015,966,159966.45746150843,8512.229214035939,M,46.8,0.1
4002,01/2015,250,685123.165062441,9366.3947874992,M,32.0,0.1
4003,01/2015,156,590921.2505241483,11585.759597878307,,64.8,0.7
4004,01/2015,67,637376.34553579,8156.272165315685,M,60.7,0.4
4005,01/2015,684,2463757.2794771916,11635.044694383785,M,,0.5
4006,01/2015,527,549892.4317492561,9500.558110083904,M,,0.4
4007,01/2015,556,3898013.9517577053,8859.668229773972,M,50.7,0.8
4008,01/2015,446,282737.65171940724,10511.184881972067,M,49.5,0.1
4009,01/2015,841,326388.3122388854,11587.011857142064,M,48.2,0.7
4010,01/2015,126,628906.1221007061,7485.620495440593,M,53.2,0.7
4011,01/2015,910,1270146.7129569512,14731.404620951324,M,58.2,0.6
4012,01/2015,112,691614.8097001689,9909.722594133545,M,54.7,0.9
4013,01/2015,191,749825.0398975323,7384.466198027817,M,50.4,0.1
4014,01/2015,739,340350.45822147094,9116.933971949195,M,37.6,0.6
4015,01/2015,579,591592.6560938854,11275.360919032559,M,41.3,0.3
4016,01/2015,111,3191236.553393761,8792.368142590667,M,45.4,0.8
4017,01/2015,285,4087052.232831387,7834.465011739817,M,47.3,1.0
4018,01/2015,796,785663.1622459368,11111.404712770902,M,59.2,0.3
4019,01/2015,310,1270016.9138847522,8412.380736735382,M,42.2,0.8
4020,01/2015,458,273339.99741009384,8243.833367621744,M,39.7,0.2
4021,01/2015,884,307964.8815704782,8950.165366555655,M,64.1,0.6
4022,01/2015,335,168397.46670951552,9976.682999459123,M,47.0,0.8
4023,01/2015,521,590030.2056101951,9336.428059628883,M,56.1,0.8
4024,01/2015,887,344085.6195316054,12104.583797840121,M,,0.0
4025,01/2015,601,3926440.531337259,8465.971265778546,M,39.8,0.2
4026,01/2015,11,2652833.69773394,9489.226342636552,M,39.1,0.6
4027,01/2015,624,1206314.3879768902,7969.971942506252,M,52.8,0.7
4028,01/2015,737,2159918.474575047,9420.820149920104,M,58.1,0.3
4029,01/2015,823,2519799.6277577495,8967.269205556375,M,50.6,0.3
4030,01/2015,752,136463.19212847055,8655.995775095429,M,63.6,0.4
4031,01/2015,732,2121578.7045249688,6907.646836012051,M,54.1,0.5
4032,01/2015,493,90394.61008453771,9315.119580384398,M,61.1,0.2
4033,01/2015,159,343735.82144633454,8956.242047031852,M,48.4,0.6
4034,01/2015,225,928350.3800449782,11878.800752741636,M,,0.6
4035,01/2015,784,1416139.2200851194,10047.080537883794,M,54.3,0.2
4036,01/2015,171,3767834.2364229453,8907.196367880477,M,49.4,0.4
4037,01/2015,460,3615740.044033697,11911.044134507332,F,33.0,0.3
4038,01/2015,408,2107573.802276447,8683.466333088714,M,65.0,0.9
4039,01/2015,239,1702001.512898799,9812.5296545107,M,60.4,1.0
4040,01/2015,812,538460.3017482001,10773.330613443231,M,54.7,0.9
4041,01/2015,896,206135.23775615392,9747.867698736927,M,58.5,0.0
4042,01/2015,354,249869.15732713774,8080.522946397194,M,65.2,0.4
4043,01/2015,574,361805.172051026,8355.941149351642,M,60.7,0.3
4044,01/2015,186,4338549.513185234,11925.138059377463,M,65.7,0.6
4045,01/2015,381,531935.0542610497,12299.943639333718,M,44.0,0.1
4046,01/2015,898,7384336.526255445,9427.141631046557,M,46.5,0.0
4047,01/2015,405,1120913.6597893632,9629.475902541242,M,32.2,0.1
4048,01/2015,439,77115.33727634008,7499.366249505128,M,65.2,0.3
4049,01/2015,532,696248.7337963817,8637.678420797089,M,38.2,0.5
4050,01/2015,665,1767481.6557222286,11328.479426249338,M,,0.6
4051,01/2015,962,729301.6672891092,9423.522167607965,,53.5,0.8
4052,01/2015,303,413121.86912738805,7885.388658752475,M,37.0,0.6
4053,01/2015,996,3807045.8013790986,7894.661524256007,M,41.0,0.5
4054,01/2015,836,441091.9266948779,16217.606438210103,,55.4,0.2
4055,01/2015,840,9168569.573228804,11887.230234898752,M,35.8,0.3
4056,01/2015,459,1366918.9791592506,8460.569866431028,M,36.2,0.4
4057,01/2015,611,593694.8407478532,7980.505283098993,M,62.4,0.4
4058,01/2015,467,3953941.191830272,7922.9694786162345,M,,0.5
4059,01/2015,786,482775.55426945415,10591.857919802786,M,46.5,0.0
4060,01/2015,23,2761824.8151491326,8740.674569769359,M,51.4,0.9
4061,01/2015,302,399405.51021092205,8719.071518484037,M,47.2,0.2
4062,01/2015,289,4046879.137790369,10600.739081394893,M,39.5,0.5
4063,01/2015,155,1663773.9631420425,7082.615900996247,M,57.3,0.4
4064,01/2015,327,297623.56848290673,9032.342483094442,M,51.8,0.8
4065,01/2015,114,3177597.628714461,11335.785045239987,M,61.1,0.9
4066,01/2015,756,1232472.7486346266,8514.924128844179,,54.8,0.3
4067,01/2015,880,274467.00532277377,10776.33890942291,M,45.6,0.6
4068,01/2015,660,742876.4800271476,9742.40500233965,M,56.5,0.9
4069,01/2015,454,1679518.1632818829,6745.7745767458455,M,40.2,0.2
4070,01/2015,969,429040.38674743066,8375.699343965465,F,62.8,0.7
4071,01/2015,176,414713.9677740911,9462.094653719194,M,35.8,0.9
4072,01/2015,432,4307554.923460954,8327.872661794974,M,47.3,0.9
4073,01/2015,531,290609.4158758911,7896.08845706884,M,46.6,0.9
4074,01/2015,101,594975.3129800454,11017.938213454318,M,,0.9
4075,01/2015,738,476573.8556560578,7779.891182339375,M,36.7,0.3
4076,01/2015,271,104245.11081656782,8134.389517362577,M,64.8,0.4
4077,01/2015,423,177042.23908008024,9650.73261920542,M,59.1,0.6
4078,01/2015,765,694171.8369248338,8700.084479098032,M,47.8,0.8
4079,01/2015,691,244870.55806129248,7671.6568550573365,M,44.8,0.4
4080,01/2015,533,3402710.40460253,10287.98410748616,,35.8,0.1
4081,01/2015,716,695895.3833048041,6580.4030715206645,M,39.8,1.0
4082,01/2015,922,613026.734300256,9738.604206974913,M,58.5,0.8
4083,01/2015,174,4184146.774706742,6645.088064784099,M,46.1,0.9
4084,01/2015,200,4339382.932955835,6189.663789815766,M,39.0,0.7
4085,01/2015,316,358489.9195827572,8667.327486500053,M,34.8,0.2
4086,01/2015,307,568599.9411967954,11115.589747977572,M,65.0,0.7
4087,01/2015,882,3136893.3316372735,10063.97658750286,M,33.7,0.6
4088,01/2015,706,1845665.0463199753,16801.981262238147,M,51.7,0.3
4089,01/2015,829,2301132.558244239,8808.037730719465,M,35.3,0.5
4090,01/2015,719,385405.7479059036,9868.66675833479,M,32.6,1.0
4091,01/2015,935,2217927.9925354435,7566.636325868286,M,38.9,0.3
4092,01/2015,68,9188118.620186245,14740.441354248045,F,35.8,1.0
4093,01/2015,815,679662.404923144,8090.438173801087,,64.2,0.3
4094,01/2015,747,221038.98673568873,8425.882703604839,M,43.6,0.7
4095,01/2015,798,5050409.568653398,9182.945277631354,M,35.3,0.4
4096,01/2015,865,2507039.1318998043,10831.287558475502,M,58.5,0.3
4097,01/2015,399,2758592.4337853426,8521.46108572106,M,53.1,0.9
4098,01/2015,509,488437.86562945734,8179.353812643164,M,46.7,0.5
4099,01/2015,308,3115434.9190428257,8190.8820642953415,M,48.1,0.9
4100,01/2015,502,602471.7336138663,8913.382445985206,M,61.5,7.9
4101,01/2015,81,631220.4949061314,8874.717316493925,M,42.4,14.4
4102,01/2015,814,401236.62628603796,8022.343762743658,M,33.1,18.7
4103,01/2015,666,2240901.080040112,7053.366811214664,M,35.3,8.7
4104,01/2015,205,348590.9915638501,9677.892589305118,M,56.6,9.9
4105,01/2015,759,2444859.167452395,9070.119198669483,M,44.5,3.4
4106,01/2015,96,1286136.1861915295,6535.198265109436,M,37.2,9.4
4107,01/2015,671,192772.27633950254,9038.929266407662,M,61.4,16.8
4108,01/2015,100,303230.451362999,9788.906247661835,M,38.1,17.2
4109,01/2015,321,157455.0623916951,8030.204828313284,M,,10.1
4110,01/2015,602,2597349.672848112,9804.436804177027,M,37.3,17.8
4111,01/2015,453,1749526.1682714962,7244.027027598001,F,60.6,5.4
4112,01/2015,396,665046.0273996994,9136.96921576137,M,33.1,12.5
4113,01/2015,113,341714.0200356882,8670.579260149027,M,,16.9
4114,01/2015,988,371201.41780186986,8867.435739931107,M,32.9,11.3
4115,01/2015,956,3494126.7105393345,9166.743757138882,M,65.2,15.6
4116,01/2015,59,3066433.2313536387,9102.081875925702,M,46.9,8.1
4117,01/2015,593,1966911.9226526066,12061.483129544427,M,43.4,15.5
4118,01/2015,10,269096.6722856116,8335.639197540531,M,45.5,6.4
4119,01/2015,196,320662.70157681714,12320.569013507004,M,46.2,4.3
4120,01/2015,38,350883.6190965352,10303.965268910508,,51.3,5.9
4121,01/2015,625,1000594.7941830434,9199.295187490041,M,57.7,13.8
4122,01/2015,570,464915.17910162645,10032.749451914684,M,47.1,16.8
4123,01/2015,745,346818.0497224289,14175.226835404996,M,51.3,15.9
4124,01/2015,764,91617.51442964822,9907.659290338383,M,47.3,15.0
4125,01/2015,66,153531.5354823642,10903.716109532517,M,40.0,18.9
4126,01/2015,84,5624236.229708403,9277.125511025297,,36.5,18.8
4127,01/2015,462,390222.55142218433,10434.418445791332,,39.3,10.3
4128,01/2015,952,2174530.158762408,8001.088424970899,M,56.4,4.4
4129,01/2015,970,1146614.4089875855,11730.891638999201,M,34.0,11.4
4130,01/2015,333,2127725.611049326,9347.486175808426,M,50.1,8.4
4131,01/2015,274,423229.6237058415,8350.973483127942,M,63.7,8.6
4132,01/2015,981,807349.266781158,8404.059463419238,M,62.2,1.6
4133,01/2015,110,1123559.4315601073,10034.861229606322,M,59.4,15.7
4134,01/2015,383,797679.6656398819,8918.42436279898,M,37.5,15.6
4135,01/2015,542,4036621.2365254587,11527.668212635548,M,35.2,7.8
4136,01/2015,787,283208.88436205726,10958.73343631194,M,59.9,12.3
4137,01/2015,57,406444.0060581771,9197.100298772722,M,65.6,16.7
4138,01/2015,412,1452530.2681395044,8074.729627802108,M,59.3,4.6
4139,01/2015,177,1513644.72043418,11215.799587182779,M,41.0,1.9
4140,01/2015,560,112561.23432013305,8284.597998400872,M,41.8,12.4
4141,01/2015,398,6384544.643401992,9438.854173376893,M,52.0,4.8
4142,01/2015,916,677628.5847056734,7742.420352265185,M,65.1,18.0
4143,01/2015,965,176954.57098617996,12243.338752336833,M,65.8,5.6
4144,01/2015,746,157720.7354496929,7824.696058471914,M,48.2,1.6
4145,01/2015,912,2727144.269052638,9531.054825849262,M,55.6,16.5
4146,01/2015,257,113677.03713290757,9455.940660207052,M,36.1,4.5
4147,01/2015,727,4491124.646091039,12145.87766821536,M,53.5,16.6
4148,01/2015,144,93168.57804951823,8851.819021161378,M,43.3,7.4
4149,01/2015,164,290664.28499493835,8086.250965535554,M,39.8,10.5
4150,01/2015,48,2582282.431022334,9890.254386257468,M,63.4,11.9
4151,01/2015,872,111193.86072604323,8443.251993557089,M,50.2,11.6
4152,01/2015,391,983337.1745885459,9153.215825495412,M,47.8,2.2
4153,01/2015,703,1152856.437201881,10777.69345251195,M,,7.8
4154,01/2015,504,928836.7031053767,7811.350293587221,M,40.0,1.8
4155,01/2015,876,423873.90062504873,11843.251185330195,M,34.7,5.8
4156,01/2015,69,5679816.2306863945,13991.633083932353,M,57.1,11.5
4157,01/2015,736,606181.3718901973,11071.964401544501,M,43.1,13.3
4158,01/2015,899,105291.6765929244,9267.483585874557,M,58.6,10.2
4159,01/2015,219,4299129.929667278,7596.157468543112,M,39.4,17.3
4160,01/2015,451,674832.2398726025,7602.192803528719,M,47.1,10.2
4161,01/2015,407,3871805.9185630386,9470.855263603626,M,46.4,2.4
4162,01/2015,735,3300739.490244654,9153.063972476932,M,54.1,4.8
4163,01/2015,249,3641288.336448861,8619.60027200844,M,60.9,8.2
4164,01/2015,145,483417.7886002625,8450.221965183186,M,49.4,7.5
4165,01/2015,12,4455320.825416523,8432.011146021292,M,59.0,15.6
4166,01/2015,724,939088.5298620935,9609.344560302228,F,47.8,16.0
4167,01/2015,728,682166.286051836,8513.59534994177,M,57.5,2.9
4168,01/2015,948,1128848.890006499,11766.972400331806,M,37.5,3.6
4169,01/2015,464,327357.1793579914,8210.435517557362,M,58.4,6.4
4170,01/2015,278,430256.9619023371,9017.101512312074,,47.4,10.8
4171,01/2015,89,2450778.2011757432,10681.471492305496,M,42.9,7.5
4172,01/2015,124,218538.98640196212,11983.862188249446,M,35.2,9.5
4173,01/2015,185,214474.65964264466,11854.80665320306,M,35.5,14.5
4174,01/2015,514,785701.5952342398,8814.33980070857,M,45.0,12.9
4175,01/2015,651,522855.3738919829,9203.584478428547,M,39.2,8.3
4176,01/2015,669,190054.48129775398,12685.230235244117,M,52.6,13.9
4177,01/2015,97,3385335.2118637827,9481.350926004367,M,62.2,11.0
4178,01/2015,924,941732.6213816707,9986.049826564158,M,64.5,11.3
4179,01/2015,323,526797.92553215,8729.717158373174,F,48.5,8.9
4180,01/2015,643,248289.4608627967,6355.846439085,M,35.7,16.0
4181,01/2015,890,1703450.3315985089,8953.477514315406,M,55.4,17.6
4182,01/2015,929,744593.3090939968,8915.86117752471,M,41.7,4.4
4183,01/2015,670,646542.4529790779,10606.521288220882,M,36.1,8.3
4184,01/2015,181,2008307.6808819862,8597.77339729807,M,36.8,10.0
4185,01/2015,963,3515186.6901654373,8259.368729570228,M,50.0,10.8
4186,01/2015,997,2393155.4815190486,9718.48618170683,M,61.6,10.5
4187,01/2015,858,456911.45289499324,7191.6943103757485,M,38.2,1.5
4188,01/2015,403,181548.9357695722,9112.973779139029,M,45.4,7.8
4189,01/2015,572,482678.73069734493,6946.04269595065,M,,7.6
4190,01/2015,754,1899264.1526584493,9034.488840943986,M,55.8,11.8
4191,01/2015,72,253495.74842138338,9284.263002033047,M,46.7,11.5
4192,01/2015,283,1738724.2830725438,8089.871863608502,M,57.9,9.6
4193,01/2015,705,4222685.746298259,11003.335760621123,M,46.5,1.7
4194,01/2015,983,6292726.6681690775,7960.753824939958,M,36.0,14.7
4195,01/2015,305,125226.18121891958,7915.610063828392,M,63.1,4.2
4196,01/2015,857,794415.7062189747,11042.210906529848,M,37.8,3.3
4197,01/2015,74,385875.56284884166,9147.646968109417,M,37.2,15.0
4198,01/2015,824,1639403.1756817712,10222.82134125083,M,56.3,2.9
4199,01/2015,231,102785.51440706641,6981.193712609436,,42.2,17.8
4200,01/2015,130,852727.0071442365,9357.474056150026,M,59.5,15.0
4201,01/2015,248,3312966.9323272607,10702.710390682148,M,36.4,14.8
4202,01/2015,149,4672684.111476232,9780.351648958393,M,52.6,5.5
4203,01/2015,329,1040841.545086852,8575.514818377953,M,43.4,4.5
4204,01/2015,582,742738.74717038,8906.604092832138,M,46.1,4.4
4205,01/2015,328,6111465.457056455,9638.432849253877,M,39.4,11.4
4206,01/2015,779,208721.0005095865,8853.276299888188,M,,18.0
4207,01/2015,807,783110.5022695615,8434.097086420856,M,,12.8
4208,01/2015,821,1496039.5632589774,12233.33625336474,M,55.6,4.4
4209,01/2015,366,224955.6713914259,10612.507649393105,M,42.9,7.5
4210,01/2015,433,946529.4057103638,10833.78208187925,M,37.5,8.6
4211,01/2015,371,142075.05278757305,9662.604211926002,M,52.2,5.6
4212,01/2015,384,384177.356597386,11656.575631290067,M,43.5,2.5
4213,01/2015,632,2086029.0004235771,7213.148614839909,M,35.3,14.1
4214,01/2015,861,664573.5560068601,10111.536895565305,M,48.3,12.6
4215,01/2015,65,475768.2699330277,11355.368795179671,,46.8,15.7
4216,01/2015,877,910989.3474755429,9126.447876682954,M,40.8,16.7
4217,01/2015,244,1331023.3381461746,17821.267672393893,M,40.5,3.1
4218,01/2015,863,6357532.205186118,8599.445227560032,M,48.7,17.6
4219,01/2015,350,1147473.986600104,8755.363191134162,M,52.6,18.5
4220,01/2015,160,729075.9451549262,8010.270602869752,M,34.9,18.1
4221,01/2015,45,295503.44351736654,6141.073376603472,M,40.4,11.4
4222,01/2015,497,117626.203592151,9399.780539501746,,46.3,11.7
4223,01/2015,237,1567484.212924498,10110.296956720338,M,39.1,10.7
4224,01/2015,9,1854153.594059527,9110.782936919713,M,50.3,8.9
4225,01/2015,172,538166.0575000204,8430.500473574635,M,55.4,10.6
4226,01/2015,918,829234.3733577939,8949.547696448117,M,45.0,2.6
4227,01/2015,950,1053556.4932357091,11917.642284013418,M,34.7,6.3
4228,01/2015,134,410032.5578286884,8229.92195511261,M,64.7,6.2
4229,01/2015,140,962014.6375479813,9218.662329192357,M,,14.0
4230,01/2015,238,323161.714934288,8830.442249836942,M,61.8,3.6
4231,01/2015,567,1772736.7224181693,9529.81522355291,M,49.1,15.0
4232,01/2015,146,2811074.262335555,9559.059993834993,M,38.1,5.6
4233,01/2015,519,592618.6724891502,13268.636466909033,,42.7,1.7
4234,01/2015,428,759263.6692052521,8146.994169059629,M,37.0,13.8
4235,01/2015,612,5160636.776311845,10052.962970674747,M,56.8,10.3
4236,01/2015,153,2618849.75354366,9060.285548789456,M,32.3,18.2
4237,01/2015,592,4497684.664030609,9261.197822192675,M,52.6,12.7
4238,01/2015,713,2664695.406170128,8386.288726969406,M,45.8,18.2
4239,01/2015,933,3274693.7953942968,13208.571642130782,M,48.6,14.2
4240,01/2015,686,761469.0640882126,9125.45392504356,M,40.8,5.5
4241,01/2015,331,185936.0275679899,9327.45238952513,M,36.7,9.1
4242,01/2015,885,3060657.756102972,7904.303334220607,M,62.8,6.5
4243,01/2015,842,272127.5173885885,9235.40608172755,M,48.5,6.3
4244,01/2015,951,3978499.326875171,7822.462392176569,M,65.1,10.5
4245,01/2015,597,606041.1751036046,13946.91332140321,M,60.0,13.1
4246,01/2015,93,643925.975134129,10301.475149714455,F,38.4,14.3
4247,01/2015,402,253033.98349705595,8163.50615680439,M,35.4,15.1
4248,01/2015,435,100254.81207674464,10603.335400607157,F,60.4,17.1
4249,01/2015,751,599524.9668269097,9583.254597055831,M,55.1,6.5
4250,01/2015,733,409520.7982819729,9765.333607978284,M,52.2,13.6
4251,01/2015,121,478582.58101333043,9029.262894218848,M,58.7,18.4
4252,01/2015,760,2746441.115991001,11024.455157946677,M,47.8,11.1
4253,01/2015,372,4835148.409879764,9119.20188970153,M,33.0,14.3
4254,01/2015,441,414707.917807315,10369.482474527744,M,51.6,2.3
4255,01/2015,270,114235.72210204035,9477.25107144712,M,40.7,10.1
4256,01/2015,260,257270.34824794412,9278.51871722248,M,34.6,1.1
4257,01/2015,442,849944.4963363371,12641.971909254495,M,61.5,13.5
4258,01/2015,19,481069.0970373378,9673.510830438474,M,,12.4
4259,01/2015,218,1340383.3382333207,10471.165223555252,M,60.8,12.0
4260,01/2015,1000,1836955.028848939,7966.496562122332,M,45.2,4.0
4261,01/2015,967,659199.4596023242,7328.293860283909,M,56.6,2.4
4262,01/2015,413,381190.198551506,11870.617537547278,M,47.8,1.0
4263,01/2015,780,3772450.6251367414,9828.276634915495,M,51.8,1.9
4264,01/2015,538,5386887.12896766,14660.882597937136,,44.3,13.5
4265,01/2015,255,1216355.4486024617,9365.959817991978,M,50.9,15.2
4266,01/2015,211,1254156.7807071034,11219.43151344984,M,36.7,8.5
4267,01/2015,465,402167.2431998279,9607.78308108195,M,62.0,17.2
4268,01/2015,583,4583602.409972484,8719.824920369134,M,39.0,8.2
4269,01/2015,489,626436.7681064804,8433.496299375967,M,39.7,17.4
4270,01/2015,353,561132.379002839,10048.165620435359,M,65.8,5.3
4271,01/2015,415,3456808.690261067,9589.303437701486,M,62.5,7.1
4272,01/2015,594,384837.62712123437,9165.791741880696,F,44.6,12.7
4273,01/2015,957,1807900.7972803058,10026.046685101186,M,55.4,5.3
4274,01/2015,394,651005.7119932116,7808.469809141652,M,56.1,5.1
4275,01/2015,674,878212.0003905382,10827.427669633964,M,61.2,16.6
4276,01/2015,646,2760786.6808095756,9979.010711076018,M,35.1,10.2
4277,01/2015,972,498142.9227676126,10078.419331012257,M,65.6,1.6
4278,01/2015,791,817811.0472210695,7944.250623570535,M,60.0,8.0
4279,01/2015,78,2931653.808534791,7988.19757663921,M,36.8,7.9
4280,01/2015,548,341424.8218370156,10048.998048401403,M,52.2,12.5
4281,01/2015,536,89978.18996951799,7562.781034921466,M,55.4,3.4
4282,01/2015,621,4085179.848510295,8902.122093347627,M,54.8,1.7
4283,01/2015,762,128308.97903479855,8195.3410899197,M,47.3,14.9
4284,01/2015,516,312254.1866082696,10050.859511252016,M,65.6,18.0
4285,01/2015,216,545027.0050119618,10595.867782180205,M,36.4,14.5
4286,01/2015,635,369348.5751704445,6846.375384223667,M,55.3,14.8
4287,01/2015,926,2615699.5313159563,12844.238129603482,M,43.2,14.0
4288,01/2015,135,462158.3558651523,7042.795455149393,,,10.5
4289,01/2015,387,1709227.1690175144,7839.970315184124,M,46.8,16.0
4290,01/2015,925,376716.9593793074,6544.6894592697345,M,57.3,5.5
4291,01/2015,85,4077708.8946776204,8633.105911078592,M,38.7,16.7
4292,01/2015,586,4219555.076711843,13195.431913379316,M,32.2,7.8
4293,01/2015,571,422683.4238859523,8663.185567185134,M,53.2,13.8
4294,01/2015,855,2478799.2163668578,9638.798405763802,M,64.2,15.2
4295,01/2015,685,1626109.978207516,12221.304131797393,M,47.0,7.8
4296,01/2015,63,1251122.4305150432,7743.222079959488,M,61.6,12.5
4297,01/2015,264,607763.427229008,14755.532885220387,M,59.1,12.7
4298,01/2015,701,356919.4943848837,7013.787300183694,M,37.3,10.7
4299,01/2015,73,444959.849426016,8093.285288990216,M,48.6,14.7
4300,01/2015,478,2661206.4935332057,8366.728184684478,M,35.7,7.8
4301,01/2015,661,305885.9354937505,5151.770565042733,M,57.1,1.7
4302,01/2015,228,551307.6067450236,9803.358679533938,M,48.1,9.5
4303,01/2015,309,364086.5255975007,6775.822692467926,M,38.3,14.6
4304,01/2015,382,278662.5877287565,7569.169624617389,M,34.4,10.9
4305,01/2015,914,4851616.558013116,9180.180295190288,M,54.5,6.4
4306,01/2015,170,6361510.300068501,10308.149358178725,M,34.1,16.2
4307,01/2015,808,151150.37066910253,9792.857904975963,M,45.2,4.6
4308,01/2015,279,3980182.3031693865,7276.127088910718,M,44.8,3.9
4309,01/2015,852,1077572.3053541367,8651.705551464162,F,37.4,13.3
4310,01/2015,258,3446119.017893467,9260.471131768298,M,43.5,6.3
4311,01/2015,920,380816.48126030405,9050.276726701944,,64.9,14.6
4312,01/2015,167,1524438.8697409856,7913.364847881433,M,37.0,6.7
4313,01/2015,229,433637.6404962155,10042.339039621933,M,55.1,7.9
4314,01/2015,293,198148.98984466345,8669.76828861023,M,44.9,10.8
4315,01/2015,569,138362.37910369964,8111.257132185005,M,39.7,13.3
4316,01/2015,39,629864.3070407982,11823.581344580827,M,58.6,1.1
4317,01/2015,562,2625225.3183438918,11639.173758409574,M,43.4,10.0
4318,01/2015,819,3173038.167482449,7688.55272196322,M,33.6,15.2
4319,01/2015,652,2611412.186440148,10826.45715164419,,43.2,1.1
4320,01/2015,827,723197.6635880385,11633.685490461885,M,65.0,3.2
4321,01/2015,915,189985.017918849,10008.397907139615,M,47.0,13.0
4322,01/2015,35,4304059.887683376,10544.962596488735,M,53.3,4.0
4323,01/2015,358,717943.8171669784,8069.802198738642,M,35.8,18.3
4324,01/2015,867,932920.5304771027,10490.760937255453,M,53.5,10.1
4325,01/2015,979,3855372.7810393493,8378.35758980542,M,64.3,9.9
4326,01/2015,599,1736669.2304393416,8442.739097618338,M,,18.4
4327,01/2015,470,489363.86918229895,7205.027216269981,M,45.0,3.5
4328,01/2015,903,864313.2919486018,8118.132921668346,M,,16.7
4329,01/2015,420,498036.79153513303,8648.702765905522,M,56.3,5.9
4330,01/2015,150,479344.4167341825,10708.218003699225,M,,10.2
4331,01/2015,631,214174.1836138047,7436.938076513354,M,43.4,6.2
4332,01/2015,616,791960.5058553277,8345.03808252118,M,61.4,8.8
4333,01/2015,373,171962.7483270537,8103.321434392181,M,60.9,5.9
4334,01/2015,577,103281.32278732679,13505.2860148544,M,42.5,15.7
4335,01/2015,901,666232.4962428338,7869.597947918699,M,56.5,9.0
4336,01/2015,55,18018867.415874574,10587.580811010044,M,34.8,2.7
4337,01/2015,908,776815.5801271801,8974.483633459256,M,39.6,15.1
4338,01/2015,883,791510.3747156026,8838.675165756365,M,,15.3
4339,01/2015,522,2111733.352337516,12127.662865975975,M,52.2,14.7
4340,01/2015,811,3433911.8320419104,15083.188527884386,M,,18.6
4341,01/2015,137,281269.7041235859,9267.084207083362,M,58.3,17.6
4342,01/2015,600,283579.8328814007,8110.804114071431,M,38.4,17.2
4343,01/2015,673,3949022.0919181816,10166.782019267781,M,49.1,5.2
4344,01/2015,575,59075.562832053096,6851.5278948883915,M,32.9,10.9
4345,01/2015,469,5162762.898437434,11091.20238171335,M,64.1,10.3
4346,01/2015,698,1654515.93103668,8484.394587703266,M,62.6,5.0
4347,01/2015,245,1009015.5586538913,14553.207664190844,M,60.9,13.2
4348,01/2015,363,933570.206748372,12492.607347099805,M,45.2,1.3
4349,01/2015,911,247389.42491607647,9271.209842128685,M,53.9,13.9
4350,01/2015,343,344856.1413371884,9796.822062680192,M,63.1,16.4
4351,01/2015,886,2054676.2690187206,9130.435029520888,M,59.7,10.7
4352,01/2015,262,6089144.256836789,10119.474378367726,M,64.6,14.7
4353,01/2015,222,3815030.688592656,7369.973600740926,M,39.2,11.6
4354,01/2015,731,3598336.2513694037,10140.687361509332,,35.2,7.5
4355,01/2015,31,335098.69685456343,6821.704342544086,,36.7,16.8
4356,01/2015,32,311707.06363383174,8888.734920523399,M,55.5,2.4
4357,01/2015,545,2545224.35900296,8151.8794935912265,M,42.4,3.8
4358,01/2015,553,178699.8589748125,11754.837652442047,M,35.3,1.8
4359,01/2015,284,505421.0695341826,10517.86210321942,M,40.5,14.4
4360,01/2015,94,3358517.7153679007,7281.761987952172,M,,9.2
4361,01/2015,472,5457344.391441626,11394.235874405727,,40.5,8.5
4362,01/2015,748,2928355.7589591295,9414.710196518241,F,40.7,14.3
4363,01/2015,3,1427299.170615425,8461.985852314037,M,49.3,4.7
4364,01/2015,676,126435.78973267645,9623.56577185024,M,43.8,17.0
4365,01/2015,233,2380303.255813021,9500.59131597215,M,38.2,12.8
4366,01/2015,919,314652.0900386987,9828.42671789592,M,34.6,11.6
4367,01/2015,54,1063180.8369663528,10770.815995059917,M,57.6,1.3
4368,01/2015,95,1605380.554859755,11790.097364155808,M,55.1,14.3
4369,01/2015,818,1028221.4843893565,8505.561924845955,M,,4.6
4370,01/2015,349,9166200.817696124,10311.658900448954,M,63.1,16.7
4371,01/2015,224,505603.01518590096,8618.267247444584,M,42.2,9.8
4372,01/2015,526,5240153.124345006,9906.640986571696,M,62.7,18.8
4373,01/2015,613,431580.48155622033,8671.370960827855,M,50.9,2.5
4374,01/2015,845,583844.1958073563,10124.120892553125,M,,5.5
4375,01/2015,894,557032.8823250836,7640.761934557064,M,47.3,18.1
4376,01/2015,419,375349.38270638336,7497.816354109697,M,,18.2
4377,01/2015,707,598886.0172509169,8042.650951689333,M,56.4,12.6
4378,01/2015,426,518831.77062240907,9771.89847866673,M,43.0,7.2
4379,01/2015,427,1268414.8284555844,10917.661988508482,M,48.1,3.4
4380,01/2015,978,4283950.778889901,11802.9181085327,M,40.8,8.0
4381,01/2015,610,672108.7226654169,7246.625791297603,M,64.5,8.9
4382,01/2015,76,602697.7635940422,11631.056334137058,,46.8,11.5
4383,01/2015,629,328987.80843069305,8038.185064990721,M,46.4,15.7
4384,01/2015,326,2184523.774168444,9686.054409860444,M,32.6,1.6
4385,01/2015,875,328256.96511257795,7856.396162126477,,42.4,16.3
4386,01/2015,409,757052.5077261588,9770.722769469208,M,45.0,14.6
4387,01/2015,940,885735.6744014642,9256.100875585835,M,53.9,9.6
4388,01/2015,642,363110.9344320846,7331.514677504814,M,43.3,8.4
4389,01/2015,14,813272.6715888105,9040.249955241496,M,56.5,1.7
4390,01/2015,129,256130.21548251028,7380.405010533087,M,35.6,11.3
4391,01/2015,474,5248078.720379822,9337.719744042213,M,56.2,13.1
4392,01/2015,312,806096.6291297143,10137.967094497633,M,61.2,13.4
4393,01/2015,708,1161645.3433964334,8067.372513592528,M,40.4,1.6
4394,01/2015,30,2359134.9667999153,9052.459354527387,M,46.1,9.2
4395,01/2015,161,328476.4261691424,8703.533314469267,M,51.3,2.9
4396,01/2015,839,2987539.7339910762,8224.96977845463,M,36.7,1.6
4397,01/2015,400,92808.82042919482,9559.145212096204,,58.4,10.9
4398,01/2015,375,475654.19705574185,7295.665369138075,M,43.3,18.2
4399,01/2015,298,398631.72840461665,9171.694981709561,M,39.2,11.8
4400,01/2015,29,174154.45502627088,7537.256395449707,M,46.5,10.7
4401,01/2015,679,3639243.3632512735,8927.720131339926,M,32.7,10.4
4402,01/2015,422,2049670.5900435706,8538.406813892487,M,50.1,11.6
4403,01/2015,50,448401.41636798566,6979.107302394085,M,53.7,9.0
4404,01/2015,804,1127079.4716814966,9103.040682049921,M,32.4,13.2
4405,01/2015,627,402495.91120137775,7013.419732611828,M,41.2,15.2
4406,01/2015,874,2084465.3409447966,11033.24001930625,M,38.0,2.2
4407,01/2015,165,314565.05494694645,8579.179775472832,F,50.4,17.6
4408,01/2015,905,3727171.255189149,9679.606270006427,M,32.6,15.8
4409,01/2015,37,325489.13421214116,8766.882498510646,M,43.8,12.4
4410,01/2015,501,1841784.1521934022,9603.402207634963,M,47.7,9.3
4411,01/2015,529,525021.9755484575,14804.231817782496,M,47.5,6.1
4412,01/2015,774,3422626.28616612,9455.074045643374,M,62.2,17.0
4413,01/2015,772,514241.80963884795,10430.08082744535,M,47.7,8.2
4414,01/2015,773,2569352.4517693855,10915.437840939023,M,,14.6
4415,01/2015,388,604066.4902017118,8234.881514321714,M,,1.6
4416,01/2015,194,513122.7966047288,11358.07961696339,M,65.8,18.7
4417,01/2015,778,424175.21032841556,8077.683073889087,M,62.7,4.5
4418,01/2015,830,336244.50573582883,8730.935747744645,M,49.8,5.2
4419,01/2015,655,1722811.1132048722,6597.265940944986,M,51.5,7.7
4420,01/2015,461,408892.41761215735,10425.45746345786,M,64.8,2.5
4421,01/2015,927,687253.3092897787,8974.706024719504,M,53.3,9.6
4422,01/2015,90,165242.74934349896,6846.724542166679,M,60.6,11.5
4423,01/2015,348,535774.7551528141,8412.334487111935,M,60.8,1.0
4424,01/2015,313,421171.8831556647,9261.149947938338,M,53.1,14.1
4425,01/2015,590,232234.11984671195,8039.257327160476,M,40.8,4.2
4426,01/2015,179,862079.0008152638,8708.705969574645,,52.8,15.2
4427,01/2015,496,233549.55719737776,12329.14985785277,M,58.0,17.3
4428,01/2015,517,2726814.656640936,9514.12239025105,M,46.1,16.4
4429,01/2015,744,111672.3296481064,10001.903442252262,M,48.2,14.3
4430,01/2015,682,644510.8494540103,7480.443060343225,M,46.5,10.8
4431,01/2015,809,405326.5352354567,9160.912550191222,M,40.3,17.8
4432,01/2015,658,3976054.1635982697,9349.349809748275,M,46.5,11.6
4433,01/2015,158,2469809.061622747,8720.670231808152,M,,3.0
4434,01/2015,357,257716.47650850896,7635.681379789268,M,42.8,9.0
4435,01/2015,221,645283.645751363,8400.682112641985,M,64.0,3.7
4436,01/2015,633,772421.3842663283,7232.867646077272,F,46.4,2.6
4437,01/2015,721,554374.9834223225,9062.155242009489,M,36.7,14.4
4438,01/2015,783,2894230.4918377963,7862.289419850273,M,43.3,9.7
4439,01/2015,304,884804.0184704723,8541.473193818729,M,60.5,17.7
4440,01/2015,789,2450550.259259396,9740.648389042004,F,39.7,8.0
4441,01/2015,486,924857.752877358,8380.619138474416,M,56.4,5.1
4442,01/2015,580,1985659.1267821565,10443.789286543983,M,63.8,10.4
4443,01/2015,6,1037285.2963496047,9850.247686723304,M,35.5,15.1
4444,01/2015,934,573391.334930307,8434.22631577399,M,32.4,13.9
4445,01/2015,645,4970956.947087969,10669.204703077085,M,52.4,2.3
4446,01/2015,206,268648.3927472411,8655.616608311886,M,64.2,5.3
4447,01/2015,401,6259642.030643249,8820.220073801354,M,,13.2
4448,01/2015,826,1480716.7020614974,8217.956553835465,M,33.7,5.3
4449,01/2015,83,281470.77537003596,8461.62338154598,M,65.4,8.2
4450,01/2015,183,564587.1257955446,9304.396782711761,M,41.2,14.6
4451,01/2015,42,441155.9658403861,9288.268609558258,M,56.3,13.9
4452,01/2015,722,4015932.861349973,14010.936681831317,M,45.4,18.3
4453,01/2015,503,323961.74527744215,9434.56638265425,M,,18.0
4454,01/2015,620,789918.1588606177,7580.678627154924,M,57.3,1.6
4455,01/2015,755,2815797.500631741,7765.518304544532,M,53.1,14.7
4456,01/2015,873,662734.4879435988,7939.986838936383,M,33.1,16.5
4457,01/2015,781,655662.8168396069,10156.349717335714,M,33.4,14.1
4458,01/2015,40,197721.18015815696,12062.6699248386,M,36.4,9.0
4459,01/2015,240,380515.3164295363,13223.997077092594,M,,5.8
4460,01/2015,436,597520.1703150928,7670.596046412311,,37.8,12.0
4461,01/2015,320,551750.9820785196,8169.711197517329,M,43.1,14.4
4462,01/2015,723,1668873.4157422278,8422.411604626248,,,3.7
4463,01/2015,947,471580.3161063616,14033.414051266696,M,41.6,14.9
4464,01/2015,168,2184236.6635405603,8855.82388141626,M,60.0,11.2
4465,01/2015,259,552994.3290093724,8465.884097925993,M,60.8,2.7
4466,01/2015,913,5075569.0779054575,8584.819486964416,M,53.6,9.3
4467,01/2015,985,3219295.948226781,11973.056230545686,M,51.8,15.1
4468,01/2015,539,3483752.1659288327,14262.414718758302,M,41.5,10.6
4469,01/2015,975,261392.25608429,7632.7942447902715,M,46.1,9.3
4470,01/2015,771,1116182.7249208633,9275.204826207737,M,59.1,12.7
4471,01/2015,566,1793677.552072687,10374.067709932138,M,,11.7
4472,01/2015,325,481143.5624970966,11824.249522168753,M,59.5,7.6
4473,01/2015,813,572476.004464881,7872.182218153344,M,56.3,16.7
4474,01/2015,253,97119.31757146918,7711.240284236972,F,52.5,18.0
4475,01/2015,817,119482.28227665616,11932.656805847997,M,35.7,7.4
4476,01/2015,958,470256.9324516388,7905.5239518521685,M,42.6,2.3
4477,01/2015,564,705752.533930244,11935.27161925109,M,36.5,18.6
4478,01/2015,448,217532.2648879966,8780.5892919555,M,51.5,15.3
4479,01/2015,322,1443718.0814706578,10902.014404787404,M,45.2,13.4
4480,01/2015,909,3517977.18817109,8574.641528010687,F,45.0,18.5
4481,01/2015,208,135273.3712445632,8926.707626905778,M,57.5,3.7
4482,01/2015,306,3895688.4222423085,7791.945814692336,M,57.0,16.2
4483,01/2015,471,683898.7083188586,8551.27251688653,M,64.4,4.4
4484,01/2015,833,411841.4871532882,7848.182247446851,M,45.8,14.0
4485,01/2015,518,3357268.386983269,9494.503933720393,M,55.0,16.6
4486,01/2015,607,220566.644211764,10643.799892894207,M,34.1,13.1
4487,01/2015,743,116329.19324692701,8610.014110325641,M,55.6,1.1
4488,01/2015,431,3385042.7254422647,12158.618885125545,M,42.5,3.0
4489,01/2015,554,440306.76683826663,8466.011664164127,M,40.1,9.5
4490,01/2015,866,220901.56601673146,8672.025847854584,M,35.4,6.1
4491,01/2015,740,86828.9824121957,7684.446533566585,M,54.5,9.9
4492,01/2015,534,1830854.0088349087,11747.405305107706,M,63.4,16.5
4493,01/2015,681,1897860.6378327138,9334.13316921765,M,56.8,4.5
4494,01/2015,694,4051091.165375257,7547.617439187401,M,56.6,8.8
4495,01/2015,557,1419952.5973401011,8895.177349881944,M,61.4,16.5
4496,01/2015,204,358321.79990630585,8472.389559903584,M,54.7,9.8
4497,01/2015,275,307064.5183428305,12512.852561646621,,34.7,14.8
4498,01/2015,525,249724.0469952954,9001.72448345406,M,39.2,9.1
4499,01/2015,33,425907.8838829807,9318.959008914044,M,55.8,15.2
4500,01/2015,18,2869848.3292119256,8388.639634893996,M,36.9,16.0
4501,01/2015,835,956563.5754069402,11202.03808457531,M,,12.8
4502,01/2015,649,1496149.3611453741,11852.028016390654,F,41.6,6.4
4503,01/2015,406,2048616.6405129905,12094.551141204249,,36.0,1.4
4504,01/2015,640,353419.14697134565,9988.797086599237,,64.7,9.2
4505,01/2015,79,368263.71848262235,6440.61264507994,M,41.3,4.9
4506,01/2015,942,682964.5127718319,9021.463519104642,M,50.2,14.9
4507,01/2015,895,583746.8380999886,8370.110188768162,M,33.5,17.3
4508,01/2015,766,2819833.7508117515,10047.030263367027,M,62.4,7.1
4509,01/2015,51,2740910.082369589,9003.171503541624,,39.9,6.9
4510,01/2015,702,410363.67405942996,10400.816066380858,M,57.5,12.7
4511,01/2015,332,249478.40445141474,7906.492332482811,F,55.0,18.7
4512,01/2015,314,2822446.7353136903,8743.322717019506,M,49.4,4.0
4513,01/2015,118,1151957.6461955376,12732.874413045556,M,39.8,9.3
4514,01/2015,445,577959.9065585397,7882.144447783772,M,59.4,18.6
4515,01/2015,906,412577.08616382384,8689.077825620536,M,57.2,5.3
4516,01/2015,555,481120.8821216408,7948.537251708136,M,62.5,3.5
4517,01/2015,105,114154.51642892104,9153.73286732655,M,48.3,2.2
4518,01/2015,879,894239.1775262287,8439.74590762786,,64.1,3.3
4519,01/2015,175,556022.8866246747,7614.340502855871,M,38.2,7.2
4520,01/2015,367,600366.9935411349,9480.590193645116,M,58.5,5.2
4521,01/2015,810,1090341.244743988,8851.891764870485,M,44.5,2.3
4522,01/2015,892,2058013.9245638412,13072.696482755922,M,65.4,15.5
4523,01/2015,964,400618.17765679996,9428.85201924955,M,50.2,6.4
4524,01/2015,946,370644.4401314152,8978.395985060904,M,52.1,6.6
4525,01/2015,547,153357.5629325747,7597.190172756033,M,,7.5
4526,01/2015,999,404724.12207983085,9316.087698309226,M,45.1,14.1
4527,01/2015,953,9280804.491508378,13622.290446977047,M,47.7,14.8
4528,01/2015,202,187424.3946291138,7704.610965417793,M,57.6,4.0
4529,01/2015,345,3568877.0791451912,10553.0936829836,M,40.8,12.9
4530,01/2015,718,1197756.9544694317,10006.565709097973,M,65.1,1.7
4531,01/2015,276,2907047.6335922396,7880.9507432566015,M,45.1,18.5
4532,01/2015,768,299864.15874361765,8186.6157515271625,M,63.5,6.3
4533,01/2015,411,169884.79160686248,8131.327522789021,M,58.7,2.5
4534,01/2015,192,737543.4030271511,9419.747651330072,M,45.7,5.7
4535,01/2015,115,377436.6706922425,8155.19162841765,M,36.3,17.6
4536,01/2015,162,1379428.7934247823,9345.19554776233,M,35.5,12.1
4537,01/2015,636,2479055.0307572996,8450.468695382391,F,63.9,7.2
4538,01/2015,870,1670269.4128072993,8587.685833675343,M,42.5,2.6
4539,01/2015,468,364508.70983336936,7806.397673027246,M,52.3,3.3
4540,01/2015,490,353418.08206377085,10661.560556751974,M,62.1,12.7
4541,01/2015,558,349762.74165808765,12055.601509847414,M,35.8,9.1
4542,01/2015,662,498171.820314028,8724.224409235427,M,51.0,6.8
4543,01/2015,834,363321.1131848632,9158.365997487666,M,39.8,1.8
4544,01/2015,907,11214004.450551452,11405.500682339256,F,61.1,3.8
4545,01/2015,15,1076792.6348766405,13661.866785827187,M,35.0,4.2
4546,01/2015,588,13860495.298402943,11298.340106840704,F,47.5,14.8
4547,01/2015,859,640003.6448215821,9066.457356399578,M,44.3,4.2
4548,01/2015,109,296420.5368806899,8822.917664221393,M,45.2,7.3
4549,01/2015,369,441454.19218317285,9212.121563694012,M,36.2,8.9
4550,01/2015,188,603917.8628865049,8441.527292169441,M,33.0,18.5
4551,01/2015,166,367687.97372483957,11486.64707206357,M,,1.3
4552,01/2015,180,3149209.9537198115,7486.4391400943605,M,48.2,10.8
4553,01/2015,986,1006341.0596219576,7878.8863243460855,M,34.5,8.6
4554,01/2015,438,3276912.4268229445,14015.15214712859,M,37.4,7.0
4555,01/2015,120,873339.9080896414,10203.468180150621,F,49.6,7.2
4556,01/2015,414,191968.30864055495,12117.543956843909,M,38.1,7.7
4557,01/2015,389,680415.0122815919,18134.531397033596,M,58.5,1.7
4558,01/2015,91,2177399.7985456605,10608.177170387275,M,33.5,2.7
4559,01/2015,565,291336.62995903514,6853.419789767332,M,44.3,17.2
4560,01/2015,16,1677196.7226509724,9546.956511400349,M,47.8,8.0
4561,01/2015,443,2918227.806875183,9533.943621670189,M,36.6,1.5
4562,01/2015,507,2429535.572081174,11319.809250984954,M,62.1,9.5
4563,01/2015,404,165288.35377302967,12696.777594364812,M,55.1,14.7
4564,01/2015,280,3200785.036577642,8742.373786310816,,60.1,2.4
4565,01/2015,654,783098.1827863228,9583.261031922568,M,55.4,9.7
4566,01/2015,376,674813.1097245995,7411.705407825226,M,37.8,6.4
4567,01/2015,169,355574.8374104084,8486.68874178873,M,60.7,18.0
4568,01/2015,931,746385.4243277283,8999.369127764627,M,62.2,15.4
4569,01/2015,664,2132631.681469406,7944.567143473387,M,45.6,17.9
4570,01/2015,272,911451.4125034787,8571.725096091459,M,41.3,10.3
4571,01/2015,667,282273.15307229746,9697.752516189135,,53.4,1.7
4572,01/2015,209,6344942.303775836,9586.204653713934,M,47.4,11.3
4573,01/2015,687,464259.28868128767,8965.204761868636,M,43.9,9.8
4574,01/2015,893,948048.6446529491,10029.356357346922,M,38.7,2.4
4575,01/2015,184,698288.4084208328,7746.139750556541,M,46.3,14.7
4576,01/2015,711,712606.4221230507,7730.530986437118,M,51.6,17.6
4577,01/2015,543,579056.8270247903,8042.363672153631,M,59.2,12.0
4578,01/2015,864,2781716.0069596893,12569.792159227613,M,35.7,8.6
4579,01/2015,995,149083.64985555082,9632.550517148431,M,,3.7
4580,01/2015,563,812735.3186605935,9117.671020875574,M,44.1,7.1
4581,01/2015,58,4872117.286334154,10247.90599780601,M,61.0,6.9
4582,01/2015,46,2286822.4651405434,10145.135650028715,M,35.1,13.7
4583,01/2015,226,432660.509138939,8835.022561254575,M,57.1,8.2
4584,01/2015,286,345666.5261567557,9758.143529158966,M,64.2,16.9
4585,01/2015,475,1251897.3790528574,7487.336069164344,M,37.6,9.6
4586,01/2015,578,755539.0270178192,9218.6451065838,M,55.7,8.8
4587,01/2015,695,2480910.1979515487,9431.191104817191,M,40.3,15.1
4588,01/2015,417,371060.1485783386,8994.43955644921,M,44.2,3.6
4589,01/2015,421,174249.1422277902,9860.297984699242,M,51.3,11.2
4590,01/2015,397,621133.6886285262,8744.969776150123,M,,12.9
4591,01/2015,273,298992.0691050055,8672.66324845713,M,43.7,13.2
4592,01/2015,281,119194.94923526741,8675.013979981883,M,58.1,16.5
4593,01/2015,945,308249.046865179,8746.986999979476,M,40.5,7.3
4594,01/2015,862,545665.5036485719,9143.906535044982,F,53.6,4.1
4595,01/2015,232,471520.6286578428,8774.05609301843,M,44.7,13.6
4596,01/2015,550,460845.24995621847,7380.360979114577,,46.4,7.5
4597,01/2015,917,1133566.8269986343,9059.488697042065,M,32.3,17.7
4598,01/2015,56,386129.9860793452,10274.90778762705,M,38.6,14.0
4599,01/2015,377,581284.3864335011,8408.996302637424,F,57.8,4.0
4600,01/2015,143,643923.064394469,9787.552312498843,M,,7.3
4601,01/2015,782,1771455.5902645935,11069.671752241391,M,57.1,15.8
4602,01/2015,17,926269.4858439734,13309.926584758181,M,,18.5
4603,01/2015,800,481376.56211940286,8170.290218418132,M,55.4,15.0
4604,01/2015,418,121158.8432447283,6902.433681521473,M,50.6,9.8
4605,01/2015,282,585663.4527970452,11938.844196330954,M,59.1,15.3
4606,01/2015,495,2900430.0527033233,7414.236361065715,M,52.5,5.5
4607,01/2015,492,2882867.5530229346,9083.095349296445,M,47.2,11.8
4608,01/2015,968,333760.31073999667,8338.011127703565,,59.5,2.6
4609,01/2015,802,2696547.635468908,9253.878676817585,M,37.0,11.4
4610,01/2015,215,454016.62726993265,9340.245730540259,M,52.5,7.2
4611,01/2015,959,1739112.0893816743,10780.562017045422,M,63.1,13.2
4612,01/2015,954,11049007.482581593,14715.488370108327,M,42.1,5.8
4613,01/2015,482,640001.8518979384,9762.798380917713,M,65.9,13.1
4614,01/2015,102,1819535.9582121237,9560.803745206602,M,55.2,11.6
4615,01/2015,776,888876.6676542152,7581.585722175541,M,,15.6
4616,01/2015,528,2431313.5986920255,8590.645609182584,M,32.7,15.5
4617,01/2015,292,580455.3113916538,10316.941202586984,M,32.6,13.2
4618,01/2015,971,559962.9413501411,7799.499963961815,M,63.5,15.5
4619,01/2015,152,479288.64289050776,8243.75467631135,M,35.5,3.3
4620,01/2015,750,153163.59263602315,9142.46304460898,M,57.0,16.5
4621,01/2015,199,227932.40930306577,7415.147020054264,M,49.2,13.1
4622,01/2015,154,3431624.1633350155,8217.19578422394,M,,6.9
4623,01/2015,675,3212412.8651781203,14352.369123195558,M,56.2,10.5
4624,01/2015,288,5358190.498561086,8703.018372203807,,47.6,18.3
4625,01/2015,523,7325574.471320262,7425.954299545133,M,32.1,1.2
4626,01/2015,688,2168737.559231799,9267.205508455721,M,41.3,4.0
4627,01/2015,360,195272.22328835906,7730.884652687142,M,49.5,12.0
4628,01/2015,960,278577.18920351187,8864.308891965971,M,55.1,9.8
4629,01/2015,368,216193.25257609025,8255.326576035986,M,53.7,14.7
4630,01/2015,456,307286.6942547162,7851.2422351899595,M,55.8,5.9
4631,01/2015,512,681117.38639701,9710.98210273801,,50.1,15.9
4632,01/2015,650,2140496.067162368,11169.19800419769,M,43.0,12.5
4633,01/2015,380,256254.14825747552,7938.845553405215,M,61.4,1.5
4634,01/2015,139,632191.3025333565,9946.934110713462,M,56.4,8.7
4635,01/2015,994,359298.463736472,8349.021371571089,M,42.5,2.6
4636,01/2015,689,624109.9999045087,7882.810634968409,M,63.1,2.4
4637,01/2015,243,4351650.87334994,9763.767293275938,M,38.2,16.7
4638,01/2015,148,203598.58794966622,15323.883707943472,M,64.4,9.8
4639,01/2015,252,4249081.045805778,7006.128108742635,M,40.6,14.0
4640,01/2015,265,623279.9830722447,9161.398501984371,M,39.6,3.8
4641,01/2015,362,273947.8549944841,7993.1866023119765,M,39.0,3.7
4642,01/2015,336,330619.97492770373,8059.817029702322,M,53.4,15.5
4643,01/2015,928,94017.9144824649,8986.210905846756,M,63.0,14.1
4644,01/2015,515,770110.7985576343,10337.350398321956,M,56.7,9.7
4645,01/2015,483,1036380.8517295767,11943.692699388434,M,47.0,12.5
4646,01/2015,395,5392520.249726864,11236.864912139223,M,59.5,16.9
4647,01/2015,758,117549.05112217873,8963.87066932307,M,45.8,3.4
4648,01/2015,361,473909.55694529176,8397.092422507003,,51.1,15.4
4649,01/2015,657,584324.5103674427,8346.120185826407,M,53.9,10.4
4650,01/2015,761,726874.5272085711,11613.889304086813,M,33.4,8.7
4651,01/2015,881,709352.7634166847,9679.749549496793,M,53.5,2.0
4652,01/2015,197,340246.21151576267,12489.636755593674,M,44.6,12.9
4653,01/2015,290,282443.3245149534,8309.355556857241,M,37.7,4.3
4654,01/2015,742,1727777.5780243461,9311.177066938968,M,47.7,1.4
4655,01/2015,848,276021.00803266023,7232.354325992052,M,58.3,10.1
4656,01/2015,820,652536.8329166117,10202.029535256821,M,32.4,14.0
4657,01/2015,122,3610532.8815996367,12792.189825907386,M,42.0,5.7
4658,01/2015,340,2742583.9334199335,10331.650378074391,,43.5,6.5
4659,01/2015,714,338292.5969729429,8806.595547796514,M,39.5,9.7
4660,01/2015,699,608439.125068545,7798.120320619591,M,38.8,17.8
4661,01/2015,825,1747342.6117674029,7781.3075769930565,M,39.7,5.7
4662,01/2015,717,81801.73298696605,8153.105940893119,M,51.8,18.7
4663,01/2015,318,859521.340272275,9133.752588388554,M,60.5,9.5
4664,01/2015,104,487403.84553633496,9226.475523079242,,57.0,5.7
4665,01/2015,816,1409954.043233601,8850.273102220921,M,32.0,1.0
4666,01/2015,296,520824.67685878795,7680.6976430447685,M,42.2,11.1
4667,01/2015,696,429270.0059575404,8748.374641593773,M,41.1,14.7
4668,01/2015,27,2470120.8382241414,8493.585019570854,M,54.4,12.8
4669,01/2015,22,959019.7541781208,12970.779139949042,M,50.2,13.8
4670,01/2015,785,637374.4245254307,9546.591748453488,M,,14.7
4671,01/2015,256,310847.2426183592,10993.118275226134,M,,8.8
4672,01/2015,75,544237.0808712188,8577.586046205339,M,47.3,6.5
4673,01/2015,5,292229.1412752166,9628.259970755576,M,39.8,4.7
4674,01/2015,217,571589.163996999,9833.460779337485,M,64.4,14.8
4675,01/2015,869,418481.07835121197,12542.547708875714,M,38.4,13.3
4676,01/2015,385,3814478.169120468,10338.39944319009,M,44.9,9.4
4677,01/2015,941,4573444.373862282,8077.84905648083,M,35.0,2.8
4678,01/2015,712,419826.6565247146,7095.04909081232,F,,13.8
4679,01/2015,939,120512.21762185088,8876.370348986537,M,49.5,2.4
4680,01/2015,710,548205.0637360782,9561.112457122279,M,57.4,7.4
4681,01/2015,34,4355547.531284812,8992.93019608069,M,,18.6
4682,01/2015,559,847583.1025901578,7956.733975722199,F,62.8,4.7
4683,01/2015,463,1796577.9825112827,7348.383861723067,M,48.9,10.3
4684,01/2015,605,128976.77017324769,8825.255536258814,F,63.6,5.9
4685,01/2015,424,2405693.8409621916,14381.96103848515,M,49.8,3.8
4686,01/2015,851,3697057.180808793,8105.667525999606,M,43.5,2.4
4687,01/2015,444,685380.7001194911,11239.503897137083,M,45.4,4.1
4688,01/2015,790,225502.5485637356,7877.261169030381,M,37.6,5.0
4689,01/2015,106,1670370.438022158,9581.52121916744,M,42.4,1.2
4690,01/2015,455,662234.2289240725,9932.490776843817,M,,3.9
4691,01/2015,223,214051.13473949942,11155.19680242139,,53.2,5.2
4692,01/2015,242,418062.4958017127,8504.220806973146,F,46.1,14.5
4693,01/2015,77,398262.82274307334,11178.399518911174,M,63.4,8.9
4694,01/2015,961,2517229.5766893714,10136.18844414949,M,62.4,6.9
4695,01/2015,416,3712500.185195472,10242.58011369029,M,50.8,16.2
4696,01/2015,506,252628.3874606716,9571.065120235697,M,38.7,5.6
4697,01/2015,287,5105149.596678022,8752.872868632498,M,40.1,15.2
4698,01/2015,52,6676292.632866924,9161.310781346692,M,55.3,5.2
4699,01/2015,132,2294092.5602675695,9597.892613202072,M,60.6,17.3
4700,01/2015,319,335879.991874961,11761.40824731784,M,42.7,9.7
4701,01/2015,871,499052.41084477655,8231.855828973912,M,,7.2
4702,01/2015,213,362938.635680904,8312.383273766434,M,40.4,15.2
4703,01/2015,846,4362193.215655784,8946.68976729936,M,33.1,17.2
4704,01/2015,351,540365.8464777658,9259.364600182878,M,53.7,7.8
4705,01/2015,324,779268.6949026979,8215.96532328826,M,54.6,9.8
4706,01/2015,173,331999.41726379964,9161.220164565155,M,46.9,9.3
4707,01/2015,88,109089.84115770408,8801.384049028906,M,43.9,18.0
4708,01/2015,347,2200567.1833339543,8784.072710829698,M,,15.2
4709,01/2015,513,337679.813122449,9574.263938254306,M,42.2,14.3
4710,01/2015,487,245546.8087105596,11215.017111627601,M,32.3,14.8
4711,01/2015,295,307174.2728421959,7706.255820955586,M,46.5,8.4
4712,01/2015,430,979638.23287629,8835.603059334619,M,,11.6
4713,01/2015,437,455115.20706825226,7709.853517159406,M,35.0,9.8
4714,01/2015,644,284316.8670790861,6737.014631546325,M,60.0,5.4
4715,01/2015,803,1971630.2153549958,12648.184612308467,M,39.6,13.8
4716,01/2015,2,613418.9742293438,9616.136017606646,M,65.5,1.0
4717,01/2015,932,3319885.62824796,10534.074913792623,,37.4,12.0
4718,01/2015,843,289539.658332787,6601.672213587895,F,40.4,15.0
4719,01/2015,138,3887407.3857875406,8614.029667822964,M,34.5,5.5
4720,01/2015,356,8335205.636520274,10844.785049662938,M,51.3,12.6
4721,01/2015,466,499769.45982149744,12146.1038036872,M,51.7,13.4
4722,01/2015,729,313668.7894143557,11436.335690104486,M,59.3,9.7
4723,01/2015,535,316809.9903941002,9923.11874449586,M,62.7,2.9
4724,01/2015,715,2743064.545171549,9197.301616271263,M,51.8,5.3
4725,01/2015,70,964911.0264152233,7605.963183479196,F,59.0,4.7
4726,01/2015,485,3253008.4044447495,8463.26771325394,M,56.3,15.4
4727,01/2015,128,3322297.1634416315,11690.467387247056,M,52.0,5.9
4728,01/2015,587,1874433.0233906826,8406.729669250524,M,51.7,9.9
4729,01/2015,142,749615.1938990636,11732.660111875002,,37.3,14.2
4730,01/2015,938,128375.3443455254,7385.5005151498735,M,64.5,16.4
4731,01/2015,725,3332862.591029689,9418.244823916382,M,39.8,3.3
4732,01/2015,801,1339524.9526126452,15955.514072884851,M,42.7,11.4
4733,01/2015,653,352819.8987621361,15853.085674362308,M,57.7,13.8
4734,01/2015,921,4402296.8464198,9052.301723975677,M,55.5,17.4
4735,01/2015,98,423585.1958659813,9947.721676171886,M,39.4,10.5
4736,01/2015,608,2414593.0014036004,9566.289056684032,M,63.9,13.4
4737,01/2015,576,2784122.38294395,10951.33918382509,M,64.1,4.1
4738,01/2015,936,3696417.4481990384,9477.220183532889,M,55.8,11.4
4739,01/2015,301,810232.949273591,10389.351114228322,,33.7,2.0
4740,01/2015,266,386524.7551397778,9743.928877987104,M,36.1,1.4
4741,01/2015,499,1667834.7725789826,9640.297651604245,M,32.6,1.0
4742,01/2015,133,1717834.0585926883,7503.326209087975,M,43.3,13.8
4743,01/2015,989,1687525.3837270723,8227.707492448162,M,,6.4
4744,01/2015,619,93259.48318847023,7137.194304675339,M,55.2,4.2
4745,01/2015,136,4002800.2086321036,9729.794524518446,M,58.5,1.0
4746,01/2015,277,4159727.049621969,8408.121707772698,M,33.1,12.5
4747,01/2015,267,109102.53880335155,7962.384875691894,M,52.8,4.8
4748,01/2015,749,560734.0672980566,8902.243957524046,M,40.0,12.2
4749,01/2015,254,289750.0357389867,9721.118132024889,M,57.0,18.2
4750,01/2015,630,942229.3433482763,8536.172972322907,M,45.0,17.3
4751,01/2015,339,6171100.528066551,11692.634932182647,M,41.1,18.1
4752,01/2015,203,112385.9473965424,8938.945107505422,M,59.0,16.3
4753,01/2015,107,436851.9332286946,9606.072346147372,M,49.9,10.0
4754,01/2015,24,3467367.786574905,10769.473921087867,M,33.6,12.8
4755,01/2015,668,932993.549582029,8923.411016966233,M,,14.9
4756,01/2015,837,762337.0880251962,6621.800283987832,M,36.8,12.8
4757,01/2015,392,1291110.1931638725,7454.850039315119,,33.3,4.8
4758,01/2015,330,553209.6962822351,7744.331553161689,M,,2.2
4759,01/2015,151,1550140.0880818013,7374.255173570198,M,48.4,18.7
4760,01/2015,856,15218806.941192478,13152.387284707089,M,53.8,16.7
4761,01/2015,976,590955.2768984421,8240.88884946368,M,57.8,1.9
4762,01/2015,831,922037.1139396951,10154.566286746945,M,54.2,8.5
4763,01/2015,991,3719417.1938081705,8521.886950946719,M,35.2,11.1
4764,01/2015,201,3795825.0844576363,9204.90318903876,M,57.3,6.1
4765,01/2015,788,837690.46214738,8572.19477235277,M,32.6,18.3
4766,01/2015,1,156835.40800099703,11246.923101453565,F,43.8,1.4
4767,01/2015,103,500345.80356115225,9714.190744231379,M,64.3,11.8
4768,01/2015,53,532418.9949253026,12274.493995434063,M,56.0,7.9
4769,01/2015,241,1279853.9892785128,8487.141339825535,M,36.5,11.2
4770,01/2015,346,700311.166027806,9772.40091735696,M,49.3,16.0
4771,01/2015,450,534958.6948540801,7068.057140427858,M,57.8,13.3
4772,01/2015,628,3040294.8416758277,13761.082930081022,M,61.0,15.2
4773,01/2015,700,7198007.46774404,10991.348154218049,M,51.2,10.6
4774,01/2015,4,558001.1378347047,8020.074297900073,M,59.6,11.7
4775,01/2015,334,576379.7756374615,9249.922354610546,M,56.3,7.2
4776,01/2015,641,676607.2824089983,10857.645076472758,M,33.8,11.0
4777,01/2015,794,1899413.9522566525,10523.255466169081,M,34.9,12.3
4778,01/2015,390,1905669.0288723311,8789.083475565818,M,54.7,12.7
4779,01/2015,141,373428.4351532244,9750.0708294976,M,44.7,8.8
4780,01/2015,980,356300.7291939852,8638.265945593914,M,36.0,2.1
4781,01/2015,734,980927.3899641789,8011.825857950711,M,47.7,11.6
4782,01/2015,342,102195.83105802347,9613.023651816125,M,43.7,4.9
4783,01/2015,370,480937.0876872371,9414.268098556016,M,46.2,1.9
4784,01/2015,480,1366656.6117789277,7514.414298750791,M,38.6,11.5
4785,01/2015,902,603175.2869712986,9759.366199406595,M,63.6,5.8
4786,01/2015,477,186881.96487012831,12020.164612406854,M,46.4,8.8
4787,01/2015,193,602841.1159282726,8675.88963781492,M,52.8,16.4
4788,01/2015,476,850026.0603746581,9176.737980830621,M,,18.3
4789,01/2015,537,631289.6182736253,8547.15613403684,M,37.2,2.5
4790,01/2015,591,1628092.04211099,7924.810714926384,M,56.1,9.5
4791,01/2015,189,677758.998016494,11220.829110187598,M,41.9,5.9
4792,01/2015,596,3063093.96581937,8479.864283493795,M,56.2,13.7
4793,01/2015,235,2125440.8387892516,8452.286785624874,M,37.4,9.0
4794,01/2015,520,3690957.278330389,8076.920123106251,M,54.7,8.8
4795,01/2015,677,2777911.9832026716,11650.10985449912,M,58.8,14.4
4796,01/2015,704,2715572.89030083,8693.171217044619,F,57.6,7.7
4797,01/2015,355,229916.09097174852,11946.68224786202,M,50.0,3.0
4798,01/2015,247,542634.1967660519,8823.474594217338,M,53.5,2.0
4799,01/2015,207,2061133.8297368397,9970.942188493704,M,47.8,3.5
4800,01/2015,990,117538.84069124094,9645.965926500772,M,36.3,4.7
4801,01/2015,41,228488.87515225296,9351.143742951823,M,36.9,10.0
4802,01/2015,678,3338057.301050868,8046.223665303986,M,55.7,7.7
4803,01/2015,663,107288.92982182385,10451.643461323682,M,56.7,12.1
4804,01/2015,28,472271.31789273873,10707.277724127536,M,65.2,4.4
4805,01/2015,672,453416.0328097778,9123.966072453273,M,53.2,13.5
4806,01/2015,393,1314681.783623979,9278.938353418449,M,33.5,7.3
4807,01/2015,615,1028090.7415552097,7608.377792283688,M,51.3,2.9
4808,01/2015,923,149716.50896048205,8024.722948639559,M,32.0,7.7
4809,01/2015,544,494821.64682836056,11007.947403472886,M,39.6,13.0
4810,01/2015,364,686374.9389194039,9889.27036435272,M,41.0,9.2
4811,01/2015,573,554088.6730919769,8018.057512187692,M,60.9,6.4
4812,01/2015,125,902832.4437201743,10455.455522002585,M,37.2,9.2
4813,01/2015,949,284961.3264882865,12395.246211197587,M,36.4,12.6
4814,01/2015,510,673553.8668109989,7921.4059200879265,M,55.0,12.2
4815,01/2015,878,496904.7467585944,10320.42601256144,M,36.2,5.5
4816,01/2015,992,563915.6754394518,7698.263317287624,M,36.1,17.3
4817,01/2015,8,477894.54964872333,12392.920989439679,M,39.7,13.2
4818,01/2015,984,3826664.689497691,9218.122183579699,M,42.3,10.7
4819,01/2015,763,130593.02623861124,9015.26030492603,M,37.4,6.6
4820,01/2015,973,3370928.25763211,6692.437220802076,M,39.5,15.8
4821,01/2015,25,125917.72069441523,7060.048550634447,M,34.8,14.6
4822,01/2015,541,2204328.1175441598,8258.895618736493,M,48.7,8.1
4823,01/2015,757,2950084.1108221286,10219.093851760503,M,,13.5
4824,01/2015,374,565714.9454656735,10757.412069610855,,39.7,13.9
4825,01/2015,64,790441.0389821149,8922.953698141673,M,46.0,5.6
4826,01/2015,500,622687.5651144827,8624.611611647788,F,46.2,13.5
4827,01/2015,647,650735.4892301755,14980.271817175173,F,63.4,11.7
4828,01/2015,614,396870.4746726618,8142.38470592461,M,59.8,17.8
4829,01/2015,21,3873574.778967439,9751.485332822247,M,32.8,7.5
4830,01/2015,13,3009288.266090172,10251.360171367283,M,43.1,15.2
4831,01/2015,639,116144.66576778471,8108.758834784685,M,50.0,9.2
4832,01/2015,868,728530.9562530535,9979.72614883739,M,32.5,7.3
4833,01/2015,805,285218.69191453815,8673.057222971305,M,40.7,10.5
4834,01/2015,891,150831.10700348954,7075.7542932120605,M,56.5,13.8
4835,01/2015,561,1936951.2696482558,8249.06010379081,,44.2,6.2
4836,01/2015,709,177306.9976929297,10026.014653759195,M,38.7,12.6
4837,01/2015,429,10100922.837046504,7465.966606289614,M,46.7,4.7
4838,01/2015,720,655005.65612539,7914.986140839924,M,64.6,15.1
4839,01/2015,187,5159558.717164678,7563.816977549757,M,48.7,17.0
4840,01/2015,457,322910.7373794629,8467.869994866824,M,63.5,10.5
4841,01/2015,844,8118943.138173737,9422.376288172412,M,47.4,2.4
4842,01/2015,552,401142.86680659326,11139.497366526197,M,61.3,7.3
4843,01/2015,498,515902.82235670165,7938.849350142159,M,49.2,15.3
4844,01/2015,230,318128.0447899835,8044.722927497255,M,38.2,5.1
4845,01/2015,131,371538.7256077523,10318.66564211705,M,35.1,16.0
4846,01/2015,268,501957.68835556385,8590.069812009338,M,41.2,11.2
4847,01/2015,634,87221.73916039847,7147.552065270376,M,46.8,4.5
4848,01/2015,930,470582.7422112774,9337.835885755941,M,54.4,16.9
4849,01/2015,730,770014.6844129065,8708.770692720658,M,60.7,1.5
4850,01/2015,386,880159.5117635101,12024.48083378605,M,37.5,12.8
4851,01/2015,897,141562.60845526966,10546.809366146883,M,43.3,2.5
4852,01/2015,604,2149789.7708733096,8578.032522976158,M,59.8,7.6
4853,01/2015,850,82184.35011712574,10573.452991477363,M,39.4,1.4
4854,01/2015,626,475997.0875989272,10418.923361650008,M,51.8,18.1
4855,01/2015,163,257789.59955838512,7210.074095971705,M,58.5,9.1
4856,01/2015,82,144453.86829127284,9296.257306202788,M,61.7,4.0
4857,01/2015,36,1803757.9480856517,15310.522511080058,M,37.4,16.3
4858,01/2015,977,299257.9005808445,9168.007696961535,M,56.2,3.7
4859,01/2015,123,341619.0301881805,8216.274912951621,M,65.3,11.5
4860,01/2015,92,302962.3711058766,9150.169451960572,M,41.4,15.1
4861,01/2015,26,424062.92023028247,9453.26676110367,F,47.5,2.7
4862,01/2015,251,2399049.153964571,9447.326833370065,M,43.0,11.9
4863,01/2015,598,490233.8228119254,9965.822516425525,M,51.3,9.4
4864,01/2015,524,4509049.154471726,9063.448512110836,F,39.5,18.5
4865,01/2015,726,2220492.1385583486,8785.825232536738,M,58.1,4.5
4866,01/2015,263,1131122.8049681082,8763.085511887364,M,52.2,12.2
4867,01/2015,365,228363.3355053312,7529.563411918944,M,37.6,5.3
4868,01/2015,44,927603.3669666352,9973.183200860092,M,61.5,8.9
4869,01/2015,530,252450.75615007986,7404.328898369773,,47.1,6.9
4870,01/2015,838,2968778.079951534,12450.656849902693,M,,17.2
4871,01/2015,311,383196.6671094575,7353.432061247613,,32.1,9.4
4872,01/2015,447,472970.11618356867,13531.469818999098,M,65.5,12.1
4873,01/2015,993,2127641.5225729346,7559.572857433345,M,35.0,2.9
4874,01/2015,315,2122481.899338751,6531.341246467788,M,61.1,8.7
4875,01/2015,20,9893921.302218935,10857.325316687999,M,52.1,18.1
4876,01/2015,618,366010.240969272,8796.246388103093,M,63.9,9.0
4877,01/2015,43,2871867.0925242,7423.69074918372,M,57.3,1.2
4878,01/2015,190,117031.35713078293,8499.589570079923,M,57.5,14.1
4879,01/2015,659,151328.97672570177,8554.763187738194,M,65.4,14.7
4880,01/2015,47,1034889.465652744,8483.70392856309,M,40.7,5.3
4881,01/2015,987,2797348.794958082,8237.311790965996,M,32.4,13.8
4882,01/2015,71,536486.244160164,9077.299137758946,M,39.0,1.0
4883,01/2015,198,322751.3642044965,7555.204129649179,M,41.1,16.6
4884,01/2015,473,111760.78876604594,8622.978485448428,M,59.5,14.6
4885,01/2015,338,406661.7379687522,13076.581565570033,M,42.2,4.3
4886,01/2015,440,539252.2208055268,8761.290536963448,F,39.6,4.4
4887,01/2015,246,121372.27843797988,8933.909178917283,M,57.2,15.1
4888,01/2015,116,1274979.4902814992,13070.723567820663,M,42.2,10.6
4889,01/2015,849,426820.727235128,8324.876504542635,M,65.4,12.1
4890,01/2015,900,408525.5063010347,7636.959003282146,M,41.5,9.4
4891,01/2015,359,134472.92736100312,7391.997707483909,M,47.7,7.9
4892,01/2015,299,2298614.9630648177,10257.1535443065,M,50.1,2.0
4893,01/2015,7,267145.00845422636,7316.1409520967045,M,40.8,14.1
4894,01/2015,297,1202988.8489531716,8454.027317496264,M,53.7,1.0
4895,01/2015,822,2519613.803426072,11993.494470043188,,54.0,2.9
4896,01/2015,648,89366.24549508936,8111.11908420409,M,49.6,4.4
4897,01/2015,294,1479040.3046464976,6790.640613050807,M,59.6,4.9
4898,01/2015,491,2820336.889787793,9896.600302440267,M,61.1,3.2
4899,01/2015,568,4580386.974165514,14126.69281811172,M,,16.5
4900,01/2015,584,601041.3726058734,9704.970622656034,M,43.3,14.9
4901,01/2015,690,7234312.53925165,7478.197588278623,M,,8.8
4902,01/2015,291,1000770.0322414374,10652.03778432514,M,33.2,5.4
4903,01/2015,49,117430.98571750129,7601.012215164964,M,45.1,3.0
4904,01/2015,585,1970975.1161674948,9020.259639713233,M,37.9,11.3
4905,01/2015,606,545447.0205870607,8384.185806464651,M,51.5,15.1
4906,01/2015,693,1637304.3320753814,9848.402980281106,,53.1,9.9
4907,01/2015,944,372918.11666561477,13906.547061271316,M,49.4,14.1
4908,01/2015,793,554137.7802513655,7829.761482440235,M,35.0,12.5
4909,01/2015,425,3053697.755965656,9013.265065458403,M,,17.9
4910,01/2015,683,2665564.8668808294,8341.906320612394,,54.5,3.6
4911,01/2015,656,8762599.650534732,10708.523375497854,M,56.4,17.8
4912,01/2015,488,441030.032561233,8895.538993853917,M,32.4,5.8
4913,01/2015,61,2877849.280561439,7627.56296533554,M,34.1,16.4
4914,01/2015,904,671888.1582010316,9125.511559323602,M,,4.0
4915,01/2015,378,325706.8701987971,7557.1692238592,,36.7,3.5
4916,01/2015,269,422740.4061979673,9063.267345632217,M,39.7,8.1
4917,01/2015,889,340239.1688597595,8880.261242262208,,55.5,2.0
4918,01/2015,481,490417.677911129,8383.25277533749,F,51.5,17.1
4919,01/2015,344,778488.3266773814,11497.232539703105,M,51.0,11.8
4920,01/2015,99,1378745.2920244562,11660.999856970313,M,55.3,5.7
4921,01/2015,832,540961.3263128492,9832.694117493917,M,,13.3
4922,01/2015,127,786021.2089998516,8674.918697963622,M,55.8,11.8
4923,01/2015,617,299047.8005765816,8087.870053683182,M,38.2,17.4
4924,01/2015,770,3157810.376902208,8866.54799793542,M,56.6,15.9
4925,01/2015,484,2177157.0920189433,15871.313833753431,M,36.2,4.1
4926,01/2015,341,4886366.20129915,9857.63510897725,F,63.1,16.9
4927,01/2015,982,159419.07379902428,9695.602072327847,M,,9.4
4928,01/2015,212,472474.7046695118,8216.808061655845,M,46.4,1.6
4929,01/2015,589,183251.9803443693,8309.354283582818,M,40.7,6.4
4930,01/2015,797,833371.5262131137,10330.154143575166,M,44.6,5.9
4931,01/2015,753,253274.00511270438,8777.67346192963,M,32.8,12.8
4932,01/2015,227,2567023.857373251,12578.97606470287,M,,16.2
4933,01/2015,86,439026.07193423563,8320.504120098043,,,5.4
4934,01/2015,680,840984.26649122,11079.091838177086,M,61.1,18.9
4935,01/2015,195,1489870.8721449857,8272.376923808026,,54.1,8.8
4936,01/2015,595,1842837.3247239753,7481.743504552786,M,45.4,7.1
4937,01/2015,854,357281.38487081014,7486.952169820782,M,44.2,18.7
4938,01/2015,828,827918.5571934402,10573.931884123373,,50.6,1.1
4939,01/2015,261,5740925.758849596,9890.242171700393,M,36.4,18.5
4940,01/2015,603,388289.7296997451,9764.370554455496,M,34.9,10.7
4941,01/2015,379,235315.71147968172,7967.930480750071,M,65.1,12.4
4942,01/2015,888,766214.1382045825,6930.984232520668,M,,4.0
4943,01/2015,741,399474.1175542497,8949.109673808314,M,42.4,11.2
4944,01/2015,60,256479.18377789936,8131.219799422425,M,53.4,11.0
4945,01/2015,955,6552383.359364247,7358.175973608828,M,35.8,8.5
4946,01/2015,62,514037.0575116913,8973.425613243657,M,34.0,4.3
4947,01/2015,638,244318.07313730542,9684.37731978906,M,62.7,9.4
4948,01/2015,697,168136.06257557592,11550.016551324057,M,35.0,15.2
4949,01/2015,147,395144.8329331083,7803.551193780276,M,53.7,14.7
4950,01/2015,637,774286.4535079184,9334.788132958032,M,63.3,3.0
4951,01/2015,799,581950.5995311588,7919.770106189686,M,45.3,1.1
4952,01/2015,178,4418286.936205574,10579.689149074067,M,49.0,7.8
4953,01/2015,806,555151.5349595019,7346.941526656132,M,50.3,7.6
4954,01/2015,300,2017055.1355672886,11811.391339818672,M,35.9,9.5
4955,01/2015,998,351362.7823955811,9969.601391703845,M,32.1,1.4
4956,01/2015,337,639827.8518420169,9862.711805146844,M,36.0,9.4
4957,01/2015,549,598624.9844131891,8464.0103215571,M,55.1,16.4
4958,01/2015,767,79782.20384878838,9376.296832922644,M,56.5,1.2
4959,01/2015,157,2342178.855696172,10562.07802045928,M,56.8,16.2
4960,01/2015,540,2296687.8136164905,8228.04344680133,M,41.6,6.5
4961,01/2015,108,2582854.5233792774,11266.56149504964,M,51.2,2.9
4962,01/2015,352,227318.73775433714,9885.31116952132,M,58.1,9.3
4963,01/2015,847,150853.39786855204,8413.915920102138,M,51.0,5.2
4964,01/2015,479,200519.9143184678,7911.675402784935,M,54.6,1.0
4965,01/2015,622,163596.58005427883,7508.110457948229,M,53.2,7.6
4966,01/2015,937,3435409.42325271,11108.379048327644,M,54.9,11.5
4967,01/2015,775,1155986.970490211,7847.57850380745,M,50.4,9.8
4968,01/2015,623,2214716.9123419225,8783.204671437372,,,14.4
4969,01/2015,87,951572.0148494415,9827.212630726866,M,48.0,15.4
4970,01/2015,80,573530.8912113671,8633.864943034658,M,57.8,17.5
4971,01/2015,434,875514.0304627259,7623.56668613377,M,36.5,7.7
4972,01/2015,210,4535174.120799253,7352.412453649881,M,37.0,1.9
4973,01/2015,860,936994.271550805,9289.788342278833,M,38.0,16.8
4974,01/2015,220,2001989.9029092966,11112.613180614468,M,32.1,7.3
4975,01/2015,769,1811154.1223019077,8683.94284372212,,58.8,18.9
4976,01/2015,692,1053225.0504339403,7581.958263727729,M,42.4,2.3
4977,01/2015,546,597811.308590893,9245.672940051727,M,55.6,13.5
4978,01/2015,777,280203.26088892086,7552.472592551419,M,59.2,16.0
4979,01/2015,581,461788.5048556486,9120.023711103579,M,35.5,18.5
4980,01/2015,452,2443393.2940385416,8734.08317687463,M,53.3,4.4
4981,01/2015,511,1315255.9286742979,7867.5061473150845,M,35.2,10.9
4982,01/2015,214,111375.38062324926,6967.533019431637,M,,5.9
4983,01/2015,234,879112.2662570009,9515.999712644892,M,42.7,6.2
4984,01/2015,853,909627.3877433055,7754.305492180148,M,42.5,2.3
4985,01/2015,551,636826.465121347,11408.689057488698,M,,4.3
4986,01/2015,505,386398.04767911794,10336.37691677102,M,33.7,2.5
4987,01/2015,508,162372.44418444546,6944.529544780298,M,54.1,8.3
4988,01/2015,795,217018.7387339797,7888.780943933827,M,50.4,8.6
4989,01/2015,317,380934.45545483235,8607.221568744604,M,33.3,2.7
4990,01/2015,792,3292751.4458194985,8629.888114706964,M,,8.7
4991,01/2015,974,1659449.0970115275,8005.045120200006,M,34.8,8.2
4992,01/2015,117,5920281.465091674,9571.17289782213,M,59.4,17.1
4993,01/2015,410,510308.18880079966,9709.796863393673,M,38.0,17.4
4994,01/2015,182,280465.10484292655,8437.641838133322,M,40.0,14.4
4995,01/2015,119,603932.1113458184,10983.738550185446,M,65.9,15.4
4996,01/2015,236,234522.78561565364,8552.1688515752,M,42.3,6.7
4997,01/2015,449,156943.68883243616,7917.494307380161,M,38.4,18.7
4998,01/2015,494,683003.3670058094,7904.138743410686,M,48.7,7.9
4999,01/2015,609,1352613.1256178266,13036.813021299717,M,,4.6
5000,07/2015,943,484322.37454102695,8386.898925322927,F,58.4,0.6
5001,07/2015,966,2293323.1684419056,8473.858272591298,M,46.8,0.1
5002,07/2015,250,312699.78694652894,9082.933246709565,M,32.0,0.1
5003,07/2015,156,463683.17552275426,9918.193394617778,,64.8,0.7
5004,07/2015,67,2108275.6637125085,9967.303225021176,M,60.7,0.4
5005,07/2015,684,2389143.7569959518,8495.938256380388,M,,0.5
5006,07/2015,527,233928.63478961625,8236.969742915153,M,,0.4
5007,07/2015,556,384900.4399653181,9185.602625352632,M,50.7,0.8
5008,07/2015,446,195421.68828874954,9184.024933306764,M,49.5,0.1
5009,07/2015,841,2062382.6231873159,8708.086174452772,M,48.2,0.7
5010,07/2015,126,3389359.823420167,9470.400858726971,M,53.2,0.7
5011,07/2015,910,454889.50429701514,8296.833486398236,M,58.2,0.6
5012,07/2015,112,3431465.1845795307,10672.73126317216,M,54.7,0.9
5013,07/2015,191,484870.54592024273,9691.978064342538,M,50.4,0.1
5014,07/2015,739,294149.79141423135,7563.888669986959,M,37.6,0.6
5015,07/2015,579,1509561.969308821,7751.051111070185,M,41.3,0.3
5016,07/2015,111,659242.7910404099,9380.337562978708,M,45.4,0.8
5017,07/2015,285,243936.24979501474,11298.718445049908,M,47.3,1.0
5018,07/2015,796,408902.1214317751,8763.591452673934,M,59.2,0.3
5019,07/2015,310,19851092.506005455,12193.012408641138,M,42.2,0.8
5020,07/2015,458,4536659.455252273,10119.974807576204,M,39.7,0.2
5021,07/2015,884,1132057.259132618,8148.724033305751,M,64.1,0.6
5022,07/2015,335,4510621.298394789,9636.712305596235,M,47.0,0.8
5023,07/2015,521,219927.35638673036,12120.78150242776,M,56.1,0.8
5024,07/2015,887,78341.04220731642,7286.628853559276,M,,0.0
5025,07/2015,601,897089.9194831148,11286.679617204401,M,39.8,0.2
5026,07/2015,11,1600841.4523538235,7246.01814131263,M,39.1,0.6
5027,07/2015,624,2563191.2372178794,7468.885024831805,M,52.8,0.7
5028,07/2015,737,1752915.8720479137,7946.855707091564,M,58.1,0.3
5029,07/2015,823,334086.8279029795,10993.667164354783,M,50.6,0.3
5030,07/2015,752,4438752.278801902,19193.138905651547,M,63.6,0.4
5031,07/2015,732,858574.2813726093,7462.534342744741,M,54.1,0.5
5032,07/2015,493,449732.0364219095,10833.291807831394,M,61.1,0.2
5033,07/2015,159,3225649.1954557262,8889.639103483985,M,48.4,0.6
5034,07/2015,225,609831.3912841309,8214.176207863242,M,,0.6
5035,07/2015,784,3118177.4139716076,10824.421839723103,M,54.3,0.2
5036,07/2015,171,78021.79791747569,7979.089270248396,M,49.4,0.4
5037,07/2015,460,2584493.783032828,11603.200580582588,F,33.0,0.3
5038,07/2015,408,575243.8569179327,9930.674101851082,M,65.0,0.9
5039,07/2015,239,2674338.9715368855,9585.163305432263,M,60.4,1.0
5040,07/2015,812,562861.9078327345,8781.64382456557,M,54.7,0.9
5041,07/2015,896,229660.95616551346,9563.241579772697,M,58.5,0.0
5042,07/2015,354,569056.9777452588,8717.962659740246,M,65.2,0.4
5043,07/2015,574,3628147.7434209567,11273.254058678902,M,60.7,0.3
5044,07/2015,186,2478262.7943095835,14128.066735756522,M,65.7,0.6
5045,07/2015,381,3540116.5340794516,8988.535109340517,M,44.0,0.1
5046,07/2015,898,4161132.725678084,8957.241621393632,M,46.5,0.0
5047,07/2015,405,460978.7119731577,7548.216170436379,M,32.2,0.1
5048,07/2015,439,335091.79118625354,8067.307998498148,M,65.2,0.3
5049,07/2015,532,204725.70563857004,6628.976195005691,M,38.2,0.5
5050,07/2015,665,264574.1704488054,8372.634780232607,M,,0.6
5051,07/2015,962,216613.2068105589,7335.863756592299,,53.5,0.8
5052,07/2015,303,609972.1772707006,8815.86438863401,M,37.0,0.6
5053,07/2015,996,594722.4433933231,9361.932100364405,M,41.0,0.5
5054,07/2015,836,3890128.4396062987,8965.123161051833,,55.4,0.2
5055,07/2015,840,484095.6562517722,9072.696909326787,M,35.8,0.3
5056,07/2015,459,2300179.42508664,11231.244284677594,M,36.2,0.4
5057,07/2015,611,1964484.4839739024,8808.084909037423,M,62.4,0.4
5058,07/2015,467,1076915.2320479583,10880.916468014962,M,,0.5
5059,07/2015,786,3698950.234805373,10324.62294858179,M,46.5,0.0
5060,07/2015,23,65978.37100469148,7129.8229194469495,M,51.4,0.9
5061,07/2015,302,3556203.8277778453,10416.303985118548,M,47.2,0.2
5062,07/2015,289,572934.8680252811,7637.798003211299,M,39.5,0.5
5063,07/2015,155,529624.7403866003,9983.839244360586,M,57.3,0.4
5064,07/2015,327,678967.0356834742,7793.695116369333,M,51.8,0.8
5065,07/2015,114,581423.3355652705,7791.56259921181,M,61.1,0.9
5066,07/2015,756,1838934.514596367,7359.206010533993,,54.8,0.3
5067,07/2015,880,685703.8266282241,8381.200451945686,M,45.6,0.6
5068,07/2015,660,3329610.838270298,6159.705885063804,M,56.5,0.9
5069,07/2015,454,2559349.789123476,9120.83605463184,M,40.2,0.2
5070,07/2015,969,459580.8246164369,7719.8488899102285,F,62.8,0.7
5071,07/2015,176,266114.64484287915,7365.731429451882,M,35.8,0.9
5072,07/2015,432,2360723.677390849,9090.888611550716,M,47.3,0.9
5073,07/2015,531,640505.0262601489,9739.33834831347,M,46.6,0.9
5074,07/2015,101,3557593.3789253104,8657.650009234989,M,,0.9
5075,07/2015,738,4069468.1719221706,9470.799327844365,M,36.7,0.3
5076,07/2015,271,629346.5583139085,9942.582635414583,M,64.8,0.4
5077,07/2015,423,127218.35785709297,9704.039131971564,M,59.1,0.6
5078,07/2015,765,5221185.510735204,10678.359770126503,M,47.8,0.8
5079,07/2015,691,1774115.4499366463,7477.928044774546,M,44.8,0.4
5080,07/2015,533,316908.0966295698,9825.887124994719,,35.8,0.1
5081,07/2015,716,1445966.4762482867,11119.466844128694,M,39.8,1.0
5082,07/2015,922,908375.2737494182,8938.381639456202,M,58.5,0.8
5083,07/2015,174,819076.6235604062,9903.703676048914,M,46.1,0.9
5084,07/2015,200,2478663.774163052,7152.617361987124,M,39.0,0.7
5085,07/2015,316,1081741.754562893,9696.989396674218,M,34.8,0.2
5086,07/2015,307,334731.79529314063,7890.870156497988,M,65.0,0.7
5087,07/2015,882,586554.8238993284,7572.205316773216,M,33.7,0.6
5088,07/2015,706,1662050.0424815104,8262.095589148183,M,51.7,0.3
5089,07/2015,829,445584.61179935234,8581.027206606113,M,35.3,0.5
5090,07/2015,719,577459.608355151,10381.90712195313,M,32.6,1.0
5091,07/2015,935,4167106.1040914077,15779.004193458624,M,38.9,0.3
5092,07/2015,68,544850.7351850265,10843.862066855741,F,35.8,1.0
5093,07/2015,815,3209116.7391327717,8844.237641360594,,64.2,0.3
5094,07/2015,747,491842.9657962238,10061.516170793955,M,43.6,0.7
5095,07/2015,798,448542.18567879015,7446.529446624451,M,35.3,0.4
5096,07/2015,865,2638949.832002936,7112.32082324393,M,58.5,0.3
5097,07/2015,399,477118.8293617301,8992.366076789007,M,53.1,0.9
5098,07/2015,509,581073.8207757759,9621.979859933113,M,46.7,0.5
5099,07/2015,308,510075.1813447964,8934.741599893363,M,48.1,0.9
5100,07/2015,502,417084.16462661175,8203.209758987554,M,61.5,7.9
5101,07/2015,81,5408384.512504636,10546.554076532153,M,42.4,14.4
5102,07/2015,814,2381341.071741247,10651.682970652133,M,33.1,18.7
5103,07/2015,666,234338.4580036234,10262.75127590073,M,35.3,8.7
5104,07/2015,205,339729.99532050313,9152.92060262047,M,56.6,9.9
5105,07/2015,759,1720591.2554445043,9241.98659021612,M,44.5,3.4
5106,07/2015,96,509414.22433507786,10498.618315610427,M,37.2,9.4
5107,07/2015,671,3435731.0750866323,11780.255246493845,M,61.4,16.8
5108,07/2015,100,2229392.531871821,9466.31711883038,M,38.1,17.2
5109,07/2015,321,17607540.295907166,12066.78678769532,M,,10.1
5110,07/2015,602,536243.1140113679,8698.957396140879,M,37.3,17.8
5111,07/2015,453,6270581.151029784,7693.9758594928335,F,60.6,5.4
5112,07/2015,396,2135441.392767752,8994.513389628624,M,33.1,12.5
5113,07/2015,113,297533.7331017976,8389.048964408013,M,,16.9
5114,07/2015,988,2429172.9731779997,8136.044534504331,M,32.9,11.3
5115,07/2015,956,324079.0499529896,8264.994888292846,M,65.2,15.6
5116,07/2015,59,3191842.351823143,13799.02856360548,M,46.9,8.1
5117,07/2015,593,2424068.0928794853,9294.223782375457,M,43.4,15.5
5118,07/2015,10,766220.8438370188,11918.628177521518,M,45.5,6.4
5119,07/2015,196,504245.04695492407,8782.906060866979,M,46.2,4.3
5120,07/2015,38,393357.09086497716,8509.277025862453,,51.3,5.9
5121,07/2015,625,557163.856184531,7357.030858758452,M,57.7,13.8
5122,07/2015,570,295156.1198580139,8307.188239224051,M,47.1,16.8
5123,07/2015,745,2669904.737631887,7922.522107251206,M,51.3,15.9
5124,07/2015,764,787959.3556360449,8545.51547973655,M,47.3,15.0
5125,07/2015,66,379946.0972989655,10183.54666436884,M,40.0,18.9
5126,07/2015,84,1132508.414784131,8007.081561482745,,36.5,18.8
5127,07/2015,462,213514.94648642762,11876.446622577165,,39.3,10.3
5128,07/2015,952,4856624.1003348,11604.497402260064,M,56.4,4.4
5129,07/2015,970,1757474.2181912716,7477.353042678878,M,34.0,11.4
5130,07/2015,333,2479833.736002941,7830.932501795206,M,50.1,8.4
5131,07/2015,274,320192.47512399004,7859.363290440742,M,63.7,8.6
5132,07/2015,981,231460.23937210333,10461.207508881576,M,62.2,1.6
5133,07/2015,110,5570349.151905728,10677.13874605309,M,59.4,15.7
5134,07/2015,383,548237.689983481,12755.360099107038,M,37.5,15.6
5135,07/2015,542,3869624.6763026416,11468.598990365133,M,35.2,7.8
5136,07/2015,787,1512297.1304917505,12965.323684195944,M,59.9,12.3
5137,07/2015,57,1107337.478866259,7945.271811898932,M,65.6,16.7
5138,07/2015,412,1278911.3947421971,10727.472896741565,M,59.3,4.6
5139,07/2015,177,730122.653904908,7380.355099008024,M,41.0,1.9
5140,07/2015,560,381162.982905867,8124.8900470287335,M,41.8,12.4
5141,07/2015,398,4072302.886414192,12647.134605888552,M,52.0,4.8
5142,07/2015,916,295668.2929765115,10058.806851049121,M,65.1,18.0
5143,07/2015,965,112018.6115493647,11278.92219539962,M,65.8,5.6
5144,07/2015,746,446030.7541237419,9089.8314333929,M,48.2,1.6
5145,07/2015,912,4493726.272134438,9036.290086134795,M,55.6,16.5
5146,07/2015,257,1376130.349935574,9187.600880280932,M,36.1,4.5
5147,07/2015,727,3114914.542625487,8857.199598927626,M,53.5,16.6
5148,07/2015,144,6293147.800074325,8962.485392423614,M,43.3,7.4
5149,07/2015,164,286259.65413762856,9808.662226680888,M,39.8,10.5
5150,07/2015,48,663245.7942160943,8497.772989373196,M,63.4,11.9
5151,07/2015,872,995530.3439598661,9268.327426107693,M,50.2,11.6
5152,07/2015,391,539120.878029668,10000.94408423471,M,47.8,2.2
5153,07/2015,703,775894.952212881,10616.980506587199,M,,7.8
5154,07/2015,504,2271683.912350404,9978.78583069116,M,40.0,1.8
5155,07/2015,876,859673.7404236685,8445.14939753734,M,34.7,5.8
5156,07/2015,69,412275.15077258984,14101.087945784271,M,57.1,11.5
5157,07/2015,736,878080.6883433062,11643.662623576442,M,43.1,13.3
5158,07/2015,899,2238636.073289581,9383.015046967765,M,58.6,10.2
5159,07/2015,219,2070520.593395216,8672.061567565323,M,39.4,17.3
5160,07/2015,451,221876.02384474277,9702.054134770036,M,47.1,10.2
5161,07/2015,407,2005630.9975223884,12654.193522924465,M,46.4,2.4
5162,07/2015,735,1922682.9231666354,12497.011585233911,M,54.1,4.8
5163,07/2015,249,730286.7614939291,7850.5728079821,M,60.9,8.2
5164,07/2015,145,288337.4921223715,8965.413440514621,M,49.4,7.5
5165,07/2015,12,404177.4440130427,10452.682153219583,M,59.0,15.6
5166,07/2015,724,853544.8073664954,9097.27876469097,F,47.8,16.0
5167,07/2015,728,2127838.558582077,8025.249163761054,M,57.5,2.9
5168,07/2015,948,598892.3193257567,9059.90532199089,M,37.5,3.6
5169,07/2015,464,568589.3009065099,11136.174430510162,M,58.4,6.4
5170,07/2015,278,528770.1526028747,9148.58482091077,,47.4,10.8
5171,07/2015,89,2591293.9384017843,9659.262217890704,M,42.9,7.5
5172,07/2015,124,726249.9373760994,9577.042098777449,M,35.2,9.5
5173,07/2015,185,6926762.64691017,12736.220512863014,M,35.5,14.5
5174,07/2015,514,474683.1097580925,13470.513626827991,M,45.0,12.9
5175,07/2015,651,326680.27997483575,7591.4154826566955,M,39.2,8.3
5176,07/2015,669,600866.3636747553,15504.280770396079,M,52.6,13.9
5177,07/2015,97,77763.76342299147,6820.233333082025,M,62.2,11.0
5178,07/2015,924,7931575.395373451,11940.303356126518,M,64.5,11.3
5179,07/2015,323,446523.8542402091,7342.638578263414,F,48.5,8.9
5180,07/2015,643,4188977.4917152543,10906.021810314043,M,35.7,16.0
5181,07/2015,890,541136.4221536388,8725.436768286321,M,55.4,17.6
5182,07/2015,929,6349186.110511113,9423.613424363943,M,41.7,4.4
5183,07/2015,670,1591520.5857738093,9182.733709240589,M,36.1,8.3
5184,07/2015,181,3903950.9996396923,8522.906100831258,M,36.8,10.0
5185,07/2015,963,290094.56046496023,8068.986536191337,M,50.0,10.8
5186,07/2015,997,802358.9795788132,8902.027801113118,M,61.6,10.5
5187,07/2015,858,201383.45565820212,7701.2706004700285,M,38.2,1.5
5188,07/2015,403,433798.6763183614,7559.497798543369,M,45.4,7.8
5189,07/2015,572,533647.4133266392,8250.553194076547,M,,7.6
5190,07/2015,754,3965674.730403683,12905.392599190007,M,55.8,11.8
5191,07/2015,72,189584.76303057437,8840.186815734203,M,46.7,11.5
5192,07/2015,283,298776.81651027856,7800.103298620465,M,57.9,9.6
5193,07/2015,705,504048.1449700554,6870.951138590017,M,46.5,1.7
5194,07/2015,983,373648.56802641245,14689.77256940768,M,36.0,14.7
5195,07/2015,305,522077.1434925032,10965.461791077694,M,63.1,4.2
5196,07/2015,857,639261.9969283866,10004.938121630576,M,37.8,3.3
5197,07/2015,74,172570.25015862085,9584.030705235493,M,37.2,15.0
5198,07/2015,824,1980850.8971140552,10241.118529615469,M,56.3,2.9
5199,07/2015,231,2641933.729001191,8316.279133486738,,42.2,17.8
5200,07/2015,130,628599.2670653657,9210.279811828763,M,59.5,15.0
5201,07/2015,248,718309.1274184908,12855.405900962356,M,36.4,14.8
5202,07/2015,149,1557213.6208941913,8185.759944263175,M,52.6,5.5
5203,07/2015,329,107134.38872159788,10981.216694080862,M,43.4,4.5
5204,07/2015,582,185598.74463148226,10123.738216660406,M,46.1,4.4
5205,07/2015,328,652128.3840016808,11652.199016224893,M,39.4,11.4
5206,07/2015,779,2770441.1261710343,9157.70077358644,M,,18.0
5207,07/2015,807,5412369.151224332,8171.109075502844,M,,12.8
5208,07/2015,821,263629.3971262779,11469.038062732247,M,55.6,4.4
5209,07/2015,366,1629949.8739172274,7487.767402621861,M,42.9,7.5
5210,07/2015,433,594944.7285560081,8369.478450020808,M,37.5,8.6
5211,07/2015,371,431473.6383825877,8899.038305611608,M,52.2,5.6
5212,07/2015,384,650353.0956975316,7398.947816820688,M,43.5,2.5
5213,07/2015,632,1621638.9970698368,9703.788029598438,M,35.3,14.1
5214,07/2015,861,630181.4375864009,8946.494514370504,M,48.3,12.6
5215,07/2015,65,317678.178097703,9248.289294510347,,46.8,15.7
5216,07/2015,877,4457411.846272856,9372.26572690476,M,40.8,16.7
5217,07/2015,244,981690.6591149172,10573.189927227175,M,40.5,3.1
5218,07/2015,863,627284.8165667328,9126.799990880743,M,48.7,17.6
5219,07/2015,350,676877.0358999909,7208.058188562048,M,52.6,18.5
5220,07/2015,160,5378567.3488513585,8904.449571110985,M,34.9,18.1
5221,07/2015,45,1247870.4149670547,10266.211387132424,M,40.4,11.4
5222,07/2015,497,1509441.628663165,6983.844085523504,,46.3,11.7
5223,07/2015,237,573478.9024236157,8910.391891937028,M,39.1,10.7
5224,07/2015,9,2513774.02932924,9306.95708446715,M,50.3,8.9
5225,07/2015,172,4661241.349503707,7620.190168394688,M,55.4,10.6
5226,07/2015,918,565877.9673157783,10572.672369778576,M,45.0,2.6
5227,07/2015,950,460000.8159643468,10421.440933504671,M,34.7,6.3
5228,07/2015,134,6694826.784300457,12358.36075288119,M,64.7,6.2
5229,07/2015,140,759791.4782612073,9762.679953580027,M,,14.0
5230,07/2015,238,541106.2574805374,8411.970163481701,M,61.8,3.6
5231,07/2015,567,447468.0893227753,6904.770124962346,M,49.1,15.0
5232,07/2015,146,3767585.1180927637,10400.975049112822,M,38.1,5.6
5233,07/2015,519,1189533.9816924138,13934.228897670811,,42.7,1.7
5234,07/2015,428,3322263.1487553953,12062.328181404378,M,37.0,13.8
5235,07/2015,612,2189608.73046166,12198.207781033303,M,56.8,10.3
5236,07/2015,153,2055704.175845371,8594.457086384666,M,32.3,18.2
5237,07/2015,592,244872.94842779936,8832.061281885028,M,52.6,12.7
5238,07/2015,713,644161.1963988596,8421.598710630236,M,45.8,18.2
5239,07/2015,933,548844.043958963,10083.899927210932,M,48.6,14.2
5240,07/2015,686,1740777.984329677,7578.32416767947,M,40.8,5.5
5241,07/2015,331,574878.0287569469,10477.058270936277,M,36.7,9.1
5242,07/2015,885,217337.70283857107,7566.001509205014,M,62.8,6.5
5243,07/2015,842,1127304.2130583883,8285.753879271,M,48.5,6.3
5244,07/2015,951,619761.829353339,11953.776860247159,M,65.1,10.5
5245,07/2015,597,1235880.3078350904,9557.911820635465,M,60.0,13.1
5246,07/2015,93,410065.8951415795,11008.45079588471,F,38.4,14.3
5247,07/2015,402,1573315.5891832989,11187.451616574568,M,35.4,15.1
5248,07/2015,435,556572.2808474943,6525.308409574971,F,60.4,17.1
5249,07/2015,751,733559.897885222,9572.687885448831,M,55.1,6.5
5250,07/2015,733,915443.8387041955,11241.663533170793,M,52.2,13.6
5251,07/2015,121,1841538.9695049212,11170.917736622589,M,58.7,18.4
5252,07/2015,760,440202.21758187405,7717.34017072731,M,47.8,11.1
5253,07/2015,372,469806.6878165459,8462.430437210405,M,33.0,14.3
5254,07/2015,441,2397178.4726728355,7993.287044084248,M,51.6,2.3
5255,07/2015,270,1605465.3487927325,9825.6585741707,M,40.7,10.1
5256,07/2015,260,268873.4517846133,9699.716805053853,M,34.6,1.1
5257,07/2015,442,111410.84144470362,9022.339695147832,M,61.5,13.5
5258,07/2015,19,166097.7955497602,8411.643688126596,M,,12.4
5259,07/2015,218,433530.0862449415,8677.847532462532,M,60.8,12.0
5260,07/2015,1000,3780498.275728932,7624.739872132812,M,45.2,4.0
5261,07/2015,967,625404.761407331,9601.24766196956,M,56.6,2.4
5262,07/2015,413,560507.6786676972,8476.4928259403,M,47.8,1.0
5263,07/2015,780,486720.50083561306,9922.440317285424,M,51.8,1.9
5264,07/2015,538,1937444.7908133173,8286.90419666576,,44.3,13.5
5265,07/2015,255,322646.9345811787,8643.358749242283,M,50.9,15.2
5266,07/2015,211,299613.0939969138,8899.51228674017,M,36.7,8.5
5267,07/2015,465,261745.4257327847,7629.528469342049,M,62.0,17.2
5268,07/2015,583,405924.6636507283,11661.395494238872,M,39.0,8.2
5269,07/2015,489,578763.1136124498,9839.939834688497,M,39.7,17.4
5270,07/2015,353,1490734.5512238997,8835.122750736664,M,65.8,5.3
5271,07/2015,415,410052.6055419574,8181.537403023637,M,62.5,7.1
5272,07/2015,594,518792.4882676775,10705.319295377594,F,44.6,12.7
5273,07/2015,957,1310598.0381613958,13381.056268362381,M,55.4,5.3
5274,07/2015,394,162456.10188618323,8194.654085888973,M,56.1,5.1
5275,07/2015,674,523436.7861966413,9498.248289023355,M,61.2,16.6
5276,07/2015,646,813418.1060452634,11663.697867496083,M,35.1,10.2
5277,07/2015,972,196713.3453337851,8599.268008466011,M,65.6,1.6
5278,07/2015,791,3423362.472138726,10927.51319975877,M,60.0,8.0
5279,07/2015,78,2211020.227663584,10543.861225612362,M,36.8,7.9
5280,07/2015,548,611756.7878888765,10283.186615641243,M,52.2,12.5
5281,07/2015,536,436681.78420360334,8071.698124288492,M,55.4,3.4
5282,07/2015,621,2847528.7791932346,9746.206331793797,M,54.8,1.7
5283,07/2015,762,1563008.061092764,8140.966690641715,M,47.3,14.9
5284,07/2015,516,1993840.9374173693,9655.489051746861,M,65.6,18.0
5285,07/2015,216,564851.1616525948,8085.500989421922,M,36.4,14.5
5286,07/2015,635,327304.0586510301,7910.319470499987,M,55.3,14.8
5287,07/2015,926,841002.9346598845,7786.200612277134,M,43.2,14.0
5288,07/2015,135,1075560.748508403,9176.137861769143,,,10.5
5289,07/2015,387,1631219.7574133738,8713.320636612341,M,46.8,16.0
5290,07/2015,925,1201841.308134068,9502.65596227236,M,57.3,5.5
5291,07/2015,85,1176403.9464947945,6809.786116688095,M,38.7,16.7
5292,07/2015,586,4098404.7834974388,10748.882296557718,M,32.2,7.8
5293,07/2015,571,4611163.106659356,9399.408222451277,M,53.2,13.8
5294,07/2015,855,1207966.303025434,14655.219680607433,M,64.2,15.2
5295,07/2015,685,1580150.0909491372,7045.630643273675,M,47.0,7.8
5296,07/2015,63,903659.7584194522,10888.620102610423,M,61.6,12.5
5297,07/2015,264,566394.4638283047,8774.30657841667,M,59.1,12.7
5298,07/2015,701,361932.9454850996,9747.826927263479,M,37.3,10.7
5299,07/2015,73,291242.5313721662,7517.515855105849,M,48.6,14.7
5300,07/2015,478,12061640.987926457,11054.781536531409,M,35.7,7.8
5301,07/2015,661,3176884.3142016833,8253.883280340991,M,57.1,1.7
5302,07/2015,228,237005.55453689423,8147.227619821485,M,48.1,9.5
5303,07/2015,309,803513.129079193,12965.359692128586,M,38.3,14.6
5304,07/2015,382,547001.477386486,6656.730146757043,M,34.4,10.9
5305,07/2015,914,633850.5285467572,10222.857940604968,M,54.5,6.4
5306,07/2015,170,1950996.5037643777,8476.034631829243,M,34.1,16.2
5307,07/2015,808,1617956.6785126142,11444.495193415365,M,45.2,4.6
5308,07/2015,279,4479290.515732702,15123.507575437225,M,44.8,3.9
5309,07/2015,852,1676728.0637555765,8779.972717354547,F,37.4,13.3
5310,07/2015,258,200525.28426402772,8310.736261595188,M,43.5,6.3
5311,07/2015,920,361349.9149707274,13674.280870268029,,64.9,14.6
5312,07/2015,167,938873.6759317043,12446.19846786353,M,37.0,6.7
5313,07/2015,229,114226.80745991871,8210.278274273001,M,55.1,7.9
5314,07/2015,293,2043936.8276298277,9423.830516470702,M,44.9,10.8
5315,07/2015,569,372278.5657169985,7759.418483828612,M,39.7,13.3
5316,07/2015,39,76810.31144949168,8671.45649882771,M,58.6,1.1
5317,07/2015,562,345660.0553772876,8483.121078289998,M,43.4,10.0
5318,07/2015,819,708727.9689901856,8247.202611456747,M,33.6,15.2
5319,07/2015,652,2416411.3275859333,9023.46859055557,,43.2,1.1
5320,07/2015,827,412400.4567308661,7378.190803629807,M,65.0,3.2
5321,07/2015,915,638653.0348733849,11182.810496615308,M,47.0,13.0
5322,07/2015,35,1438584.009191757,9626.84706265864,M,53.3,4.0
5323,07/2015,358,524021.41608335834,9461.794529668567,M,35.8,18.3
5324,07/2015,867,3503368.769546928,9016.285434785,M,53.5,10.1
5325,07/2015,979,93980.47846746695,9493.079239713905,M,64.3,9.9
5326,07/2015,599,607613.1940793766,8158.727084841507,M,,18.4
5327,07/2015,470,238234.41534539408,9511.756493773359,M,45.0,3.5
5328,07/2015,903,347112.83780945686,8720.799478050241,M,,16.7
5329,07/2015,420,1138371.8024224746,8089.274361374424,M,56.3,5.9
5330,07/2015,150,2855432.7082918254,11703.189949886986,M,,10.2
5331,07/2015,631,283645.9878125999,9485.717706527626,M,43.4,6.2
5332,07/2015,616,277950.2101140989,7566.000496337635,M,61.4,8.8
5333,07/2015,373,898275.4183234385,13674.075677742361,M,60.9,5.9
5334,07/2015,577,371731.45182660315,6777.533428707914,M,42.5,15.7
5335,07/2015,901,2005305.9567510346,9205.530408694467,M,56.5,9.0
5336,07/2015,55,157329.14871946507,9157.446329206206,M,34.8,2.7
5337,07/2015,908,558216.5982013734,6891.499234440662,M,39.6,15.1
5338,07/2015,883,398807.2366323767,10538.90601671911,M,,15.3
5339,07/2015,522,1616010.4146494144,14218.137459660225,M,52.2,14.7
5340,07/2015,811,704317.0274098929,7285.966416894899,M,,18.6
5341,07/2015,137,146148.17435397784,8122.485384853982,M,58.3,17.6
5342,07/2015,600,741448.3665875209,9261.015456033172,M,38.4,17.2
5343,07/2015,673,99434.69476628795,7613.254796180484,M,49.1,5.2
5344,07/2015,575,1423748.745189275,8550.71615490641,M,32.9,10.9
5345,07/2015,469,1621715.0189325553,7913.301482945702,M,64.1,10.3
5346,07/2015,698,274775.73120900936,7603.884518400652,M,62.6,5.0
5347,07/2015,245,3328909.3964917273,11787.66500189932,M,60.9,13.2
5348,07/2015,363,3593109.651835806,8768.167396616645,M,45.2,1.3
5349,07/2015,911,813949.6334238611,8557.219715081017,M,53.9,13.9
5350,07/2015,343,395966.05577778607,7946.557078564599,M,63.1,16.4
5351,07/2015,886,1091198.253171079,17010.377060305043,M,59.7,10.7
5352,07/2015,262,3285096.6668496523,9619.589611978321,M,64.6,14.7
5353,07/2015,222,381088.0307808153,6672.3414455664815,M,39.2,11.6
5354,07/2015,731,1877917.8473508533,7185.257614816978,,35.2,7.5
5355,07/2015,31,1316312.1995742624,8342.122671193922,,36.7,16.8
5356,07/2015,32,3747491.6942585735,7425.805401399222,M,55.5,2.4
5357,07/2015,545,841467.2698762772,8231.597799055307,M,42.4,3.8
5358,07/2015,553,233652.14125962902,8602.438352099623,M,35.3,1.8
5359,07/2015,284,673787.4597453059,8918.480531820642,M,40.5,14.4
5360,07/2015,94,3466345.436793866,8891.637037900407,M,,9.2
5361,07/2015,472,207642.83223825914,8708.708432064972,,40.5,8.5
5362,07/2015,748,724154.4126014956,9953.169255222694,F,40.7,14.3
5363,07/2015,3,246734.11536688477,8057.0525128947675,M,49.3,4.7
5364,07/2015,676,2603055.6592832273,8470.576161815745,M,43.8,17.0
5365,07/2015,233,2452263.731714224,9064.658075821924,M,38.2,12.8
5366,07/2015,919,2774820.362213058,8927.2990574024,M,34.6,11.6
5367,07/2015,54,195793.15586452174,11165.914001182267,M,57.6,1.3
5368,07/2015,95,120015.82989533356,8641.838506608872,M,55.1,14.3
5369,07/2015,818,281804.60692051484,10717.357292325034,M,,4.6
5370,07/2015,349,4081829.7989217746,9447.874078161152,M,63.1,16.7
5371,07/2015,224,3378507.1218387936,7035.674924111312,M,42.2,9.8
5372,07/2015,526,220690.3474048075,7621.873977920038,M,62.7,18.8
5373,07/2015,613,3997235.9256655048,9417.691329453768,M,50.9,2.5
5374,07/2015,845,212351.10746014494,8852.10841402783,M,,5.5
5375,07/2015,894,2219546.3547000736,9630.927661219286,M,47.3,18.1
5376,07/2015,419,602368.0151953108,9395.227205721583,M,,18.2
5377,07/2015,707,1126528.8683497733,9840.607912893052,M,56.4,12.6
5378,07/2015,426,236198.10911712353,6738.420688011125,M,43.0,7.2
5379,07/2015,427,709866.6593810802,8377.060608929422,M,48.1,3.4
5380,07/2015,978,381858.8461734443,11849.534150714817,M,40.8,8.0
5381,07/2015,610,843689.1445901925,9281.758034505914,M,64.5,8.9
5382,07/2015,76,226453.19557832085,11350.971438252212,,46.8,11.5
5383,07/2015,629,275319.2175217691,8451.949787719546,M,46.4,15.7
5384,07/2015,326,5016593.278727936,11313.759738257888,M,32.6,1.6
5385,07/2015,875,3011714.952137762,10422.181463610761,,42.4,16.3
5386,07/2015,409,3289795.0714406506,9343.940679444453,M,45.0,14.6
5387,07/2015,940,368380.8159494387,6472.625048021073,M,53.9,9.6
5388,07/2015,642,363001.94498299947,8506.657876553467,M,43.3,8.4
5389,07/2015,14,4293611.998961173,7692.322407517562,M,56.5,1.7
5390,07/2015,129,192726.15902287213,12181.022600376973,M,35.6,11.3
5391,07/2015,474,1077714.9268915479,10572.636358633627,M,56.2,13.1
5392,07/2015,312,135839.42213866,8244.240911350644,M,61.2,13.4
5393,07/2015,708,5241291.630848757,7340.633592889751,M,40.4,1.6
5394,07/2015,30,445735.0168876034,7546.623252590266,M,46.1,9.2
5395,07/2015,161,687481.2119118756,13740.452483062969,M,51.3,2.9
5396,07/2015,839,577184.6421400303,9974.480771061615,M,36.7,1.6
5397,07/2015,400,532752.8816665108,9824.176879946372,,58.4,10.9
5398,07/2015,375,214610.64334434288,12979.340434996773,M,43.3,18.2
5399,07/2015,298,360438.9633817415,11651.921602147537,M,39.2,11.8
5400,07/2015,29,379236.6637882357,8634.45414679934,M,46.5,10.7
5401,07/2015,679,3989405.6551897232,11150.193444634417,M,32.7,10.4
5402,07/2015,422,4377983.94446117,9619.946154142057,M,50.1,11.6
5403,07/2015,50,518392.5693924934,8561.639660886718,M,53.7,9.0
5404,07/2015,804,796332.4242696608,10045.909700902628,M,32.4,13.2
5405,07/2015,627,197830.41382894706,8205.450177944604,M,41.2,15.2
5406,07/2015,874,626222.7419170864,9753.628847639939,M,38.0,2.2
5407,07/2015,165,908647.089728175,9777.352500601402,F,50.4,17.6
5408,07/2015,905,125413.93275327446,8997.160806024813,M,32.6,15.8
5409,07/2015,37,159220.67440592023,8444.2641892338,M,43.8,12.4
5410,07/2015,501,1723584.4370540497,7825.841781793854,M,47.7,9.3
5411,07/2015,529,278767.90265270835,8402.779291258383,M,47.5,6.1
5412,07/2015,774,4086706.2727636276,7922.808043635317,M,62.2,17.0
5413,07/2015,772,4904466.633912977,9391.837631226264,M,47.7,8.2
5414,07/2015,773,481792.78904085216,8724.698979308914,M,,14.6
5415,07/2015,388,477720.5474956665,9592.559080422028,M,,1.6
5416,07/2015,194,868478.9985792178,8436.254829488109,M,65.8,18.7
5417,07/2015,778,337283.9767745869,8405.712420389174,M,62.7,4.5
5418,07/2015,830,3055632.8572523105,8872.926818163764,M,49.8,5.2
5419,07/2015,655,4234124.344709706,9641.994186967875,M,51.5,7.7
5420,07/2015,461,4763981.141073094,8811.773289068517,M,64.8,2.5
5421,07/2015,927,705908.4266684988,8032.286369261228,M,53.3,9.6
5422,07/2015,90,165444.1902234649,8327.588172192121,M,60.6,11.5
5423,07/2015,348,560873.4951076817,9576.945212430435,M,60.8,1.0
5424,07/2015,313,141580.22866729714,13653.486257810058,M,53.1,14.1
5425,07/2015,590,1758105.2222782474,8961.134536611326,M,40.8,4.2
5426,07/2015,179,6433061.8283753535,8274.882456499901,,52.8,15.2
5427,07/2015,496,1158617.9419601448,8394.461248923002,M,58.0,17.3
5428,07/2015,517,533429.2034761517,8887.20017572538,M,46.1,16.4
5429,07/2015,744,194173.887792311,8520.872626429473,M,48.2,14.3
5430,07/2015,682,1210420.2767226384,9422.571029254523,M,46.5,10.8
5431,07/2015,809,3348576.094814291,10437.812665030413,M,40.3,17.8
5432,07/2015,658,757274.4275205322,8687.575449902351,M,46.5,11.6
5433,07/2015,158,660645.6045599092,8637.080932972052,M,,3.0
5434,07/2015,357,5834059.596287686,8850.20912563451,M,42.8,9.0
5435,07/2015,221,354935.1594171123,9697.954340991419,M,64.0,3.7
5436,07/2015,633,220039.45249841968,8358.0713163718,F,46.4,2.6
5437,07/2015,721,1298646.47736615,9776.232347463494,M,36.7,14.4
5438,07/2015,783,556796.3664537618,8574.057901890532,M,43.3,9.7
5439,07/2015,304,1947863.6901332843,9047.977148892593,M,60.5,17.7
5440,07/2015,789,434732.6607827653,13441.159615606184,F,39.7,8.0
5441,07/2015,486,1730051.9071046426,7655.805398818587,M,56.4,5.1
5442,07/2015,580,231490.87900981892,7107.624587123633,M,63.8,10.4
5443,07/2015,6,497946.56791530794,7553.312371180277,M,35.5,15.1
5444,07/2015,934,679004.4525869542,10242.519473027227,M,32.4,13.9
5445,07/2015,645,988543.5106475184,8144.909010053742,M,52.4,2.3
5446,07/2015,206,1195755.944997496,9074.441178365503,M,64.2,5.3
5447,07/2015,401,1321218.4096713983,7003.433765326064,M,,13.2
5448,07/2015,826,307464.23727945634,8109.759406201151,M,33.7,5.3
5449,07/2015,83,518712.4330845327,11896.687655175358,M,65.4,8.2
5450,07/2015,183,501525.867164299,12381.98750274256,M,41.2,14.6
5451,07/2015,42,742734.6216146832,7593.341854725586,M,56.3,13.9
5452,07/2015,722,608932.6353755491,8673.701283275585,M,45.4,18.3
5453,07/2015,503,5550688.290694759,8866.696303615434,M,,18.0
5454,07/2015,620,324125.65717175853,9414.855613911624,M,57.3,1.6
5455,07/2015,755,1458767.2714071725,7828.860617711807,M,53.1,14.7
5456,07/2015,873,1166534.4204359625,9764.803711453356,M,33.1,16.5
5457,07/2015,781,317875.4014100695,7665.849067746714,M,33.4,14.1
5458,07/2015,40,751565.8378728521,11173.629077238686,M,36.4,9.0
5459,07/2015,240,5622400.405852772,8008.166260716782,M,,5.8
5460,07/2015,436,444308.8778286145,11243.344596395333,,37.8,12.0
5461,07/2015,320,309489.52444929205,6394.598476364523,M,43.1,14.4
5462,07/2015,723,342817.11791730067,8913.212452821053,,,3.7
5463,07/2015,947,2494728.464424663,9414.400371930431,M,41.6,14.9
5464,07/2015,168,6386130.121684955,13725.476939163062,M,60.0,11.2
5465,07/2015,259,148128.02298457242,6695.450712913376,M,60.8,2.7
5466,07/2015,913,1328783.791985649,8214.528058651367,M,53.6,9.3
5467,07/2015,985,4028866.353215208,7270.417104142983,M,51.8,15.1
5468,07/2015,539,458361.9875930682,9306.698556552697,M,41.5,10.6
5469,07/2015,975,223992.91977743493,7948.4835574976105,M,46.1,9.3
5470,07/2015,771,876642.2422487851,8931.969459848724,M,59.1,12.7
5471,07/2015,566,470347.5146572613,9007.801952983578,M,,11.7
5472,07/2015,325,231486.36825791217,10539.114615777344,M,59.5,7.6
5473,07/2015,813,1217384.9611120813,12481.42684855544,M,56.3,16.7
5474,07/2015,253,632134.6235913474,9127.41312386165,F,52.5,18.0
5475,07/2015,817,443062.2829879429,11768.884597028891,M,35.7,7.4
5476,07/2015,958,196513.3768237781,6787.538802369913,M,42.6,2.3
5477,07/2015,564,1062841.9721067206,10039.121995712383,M,36.5,18.6
5478,07/2015,448,1643562.478870936,11129.406051989401,M,51.5,15.3
5479,07/2015,322,98828.96521937854,8206.171915011388,M,45.2,13.4
5480,07/2015,909,259620.77436120654,10561.93586254788,F,45.0,18.5
5481,07/2015,208,965660.9885657917,8761.136369267982,M,57.5,3.7
5482,07/2015,306,353369.02445860754,9220.261380892167,M,57.0,16.2
5483,07/2015,471,803811.8924376509,9560.52381897211,M,64.4,4.4
5484,07/2015,833,1189364.4812376325,8512.775168588108,M,45.8,14.0
5485,07/2015,518,194124.0260067572,9376.437651658927,M,55.0,16.6
5486,07/2015,607,3938410.39311974,7816.087562304155,M,34.1,13.1
5487,07/2015,743,610935.0257838949,12678.289058040918,M,55.6,1.1
5488,07/2015,431,262084.84212016888,8949.027880844224,M,42.5,3.0
5489,07/2015,554,3484806.231162655,11315.691985344563,M,40.1,9.5
5490,07/2015,866,243850.35115800455,7676.698155720756,M,35.4,6.1
5491,07/2015,740,302697.56376038434,7486.257160998259,M,54.5,9.9
5492,07/2015,534,732262.3154656857,9363.371661970094,M,63.4,16.5
5493,07/2015,681,253544.1889173734,6870.024796469398,M,56.8,4.5
5494,07/2015,694,297420.604938035,9135.182159638707,M,56.6,8.8
5495,07/2015,557,538333.819241798,8588.735264613093,M,61.4,16.5
5496,07/2015,204,2962116.8077201317,8302.212077903387,M,54.7,9.8
5497,07/2015,275,2196963.9228114975,8836.482155815553,,34.7,14.8
5498,07/2015,525,1064466.0036038826,13751.657323085126,M,39.2,9.1
5499,07/2015,33,444411.7482350286,8165.747140367035,M,55.8,15.2
5500,07/2015,18,2965252.9789233613,10127.05210845778,M,36.9,16.0
5501,07/2015,835,1420922.4597643402,8604.874908340347,M,,12.8
5502,07/2015,649,703276.8018142111,8233.0724798141,F,41.6,6.4
5503,07/2015,406,980274.4920419703,7379.870030882389,,36.0,1.4
5504,07/2015,640,3340856.0319029605,12586.756437245354,,64.7,9.2
5505,07/2015,79,499924.08160422574,7206.058373557744,M,41.3,4.9
5506,07/2015,942,767861.5877039811,8029.281140934913,M,50.2,14.9
5507,07/2015,895,4351832.399658791,7963.49811036693,M,33.5,17.3
5508,07/2015,766,1037396.1710702437,9340.676819061344,M,62.4,7.1
5509,07/2015,51,150402.24134746843,10908.087863093308,,39.9,6.9
5510,07/2015,702,487517.4307460259,8074.340362530947,M,57.5,12.7
5511,07/2015,332,1221926.5369282363,8408.845753024805,F,55.0,18.7
5512,07/2015,314,96070.34069059166,7163.901447824044,M,49.4,4.0
5513,07/2015,118,687724.5051288862,9144.249886712794,M,39.8,9.3
5514,07/2015,445,1011088.3135133759,11219.258355607426,M,59.4,18.6
5515,07/2015,906,705253.937534029,10157.955126770652,M,57.2,5.3
5516,07/2015,555,789923.7612003904,8952.17691191582,M,62.5,3.5
5517,07/2015,105,4075420.118295167,8701.457429877091,M,48.3,2.2
5518,07/2015,879,1845787.8890524397,7207.930576541751,,64.1,3.3
5519,07/2015,175,3035624.8020687816,10701.877123956834,M,38.2,7.2
5520,07/2015,367,1236278.9438709153,12042.537985772451,M,58.5,5.2
5521,07/2015,810,574157.5241930166,7301.737790855253,M,44.5,2.3
5522,07/2015,892,502178.51885410433,11995.416647908678,M,65.4,15.5
5523,07/2015,964,3504275.345127877,9701.31499102279,M,50.2,6.4
5524,07/2015,946,324097.69583928364,7879.475737676998,M,52.1,6.6
5525,07/2015,547,2957388.49157243,11062.46043822341,M,,7.5
5526,07/2015,999,249696.61310709803,9180.599398086115,M,45.1,14.1
5527,07/2015,953,562375.6171370648,7831.540647664079,M,47.7,14.8
5528,07/2015,202,886303.9115477243,9440.875536602205,M,57.6,4.0
5529,07/2015,345,576958.6662717103,10232.578128040157,M,40.8,12.9
5530,07/2015,718,548783.8548622443,9998.720392173456,M,65.1,1.7
5531,07/2015,276,363317.5852187367,10300.613645496158,M,45.1,18.5
5532,07/2015,768,2614044.226232236,8408.883001742603,M,63.5,6.3
5533,07/2015,411,732126.6851797855,8988.951384540973,M,58.7,2.5
5534,07/2015,192,398173.67492882896,8596.423562076649,M,45.7,5.7
5535,07/2015,115,160305.96126828957,11386.776081291528,M,36.3,17.6
5536,07/2015,162,4112316.673994034,11580.448196485208,M,35.5,12.1
5537,07/2015,636,805664.0113074584,7255.738959738554,F,63.9,7.2
5538,07/2015,870,175393.03227867227,10443.620339342602,M,42.5,2.6
5539,07/2015,468,446261.02717067994,7727.371436834007,M,52.3,3.3
5540,07/2015,490,3518686.4819926037,9860.68095770423,M,62.1,12.7
5541,07/2015,558,412136.12417773996,10129.929003860621,M,35.8,9.1
5542,07/2015,662,1443721.4840349255,8478.02352152804,M,51.0,6.8
5543,07/2015,834,861656.3618781803,8027.21842609918,M,39.8,1.8
5544,07/2015,907,418516.8424626703,8957.846533736769,F,61.1,3.8
5545,07/2015,15,2973716.0586413704,8851.137284010283,M,35.0,4.2
5546,07/2015,588,1318525.8842373402,7566.567608935243,F,47.5,14.8
5547,07/2015,859,642241.8039657543,7785.2712803773675,M,44.3,4.2
5548,07/2015,109,443360.83105313475,8004.196601291502,M,45.2,7.3
5549,07/2015,369,2732263.158075319,9133.862611356164,M,36.2,8.9
5550,07/2015,188,542688.4252259505,8883.01641669989,M,33.0,18.5
5551,07/2015,166,2730669.2494382076,7789.57362775779,M,,1.3
5552,07/2015,180,727868.3761298897,7278.467455415562,M,48.2,10.8
5553,07/2015,986,1969634.6638074042,9714.789115212347,M,34.5,8.6
5554,07/2015,438,1478775.4687214806,8808.204858869962,M,37.4,7.0
5555,07/2015,120,405821.702324276,7421.040811442965,F,49.6,7.2
5556,07/2015,414,403803.9931389644,7067.474430457184,M,38.1,7.7
5557,07/2015,389,1062297.3464159188,8375.14616818908,M,58.5,1.7
5558,07/2015,91,1951303.6462355943,10088.608053599442,M,33.5,2.7
5559,07/2015,565,3397336.1834374196,7970.43577165148,M,44.3,17.2
5560,07/2015,16,509954.55135573016,8117.4043663037855,M,47.8,8.0
5561,07/2015,443,784616.8668862636,7044.415375241424,M,36.6,1.5
5562,07/2015,507,3072519.175822061,8673.126555351811,M,62.1,9.5
5563,07/2015,404,3273981.4657368194,9453.964143661096,M,55.1,14.7
5564,07/2015,280,183840.75959247115,8782.014769574145,,60.1,2.4
5565,07/2015,654,1674889.389928192,10584.969257281511,M,55.4,9.7
5566,07/2015,376,2128561.5472591235,5820.362465488933,M,37.8,6.4
5567,07/2015,169,412826.88444196124,8115.3212256232955,M,60.7,18.0
5568,07/2015,931,718327.4415033407,9204.791993128256,M,62.2,15.4
5569,07/2015,664,481110.2389239299,11767.421793138434,M,45.6,17.9
5570,07/2015,272,115807.37464127791,9262.03914482096,M,41.3,10.3
5571,07/2015,667,724109.4900016417,9153.624706483877,,53.4,1.7
5572,07/2015,209,1466531.696385809,10739.976654545633,M,47.4,11.3
5573,07/2015,687,1926803.2336459793,16795.333376243092,M,43.9,9.8
5574,07/2015,893,395397.8640391333,8696.920913014903,M,38.7,2.4
5575,07/2015,184,171417.61301915592,11682.059582793308,M,46.3,14.7
5576,07/2015,711,154879.9788733612,10089.149331767565,M,51.6,17.6
5577,07/2015,543,107383.3173787573,6731.8465213521395,M,59.2,12.0
5578,07/2015,864,603617.1679416293,7570.723671948751,M,35.7,8.6
5579,07/2015,995,1116288.926471758,9221.876883662984,M,,3.7
5580,07/2015,563,2271466.8422843195,8039.903244750087,M,44.1,7.1
5581,07/2015,58,258581.169363029,6096.901069923929,M,61.0,6.9
5582,07/2015,46,3348156.2858194043,8143.004674060073,M,35.1,13.7
5583,07/2015,226,134335.62815477402,9535.368539307825,M,57.1,8.2
5584,07/2015,286,2929207.485310805,10840.970857195633,M,64.2,16.9
5585,07/2015,475,269723.5561486815,8160.648925439802,M,37.6,9.6
5586,07/2015,578,757814.6148863287,9405.700603206507,M,55.7,8.8
5587,07/2015,695,280420.40455370274,9111.165427649223,M,40.3,15.1
5588,07/2015,417,189895.47998330044,8919.318022726433,M,44.2,3.6
5589,07/2015,421,166562.7147011792,7626.389271995743,M,51.3,11.2
5590,07/2015,397,410449.12869325036,10725.569268868681,M,,12.9
5591,07/2015,273,1020883.7642057431,7090.943023135908,M,43.7,13.2
5592,07/2015,281,746229.0033815994,11868.303732594793,M,58.1,16.5
5593,07/2015,945,972015.3018704547,8196.711130750802,M,40.5,7.3
5594,07/2015,862,327290.8701287357,9334.886351020405,F,53.6,4.1
5595,07/2015,232,3806869.848466562,11308.520556296373,M,44.7,13.6
5596,07/2015,550,463294.2362722507,8452.249281753111,,46.4,7.5
5597,07/2015,917,3850207.6496586776,9809.733553339813,M,32.3,17.7
5598,07/2015,56,306305.0266843954,7835.029201086716,M,38.6,14.0
5599,07/2015,377,4599001.4428779185,8801.140952958556,F,57.8,4.0
5600,07/2015,143,2463764.660387071,7439.000249849755,M,,7.3
5601,07/2015,782,810043.5045562017,10246.552906552093,M,57.1,15.8
5602,07/2015,17,2798910.720380105,10461.489026476014,M,,18.5
5603,07/2015,800,231313.43622215514,10103.36835394116,M,55.4,15.0
5604,07/2015,418,557085.6020374265,15124.662063688098,M,50.6,9.8
5605,07/2015,282,338811.2682063847,12613.739939813006,M,59.1,15.3
5606,07/2015,495,549105.5438226238,9449.966630227773,M,52.5,5.5
5607,07/2015,492,645403.5336194879,8379.856602142625,M,47.2,11.8
5608,07/2015,968,108032.03154985273,9636.174930656454,,59.5,2.6
5609,07/2015,802,3017971.2957581095,11451.417285534375,M,37.0,11.4
5610,07/2015,215,3924083.682352181,10183.5991679978,M,52.5,7.2
5611,07/2015,959,445600.7961966422,9764.209752635197,M,63.1,13.2
5612,07/2015,954,2427466.3743670457,8734.12077626516,M,42.1,5.8
5613,07/2015,482,639694.9134980367,8197.327266589564,M,65.9,13.1
5614,07/2015,102,712615.4701848823,9625.58308778043,M,55.2,11.6
5615,07/2015,776,399794.87173686165,9553.568250375603,M,,15.6
5616,07/2015,528,857698.6188367802,9187.035385213969,M,32.7,15.5
5617,07/2015,292,349603.03152465005,11715.498245032239,M,32.6,13.2
5618,07/2015,971,476615.20865806047,9461.671046522413,M,63.5,15.5
5619,07/2015,152,77518.77585956098,8801.92967095306,M,35.5,3.3
5620,07/2015,750,1022152.6100718004,10752.379160248467,M,57.0,16.5
5621,07/2015,199,715271.637354538,10584.823984374309,M,49.2,13.1
5622,07/2015,154,3666903.4878493133,7708.516620857574,M,,6.9
5623,07/2015,675,433013.6982997944,10241.306516691373,M,56.2,10.5
5624,07/2015,288,361216.35163191473,8674.459044032135,,47.6,18.3
5625,07/2015,523,253990.92333678342,7605.183622142524,M,32.1,1.2
5626,07/2015,688,92647.32422680662,9161.42218605904,M,41.3,4.0
5627,07/2015,360,108234.58376409381,8507.46357418822,M,49.5,12.0
5628,07/2015,960,573131.4610901604,9344.22388062438,M,55.1,9.8
5629,07/2015,368,764846.4319032056,10402.80420362064,M,53.7,14.7
5630,07/2015,456,4410562.155359044,8568.604995227468,M,55.8,5.9
5631,07/2015,512,1263779.103862347,7834.035715286733,,50.1,15.9
5632,07/2015,650,94989.53018152909,11027.981149585285,M,43.0,12.5
5633,07/2015,380,283429.2576119036,6200.964652230113,M,61.4,1.5
5634,07/2015,139,416885.6554300818,11302.309175852968,M,56.4,8.7
5635,07/2015,994,165578.00797473776,8645.307746881843,M,42.5,2.6
5636,07/2015,689,187399.32003273605,8691.132238102116,M,63.1,2.4
5637,07/2015,243,798343.6211208792,7043.394959642297,M,38.2,16.7
5638,07/2015,148,487201.7278435315,8327.232065715825,M,64.4,9.8
5639,07/2015,252,117312.85007507446,8046.158263550948,M,40.6,14.0
5640,07/2015,265,519326.7303738246,8200.349284844106,M,39.6,3.8
5641,07/2015,362,3276073.4054691005,9199.080795146174,M,39.0,3.7
5642,07/2015,336,1294791.0427628933,7838.289065587415,M,53.4,15.5
5643,07/2015,928,613099.2188425555,7659.722093070555,M,63.0,14.1
5644,07/2015,515,2597532.479387186,8771.222977882455,M,56.7,9.7
5645,07/2015,483,1032078.9693878714,8643.584988986815,M,47.0,12.5
5646,07/2015,395,850939.4662947493,7978.608421980283,M,59.5,16.9
5647,07/2015,758,441133.99415661907,7726.964938438664,M,45.8,3.4
5648,07/2015,361,706186.6502499789,7086.228890137072,,51.1,15.4
5649,07/2015,657,649645.2951201552,14625.438249469478,M,53.9,10.4
5650,07/2015,761,510763.5036836143,9469.741315605877,M,33.4,8.7
5651,07/2015,881,232301.49672462014,7776.870041182154,M,53.5,2.0
5652,07/2015,197,346214.23944030434,8156.6606022397555,M,44.6,12.9
5653,07/2015,290,290862.61336812656,8136.266122050812,M,37.7,4.3
5654,07/2015,742,3454073.7412259984,9097.413892696646,M,47.7,1.4
5655,07/2015,848,3071634.6000092863,8378.15073842607,M,58.3,10.1
5656,07/2015,820,313998.7593746282,10444.258686155956,M,32.4,14.0
5657,07/2015,122,693131.181328176,7569.694747464278,M,42.0,5.7
5658,07/2015,340,163620.89530513968,7816.715905677154,,43.5,6.5
5659,07/2015,714,291536.4050587786,8050.042064929935,M,39.5,9.7
5660,07/2015,699,734673.1031552759,9115.701613930407,M,38.8,17.8
5661,07/2015,825,4215008.244911496,7925.383070461896,M,39.7,5.7
5662,07/2015,717,555957.7068121242,10062.117169565141,M,51.8,18.7
5663,07/2015,318,62131.949586160576,6216.7050418885465,M,60.5,9.5
5664,07/2015,104,4588626.559578569,8416.529636394444,,57.0,5.7
5665,07/2015,816,433861.3796598095,7163.229918186511,M,32.0,1.0
5666,07/2015,296,3251733.5799320787,11515.482292401026,M,42.2,11.1
5667,07/2015,696,356532.64035200997,7499.864902976868,M,41.1,14.7
5668,07/2015,27,555714.5355354409,8718.761897549666,M,54.4,12.8
5669,07/2015,22,880055.1957076149,8778.323944839458,M,50.2,13.8
5670,07/2015,785,654431.8456314363,8754.58078179727,M,,14.7
5671,07/2015,256,2443494.596707113,9059.561123079327,M,,8.8
5672,07/2015,75,623939.4051632012,8602.194951089657,M,47.3,6.5
5673,07/2015,5,2180053.6048634667,8104.8723311999065,M,39.8,4.7
5674,07/2015,217,751393.5390827727,7573.4216173741315,M,64.4,14.8
5675,07/2015,869,3141988.984046855,8903.567069325167,M,38.4,13.3
5676,07/2015,385,328102.8689864792,8799.997448816417,M,44.9,9.4
5677,07/2015,941,1709698.193497961,7661.181443192719,M,35.0,2.8
5678,07/2015,712,2871951.862295907,9431.306954268213,F,,13.8
5679,07/2015,939,304981.5932311919,7582.761927385006,M,49.5,2.4
5680,07/2015,710,3000715.478343364,8042.153151681914,M,57.4,7.4
5681,07/2015,34,311980.84297329606,10835.750661960801,M,,18.6
5682,07/2015,559,1166779.9422184976,9993.507040363853,F,62.8,4.7
5683,07/2015,463,789955.231723837,10572.743431285462,M,48.9,10.3
5684,07/2015,605,320698.14642633416,8992.809622156028,F,63.6,5.9
5685,07/2015,424,1574455.1443325256,10301.916435588888,M,49.8,3.8
5686,07/2015,851,246781.13884153284,9252.109614794454,M,43.5,2.4
5687,07/2015,444,389157.2795551593,10729.651970196448,M,45.4,4.1
5688,07/2015,790,438693.38652922254,7847.406693597892,M,37.6,5.0
5689,07/2015,106,277236.33608920476,7988.159439410875,M,42.4,1.2
5690,07/2015,455,645683.9153016559,11029.719556988604,M,,3.9
5691,07/2015,223,3374031.7178574344,9302.315984168652,,53.2,5.2
5692,07/2015,242,143218.14189944288,11399.089325605406,F,46.1,14.5
5693,07/2015,77,4228204.497235531,9210.455664334955,M,63.4,8.9
5694,07/2015,961,101003.65486027865,7184.7366044051305,M,62.4,6.9
5695,07/2015,416,1037001.5829998084,7514.535189125258,M,50.8,16.2
5696,07/2015,506,3342970.8052254217,9038.537690220184,M,38.7,5.6
5697,07/2015,287,338639.6816877557,9469.316837454493,M,40.1,15.2
5698,07/2015,52,188675.05071614566,9347.477864932127,M,55.3,5.2
5699,07/2015,132,3706226.604659697,13049.837449095387,M,60.6,17.3
5700,07/2015,319,593937.4167457096,9458.359318484543,M,42.7,9.7
5701,07/2015,871,5711438.6030494105,8260.096647026765,M,,7.2
5702,07/2015,213,1370970.7261347626,10013.392242538359,M,40.4,15.2
5703,07/2015,846,3789841.208533296,9625.101443337202,M,33.1,17.2
5704,07/2015,351,470300.6505766926,8222.494773559874,M,53.7,7.8
5705,07/2015,324,98913.96583351913,8808.933559325536,M,54.6,9.8
5706,07/2015,173,15211791.407139104,11747.282350027162,M,46.9,9.3
5707,07/2015,88,2075790.4393113034,10741.675403118092,M,43.9,18.0
5708,07/2015,347,7467662.903269797,9187.81041767371,M,,15.2
5709,07/2015,513,120164.74301698079,7795.690250250671,M,42.2,14.3
5710,07/2015,487,73419.22587308181,8286.178229624671,M,32.3,14.8
5711,07/2015,295,204026.29596277664,7743.960415516413,M,46.5,8.4
5712,07/2015,430,105827.60137571451,12150.240890275689,M,,11.6
5713,07/2015,437,147325.3655140998,9434.432603722822,M,35.0,9.8
5714,07/2015,644,529984.735545449,12771.700060495523,M,60.0,5.4
5715,07/2015,803,697068.2666491517,8650.27873647851,M,39.6,13.8
5716,07/2015,2,823809.1805274199,11001.788917447364,M,65.5,1.0
5717,07/2015,932,1162018.0399315613,10492.191676216378,,37.4,12.0
5718,07/2015,843,394847.193306869,9214.051426954555,F,40.4,15.0
5719,07/2015,138,535512.7791796685,9582.631372278143,M,34.5,5.5
5720,07/2015,356,436007.5312904363,9534.827538577316,M,51.3,12.6
5721,07/2015,466,2529754.04426737,10856.049331579023,M,51.7,13.4
5722,07/2015,729,1023469.3336773943,9150.546362859453,M,59.3,9.7
5723,07/2015,535,352889.7358133173,8610.198160762962,M,62.7,2.9
5724,07/2015,715,553900.819239863,8510.902615093488,M,51.8,5.3
5725,07/2015,70,852772.7711968415,10199.648696400289,F,59.0,4.7
5726,07/2015,485,2451541.3609269634,9367.121442437616,M,56.3,15.4
5727,07/2015,128,3913689.586112368,10941.33367727477,M,52.0,5.9
5728,07/2015,587,3121691.117325644,9283.083522182296,M,51.7,9.9
5729,07/2015,142,279461.5304539037,9052.444637347886,,37.3,14.2
5730,07/2015,938,289347.2764536866,8576.562469403429,M,64.5,16.4
5731,07/2015,725,88891.70817224491,7619.140360286532,M,39.8,3.3
5732,07/2015,801,78510.01291429943,7075.056592005739,M,42.7,11.4
5733,07/2015,653,1839159.866455309,9178.18785666259,M,57.7,13.8
5734,07/2015,921,481595.3463528476,9276.025463058693,M,55.5,17.4
5735,07/2015,98,434829.7932828805,10554.483885801345,M,39.4,10.5
5736,07/2015,608,396521.2378758553,8869.300657664631,M,63.9,13.4
5737,07/2015,576,304211.8843516493,8647.310145504396,M,64.1,4.1
5738,07/2015,936,3667139.109741562,11435.395843883249,M,55.8,11.4
5739,07/2015,301,154252.52119493985,15728.699597923893,,33.7,2.0
5740,07/2015,266,565841.1493367427,7902.302676018253,M,36.1,1.4
5741,07/2015,499,844267.9469450054,7752.556352308783,M,32.6,1.0
5742,07/2015,133,878301.2599953255,10105.256980014243,M,43.3,13.8
5743,07/2015,989,881509.651314149,9497.406619625941,M,,6.4
5744,07/2015,619,2873626.4058653773,11717.196738760369,M,55.2,4.2
5745,07/2015,136,902776.418245612,11146.771238018206,M,58.5,1.0
5746,07/2015,277,151270.42027481963,7808.71471143214,M,33.1,12.5
5747,07/2015,267,806826.9032455545,8148.871736227503,M,52.8,4.8
5748,07/2015,749,4926537.550701168,16475.932101409202,M,40.0,12.2
5749,07/2015,254,306592.1289963622,10490.670671461145,M,57.0,18.2
5750,07/2015,630,1623986.5902457032,7297.374517641266,M,45.0,17.3
5751,07/2015,339,593421.3775575473,8771.096764664535,M,41.1,18.1
5752,07/2015,203,2937907.8481640597,9285.684482549823,M,59.0,16.3
5753,07/2015,107,3563922.083777203,7110.720806214592,M,49.9,10.0
5754,07/2015,24,582949.7969967347,14147.564518270461,M,33.6,12.8
5755,07/2015,668,305315.65905525605,9528.9517842069,M,,14.9
5756,07/2015,837,705241.5880253394,8782.99441149279,M,36.8,12.8
5757,07/2015,392,329622.40925103246,9450.84864446316,,33.3,4.8
5758,07/2015,330,1009376.3878503087,9066.780911141626,M,,2.2
5759,07/2015,151,475918.8258091343,8064.887511080811,M,48.4,18.7
5760,07/2015,856,4463613.520540495,14075.883363364957,M,53.8,16.7
5761,07/2015,976,81101.27025618154,6773.284971443393,M,57.8,1.9
5762,07/2015,831,107982.51565917564,8655.97159240176,M,54.2,8.5
5763,07/2015,991,411730.39359977766,7430.858142400088,M,35.2,11.1
5764,07/2015,201,743775.9484269415,13021.031775748588,M,57.3,6.1
5765,07/2015,788,897826.5704457542,9614.874236886795,M,32.6,18.3
5766,07/2015,1,956080.4632973167,8968.232705191798,F,43.8,1.4
5767,07/2015,103,2027430.752310804,8843.673892016839,M,64.3,11.8
5768,07/2015,53,375484.65639297885,8108.276390763539,M,56.0,7.9
5769,07/2015,241,4257006.922487458,9377.654725844854,M,36.5,11.2
5770,07/2015,346,2427516.1095950757,7212.143225937634,M,49.3,16.0
5771,07/2015,450,541036.2554337281,11219.745096279632,M,57.8,13.3
5772,07/2015,628,2450009.1113460436,8047.5762785122,M,61.0,15.2
5773,07/2015,700,2452224.7384041348,8007.3243604809595,M,51.2,10.6
5774,07/2015,4,1191902.0149949708,9696.157567697392,M,59.6,11.7
5775,07/2015,334,2611587.952211672,11698.766328716603,M,56.3,7.2
5776,07/2015,641,803903.9302929309,11343.936344373216,M,33.8,11.0
5777,07/2015,794,105324.80543882214,12290.575021681807,M,34.9,12.3
5778,07/2015,390,333089.8622696561,8534.117874380656,M,54.7,12.7
5779,07/2015,141,3812559.861984786,12511.149313939462,M,44.7,8.8
5780,07/2015,980,1757027.579660685,11400.212563847444,M,36.0,2.1
5781,07/2015,734,1083895.6377533434,8644.532255039361,M,47.7,11.6
5782,07/2015,342,1033509.5247381809,7446.630067911892,M,43.7,4.9
5783,07/2015,370,595845.6441576943,10606.905007061565,M,46.2,1.9
5784,07/2015,480,118450.74026011178,10972.915328227102,M,38.6,11.5
5785,07/2015,902,300671.4622400638,8208.353788838565,M,63.6,5.8
5786,07/2015,477,741012.2120062254,9323.59076886061,M,46.4,8.8
5787,07/2015,193,3842333.4844136345,8782.80803693279,M,52.8,16.4
5788,07/2015,476,431014.6851658579,9830.645987779393,M,,18.3
5789,07/2015,537,1177253.8067484936,12427.9888317941,M,37.2,2.5
5790,07/2015,591,6798306.816678097,9438.363196128186,M,56.1,9.5
5791,07/2015,189,1347391.0517992068,11013.006579677573,M,41.9,5.9
5792,07/2015,596,411663.8706876967,12176.165622858729,M,56.2,13.7
5793,07/2015,235,519646.3737965701,9483.022892502662,M,37.4,9.0
5794,07/2015,520,1644507.6783563816,8434.969413560017,M,54.7,8.8
5795,07/2015,677,426838.90121823846,9094.030280146499,M,58.8,14.4
5796,07/2015,704,927724.4585908445,10610.31388182306,F,57.6,7.7
5797,07/2015,355,1583876.6655863144,8573.898716421285,M,50.0,3.0
5798,07/2015,247,4187763.414307135,7289.756032271505,M,53.5,2.0
5799,07/2015,207,3663814.009739338,8728.918241961244,M,47.8,3.5
5800,07/2015,990,221026.715802324,9691.180094323281,M,36.3,4.7
5801,07/2015,41,4407381.298383435,12348.524624993253,M,36.9,10.0
5802,07/2015,678,626440.8518255602,8435.643374007559,M,55.7,7.7
5803,07/2015,663,444999.5001318415,7816.277036856752,M,56.7,12.1
5804,07/2015,28,425427.49281688285,10044.781549510726,M,65.2,4.4
5805,07/2015,672,357591.5639137698,11596.386544226298,M,53.2,13.5
5806,07/2015,393,643849.9842616349,6985.218354414485,M,33.5,7.3
5807,07/2015,615,3085159.589266638,9194.730868933708,M,51.3,2.9
5808,07/2015,923,319202.13610619865,8314.585263576933,M,32.0,7.7
5809,07/2015,544,144264.0940937437,8501.589910711316,M,39.6,13.0
5810,07/2015,364,4740306.224240566,10637.489874018014,M,41.0,9.2
5811,07/2015,573,609603.6256347116,7427.153280804885,M,60.9,6.4
5812,07/2015,125,1946892.4282772485,10476.930573167863,M,37.2,9.2
5813,07/2015,949,2251936.044151614,9945.559308418413,M,36.4,12.6
5814,07/2015,510,1101771.3463960371,8415.254627754683,M,55.0,12.2
5815,07/2015,878,279016.01045049046,8944.965615564442,M,36.2,5.5
5816,07/2015,992,199063.94701380364,11261.204376972622,M,36.1,17.3
5817,07/2015,8,1578707.785732516,8148.733638234847,M,39.7,13.2
5818,07/2015,984,2811393.3863313133,7487.802814659783,M,42.3,10.7
5819,07/2015,763,301318.31586159323,6773.498408323471,M,37.4,6.6
5820,07/2015,973,673731.9459616097,12679.523062078308,M,39.5,15.8
5821,07/2015,25,110752.68308365655,6645.326909869129,M,34.8,14.6
5822,07/2015,541,5456947.889639066,10910.442832920404,M,48.7,8.1
5823,07/2015,757,433515.814798868,10034.977599550646,M,,13.5
5824,07/2015,374,687188.7622447347,8020.875753029594,,39.7,13.9
5825,07/2015,64,751311.639949396,7895.9457061516205,M,46.0,5.6
5826,07/2015,500,348725.3874089684,10506.830819156394,F,46.2,13.5
5827,07/2015,647,324354.1412770224,8838.532145543579,F,63.4,11.7
5828,07/2015,614,882007.0026454926,6683.172789346089,M,59.8,17.8
5829,07/2015,21,1589323.1810504352,12301.225042834645,M,32.8,7.5
5830,07/2015,13,376722.2418298823,8458.459818076934,M,43.1,15.2
5831,07/2015,639,454323.0328533987,6117.320253288631,M,50.0,9.2
5832,07/2015,868,1544689.5781321265,10540.149783056335,M,32.5,7.3
5833,07/2015,805,4364022.700185495,8016.983048432763,M,40.7,10.5
5834,07/2015,891,1399938.1201208076,7969.820466447759,M,56.5,13.8
5835,07/2015,561,293449.61756453547,9148.501887365635,,44.2,6.2
5836,07/2015,709,274751.44381710654,6936.607792232602,M,38.7,12.6
5837,07/2015,429,117698.07780892056,10097.580695224635,M,46.7,4.7
5838,07/2015,720,1233927.9651206841,9583.298267328739,M,64.6,15.1
5839,07/2015,187,386334.1829838956,7362.538626962794,M,48.7,17.0
5840,07/2015,457,3032599.042398376,11794.427625239467,M,63.5,10.5
5841,07/2015,844,1110913.1921953524,7936.016885265662,M,47.4,2.4
5842,07/2015,552,1184033.4796944405,9893.899474269323,M,61.3,7.3
5843,07/2015,498,1600433.8610149676,8029.012531301335,M,49.2,15.3
5844,07/2015,230,3226223.5928512434,7644.66146390138,M,38.2,5.1
5845,07/2015,131,1324965.8419087788,7938.328973729023,M,35.1,16.0
5846,07/2015,268,581112.1951903703,9530.37163865018,M,41.2,11.2
5847,07/2015,634,2412017.6648193668,10053.659715617967,M,46.8,4.5
5848,07/2015,930,349682.2397277095,7145.941734603398,M,54.4,16.9
5849,07/2015,730,203843.0207435317,7564.984394103745,M,60.7,1.5
5850,07/2015,386,71831.25220618313,7708.1637558980865,M,37.5,12.8
5851,07/2015,897,2724240.5639857324,7618.313320577994,M,43.3,2.5
5852,07/2015,604,120433.69457252364,10706.793944055617,M,59.8,7.6
5853,07/2015,850,682799.384030822,11878.64439642955,M,39.4,1.4
5854,07/2015,626,629642.747524212,8433.914265400163,M,51.8,18.1
5855,07/2015,163,954911.2356709188,10224.585169276776,M,58.5,9.1
5856,07/2015,82,434373.1913221001,7338.245874516747,M,61.7,4.0
5857,07/2015,36,3579767.9097379083,9492.266172151736,M,37.4,16.3
5858,07/2015,977,1823405.4687605079,9285.084674520716,M,56.2,3.7
5859,07/2015,123,4883090.751538519,12118.767480781158,M,65.3,11.5
5860,07/2015,92,2042463.0440294752,10058.864452637554,M,41.4,15.1
5861,07/2015,26,13594700.514000863,10932.6180582077,F,47.5,2.7
5862,07/2015,251,2104941.837838486,11013.034424137855,M,43.0,11.9
5863,07/2015,598,277292.66126722255,8681.682744468331,M,51.3,9.4
5864,07/2015,524,2470820.123043427,6603.748995937789,F,39.5,18.5
5865,07/2015,726,881402.0086424799,7908.388784652649,M,58.1,4.5
5866,07/2015,263,2197082.6375087523,7697.967557443835,M,52.2,12.2
5867,07/2015,365,2065349.1648328754,6949.276679657506,M,37.6,5.3
5868,07/2015,44,802948.282271679,8213.714393123448,M,61.5,8.9
5869,07/2015,530,689208.5302933516,9929.189783944385,,47.1,6.9
5870,07/2015,838,1847412.8290208979,8336.001293665824,M,,17.2
5871,07/2015,311,2752209.3437437685,12651.583429461758,,32.1,9.4
5872,07/2015,447,5225723.056384267,9270.881580698753,M,65.5,12.1
5873,07/2015,993,788428.6243162263,9164.13485344798,M,35.0,2.9
5874,07/2015,315,346458.44261942885,7061.779348673381,M,61.1,8.7
5875,07/2015,20,761048.940058378,8857.364309843664,M,52.1,18.1
5876,07/2015,618,576337.6935476763,11001.13579121101,M,63.9,9.0
5877,07/2015,43,2770910.9372587376,9897.323411177531,M,57.3,1.2
5878,07/2015,190,219817.37749389737,11482.570534382501,M,57.5,14.1
5879,07/2015,659,1046509.3347974146,12453.263572945465,M,65.4,14.7
5880,07/2015,47,2071621.7343178755,7765.911532711107,M,40.7,5.3
5881,07/2015,987,627148.5214035356,9140.094182151108,M,32.4,13.8
5882,07/2015,71,268177.9069714778,8156.485486958585,M,39.0,1.0
5883,07/2015,198,750505.2111364026,8707.896678239726,M,41.1,16.6
5884,07/2015,473,687816.5924303045,13529.304341875708,M,59.5,14.6
5885,07/2015,338,612094.4668537675,14291.29484140576,M,42.2,4.3
5886,07/2015,440,714179.7220778023,10455.534447035385,F,39.6,4.4
5887,07/2015,246,3158872.201247433,11683.81836469526,M,57.2,15.1
5888,07/2015,116,950736.9065681736,8783.922992358028,M,42.2,10.6
5889,07/2015,849,1893199.2122464257,8509.880306125906,M,65.4,12.1
5890,07/2015,900,905823.3253786424,9797.22149752816,M,41.5,9.4
5891,07/2015,359,1966912.6399519432,7506.806848568843,M,47.7,7.9
5892,07/2015,299,882239.2654642505,14166.651426096487,M,50.1,2.0
5893,07/2015,7,354002.3664743309,12707.947101588183,M,40.8,14.1
5894,07/2015,297,420362.56791557587,10031.970933952412,M,53.7,1.0
5895,07/2015,822,1552961.092716506,8739.608839294619,,54.0,2.9
5896,07/2015,648,240103.84098493724,9415.24516489327,M,49.6,4.4
5897,07/2015,294,289539.81253958226,8831.428980003302,M,59.6,4.9
5898,07/2015,491,316843.17676567315,10779.120804831868,M,61.1,3.2
5899,07/2015,568,2658184.9194671735,8971.246189967553,M,,16.5
5900,07/2015,584,822402.8997074437,7784.081506852458,M,43.3,14.9
5901,07/2015,690,313502.155151475,8057.093225740463,M,,8.8
5902,07/2015,291,745458.3809314735,11995.706595205633,M,33.2,5.4
5903,07/2015,49,184926.08828818332,7852.550368841895,M,45.1,3.0
5904,07/2015,585,3536705.252177825,10053.411112152411,M,37.9,11.3
5905,07/2015,606,1016982.2082032355,6592.3211240557375,M,51.5,15.1
5906,07/2015,693,2670745.7964000534,8076.594906119939,,53.1,9.9
5907,07/2015,944,4563900.656868446,11716.77529261209,M,49.4,14.1
5908,07/2015,793,1458591.0686795863,9293.82378578434,M,35.0,12.5
5909,07/2015,425,1338088.3748380253,11887.768025315345,M,,17.9
5910,07/2015,683,775871.7086919063,10950.674648200595,,54.5,3.6
5911,07/2015,656,1336197.2347157623,8125.841004350259,M,56.4,17.8
5912,07/2015,488,152999.926022112,11618.166251219442,M,32.4,5.8
5913,07/2015,61,953159.7370111794,11727.17645420731,M,34.1,16.4
5914,07/2015,904,639415.1968013301,9646.24299967359,M,,4.0
5915,07/2015,378,931780.2321552515,11679.4480824599,,36.7,3.5
5916,07/2015,269,2471705.4738157676,7680.266716058693,M,39.7,8.1
5917,07/2015,889,1743401.7534160693,9287.338744558176,,55.5,2.0
5918,07/2015,481,855897.2257267288,9107.453030760136,F,51.5,17.1
5919,07/2015,344,535861.1524891279,8456.533300257066,M,51.0,11.8
5920,07/2015,99,381704.58679241885,7386.7538815208645,M,55.3,5.7
5921,07/2015,832,585905.4092499117,11914.744861820449,M,,13.3
5922,07/2015,127,352115.23078146484,9070.186758137881,M,55.8,11.8
5923,07/2015,617,3114473.770036314,7832.961370999725,M,38.2,17.4
5924,07/2015,770,309715.7623477834,9296.543003753293,M,56.6,15.9
5925,07/2015,484,4426499.004107348,10732.528258493476,M,36.2,4.1
5926,07/2015,341,394049.6383066621,7712.170162815105,F,63.1,16.9
5927,07/2015,982,2612134.4330399437,7763.050836781808,M,,9.4
5928,07/2015,212,299562.38893480017,9539.034112169145,M,46.4,1.6
5929,07/2015,589,3179970.1269821664,8453.49965183464,M,40.7,6.4
5930,07/2015,797,543713.610702841,8124.06596592309,M,44.6,5.9
5931,07/2015,753,630323.4520305784,8162.909044685906,M,32.8,12.8
5932,07/2015,227,124847.72952020157,7626.006737568189,M,,16.2
5933,07/2015,86,2431496.220733114,6699.630655068831,,,5.4
5934,07/2015,680,323182.979276644,9839.208010220245,M,61.1,18.9
5935,07/2015,195,188388.25496484773,8826.452891387145,,54.1,8.8
5936,07/2015,595,591297.1789216438,8613.5560044768,M,45.4,7.1
5937,07/2015,854,507858.84078388725,6575.7890669126355,M,44.2,18.7
5938,07/2015,828,420844.23682459665,9327.561310556188,,50.6,1.1
5939,07/2015,261,222774.92147941794,7354.039379126791,M,36.4,18.5
5940,07/2015,603,148238.5645399775,7213.695851274238,M,34.9,10.7
5941,07/2015,379,437126.52351482795,10776.452736888683,M,65.1,12.4
5942,07/2015,888,926851.459204722,9115.579459050829,M,,4.0
5943,07/2015,741,3696238.9633813417,9377.426585184015,M,42.4,11.2
5944,07/2015,60,431462.7774428182,12100.335784188639,M,53.4,11.0
5945,07/2015,955,2682123.8806564123,10330.174213135331,M,35.8,8.5
5946,07/2015,62,1567756.0995433817,12078.80434900672,M,34.0,4.3
5947,07/2015,638,493890.1003904213,9030.778301060607,M,62.7,9.4
5948,07/2015,697,375113.7602563554,7839.697152316023,M,35.0,15.2
5949,07/2015,147,251798.7673144667,8608.750349419799,M,53.7,14.7
5950,07/2015,637,126530.71146211134,7624.917692627069,M,63.3,3.0
5951,07/2015,799,826329.3225688781,9538.960957802648,M,45.3,1.1
5952,07/2015,178,929081.4484260009,10473.010453076253,M,49.0,7.8
5953,07/2015,806,3226696.0352599905,11183.539247075603,M,50.3,7.6
5954,07/2015,300,437756.90505079954,7359.52680187885,M,35.9,9.5
5955,07/2015,998,200410.69714625503,9247.971283012825,M,32.1,1.4
5956,07/2015,337,721355.4664481413,10449.989024590332,M,36.0,9.4
5957,07/2015,549,8536088.551499255,10761.893539790583,M,55.1,16.4
5958,07/2015,767,3419447.538331672,8759.393929334703,M,56.5,1.2
5959,07/2015,157,93246.04637722335,8635.257876743477,M,56.8,16.2
5960,07/2015,540,750883.7069201189,10285.30335293696,M,41.6,6.5
5961,07/2015,108,1005809.770029802,10787.421503214071,M,51.2,2.9
5962,07/2015,352,73465.18447463156,8012.879209625093,M,58.1,9.3
5963,07/2015,847,2652481.8060383396,7364.692444202752,M,51.0,5.2
5964,07/2015,479,131540.55754908425,8871.14713998634,M,54.6,1.0
5965,07/2015,622,2473209.7329198825,13613.100252129128,M,53.2,7.6
5966,07/2015,937,3394627.594978816,7835.993339996515,M,54.9,11.5
5967,07/2015,775,1592911.4609466405,9323.273950106937,M,50.4,9.8
5968,07/2015,623,407131.5123800244,6445.4388551695965,,,14.4
5969,07/2015,87,914034.4251008055,12423.452760261676,M,48.0,15.4
5970,07/2015,80,1258760.5663401315,9366.223284502119,M,57.8,17.5
5971,07/2015,434,4405933.202581601,8934.190351733156,M,36.5,7.7
5972,07/2015,210,436963.17728441505,6813.0557898454745,M,37.0,1.9
5973,07/2015,860,1574965.6090514187,9604.607313777387,M,38.0,16.8
5974,07/2015,220,3823726.3027238064,11175.102825468939,M,32.1,7.3
5975,07/2015,769,4071016.00586524,13534.43267233241,,58.8,18.9
5976,07/2015,692,487907.04502976395,8397.899352233606,M,42.4,2.3
5977,07/2015,546,496358.63746071135,10180.327068477032,M,55.6,13.5
5978,07/2015,777,313966.56699290185,8619.798089262204,M,59.2,16.0
5979,07/2015,581,501494.21710965154,12761.956635895203,M,35.5,18.5
5980,07/2015,452,382462.3638342441,7488.406148684745,M,53.3,4.4
5981,07/2015,511,2032490.6393027182,7812.289980093846,M,35.2,10.9
5982,07/2015,214,299793.6419375981,9531.08052537449,M,,5.9
5983,07/2015,234,108999.86440386133,8841.138247456864,M,42.7,6.2
5984,07/2015,853,738353.6346897642,9268.444881496505,M,42.5,2.3
5985,07/2015,551,288388.80475084414,7885.588403811609,M,,4.3
5986,07/2015,505,85294.34694178034,7933.509325086201,M,33.7,2.5
5987,07/2015,508,615138.570766196,12671.905532753954,M,54.1,8.3
5988,07/2015,795,478304.59843082604,9150.2768722372,M,50.4,8.6
5989,07/2015,317,106826.03164252528,9301.92047362285,M,33.3,2.7
5990,07/2015,792,167160.04662414256,8859.656188001736,M,,8.7
5991,07/2015,974,411037.49476957275,7860.649991043798,M,34.8,8.2
5992,07/2015,117,219358.08224162136,9739.313289205855,M,59.4,17.1
5993,07/2015,410,525220.0192396232,10846.605490957973,M,38.0,17.4
5994,07/2015,182,2924053.3085731873,8232.574648440419,M,40.0,14.4
5995,07/2015,119,5953079.222468367,8922.8559829306,M,65.9,15.4
5996,07/2015,236,548309.7887830083,10659.52366486991,M,42.3,6.7
5997,07/2015,449,350260.81333758455,8513.726658690495,M,38.4,18.7
5998,07/2015,494,377504.52575324685,7882.601020174522,M,48.7,7.9
5999,07/2015,609,524128.83192988194,9177.9893609508,M,,4.6
6000,06/2015,943,455703.45118036825,10469.303876684458,F,58.4,0.6
6001,06/2015,966,148235.49917129296,7215.204950135588,M,46.8,0.1
6002,06/2015,250,101138.55801589593,8564.403152010098,M,32.0,0.1
6003,06/2015,156,4348145.580470936,8956.530510268809,,64.8,0.7
6004,06/2015,67,361726.9340203276,11586.141944041845,M,60.7,0.4
6005,06/2015,684,1763922.031144624,8864.075667660585,M,,0.5
6006,06/2015,527,3724541.886040048,8493.083753301677,M,,0.4
6007,06/2015,556,770741.1158780815,10884.013994682662,M,50.7,0.8
6008,06/2015,446,858665.7953348283,16162.099768813336,M,49.5,0.1
6009,06/2015,841,1547044.503126774,8005.048534929685,M,48.2,0.7
6010,06/2015,126,1543029.1132667712,9082.909651028798,M,53.2,0.7
6011,06/2015,910,174363.68500415186,7339.781359732027,M,58.2,0.6
6012,06/2015,112,4667847.154374413,13755.424025679536,M,54.7,0.9
6013,06/2015,191,1150298.6744247887,8816.5956648678,M,50.4,0.1
6014,06/2015,739,526321.0993707523,8749.974478315537,M,37.6,0.6
6015,06/2015,579,106825.37535697925,9314.701534754482,M,41.3,0.3
6016,06/2015,111,2122539.68819389,6129.773949630386,M,45.4,0.8
6017,06/2015,285,373616.53343038633,6599.430738531687,M,47.3,1.0
6018,06/2015,796,2626092.119579218,10192.067537143432,M,59.2,0.3
6019,06/2015,310,1560459.441498641,9696.501459067442,M,42.2,0.8
6020,06/2015,458,1862181.8422626175,7465.702441145645,M,39.7,0.2
6021,06/2015,884,567069.5531684335,9122.990184468425,M,64.1,0.6
6022,06/2015,335,2664962.752994603,10090.517962685406,M,47.0,0.8
6023,06/2015,521,613999.2182666364,9292.423695088815,M,56.1,0.8
6024,06/2015,887,1203998.8237969598,10746.443621699136,M,,0.0
6025,06/2015,601,438198.4203639808,8616.884634779733,M,39.8,0.2
6026,06/2015,11,2269054.19610224,8937.631961978572,M,39.1,0.6
6027,06/2015,624,1463626.5531640826,8061.744064011985,M,52.8,0.7
6028,06/2015,737,836377.6588207869,7882.597498417885,M,58.1,0.3
6029,06/2015,823,574413.4872906501,7666.768052615165,M,50.6,0.3
6030,06/2015,752,2750355.089187156,10283.933934648063,M,63.6,0.4
6031,06/2015,732,1406854.8018930126,8123.1530575772695,M,54.1,0.5
6032,06/2015,493,3760355.693871824,9924.608475311985,M,61.1,0.2
6033,06/2015,159,574073.0653730283,8565.009974717465,M,48.4,0.6
6034,06/2015,225,1202460.9074330926,11690.44267837919,M,,0.6
6035,06/2015,784,305491.5655935296,9594.780305309632,M,54.3,0.2
6036,06/2015,171,375952.9321279449,7828.396300747178,M,49.4,0.4
6037,06/2015,460,1322805.2191491395,7776.55198915627,F,33.0,0.3
6038,06/2015,408,90144.48490695718,7273.766013019932,M,65.0,0.9
6039,06/2015,239,185817.78826449378,8067.125195574977,M,60.4,1.0
6040,06/2015,812,698419.2877914229,10541.312348809019,M,54.7,0.9
6041,06/2015,896,435741.663982447,10322.671292556372,M,58.5,0.0
6042,06/2015,354,526486.2795633782,6141.565483609755,M,65.2,0.4
6043,06/2015,574,738624.7481970224,8306.599178674622,M,60.7,0.3
6044,06/2015,186,642992.5713366776,9322.112167143983,M,65.7,0.6
6045,06/2015,381,1770440.852882348,7578.689898186563,M,44.0,0.1
6046,06/2015,898,148482.5872544915,7430.5264458178535,M,46.5,0.0
6047,06/2015,405,423205.56744078244,8499.488012049509,M,32.2,0.1
6048,06/2015,439,646825.3422532093,7645.578185844716,M,65.2,0.3
6049,06/2015,532,815975.3821902338,7653.529804129045,M,38.2,0.5
6050,06/2015,665,3225564.854802278,9397.138073046437,M,,0.6
6051,06/2015,962,319773.3007943172,7334.159980182587,,53.5,0.8
6052,06/2015,303,852802.6984318133,8516.28515714692,M,37.0,0.6
6053,06/2015,996,514403.87516218406,8603.176523573338,M,41.0,0.5
6054,06/2015,836,3861637.7872613226,10214.87316130326,,55.4,0.2
6055,06/2015,840,3503567.9904522533,9687.758669953022,M,35.8,0.3
6056,06/2015,459,411256.9359195535,8341.827866844069,M,36.2,0.4
6057,06/2015,611,508532.1994857577,8924.947228845433,M,62.4,0.4
6058,06/2015,467,682533.904317952,9232.45777596898,M,,0.5
6059,06/2015,786,265942.31901805656,8072.461378474793,M,46.5,0.0
6060,06/2015,23,1528342.5509731793,10221.508768427995,M,51.4,0.9
6061,06/2015,302,108786.13248301788,7612.979674277704,M,47.2,0.2
6062,06/2015,289,2149893.83400239,9569.753147596084,M,39.5,0.5
6063,06/2015,155,3040538.048108379,9817.506325145374,M,57.3,0.4
6064,06/2015,327,77545.81512447045,7149.169899654946,M,51.8,0.8
6065,06/2015,114,485268.4571500202,7232.943027702951,M,61.1,0.9
6066,06/2015,756,115478.06610317419,8974.218525130156,,54.8,0.3
6067,06/2015,880,3930222.173063445,11113.722480374085,M,45.6,0.6
6068,06/2015,660,385302.39319685975,8679.087796678803,M,56.5,0.9
6069,06/2015,454,4953751.213585904,8323.389025080813,M,40.2,0.2
6070,06/2015,969,364729.54021221667,7097.072689476336,F,62.8,0.7
6071,06/2015,176,421769.93676883285,7584.794147863477,M,35.8,0.9
6072,06/2015,432,1372014.3975467316,8231.46378057748,M,47.3,0.9
6073,06/2015,531,506345.2572664067,9318.219233085514,M,46.6,0.9
6074,06/2015,101,576964.8490928764,10145.5942889809,M,,0.9
6075,06/2015,738,172811.7453547912,7297.949397793131,M,36.7,0.3
6076,06/2015,271,773615.3423164611,9513.701433562299,M,64.8,0.4
6077,06/2015,423,211735.59557458872,10015.831998628066,M,59.1,0.6
6078,06/2015,765,1118844.3709764555,7119.639156484731,M,47.8,0.8
6079,06/2015,691,179395.8755002031,8894.161541833451,M,44.8,0.4
6080,06/2015,533,1105786.1468673188,8314.775408936437,,35.8,0.1
6081,06/2015,716,3349022.2371999896,7731.59883252242,M,39.8,1.0
6082,06/2015,922,2548215.312717207,8137.093922053747,M,58.5,0.8
6083,06/2015,174,567379.2305279474,8418.785060572114,M,46.1,0.9
6084,06/2015,200,555123.6515203094,10835.09830077904,M,39.0,0.7
6085,06/2015,316,393393.8341436691,7969.168447522359,M,34.8,0.2
6086,06/2015,307,371699.9471458475,9907.681339994628,M,65.0,0.7
6087,06/2015,882,384131.4638246472,9847.063570537177,M,33.7,0.6
6088,06/2015,706,2052854.7900053256,9505.203193427415,M,51.7,0.3
6089,06/2015,829,2916122.385381141,7196.0159369322355,M,35.3,0.5
6090,06/2015,719,233163.57878846023,10169.437563156074,M,32.6,1.0
6091,06/2015,935,2512728.722442479,9217.593044686542,M,38.9,0.3
6092,06/2015,68,4015067.581315009,8062.078968165591,F,35.8,1.0
6093,06/2015,815,418257.438424678,11523.088104951466,,64.2,0.3
6094,06/2015,747,483688.35696867196,7971.070715611371,M,43.6,0.7
6095,06/2015,798,507134.71670652385,6711.340036315444,M,35.3,0.4
6096,06/2015,865,201267.00738330503,9336.985904062169,M,58.5,0.3
6097,06/2015,399,3234922.2063151454,8262.234021481956,M,53.1,0.9
6098,06/2015,509,4013638.3129310026,11367.903232008477,M,46.7,0.5
6099,06/2015,308,245042.63660232452,8967.895832129332,M,48.1,0.9
6100,06/2015,502,3735554.8769833012,9156.290790702598,M,61.5,7.9
6101,06/2015,81,316270.05029214255,9952.878558998866,M,42.4,14.4
6102,06/2015,814,5199618.3072979385,8176.17891295485,M,33.1,18.7
6103,06/2015,666,2714373.4904254563,10567.394127166637,M,35.3,8.7
6104,06/2015,205,1394154.8820086163,9616.435280887974,M,56.6,9.9
6105,06/2015,759,796480.9426426183,8954.009375427338,M,44.5,3.4
6106,06/2015,96,3485721.015980987,6845.796241127165,M,37.2,9.4
6107,06/2015,671,613325.9552660608,8972.557567767957,M,61.4,16.8
6108,06/2015,100,1809193.8236514719,8908.155410610512,M,38.1,17.2
6109,06/2015,321,208942.95971178112,8680.674277898808,M,,10.1
6110,06/2015,602,2988089.6047883923,7914.441640447211,M,37.3,17.8
6111,06/2015,453,3538763.087806837,9683.045021269128,F,60.6,5.4
6112,06/2015,396,686866.0269698774,8012.769533702424,M,33.1,12.5
6113,06/2015,113,9565632.309092904,10619.265597550375,M,,16.9
6114,06/2015,988,2859337.9340438843,7612.954892671782,M,32.9,11.3
6115,06/2015,956,384205.0146410084,8881.594526815574,M,65.2,15.6
6116,06/2015,59,584259.3917697628,10180.471870848967,M,46.9,8.1
6117,06/2015,593,604299.4731078821,11437.281226438732,M,43.4,15.5
6118,06/2015,10,81552.99872825427,7404.166810997459,M,45.5,6.4
6119,06/2015,196,534126.3562443148,8536.765363200995,M,46.2,4.3
6120,06/2015,38,398211.6658091219,7905.064957499677,,51.3,5.9
6121,06/2015,625,443061.87120291917,8125.3236529854385,M,57.7,13.8
6122,06/2015,570,329505.1197052461,7445.641754668608,M,47.1,16.8
6123,06/2015,745,130107.56634203723,8045.919969597755,M,51.3,15.9
6124,06/2015,764,4532876.992252948,9035.653778917678,M,47.3,15.0
6125,06/2015,66,1677839.0576941844,9864.986988091667,M,40.0,18.9
6126,06/2015,84,1878253.0251368945,8109.917339442099,,36.5,18.8
6127,06/2015,462,1180295.9070841854,9711.882562469695,,39.3,10.3
6128,06/2015,952,220736.0951453404,7107.085241738818,M,56.4,4.4
6129,06/2015,970,88079.96129129546,8352.541837079843,M,34.0,11.4
6130,06/2015,333,4391629.351691103,8382.077965381795,M,50.1,8.4
6131,06/2015,274,1647125.4430404613,9687.983937222314,M,63.7,8.6
6132,06/2015,981,757903.6086964734,11782.783001450465,M,62.2,1.6
6133,06/2015,110,420618.9345650376,7793.747416902152,M,59.4,15.7
6134,06/2015,383,561069.6978889481,7743.708960107589,M,37.5,15.6
6135,06/2015,542,1213417.709501789,9589.312330090312,M,35.2,7.8
6136,06/2015,787,8883443.85388833,10027.482296236618,M,59.9,12.3
6137,06/2015,57,1587776.674195235,9041.42593773986,M,65.6,16.7
6138,06/2015,412,2587062.2102754386,9721.228697791432,M,59.3,4.6
6139,06/2015,177,2730859.685193949,9960.114894250419,M,41.0,1.9
6140,06/2015,560,628130.5678079117,9021.785487690247,M,41.8,12.4
6141,06/2015,398,88801.09931950223,8676.518996677412,M,52.0,4.8
6142,06/2015,916,507874.10049710836,9512.267373423265,M,65.1,18.0
6143,06/2015,965,386854.3581886397,7698.7862601474135,M,65.8,5.6
6144,06/2015,746,176999.5743338384,9222.053427806262,M,48.2,1.6
6145,06/2015,912,327989.1551414031,8459.7465333537,M,55.6,16.5
6146,06/2015,257,3784497.0838137623,7522.913379784567,M,36.1,4.5
6147,06/2015,727,339742.9554006765,9190.209669521502,M,53.5,16.6
6148,06/2015,144,2900936.650545886,7701.58721160706,M,43.3,7.4
6149,06/2015,164,880105.5174623273,8384.237876215127,M,39.8,10.5
6150,06/2015,48,3231322.242570027,13789.921296563456,M,63.4,11.9
6151,06/2015,872,3754625.777354343,11725.095961606577,M,50.2,11.6
6152,06/2015,391,1071513.0927634016,10999.057384387432,M,47.8,2.2
6153,06/2015,703,562713.6950447301,8260.7996482703,M,,7.8
6154,06/2015,504,214857.0555755168,13165.343892788556,M,40.0,1.8
6155,06/2015,876,554425.2375611963,8533.216481601043,M,34.7,5.8
6156,06/2015,69,622903.1488246259,8107.837566344856,M,57.1,11.5
6157,06/2015,736,714673.0551270961,10793.828542965244,M,43.1,13.3
6158,06/2015,899,1450585.9837036752,8072.3820433198525,M,58.6,10.2
6159,06/2015,219,749929.2567811628,8343.929409320166,M,39.4,17.3
6160,06/2015,451,3256578.4126267466,6018.635371097692,M,47.1,10.2
6161,06/2015,407,642157.1729853417,12114.965029772007,M,46.4,2.4
6162,06/2015,735,4248522.45933873,7720.205313345277,M,54.1,4.8
6163,06/2015,249,551567.0848765492,7385.893275969814,M,60.9,8.2
6164,06/2015,145,401731.54338652955,10664.858652857974,M,49.4,7.5
6165,06/2015,12,517261.02447789523,11126.988824919974,M,59.0,15.6
6166,06/2015,724,302985.22228867706,7407.199522234796,F,47.8,16.0
6167,06/2015,728,3710527.3167249826,8841.15724688439,M,57.5,2.9
6168,06/2015,948,359110.6584041835,11235.008112176183,M,37.5,3.6
6169,06/2015,464,1720369.7426094702,9258.663447589608,M,58.4,6.4
6170,06/2015,278,528464.6876156477,8872.148437680784,,47.4,10.8
6171,06/2015,89,2641998.8647892065,8787.130394838383,M,42.9,7.5
6172,06/2015,124,1614478.8454302137,9009.319391900322,M,35.2,9.5
6173,06/2015,185,76422.02505665927,6697.539328389567,M,35.5,14.5
6174,06/2015,514,3719494.0108889714,9601.73065934912,M,45.0,12.9
6175,06/2015,651,963824.3096396191,7123.625481199746,M,39.2,8.3
6176,06/2015,669,543941.9041936974,7101.543295003338,M,52.6,13.9
6177,06/2015,97,457229.3772181141,8991.602379654138,M,62.2,11.0
6178,06/2015,924,1438147.7389095388,6721.188475277272,M,64.5,11.3
6179,06/2015,323,2157888.542781275,8504.534511705124,F,48.5,8.9
6180,06/2015,643,118417.78226649786,10520.170039500621,M,35.7,16.0
6181,06/2015,890,6203091.484954664,9734.457453244953,M,55.4,17.6
6182,06/2015,929,2822116.6386676324,9555.896089309388,M,41.7,4.4
6183,06/2015,670,431123.98807666724,8471.919122461499,M,36.1,8.3
6184,06/2015,181,3573437.051073445,7360.602634110612,M,36.8,10.0
6185,06/2015,963,3670204.677655252,7593.598321092499,M,50.0,10.8
6186,06/2015,997,761909.8211295714,9289.714467781308,M,61.6,10.5
6187,06/2015,858,762034.4705389048,10554.37651828547,M,38.2,1.5
6188,06/2015,403,216424.62075663585,7784.564891864805,M,45.4,7.8
6189,06/2015,572,118761.75327888469,7410.427830905399,M,,7.6
6190,06/2015,754,94106.82169282764,9466.192279653416,M,55.8,11.8
6191,06/2015,72,654635.6354336413,10749.939346574267,M,46.7,11.5
6192,06/2015,283,3072352.3808940616,8402.161603762617,M,57.9,9.6
6193,06/2015,705,821444.581559966,9862.31737738934,M,46.5,1.7
6194,06/2015,983,1711527.3914826938,10565.808543151763,M,36.0,14.7
6195,06/2015,305,693782.4387509896,10533.447991561403,M,63.1,4.2
6196,06/2015,857,628881.8937100832,8613.75203216599,M,37.8,3.3
6197,06/2015,74,411809.53391824703,10283.697381557475,M,37.2,15.0
6198,06/2015,824,353194.3732590739,6126.977048993322,M,56.3,2.9
6199,06/2015,231,127956.30813669061,7214.99666978746,,42.2,17.8
6200,06/2015,130,4291192.969656309,9173.972902548363,M,59.5,15.0
6201,06/2015,248,551485.1985282659,9208.619893495159,M,36.4,14.8
6202,06/2015,149,480192.33854042116,7405.647237712117,M,52.6,5.5
6203,06/2015,329,395768.9822274534,10263.910649317753,M,43.4,4.5
6204,06/2015,582,372873.5484354526,7984.798320750196,M,46.1,4.4
6205,06/2015,328,2147836.6466143555,9374.673929771436,M,39.4,11.4
6206,06/2015,779,772784.9681006343,8320.046506574992,M,,18.0
6207,06/2015,807,362992.8618299843,10249.970801764337,M,,12.8
6208,06/2015,821,2264722.8166494113,7543.070701171016,M,55.6,4.4
6209,06/2015,366,640885.4716709906,8141.845443815891,M,42.9,7.5
6210,06/2015,433,80365.75705728031,8444.604726591151,M,37.5,8.6
6211,06/2015,371,613490.5206008443,9354.889945201901,M,52.2,5.6
6212,06/2015,384,1535249.759449844,9846.699744130678,M,43.5,2.5
6213,06/2015,632,1351266.553018809,8716.0349697625,M,35.3,14.1
6214,06/2015,861,432049.17865386565,8225.652049584329,M,48.3,12.6
6215,06/2015,65,3595842.187721607,9699.348840010809,,46.8,15.7
6216,06/2015,877,4575204.484622514,10252.345594197473,M,40.8,16.7
6217,06/2015,244,590015.481531313,13795.090484640066,M,40.5,3.1
6218,06/2015,863,1855953.2423338678,8509.950677375984,M,48.7,17.6
6219,06/2015,350,8925168.29509894,9027.798075451028,M,52.6,18.5
6220,06/2015,160,351640.6363410109,7130.77151709271,M,34.9,18.1
6221,06/2015,45,540020.2211341546,7759.109370301401,M,40.4,11.4
6222,06/2015,497,63196.640096984214,6314.416714391228,,46.3,11.7
6223,06/2015,237,2100795.8023149883,8755.549046417473,M,39.1,10.7
6224,06/2015,9,2230862.3489509844,10118.084840503996,M,50.3,8.9
6225,06/2015,172,3164123.891198699,11698.611321105996,M,55.4,10.6
6226,06/2015,918,4760461.802155199,9755.706413787591,M,45.0,2.6
6227,06/2015,950,5502604.34679613,12313.531243292822,M,34.7,6.3
6228,06/2015,134,882100.5400847055,10262.698799060783,M,64.7,6.2
6229,06/2015,140,638986.3236360113,11090.082404295012,M,,14.0
6230,06/2015,238,452596.6273278457,8605.185613607226,M,61.8,3.6
6231,06/2015,567,405923.5512756961,8561.166318241318,M,49.1,15.0
6232,06/2015,146,8768134.80150025,7027.856835083793,M,38.1,5.6
6233,06/2015,519,315906.2337605198,9330.893370540733,,42.7,1.7
6234,06/2015,428,438551.9900292522,10253.46833001708,M,37.0,13.8
6235,06/2015,612,144405.84173609296,9701.359536442584,M,56.8,10.3
6236,06/2015,153,311134.02851226483,8881.301220631622,M,32.3,18.2
6237,06/2015,592,84624.02794707655,8573.837454880595,M,52.6,12.7
6238,06/2015,713,465259.1002298131,9744.648729413237,M,45.8,18.2
6239,06/2015,933,1631473.460377531,8622.493792922587,M,48.6,14.2
6240,06/2015,686,363121.2882393025,7769.441876779874,M,40.8,5.5
6241,06/2015,331,673147.0216300755,6584.966679067274,M,36.7,9.1
6242,06/2015,885,520135.5283562575,9332.505436917356,M,62.8,6.5
6243,06/2015,842,373186.3140437444,7432.364204388027,M,48.5,6.3
6244,06/2015,951,529899.2762423155,9557.236264821206,M,65.1,10.5
6245,06/2015,597,5224245.263801932,8013.812867410568,M,60.0,13.1
6246,06/2015,93,179549.00257423724,7938.564340666446,F,38.4,14.3
6247,06/2015,402,628753.8474336895,6939.23677182049,M,35.4,15.1
6248,06/2015,435,582860.8312021148,8186.790511354237,F,60.4,17.1
6249,06/2015,751,396138.1673311082,8325.850110053927,M,55.1,6.5
6250,06/2015,733,475484.3219278622,7799.3273351384805,M,52.2,13.6
6251,06/2015,121,367995.735649563,9756.648970095837,M,58.7,18.4
6252,06/2015,760,369039.29483479966,7417.218415801299,M,47.8,11.1
6253,06/2015,372,662659.9568007289,7642.981478617359,M,33.0,14.3
6254,06/2015,441,481703.4438067574,7680.405201327794,M,51.6,2.3
6255,06/2015,270,539411.9304410357,8572.466681503956,M,40.7,10.1
6256,06/2015,260,151929.3387669147,10178.814919512635,M,34.6,1.1
6257,06/2015,442,389624.5469413009,8208.750840170629,M,61.5,13.5
6258,06/2015,19,816423.787039245,8407.63471673475,M,,12.4
6259,06/2015,218,1424824.557241529,8158.4189338158,M,60.8,12.0
6260,06/2015,1000,8518568.299597763,14289.08047810883,M,45.2,4.0
6261,06/2015,967,1214457.1700942542,11913.273714282966,M,56.6,2.4
6262,06/2015,413,292155.43839561223,9508.185160421133,M,47.8,1.0
6263,06/2015,780,469886.49572879716,7434.591775091948,M,51.8,1.9
6264,06/2015,538,4087588.8150459225,8620.155203172153,,44.3,13.5
6265,06/2015,255,751639.4126135979,8570.398562123793,M,50.9,15.2
6266,06/2015,211,342992.92423914396,9002.634081741024,M,36.7,8.5
6267,06/2015,465,659185.1465059577,9252.234875353364,M,62.0,17.2
6268,06/2015,583,722604.42873181,9272.458272832842,M,39.0,8.2
6269,06/2015,489,5299179.744927714,9328.035871675098,M,39.7,17.4
6270,06/2015,353,5590531.245805245,10199.49486772532,M,65.8,5.3
6271,06/2015,415,2201633.76189981,7783.056424059893,M,62.5,7.1
6272,06/2015,594,629613.629307185,9421.244436108873,F,44.6,12.7
6273,06/2015,957,1396852.5361140706,10394.28573142324,M,55.4,5.3
6274,06/2015,394,634002.4088372439,7793.51867338829,M,56.1,5.1
6275,06/2015,674,613374.8791109339,8703.712568043256,M,61.2,16.6
6276,06/2015,646,1437084.3709993903,11723.240579441492,M,35.1,10.2
6277,06/2015,972,1669523.39798609,7912.312134001882,M,65.6,1.6
6278,06/2015,791,3605080.8577007377,14745.3510843737,M,60.0,8.0
6279,06/2015,78,376613.9445654982,7398.158823198887,M,36.8,7.9
6280,06/2015,548,377274.30355766445,8589.903533041608,M,52.2,12.5
6281,06/2015,536,134911.78804318112,6204.65822273475,M,55.4,3.4
6282,06/2015,621,339509.3819093436,8212.259719452766,M,54.8,1.7
6283,06/2015,762,1680975.349253175,11607.607326698504,M,47.3,14.9
6284,06/2015,516,465604.9458304254,8111.226116618481,M,65.6,18.0
6285,06/2015,216,203128.21433680004,11230.33311627184,M,36.4,14.5
6286,06/2015,635,2776727.1299921544,9136.923779473787,M,55.3,14.8
6287,06/2015,926,871441.714706655,9687.434395269114,M,43.2,14.0
6288,06/2015,135,1051112.1343018475,8399.201757788569,,,10.5
6289,06/2015,387,412284.75916317437,8450.994875809085,M,46.8,16.0
6290,06/2015,925,274164.15665865113,9604.12795612579,M,57.3,5.5
6291,06/2015,85,109711.36881873183,7280.393762519377,M,38.7,16.7
6292,06/2015,586,3035095.695160837,8750.423422603462,M,32.2,7.8
6293,06/2015,571,669637.0881760765,8269.187419538364,M,53.2,13.8
6294,06/2015,855,2012518.537292058,11591.750279133626,M,64.2,15.2
6295,06/2015,685,423100.5575399674,7780.63350276967,M,47.0,7.8
6296,06/2015,63,745241.8430804027,8683.584206910517,M,61.6,12.5
6297,06/2015,264,598481.4306157917,8460.840766535053,M,59.1,12.7
6298,06/2015,701,6568340.009656863,10612.600409886232,M,37.3,10.7
6299,06/2015,73,409775.0862115202,8609.71913732201,M,48.6,14.7
6300,06/2015,478,307172.828873394,6782.30819480106,M,35.7,7.8
6301,06/2015,661,1489984.1366593745,9825.576458213234,M,57.1,1.7
6302,06/2015,228,332591.771753261,8663.574594977516,M,48.1,9.5
6303,06/2015,309,253721.58132337732,11309.640500488673,M,38.3,14.6
6304,06/2015,382,438235.98989997007,8564.253312378913,M,34.4,10.9
6305,06/2015,914,604202.4862076944,9396.772794923072,M,54.5,6.4
6306,06/2015,170,765787.8737123755,12361.586852524411,M,34.1,16.2
6307,06/2015,808,288652.5571844318,13215.407418714698,M,45.2,4.6
6308,06/2015,279,524066.63909005123,8920.202648781771,M,44.8,3.9
6309,06/2015,852,680039.9272019211,9571.446603171411,F,37.4,13.3
6310,06/2015,258,477021.45800515567,9696.28490716126,M,43.5,6.3
6311,06/2015,920,4220068.915333822,8835.646870027249,,64.9,14.6
6312,06/2015,167,289063.68136749935,8700.360429134715,M,37.0,6.7
6313,06/2015,229,616451.6906419997,8071.840580378399,M,55.1,7.9
6314,06/2015,293,251153.70363041243,8513.984176814474,M,44.9,10.8
6315,06/2015,569,273845.0241985409,12219.543731391883,M,39.7,13.3
6316,06/2015,39,11390534.962517275,9855.665545059663,M,58.6,1.1
6317,06/2015,562,1069808.8170955465,9173.757435020801,M,43.4,10.0
6318,06/2015,819,1690563.5043546907,7779.762907789654,M,33.6,15.2
6319,06/2015,652,537738.1799077459,8506.624616955287,,43.2,1.1
6320,06/2015,827,176258.4133086742,8470.298196248057,M,65.0,3.2
6321,06/2015,915,3388342.149494118,8975.924459905113,M,47.0,13.0
6322,06/2015,35,408273.4087533414,12231.411448485089,M,53.3,4.0
6323,06/2015,358,171227.73835493237,8495.94033406017,M,35.8,18.3
6324,06/2015,867,905009.280618656,10365.800060673326,M,53.5,10.1
6325,06/2015,979,386465.0268407172,8301.553519556066,M,64.3,9.9
6326,06/2015,599,2912900.1280877097,7055.033644137334,M,,18.4
6327,06/2015,470,281027.19289964373,9362.783762130277,M,45.0,3.5
6328,06/2015,903,1559925.7770946256,11250.13935239896,M,,16.7
6329,06/2015,420,210003.90686686622,8960.248765836901,M,56.3,5.9
6330,06/2015,150,1473242.3339090198,7362.302728744314,M,,10.2
6331,06/2015,631,2146040.6050058594,8394.563720844102,M,43.4,6.2
6332,06/2015,616,465630.97727104666,9881.395129570417,M,61.4,8.8
6333,06/2015,373,696033.7331704075,12307.193067978626,M,60.9,5.9
6334,06/2015,577,553824.5033842295,12267.546916282492,M,42.5,15.7
6335,06/2015,901,573580.3204153932,12163.039813843836,M,56.5,9.0
6336,06/2015,55,3484071.38522147,8685.788535421423,M,34.8,2.7
6337,06/2015,908,3960039.6285849405,9152.088545791723,M,39.6,15.1
6338,06/2015,883,256673.77191019748,9291.65963895449,M,,15.3
6339,06/2015,522,561710.4134287518,8502.855264647516,M,52.2,14.7
6340,06/2015,811,3174797.76432044,10609.660419455391,M,,18.6
6341,06/2015,137,4504673.818614501,9585.661008235566,M,58.3,17.6
6342,06/2015,600,3771868.92888877,11833.580030070556,M,38.4,17.2
6343,06/2015,673,448890.55318375805,9833.215598373572,M,49.1,5.2
6344,06/2015,575,141249.25078658422,9027.143098281222,M,32.9,10.9
6345,06/2015,469,370796.51751970197,9335.886520407452,M,64.1,10.3
6346,06/2015,698,406096.5820997738,9771.954293793717,M,62.6,5.0
6347,06/2015,245,594100.6285187197,11042.057824752907,M,60.9,13.2
6348,06/2015,363,4223757.321062784,8873.433857755836,M,45.2,1.3
6349,06/2015,911,123803.05157113414,9415.575879445063,M,53.9,13.9
6350,06/2015,343,169449.783898638,8810.398771673114,M,63.1,16.4
6351,06/2015,886,261634.98202299475,8898.061922167548,M,59.7,10.7
6352,06/2015,262,856725.242130978,9354.204111992707,M,64.6,14.7
6353,06/2015,222,494459.29734133097,9285.183808939715,M,39.2,11.6
6354,06/2015,731,2364477.5536373444,8204.223188457518,,35.2,7.5
6355,06/2015,31,1064048.4718735327,11349.119314929554,,36.7,16.8
6356,06/2015,32,631023.0880892912,7886.549480041027,M,55.5,2.4
6357,06/2015,545,613647.2686336102,8343.116952653349,M,42.4,3.8
6358,06/2015,553,525203.3812926845,12449.281639181758,M,35.3,1.8
6359,06/2015,284,330120.1600577729,11918.142626562125,M,40.5,14.4
6360,06/2015,94,4623820.077797118,9083.729618393872,M,,9.2
6361,06/2015,472,1523724.0363527678,7030.591108181623,,40.5,8.5
6362,06/2015,748,244834.5488019424,9271.715978458127,F,40.7,14.3
6363,06/2015,3,307504.693896053,7126.7990932327275,M,49.3,4.7
6364,06/2015,676,1106202.2735976165,7439.719533632342,M,43.8,17.0
6365,06/2015,233,1022363.1438915611,7904.946723837864,M,38.2,12.8
6366,06/2015,919,730039.6650247661,7769.106307592666,M,34.6,11.6
6367,06/2015,54,1472112.4483966948,8029.109386328526,M,57.6,1.3
6368,06/2015,95,5153306.462147923,12269.424499934208,M,55.1,14.3
6369,06/2015,818,647596.2165010385,7914.067334499557,M,,4.6
6370,06/2015,349,91542.64356857918,9914.59748905465,M,63.1,16.7
6371,06/2015,224,5251003.333623123,7769.298251769124,M,42.2,9.8
6372,06/2015,526,241903.56219113534,7980.709017630322,M,62.7,18.8
6373,06/2015,613,854017.3017489004,8793.997339459791,M,50.9,2.5
6374,06/2015,845,169058.2557593235,7851.00272577197,M,,5.5
6375,06/2015,894,731686.0376931711,7371.503058098888,M,47.3,18.1
6376,06/2015,419,124808.07272714682,11249.940420425592,M,,18.2
6377,06/2015,707,530976.724541947,8898.301691158413,M,56.4,12.6
6378,06/2015,426,160116.55784740907,8662.780331388933,M,43.0,7.2
6379,06/2015,427,1038184.7145568822,9195.121864843266,M,48.1,3.4
6380,06/2015,978,3183019.5948619084,9757.61768856854,M,40.8,8.0
6381,06/2015,610,179770.18212418663,9565.503340098448,M,64.5,8.9
6382,06/2015,76,5379689.940093772,11520.778306301763,,46.8,11.5
6383,06/2015,629,5325388.504170567,8433.704900478217,M,46.4,15.7
6384,06/2015,326,938426.1997990374,8959.943792899043,M,32.6,1.6
6385,06/2015,875,181291.28327313758,9918.977354610062,,42.4,16.3
6386,06/2015,409,687957.8538336754,10781.55646997851,M,45.0,14.6
6387,06/2015,940,184094.29653942288,8168.757435200574,M,53.9,9.6
6388,06/2015,642,629395.4534479361,8093.259814093153,M,43.3,8.4
6389,06/2015,14,121121.88969407645,7087.776239442267,M,56.5,1.7
6390,06/2015,129,1024427.2316418097,9560.271910349136,M,35.6,11.3
6391,06/2015,474,1577767.2108779696,7038.9170889716115,M,56.2,13.1
6392,06/2015,312,558236.8314018743,7664.240007694745,M,61.2,13.4
6393,06/2015,708,487695.85434427153,10485.162824970386,M,40.4,1.6
6394,06/2015,30,1133791.2988474204,10691.482213337044,M,46.1,9.2
6395,06/2015,161,2054646.9650222063,8146.777304991099,M,51.3,2.9
6396,06/2015,839,1931778.6261247932,7747.393020691185,M,36.7,1.6
6397,06/2015,400,5053748.270082052,7486.685766655116,,58.4,10.9
6398,06/2015,375,1443312.4834799531,9743.288601956732,M,43.3,18.2
6399,06/2015,298,506555.0205591821,13602.567275321782,M,39.2,11.8
6400,06/2015,29,3115058.9701473988,11991.227302941688,M,46.5,10.7
6401,06/2015,679,3024970.5588170653,6619.82574076537,M,32.7,10.4
6402,06/2015,422,505364.9054562311,10103.07622525861,M,50.1,11.6
6403,06/2015,50,998027.6431062567,8637.539762640841,M,53.7,9.0
6404,06/2015,804,229980.02221332447,7957.846544806518,M,32.4,13.2
6405,06/2015,627,305760.8947767202,8178.471819434734,M,41.2,15.2
6406,06/2015,874,2757071.2881549955,8482.380576971324,M,38.0,2.2
6407,06/2015,165,2291198.309738811,7986.942582825613,F,50.4,17.6
6408,06/2015,905,535074.0690466216,8328.878354485538,M,32.6,15.8
6409,06/2015,37,225652.2810638185,10318.425712686818,M,43.8,12.4
6410,06/2015,501,1081614.7989165417,9041.93277591864,M,47.7,9.3
6411,06/2015,529,1361593.7186572896,8764.081139014366,M,47.5,6.1
6412,06/2015,774,4469846.784127098,12027.686150919211,M,62.2,17.0
6413,06/2015,772,620121.5082435677,7772.913658377258,M,47.7,8.2
6414,06/2015,773,625731.6322913483,8719.056745674128,M,,14.6
6415,06/2015,388,231621.89155218712,9629.868411030382,M,,1.6
6416,06/2015,194,2409025.136578987,9085.752585540553,M,65.8,18.7
6417,06/2015,778,108876.44483702938,8768.853829797488,M,62.7,4.5
6418,06/2015,830,265801.7739674553,14294.588023679291,M,49.8,5.2
6419,06/2015,655,787838.2014356526,8184.750953751525,M,51.5,7.7
6420,06/2015,461,308819.7759092018,8604.630282404605,M,64.8,2.5
6421,06/2015,927,466097.15655553405,6967.5248839224505,M,53.3,9.6
6422,06/2015,90,2889174.748222264,9357.290445655568,M,60.6,11.5
6423,06/2015,348,1946318.1982858179,8615.605962291495,M,60.8,1.0
6424,06/2015,313,503728.2068317583,7955.442190398534,M,53.1,14.1
6425,06/2015,590,614013.2959094463,8670.65567884212,M,40.8,4.2
6426,06/2015,179,731238.5365599262,9376.666463377336,,52.8,15.2
6427,06/2015,496,543727.7039439514,8915.308616875293,M,58.0,17.3
6428,06/2015,517,3035723.397973037,9166.718212446693,M,46.1,16.4
6429,06/2015,744,2072462.9090272614,12760.402327233562,M,48.2,14.3
6430,06/2015,682,207186.26825941607,11029.356051767716,M,46.5,10.8
6431,06/2015,809,475569.12622078415,9750.572776002258,M,40.3,17.8
6432,06/2015,658,497749.99265733163,9662.832056754483,M,46.5,11.6
6433,06/2015,158,2416908.075480656,8402.95227810468,M,,3.0
6434,06/2015,357,517673.8391323395,7935.584312641296,M,42.8,9.0
6435,06/2015,221,2565922.404552897,6973.720087787612,M,64.0,3.7
6436,06/2015,633,145224.664585669,7924.02245524441,F,46.4,2.6
6437,06/2015,721,680615.689233983,10197.67814108466,M,36.7,14.4
6438,06/2015,783,113157.41241276124,9859.092845272018,M,43.3,9.7
6439,06/2015,304,88455.05244182929,8149.692740228536,M,60.5,17.7
6440,06/2015,789,534855.0854612631,9172.740497866866,F,39.7,8.0
6441,06/2015,486,3233117.9192422326,8561.137460282314,M,56.4,5.1
6442,06/2015,580,422777.6172256757,7896.799914916138,M,63.8,10.4
6443,06/2015,6,2910959.6342279124,8927.59951140505,M,35.5,15.1
6444,06/2015,934,219997.16293666395,8133.935519136096,M,32.4,13.9
6445,06/2015,645,3101938.854687043,9037.141611784164,M,52.4,2.3
6446,06/2015,206,2102810.472716858,7746.586129111481,M,64.2,5.3
6447,06/2015,401,4653894.830930638,8276.809311427029,M,,13.2
6448,06/2015,826,627274.3876704179,8736.650728491115,M,33.7,5.3
6449,06/2015,83,308868.7002433807,8748.743396975608,M,65.4,8.2
6450,06/2015,183,914339.6735970519,8180.686857486247,M,41.2,14.6
6451,06/2015,42,309392.98574439756,6935.639689674056,M,56.3,13.9
6452,06/2015,722,118833.48927102116,7237.051448373408,M,45.4,18.3
6453,06/2015,503,2618778.9064665553,8037.154604202612,M,,18.0
6454,06/2015,620,2146591.7822434003,8114.016559617449,M,57.3,1.6
6455,06/2015,755,304112.98822150106,7570.7597136013765,M,53.1,14.7
6456,06/2015,873,8477569.882430024,11010.255399098141,M,33.1,16.5
6457,06/2015,781,1702224.5263561301,9869.175818689942,M,33.4,14.1
6458,06/2015,40,1996337.0646919785,8122.218050455977,M,36.4,9.0
6459,06/2015,240,324275.3385002358,8518.153456876636,M,,5.8
6460,06/2015,436,2084398.9481974624,8174.481387928853,,37.8,12.0
6461,06/2015,320,2406256.5641941177,9690.06150186678,M,43.1,14.4
6462,06/2015,723,307923.2683540803,8444.917154164268,,,3.7
6463,06/2015,947,1673225.265396194,8047.181848151576,M,41.6,14.9
6464,06/2015,168,248604.72708234674,7399.867942785849,M,60.0,11.2
6465,06/2015,259,2993059.005973256,8657.18855515273,M,60.8,2.7
6466,06/2015,913,510218.14380209264,8003.916828803122,M,53.6,9.3
6467,06/2015,985,496587.1874954131,7747.265593282542,M,51.8,15.1
6468,06/2015,539,2686130.5018613287,6878.263967847003,M,41.5,10.6
6469,06/2015,975,211859.29236705985,6469.499378378958,M,46.1,9.3
6470,06/2015,771,571473.9616866149,7399.874342565316,M,59.1,12.7
6471,06/2015,566,7539874.712965183,9390.120593164052,M,,11.7
6472,06/2015,325,1715447.8788709221,10379.22637213469,M,59.5,7.6
6473,06/2015,813,621104.5800658584,8153.021637934043,M,56.3,16.7
6474,06/2015,253,815267.223340561,8128.69809821217,F,52.5,18.0
6475,06/2015,817,707567.0093687163,9326.886523911253,M,35.7,7.4
6476,06/2015,958,175982.31968564627,7544.1653961130705,M,42.6,2.3
6477,06/2015,564,404173.5154491518,8776.386488065633,M,36.5,18.6
6478,06/2015,448,567832.4393861361,11077.452954976396,M,51.5,15.3
6479,06/2015,322,498483.43959202775,11784.836450881974,M,45.2,13.4
6480,06/2015,909,645035.0694831507,8985.490621271525,F,45.0,18.5
6481,06/2015,208,783744.0014063761,9425.290668829104,M,57.5,3.7
6482,06/2015,306,560056.574374736,11592.859265813502,M,57.0,16.2
6483,06/2015,471,200996.5052747024,6964.977471545926,M,64.4,4.4
6484,06/2015,833,3108766.9182554246,8034.491869186886,M,45.8,14.0
6485,06/2015,518,133202.84720379568,11112.8233307722,M,55.0,16.6
6486,06/2015,607,574462.7048984305,8600.215466102789,M,34.1,13.1
6487,06/2015,743,559505.1007761582,10038.061782465515,M,55.6,1.1
6488,06/2015,431,313809.1438485974,9421.360119705136,M,42.5,3.0
6489,06/2015,554,317801.58194891474,9365.919677478363,M,40.1,9.5
6490,06/2015,866,75980.64278364863,7924.105078746536,M,35.4,6.1
6491,06/2015,740,706662.083811485,10864.195672538182,M,54.5,9.9
6492,06/2015,534,1704556.3121831156,9254.286657443101,M,63.4,16.5
6493,06/2015,681,442823.05606902053,10733.383413639867,M,56.8,4.5
6494,06/2015,694,440490.92003559886,7715.678822707761,M,56.6,8.8
6495,06/2015,557,1173927.1656667304,12575.613159286937,M,61.4,16.5
6496,06/2015,204,252234.6969058687,9593.02920834717,M,54.7,9.8
6497,06/2015,275,656852.0113010381,8646.498127367531,,34.7,14.8
6498,06/2015,525,1822487.6091441195,6724.252678400381,M,39.2,9.1
6499,06/2015,33,471137.97362769535,7033.431665000999,M,55.8,15.2
6500,06/2015,18,2874723.5837546936,9798.133439341647,M,36.9,16.0
6501,06/2015,835,588174.4244845663,8684.151541099973,M,,12.8
6502,06/2015,649,498111.5721786465,7569.766704664131,F,41.6,6.4
6503,06/2015,406,5029932.261677721,9789.395624482648,,36.0,1.4
6504,06/2015,640,4361664.173207702,9230.97907451212,,64.7,9.2
6505,06/2015,79,6678829.648000216,9510.317794424176,M,41.3,4.9
6506,06/2015,942,2342184.982032354,9517.87493038346,M,50.2,14.9
6507,06/2015,895,157380.97529333545,8308.518682442498,M,33.5,17.3
6508,06/2015,766,257048.62234547047,8521.089186746547,M,62.4,7.1
6509,06/2015,51,3790239.859741496,7884.180954413622,,39.9,6.9
6510,06/2015,702,2501432.8335217563,11293.40117393483,M,57.5,12.7
6511,06/2015,332,731960.5181282749,13186.317345620853,F,55.0,18.7
6512,06/2015,314,581188.1325042513,7459.933281246887,M,49.4,4.0
6513,06/2015,118,199726.3478154465,10603.690626354246,M,39.8,9.3
6514,06/2015,445,4205356.948058073,17955.380028528583,M,59.4,18.6
6515,06/2015,906,176249.55136868413,6810.96796912779,M,57.2,5.3
6516,06/2015,555,262286.9270639628,8675.227242728726,M,62.5,3.5
6517,06/2015,105,3753253.724593195,9567.168612420111,M,48.3,2.2
6518,06/2015,879,371875.57122193795,11025.213790376365,,64.1,3.3
6519,06/2015,175,2347076.028437254,13210.60669161904,M,38.2,7.2
6520,06/2015,367,4455915.546448616,8839.286406575133,M,58.5,5.2
6521,06/2015,810,479309.78114354855,9632.149555633523,M,44.5,2.3
6522,06/2015,892,232867.52635667968,9216.653260017656,M,65.4,15.5
6523,06/2015,964,2653648.712036744,15340.697587633258,M,50.2,6.4
6524,06/2015,946,201804.98673305893,7464.508964015171,M,52.1,6.6
6525,06/2015,547,803133.0576829351,12391.471560010465,M,,7.5
6526,06/2015,999,331650.08798350283,5913.801484324324,M,45.1,14.1
6527,06/2015,953,174180.14001081462,8729.263209440993,M,47.7,14.8
6528,06/2015,202,483407.37683671917,8103.123821801231,M,57.6,4.0
6529,06/2015,345,171707.71008245143,8948.205713677533,M,40.8,12.9
6530,06/2015,718,137467.4840295706,9074.119750327916,M,65.1,1.7
6531,06/2015,276,694285.2129907778,9059.19016191583,M,45.1,18.5
6532,06/2015,768,4288968.728868239,9773.113904101452,M,63.5,6.3
6533,06/2015,411,799984.514986436,11105.627362910867,M,58.7,2.5
6534,06/2015,192,434337.7992483527,6496.630639783629,M,45.7,5.7
6535,06/2015,115,616297.2156094506,7960.752578807689,M,36.3,17.6
6536,06/2015,162,442260.75601217255,7555.541476149583,M,35.5,12.1
6537,06/2015,636,313396.48257188615,10229.616503297466,F,63.9,7.2
6538,06/2015,870,5629123.419285316,7739.221949073934,M,42.5,2.6
6539,06/2015,468,4837282.246393128,10576.661022549042,M,52.3,3.3
6540,06/2015,490,584744.5276025869,7997.6068084157,M,62.1,12.7
6541,06/2015,558,417794.1424009568,11101.736974270705,M,35.8,9.1
6542,06/2015,662,164089.7802777205,11646.024743819547,M,51.0,6.8
6543,06/2015,834,390679.5907720152,8782.874088527857,M,39.8,1.8
6544,06/2015,907,2527334.819260769,8692.182368363183,F,61.1,3.8
6545,06/2015,15,1605833.1864422578,11740.14233898755,M,35.0,4.2
6546,06/2015,588,680338.6074865097,8254.525227104185,F,47.5,14.8
6547,06/2015,859,545681.6771810969,12280.712557917755,M,44.3,4.2
6548,06/2015,109,628493.6456283345,7843.678407196346,M,45.2,7.3
6549,06/2015,369,137164.46689911457,12971.929296108436,M,36.2,8.9
6550,06/2015,188,175499.65644225405,12646.363400155888,M,33.0,18.5
6551,06/2015,166,529529.185161589,8527.836029773389,M,,1.3
6552,06/2015,180,713368.0114401738,8803.019353606294,M,48.2,10.8
6553,06/2015,986,569967.5674316689,9683.065677443718,M,34.5,8.6
6554,06/2015,438,526043.2957614633,9701.513655622784,M,37.4,7.0
6555,06/2015,120,574342.5706491291,7389.958843932527,F,49.6,7.2
6556,06/2015,414,2442564.3191961753,8227.780038762032,M,38.1,7.7
6557,06/2015,389,5522588.370613813,10038.16636527396,M,58.5,1.7
6558,06/2015,91,814907.4774952031,11350.609563216636,M,33.5,2.7
6559,06/2015,565,641730.2531108018,9941.413498501239,M,44.3,17.2
6560,06/2015,16,4684238.352345235,5667.368962953863,M,47.8,8.0
6561,06/2015,443,4561040.303438001,8531.983255674751,M,36.6,1.5
6562,06/2015,507,3471728.813139021,11222.104649095147,M,62.1,9.5
6563,06/2015,404,783099.7508126709,7372.605523235588,M,55.1,14.7
6564,06/2015,280,1055853.366475718,8201.323949831069,,60.1,2.4
6565,06/2015,654,2731129.931503987,11765.539947252999,M,55.4,9.7
6566,06/2015,376,5446463.528941095,9487.131545124319,M,37.8,6.4
6567,06/2015,169,3464206.352959734,8897.414132711367,M,60.7,18.0
6568,06/2015,931,702523.5896477281,9450.34004564601,M,62.2,15.4
6569,06/2015,664,452302.3036728811,10932.014424256095,M,45.6,17.9
6570,06/2015,272,4428249.220476804,7669.473104053905,M,41.3,10.3
6571,06/2015,667,200878.4931133166,9547.875138470987,,53.4,1.7
6572,06/2015,209,2620933.8765179664,16107.747037778467,M,47.4,11.3
6573,06/2015,687,348416.1744224775,11414.215396012625,M,43.9,9.8
6574,06/2015,893,3006218.0375050795,8385.658610965216,M,38.7,2.4
6575,06/2015,184,584020.130003637,8954.828700654638,M,46.3,14.7
6576,06/2015,711,419807.8296301087,12258.185016416628,M,51.6,17.6
6577,06/2015,543,3821859.648312069,8860.741723911893,M,59.2,12.0
6578,06/2015,864,3303527.653381508,16349.489865760681,M,35.7,8.6
6579,06/2015,995,491132.4792354354,12871.687220586411,M,,3.7
6580,06/2015,563,365098.91402230645,7723.223794869861,M,44.1,7.1
6581,06/2015,58,118863.64065455615,7964.319704794867,M,61.0,6.9
6582,06/2015,46,3236382.847568269,9316.989654859497,M,35.1,13.7
6583,06/2015,226,1122514.5406965658,9464.535235287145,M,57.1,8.2
6584,06/2015,286,233544.88837197502,9536.492032219398,M,64.2,16.9
6585,06/2015,475,186994.54082488458,8408.753637089256,M,37.6,9.6
6586,06/2015,578,653501.9102273964,8750.688698918291,M,55.7,8.8
6587,06/2015,695,544828.6458098156,7038.819007695552,M,40.3,15.1
6588,06/2015,417,343833.02931474376,9020.112626389437,M,44.2,3.6
6589,06/2015,421,1545577.121365201,8661.865393485788,M,51.3,11.2
6590,06/2015,397,447778.681561891,9858.01625306288,M,,12.9
6591,06/2015,273,3220035.743720266,10387.429165953028,M,43.7,13.2
6592,06/2015,281,218820.58546704942,9076.49595846254,M,58.1,16.5
6593,06/2015,945,3338363.3419045545,10079.50219381713,M,40.5,7.3
6594,06/2015,862,547159.8456068945,9822.510705130479,F,53.6,4.1
6595,06/2015,232,3286562.5033175037,12482.90687384531,M,44.7,13.6
6596,06/2015,550,482881.5510718604,7734.632671116781,,46.4,7.5
6597,06/2015,917,2469880.341015099,8002.241221451304,M,32.3,17.7
6598,06/2015,56,542560.6402065688,7096.427660546168,M,38.6,14.0
6599,06/2015,377,410376.41961604496,7311.2340535320045,F,57.8,4.0
6600,06/2015,143,2483712.9873774406,11926.088199021804,M,,7.3
6601,06/2015,782,417369.4183575344,7264.263246900995,M,57.1,15.8
6602,06/2015,17,452056.3167815754,9346.519785793269,M,,18.5
6603,06/2015,800,902739.622024255,12734.166632973966,M,55.4,15.0
6604,06/2015,418,563401.4160918591,6862.208215934344,M,50.6,9.8
6605,06/2015,282,179812.72570671307,7661.295118074248,M,59.1,15.3
6606,06/2015,495,3133365.533558775,11748.030752577977,M,52.5,5.5
6607,06/2015,492,198612.61654006247,8466.010310048963,M,47.2,11.8
6608,06/2015,968,3827116.5417014686,9477.273266293867,,59.5,2.6
6609,06/2015,802,561944.662922017,7735.350318849075,M,37.0,11.4
6610,06/2015,215,675306.2393806925,11030.014595849952,M,52.5,7.2
6611,06/2015,959,472214.5671387937,8786.95165770066,M,63.1,13.2
6612,06/2015,954,568098.3999881007,8993.055463639175,M,42.1,5.8
6613,06/2015,482,341945.91634724295,7944.822731641327,M,65.9,13.1
6614,06/2015,102,604004.0333170546,6770.276571417196,M,55.2,11.6
6615,06/2015,776,652744.2171286729,7763.401386580711,M,,15.6
6616,06/2015,528,523068.3757522252,11668.12403602297,M,32.7,15.5
6617,06/2015,292,503820.53577106574,9708.052759367107,M,32.6,13.2
6618,06/2015,971,303734.9150305968,7560.591659599097,M,63.5,15.5
6619,06/2015,152,2566204.4772673715,9325.29949183914,M,35.5,3.3
6620,06/2015,750,382481.67892546847,6512.267518130616,M,57.0,16.5
6621,06/2015,199,4036381.9397875904,8143.251419088722,M,49.2,13.1
6622,06/2015,154,1057673.9420556887,9488.027585012653,M,,6.9
6623,06/2015,675,817027.147512592,8862.092151409399,M,56.2,10.5
6624,06/2015,288,780308.7727325804,8655.895978200197,,47.6,18.3
6625,06/2015,523,756905.0626341554,6787.734317106065,M,32.1,1.2
6626,06/2015,688,607544.6765189879,6923.662333250957,M,41.3,4.0
6627,06/2015,360,826036.6067902729,7839.170217947016,M,49.5,12.0
6628,06/2015,960,171475.19078252808,11011.836150081932,M,55.1,9.8
6629,06/2015,368,279664.2195556478,9100.61091568795,M,53.7,14.7
6630,06/2015,456,3941480.7129607354,8367.207637071973,M,55.8,5.9
6631,06/2015,512,1327198.9238811503,7145.610853711253,,50.1,15.9
6632,06/2015,650,3342547.484232551,8530.247274462508,M,43.0,12.5
6633,06/2015,380,1596051.524341649,7452.685916436106,M,61.4,1.5
6634,06/2015,139,220067.8923839793,8916.84536130906,M,56.4,8.7
6635,06/2015,994,717629.1627031524,11310.49449279878,M,42.5,2.6
6636,06/2015,689,733667.834632846,9065.337507265667,M,63.1,2.4
6637,06/2015,243,753560.9132085221,9107.069470636077,M,38.2,16.7
6638,06/2015,148,399887.8275960115,6815.784506899323,M,64.4,9.8
6639,06/2015,252,703209.3848762254,8687.46692458515,M,40.6,14.0
6640,06/2015,265,700842.0310274425,9996.183035510992,M,39.6,3.8
6641,06/2015,362,755044.2374768949,7430.275612246569,M,39.0,3.7
6642,06/2015,336,1304547.7852531786,9510.011261299436,M,53.4,15.5
6643,06/2015,928,5783798.9606754305,12346.922540129663,M,63.0,14.1
6644,06/2015,515,3196749.713943281,7242.016165212292,M,56.7,9.7
6645,06/2015,483,259024.50049810708,8911.526201696715,M,47.0,12.5
6646,06/2015,395,2146495.5882278904,12129.45353176781,M,59.5,16.9
6647,06/2015,758,2779409.264486728,10747.800169852582,M,45.8,3.4
6648,06/2015,361,147050.14551653768,11354.717875884067,,51.1,15.4
6649,06/2015,657,3130694.4744313746,10304.064529948972,M,53.9,10.4
6650,06/2015,761,1350341.5931411122,10611.93911376225,M,33.4,8.7
6651,06/2015,881,502766.5772021124,10169.477155705807,M,53.5,2.0
6652,06/2015,197,493486.8444430385,8044.756811702456,M,44.6,12.9
6653,06/2015,290,891911.1784366436,10788.026351512468,M,37.7,4.3
6654,06/2015,742,4384552.039185046,11328.471180916988,M,47.7,1.4
6655,06/2015,848,599090.5675196961,19160.37476562865,M,58.3,10.1
6656,06/2015,820,804255.078825064,9157.802473620717,M,32.4,14.0
6657,06/2015,122,881184.1545808107,9452.347380950654,M,42.0,5.7
6658,06/2015,340,368861.7868163222,11238.915942322372,,43.5,6.5
6659,06/2015,714,274280.52133135754,7508.6271829425905,M,39.5,9.7
6660,06/2015,699,887401.81810143,8639.877128609858,M,38.8,17.8
6661,06/2015,825,388647.40243824176,7524.850149829344,M,39.7,5.7
6662,06/2015,717,621871.0341154336,9212.593272182565,M,51.8,18.7
6663,06/2015,318,553454.9686188301,7564.823572280224,M,60.5,9.5
6664,06/2015,104,533791.3065474399,7671.300814567268,,57.0,5.7
6665,06/2015,816,794782.4822833013,8238.495045058326,M,32.0,1.0
6666,06/2015,296,210518.37587085465,9878.822707873882,M,42.2,11.1
6667,06/2015,696,1180186.2478863073,6830.262953308297,M,41.1,14.7
6668,06/2015,27,608052.3460925634,7943.660658296768,M,54.4,12.8
6669,06/2015,22,372111.1263986205,8340.199653184318,M,50.2,13.8
6670,06/2015,785,294568.13355677645,9444.820510462436,M,,14.7
6671,06/2015,256,397963.750779293,9036.252698909168,M,,8.8
6672,06/2015,75,215700.75820150075,9525.081249525709,M,47.3,6.5
6673,06/2015,5,873155.2150232076,11099.38126504555,M,39.8,4.7
6674,06/2015,217,2301259.14665517,10121.274195779512,M,64.4,14.8
6675,06/2015,869,2770187.3238944313,8644.715897976832,M,38.4,13.3
6676,06/2015,385,3418170.576444546,9615.127984448287,M,44.9,9.4
6677,06/2015,941,3338227.789738231,9098.259298935387,M,35.0,2.8
6678,06/2015,712,1589994.7081298428,8903.875687971704,F,,13.8
6679,06/2015,939,322986.10540115536,6905.603860817348,M,49.5,2.4
6680,06/2015,710,256659.5936619191,6934.678663406497,M,57.4,7.4
6681,06/2015,34,289590.4914880687,12876.790073735836,M,,18.6
6682,06/2015,559,109620.81945975403,7240.14756499935,F,62.8,4.7
6683,06/2015,463,591547.6942509968,9135.029364523207,M,48.9,10.3
6684,06/2015,605,395051.1121329997,10057.6840266768,F,63.6,5.9
6685,06/2015,424,255001.23283940039,5946.732061441995,M,49.8,3.8
6686,06/2015,851,3027162.920848346,9061.42498319828,M,43.5,2.4
6687,06/2015,444,140625.87206821662,7527.6927782964385,M,45.4,4.1
6688,06/2015,790,3737864.4156474583,8581.434502713842,M,37.6,5.0
6689,06/2015,106,163536.42810207917,7748.144682670273,M,42.4,1.2
6690,06/2015,455,3406991.4234507605,8254.253261198266,M,,3.9
6691,06/2015,223,3073014.121295752,7475.4302767220115,,53.2,5.2
6692,06/2015,242,665228.2630935834,6681.64097088315,F,46.1,14.5
6693,06/2015,77,826596.5780377283,11010.094103924252,M,63.4,8.9
6694,06/2015,961,2684200.733879587,7222.551731227387,M,62.4,6.9
6695,06/2015,416,1027351.1327559194,12517.17435002742,M,50.8,16.2
6696,06/2015,506,484912.6532578257,10040.25462544369,M,38.7,5.6
6697,06/2015,287,2113163.8377010287,9852.20337873107,M,40.1,15.2
6698,06/2015,52,1584826.3064712351,9346.79966179656,M,55.3,5.2
6699,06/2015,132,311515.2022542531,8709.710440525243,M,60.6,17.3
6700,06/2015,319,2655802.392603273,9410.987220437952,M,42.7,9.7
6701,06/2015,871,1151608.1904413998,11261.700920955573,M,,7.2
6702,06/2015,213,394131.54188755254,6841.895270407426,M,40.4,15.2
6703,06/2015,846,105527.03250021425,7608.427341029957,M,33.1,17.2
6704,06/2015,351,131775.9246604549,6916.33968933279,M,53.7,7.8
6705,06/2015,324,129185.59331305597,8953.397808933894,M,54.6,9.8
6706,06/2015,173,127441.86361239997,10098.153693350645,M,46.9,9.3
6707,06/2015,88,520168.6470597296,8853.143225650056,M,43.9,18.0
6708,06/2015,347,2032200.6417243509,8184.912783501996,M,,15.2
6709,06/2015,513,3493051.5392498835,9847.370693638344,M,42.2,14.3
6710,06/2015,487,473077.49868247885,9985.64471390036,M,32.3,14.8
6711,06/2015,295,2101242.9081953303,7369.530918959781,M,46.5,8.4
6712,06/2015,430,979629.2558056787,8933.52503428351,M,,11.6
6713,06/2015,437,3191099.4707193887,9427.211242039752,M,35.0,9.8
6714,06/2015,644,458510.5441740114,7873.50503673774,M,60.0,5.4
6715,06/2015,803,625904.4255040094,11493.336888511614,M,39.6,13.8
6716,06/2015,2,444052.7865388863,9725.471346083768,M,65.5,1.0
6717,06/2015,932,4142506.4483315814,9072.29694432185,,37.4,12.0
6718,06/2015,843,392718.0675283129,9123.482800466512,F,40.4,15.0
6719,06/2015,138,862793.0938954643,7672.449141883296,M,34.5,5.5
6720,06/2015,356,2702301.21916118,9769.932687963397,M,51.3,12.6
6721,06/2015,466,448995.7651862912,8137.119508916831,M,51.7,13.4
6722,06/2015,729,329149.56938765943,8310.798485631776,M,59.3,9.7
6723,06/2015,535,122841.84533964489,7657.829145457446,M,62.7,2.9
6724,06/2015,715,3978143.6152454037,7852.051083907776,M,51.8,5.3
6725,06/2015,70,2224291.241318843,7202.961525760694,F,59.0,4.7
6726,06/2015,485,129257.30382484407,9925.998985448432,M,56.3,15.4
6727,06/2015,128,5280028.052735993,10666.51454914806,M,52.0,5.9
6728,06/2015,587,1703820.6893018696,11211.421815698048,M,51.7,9.9
6729,06/2015,142,129975.45534162813,9886.697713949163,,37.3,14.2
6730,06/2015,938,185486.88147608985,9441.810198980098,M,64.5,16.4
6731,06/2015,725,703798.2140433781,10083.705270645474,M,39.8,3.3
6732,06/2015,801,781279.4315887977,9273.330495584301,M,42.7,11.4
6733,06/2015,653,10520611.642989457,7227.9438357327235,M,57.7,13.8
6734,06/2015,921,484138.7453480071,7139.078725855991,M,55.5,17.4
6735,06/2015,98,1711161.4629020046,8021.007568949105,M,39.4,10.5
6736,06/2015,608,515961.724764297,10044.816123443696,M,63.9,13.4
6737,06/2015,576,5919015.999946873,8403.839218372288,M,64.1,4.1
6738,06/2015,936,246458.01314942644,10422.168419056048,M,55.8,11.4
6739,06/2015,301,6563978.078262777,8987.242959855892,,33.7,2.0
6740,06/2015,266,2814459.844884573,11548.473014136802,M,36.1,1.4
6741,06/2015,499,3101000.682744682,9392.033169009068,M,32.6,1.0
6742,06/2015,133,2342384.9318882525,8256.306845597366,M,43.3,13.8
6743,06/2015,989,627832.9007906041,11189.317429187922,M,,6.4
6744,06/2015,619,1212252.2924298698,13498.313982449581,M,55.2,4.2
6745,06/2015,136,187651.4530334344,9850.831511999733,M,58.5,1.0
6746,06/2015,277,1201105.1876533262,11583.526199568902,M,33.1,12.5
6747,06/2015,267,923945.2720373688,11110.686239189377,M,52.8,4.8
6748,06/2015,749,363143.36873985373,7954.777701266024,M,40.0,12.2
6749,06/2015,254,2577349.1223306158,7079.33337843658,M,57.0,18.2
6750,06/2015,630,409812.73941277777,11498.427023278498,M,45.0,17.3
6751,06/2015,339,2039378.9705238584,10323.303510285354,M,41.1,18.1
6752,06/2015,203,5693749.920635342,13984.495499771194,M,59.0,16.3
6753,06/2015,107,692011.1421465081,6206.000291367867,M,49.9,10.0
6754,06/2015,24,90366.60382109809,8754.592933859221,M,33.6,12.8
6755,06/2015,668,728353.6384772537,8850.411210535298,M,,14.9
6756,06/2015,837,4944834.200720786,8317.08276165477,M,36.8,12.8
6757,06/2015,392,404281.7404008247,10181.348469655797,,33.3,4.8
6758,06/2015,330,1028112.3077718386,10948.931812806002,M,,2.2
6759,06/2015,151,2003486.350620994,8615.171561454872,M,48.4,18.7
6760,06/2015,856,610294.5712442704,8522.970705892827,M,53.8,16.7
6761,06/2015,976,765404.1429207585,8798.869135686675,M,57.8,1.9
6762,06/2015,831,3621360.0378328133,7321.98102269303,M,54.2,8.5
6763,06/2015,991,559984.9602290345,8321.170407585676,M,35.2,11.1
6764,06/2015,201,3548780.1649479535,9368.33100673221,M,57.3,6.1
6765,06/2015,788,750544.8005143517,11914.42210559215,M,32.6,18.3
6766,06/2015,1,371445.19017174037,9051.684642591717,F,43.8,1.4
6767,06/2015,103,436284.29291196476,7193.322970972213,M,64.3,11.8
6768,06/2015,53,5321499.138396795,9586.957014783666,M,56.0,7.9
6769,06/2015,241,345146.4969419649,8389.567012567899,M,36.5,11.2
6770,06/2015,346,309326.5700885466,10333.35239747912,M,49.3,16.0
6771,06/2015,450,1595505.6376022515,11996.126041048943,M,57.8,13.3
6772,06/2015,628,214721.55418606562,7150.604403238053,M,61.0,15.2
6773,06/2015,700,309488.265053373,10169.518520923308,M,51.2,10.6
6774,06/2015,4,705892.7526066415,10669.53276557156,M,59.6,11.7
6775,06/2015,334,394977.59159125393,7807.338320293252,M,56.3,7.2
6776,06/2015,641,950206.9136649614,11215.34354165806,M,33.8,11.0
6777,06/2015,794,252662.41279653442,8839.657267832396,M,34.9,12.3
6778,06/2015,390,370492.0046936082,7929.6785727218175,M,54.7,12.7
6779,06/2015,141,105924.03717997775,10158.027615361661,M,44.7,8.8
6780,06/2015,980,183024.95750299204,8378.211307093907,M,36.0,2.1
6781,06/2015,734,559027.3932109242,7531.580010519311,M,47.7,11.6
6782,06/2015,342,94698.96834886035,7651.7007502789,M,43.7,4.9
6783,06/2015,370,2858907.9974096706,11754.513649588578,M,46.2,1.9
6784,06/2015,480,635072.5373399139,11473.800000953643,M,38.6,11.5
6785,06/2015,902,407935.8134394875,8370.58552364222,M,63.6,5.8
6786,06/2015,477,650899.7821573103,9221.708337446036,M,46.4,8.8
6787,06/2015,193,774093.5837966545,8494.527291793078,M,52.8,16.4
6788,06/2015,476,3013934.7873263964,9986.268464772049,M,,18.3
6789,06/2015,537,3157902.117744725,9437.947258391796,M,37.2,2.5
6790,06/2015,591,3510651.4505203003,7936.61846953297,M,56.1,9.5
6791,06/2015,189,2430746.8639076613,9028.76469725184,M,41.9,5.9
6792,06/2015,596,429805.5911769929,12164.226303957832,M,56.2,13.7
6793,06/2015,235,263065.9599526063,10253.60671916828,M,37.4,9.0
6794,06/2015,520,424006.5224269817,6978.516724341856,M,54.7,8.8
6795,06/2015,677,577640.3342182299,7081.98949631651,M,58.8,14.4
6796,06/2015,704,4462613.120672979,9578.709357334083,F,57.6,7.7
6797,06/2015,355,711962.0525510121,9512.199310914175,M,50.0,3.0
6798,06/2015,247,545761.2219698238,8206.835369065057,M,53.5,2.0
6799,06/2015,207,3636460.220185654,9710.15008534827,M,47.8,3.5
6800,06/2015,990,4066372.6680839458,14124.265010548215,M,36.3,4.7
6801,06/2015,41,1517847.7824536965,9308.584482318704,M,36.9,10.0
6802,06/2015,678,2740264.837240996,10247.734506782652,M,55.7,7.7
6803,06/2015,663,479345.6106251161,6206.150424698913,M,56.7,12.1
6804,06/2015,28,2030014.3614048366,8151.714851152963,M,65.2,4.4
6805,06/2015,672,389829.1864180254,10347.6256861983,M,53.2,13.5
6806,06/2015,393,161135.80376342143,8392.288522849538,M,33.5,7.3
6807,06/2015,615,347046.70152812265,7949.960736002248,M,51.3,2.9
6808,06/2015,923,709916.8505812194,8075.4592638748245,M,32.0,7.7
6809,06/2015,544,85134.64193600295,6920.733757661105,M,39.6,13.0
6810,06/2015,364,416004.6993186461,8863.84085027065,M,41.0,9.2
6811,06/2015,573,496523.17290348746,10614.911818691355,M,60.9,6.4
6812,06/2015,125,470462.5813344189,8186.158799585514,M,37.2,9.2
6813,06/2015,949,923707.689349139,7058.251700985814,M,36.4,12.6
6814,06/2015,510,2959897.9794900976,11478.874324302069,M,55.0,12.2
6815,06/2015,878,452312.98670455196,9713.620494749133,M,36.2,5.5
6816,06/2015,992,3009736.128720114,8924.346181061379,M,36.1,17.3
6817,06/2015,8,788645.8652350416,8379.94163810394,M,39.7,13.2
6818,06/2015,984,2339675.487843469,10348.892554572569,M,42.3,10.7
6819,06/2015,763,3808246.3200426437,9885.079394329936,M,37.4,6.6
6820,06/2015,973,117496.10516488527,7181.32068035139,M,39.5,15.8
6821,06/2015,25,800141.9885363962,7293.042017160143,M,34.8,14.6
6822,06/2015,541,282910.3164539452,6590.677806719205,M,48.7,8.1
6823,06/2015,757,5096997.217166226,8384.384582951398,M,,13.5
6824,06/2015,374,1019182.2275810845,9811.184282696418,,39.7,13.9
6825,06/2015,64,3675669.4700663076,10212.59859098814,M,46.0,5.6
6826,06/2015,500,188866.05824850945,7974.099802442424,F,46.2,13.5
6827,06/2015,647,2126155.284631159,7947.883234793362,F,63.4,11.7
6828,06/2015,614,455397.05808491237,8079.517860168717,M,59.8,17.8
6829,06/2015,21,2856186.008481046,7982.376558582367,M,32.8,7.5
6830,06/2015,13,353525.15827543027,8595.315056047626,M,43.1,15.2
6831,06/2015,639,2787415.4652536334,11972.567839365835,M,50.0,9.2
6832,06/2015,868,394906.78854385624,9333.640036967761,M,32.5,7.3
6833,06/2015,805,903318.1902820716,8838.649401613959,M,40.7,10.5
6834,06/2015,891,136087.76677035907,10401.277389891635,M,56.5,13.8
6835,06/2015,561,301664.6828037173,9529.665978667257,,44.2,6.2
6836,06/2015,709,331683.2115069681,8080.234665435291,M,38.7,12.6
6837,06/2015,429,1004429.3690256898,8851.368841420623,M,46.7,4.7
6838,06/2015,720,444977.38846108754,9425.155133092505,M,64.6,15.1
6839,06/2015,187,1725276.0827716137,9008.177863259065,M,48.7,17.0
6840,06/2015,457,2251715.5757802026,9393.582973736859,M,63.5,10.5
6841,06/2015,844,512908.3245814549,8748.413146880344,M,47.4,2.4
6842,06/2015,552,625739.9345052586,8669.461876538622,M,61.3,7.3
6843,06/2015,498,4595979.852440605,9689.89735640859,M,49.2,15.3
6844,06/2015,230,486478.03984416445,9429.009226621616,M,38.2,5.1
6845,06/2015,131,616395.3391523284,8160.696427646045,M,35.1,16.0
6846,06/2015,268,1399677.5173321795,9192.887645910701,M,41.2,11.2
6847,06/2015,634,4569599.29132706,9091.425182091327,M,46.8,4.5
6848,06/2015,930,2821308.946676237,8613.398792437652,M,54.4,16.9
6849,06/2015,730,608567.5488519642,10884.17903012698,M,60.7,1.5
6850,06/2015,386,2536134.079686014,8607.407796519166,M,37.5,12.8
6851,06/2015,897,2281650.6970321513,8602.619054027276,M,43.3,2.5
6852,06/2015,604,398691.66289170383,9682.66041151204,M,59.8,7.6
6853,06/2015,850,356148.1589696532,13312.629929155539,M,39.4,1.4
6854,06/2015,626,357655.6281169636,13021.513525466307,M,51.8,18.1
6855,06/2015,163,1159823.4415054934,8856.701235852324,M,58.5,9.1
6856,06/2015,82,516007.3211546915,7617.589615618351,M,61.7,4.0
6857,06/2015,36,4143500.767335151,9520.114558961332,M,37.4,16.3
6858,06/2015,977,681464.8933249047,11681.846504611296,M,56.2,3.7
6859,06/2015,123,199051.00030099528,8329.34163742686,M,65.3,11.5
6860,06/2015,92,563507.6578261271,14242.533464777298,M,41.4,15.1
6861,06/2015,26,429266.40675559326,9913.27408902724,F,47.5,2.7
6862,06/2015,251,427283.95235037565,6620.9777543179625,M,43.0,11.9
6863,06/2015,598,6305522.576055596,8276.7887163113,M,51.3,9.4
6864,06/2015,524,3985096.953356596,7836.916397161183,F,39.5,18.5
6865,06/2015,726,421631.11293369025,11655.761666487902,M,58.1,4.5
6866,06/2015,263,387258.66889845295,8747.923669814072,M,52.2,12.2
6867,06/2015,365,219204.09004190916,11801.599812653936,M,37.6,5.3
6868,06/2015,44,298962.61025115475,10267.840735749087,M,61.5,8.9
6869,06/2015,530,125643.70062524619,7111.309455977435,,47.1,6.9
6870,06/2015,838,446155.1180199463,5825.019097687935,M,,17.2
6871,06/2015,311,341044.23644851474,6742.709044751764,,32.1,9.4
6872,06/2015,447,701116.246866621,7064.716991621028,M,65.5,12.1
6873,06/2015,993,3808513.3797558364,9869.285626854113,M,35.0,2.9
6874,06/2015,315,389784.776062039,9968.735036697779,M,61.1,8.7
6875,06/2015,20,7260097.491723813,11214.0698110976,M,52.1,18.1
6876,06/2015,618,232822.90278295358,8007.619133105392,M,63.9,9.0
6877,06/2015,43,325987.0663802128,8520.128568083242,M,57.3,1.2
6878,06/2015,190,158569.68617759596,8441.787258394188,M,57.5,14.1
6879,06/2015,659,452335.9155983851,9751.918798103068,M,65.4,14.7
6880,06/2015,47,413367.06050420343,7555.856499480417,M,40.7,5.3
6881,06/2015,987,253202.6430336862,9025.42504497459,M,32.4,13.8
6882,06/2015,71,376292.62067390647,11671.623159888732,M,39.0,1.0
6883,06/2015,198,709727.8409235972,8778.138028669919,M,41.1,16.6
6884,06/2015,473,573528.0832088802,10128.140730892863,M,59.5,14.6
6885,06/2015,338,667994.8665646795,9213.084433656511,M,42.2,4.3
6886,06/2015,440,2634073.0219017155,8437.2055371596,F,39.6,4.4
6887,06/2015,246,854473.8765675267,13050.236908628262,M,57.2,15.1
6888,06/2015,116,2339238.377224359,8640.126480150626,M,42.2,10.6
6889,06/2015,849,781886.7429682048,12465.028017558128,M,65.4,12.1
6890,06/2015,900,542954.8379032431,8794.445959981376,M,41.5,9.4
6891,06/2015,359,431531.98769059195,7949.688321358409,M,47.7,7.9
6892,06/2015,299,2470352.6605480895,8799.66515279241,M,50.1,2.0
6893,06/2015,7,2306734.9732860285,9358.27348270537,M,40.8,14.1
6894,06/2015,297,3038799.7976003513,9976.782989674777,M,53.7,1.0
6895,06/2015,822,2998295.686967093,11802.62437638087,,54.0,2.9
6896,06/2015,648,298158.35535858973,9323.275983539952,M,49.6,4.4
6897,06/2015,294,1889725.65781922,7469.435024945475,M,59.6,4.9
6898,06/2015,491,983040.9960111624,7477.578322688136,M,61.1,3.2
6899,06/2015,568,225598.2055750521,8379.633791527069,M,,16.5
6900,06/2015,584,1114563.1803068698,9527.950613782092,M,43.3,14.9
6901,06/2015,690,3078748.4338457133,9507.986034223042,M,,8.8
6902,06/2015,291,413337.62135440717,9399.23348622721,M,33.2,5.4
6903,06/2015,49,393660.0231376138,8253.631892057325,M,45.1,3.0
6904,06/2015,585,1618131.2451693926,12500.741497855875,M,37.9,11.3
6905,06/2015,606,3261471.043372988,8893.720077448415,M,51.5,15.1
6906,06/2015,693,297198.8270882204,9071.037188585757,,53.1,9.9
6907,06/2015,944,671532.1583430639,9909.517874679646,M,49.4,14.1
6908,06/2015,793,528198.0320174299,8417.760139460544,M,35.0,12.5
6909,06/2015,425,516629.29282767395,9437.437633847285,M,,17.9
6910,06/2015,683,313137.2344756173,9330.161538744815,,54.5,3.6
6911,06/2015,656,3577814.6896933923,11788.792833851057,M,56.4,17.8
6912,06/2015,488,1585194.6643766307,10220.581049506818,M,32.4,5.8
6913,06/2015,61,4460590.826539676,11518.503620994461,M,34.1,16.4
6914,06/2015,904,568925.320082156,12298.292091850431,M,,4.0
6915,06/2015,378,749658.6735167233,9507.416012961787,,36.7,3.5
6916,06/2015,269,1030578.6324947211,10419.834712301224,M,39.7,8.1
6917,06/2015,889,718063.5639629378,8348.077056615519,,55.5,2.0
6918,06/2015,481,990308.4585951576,9705.463574937065,F,51.5,17.1
6919,06/2015,344,824184.0603144965,7907.7253083371415,M,51.0,11.8
6920,06/2015,99,2840180.0393244475,7586.173042507241,M,55.3,5.7
6921,06/2015,832,2817355.3265944943,17452.320388480694,M,,13.3
6922,06/2015,127,3758477.929501175,13699.182025028209,M,55.8,11.8
6923,06/2015,617,362223.45984705136,7600.16402811938,M,38.2,17.4
6924,06/2015,770,684946.8005057863,7902.915812512797,M,56.6,15.9
6925,06/2015,484,1086289.9525197425,9707.078026926865,M,36.2,4.1
6926,06/2015,341,641854.2418269779,9673.246339826821,F,63.1,16.9
6927,06/2015,982,484952.9137969942,13775.94076647916,M,,9.4
6928,06/2015,212,268205.36310002854,8485.23036589175,M,46.4,1.6
6929,06/2015,589,380433.94670815615,10186.464274919741,M,40.7,6.4
6930,06/2015,797,557025.2587186014,11027.141480226363,M,44.6,5.9
6931,06/2015,753,626245.794088176,9134.442195349086,M,32.8,12.8
6932,06/2015,227,614873.4811085591,10685.439274830956,M,,16.2
6933,06/2015,86,2154215.500709814,9060.808281221813,,,5.4
6934,06/2015,680,274768.08024919656,8302.79111148943,M,61.1,18.9
6935,06/2015,195,203485.28235640953,9113.072444342615,,54.1,8.8
6936,06/2015,595,978506.4495081557,10388.386598807207,M,45.4,7.1
6937,06/2015,854,507509.9813866229,8564.108647198715,M,44.2,18.7
6938,06/2015,828,391597.6457222278,11747.997901942766,,50.6,1.1
6939,06/2015,261,2400990.6448906837,10718.630494581068,M,36.4,18.5
6940,06/2015,603,474904.662186106,7961.293502729725,M,34.9,10.7
6941,06/2015,379,1691885.8630049103,7872.467238602351,M,65.1,12.4
6942,06/2015,888,1169828.909731131,8093.451265522012,M,,4.0
6943,06/2015,741,1215351.3248420062,12036.406506128376,M,42.4,11.2
6944,06/2015,60,669917.5914332671,8167.041059292433,M,53.4,11.0
6945,06/2015,955,179143.56026358088,8529.733838996932,M,35.8,8.5
6946,06/2015,62,16519654.808480192,13009.727535509588,M,34.0,4.3
6947,06/2015,638,347278.3526602202,6698.462895764119,M,62.7,9.4
6948,06/2015,697,2574152.895847957,10071.612568057653,M,35.0,15.2
6949,06/2015,147,401254.1449514861,9409.03671558005,M,53.7,14.7
6950,06/2015,637,2241198.0381319323,11567.587327291694,M,63.3,3.0
6951,06/2015,799,511691.09373080195,9010.555330956517,M,45.3,1.1
6952,06/2015,178,122825.45524616801,12636.485390687745,M,49.0,7.8
6953,06/2015,806,106176.50102037462,11111.347158289274,M,50.3,7.6
6954,06/2015,300,2777565.1006751917,12647.074758153,M,35.9,9.5
6955,06/2015,998,3558355.91463235,8428.754214774048,M,32.1,1.4
6956,06/2015,337,926365.2431286451,14944.351666296852,M,36.0,9.4
6957,06/2015,549,446681.3889318015,9402.986661925761,M,55.1,16.4
6958,06/2015,767,207480.99369180642,10062.089066780098,M,56.5,1.2
6959,06/2015,157,782544.3969681972,8317.9666254353,M,56.8,16.2
6960,06/2015,540,2259141.723231365,8814.548627322687,M,41.6,6.5
6961,06/2015,108,1505512.1906578464,10504.499939884883,M,51.2,2.9
6962,06/2015,352,128903.31806415232,7786.556891840435,M,58.1,9.3
6963,06/2015,847,2133982.04769603,7532.778010180791,M,51.0,5.2
6964,06/2015,479,1273994.3524493685,8214.633222206274,M,54.6,1.0
6965,06/2015,622,2431851.0106648984,9261.32814696071,M,53.2,7.6
6966,06/2015,937,185932.77227673525,7595.081507590452,M,54.9,11.5
6967,06/2015,775,5060848.224738177,11038.913880337212,M,50.4,9.8
6968,06/2015,623,1644832.3245235567,12233.476147927855,,,14.4
6969,06/2015,87,294888.7732608872,7296.817403064658,M,48.0,15.4
6970,06/2015,80,376771.12273909757,8379.317176809654,M,57.8,17.5
6971,06/2015,434,584619.3129356253,7889.120761005961,M,36.5,7.7
6972,06/2015,210,720113.8575051676,8675.966605523743,M,37.0,1.9
6973,06/2015,860,798652.5295441467,7486.463122696589,M,38.0,16.8
6974,06/2015,220,4191619.147733059,9019.415238339308,M,32.1,7.3
6975,06/2015,769,1112448.8388254263,6601.212276785913,,58.8,18.9
6976,06/2015,692,138903.13524076174,9363.348250116169,M,42.4,2.3
6977,06/2015,546,1588294.050904277,13161.310012433974,M,55.6,13.5
6978,06/2015,777,297715.1830204767,8711.505829271595,M,59.2,16.0
6979,06/2015,581,370965.7269771911,11550.36060163511,M,35.5,18.5
6980,06/2015,452,134064.49487883382,7729.512191788462,M,53.3,4.4
6981,06/2015,511,376231.44598339236,7715.361691414022,M,35.2,10.9
6982,06/2015,214,1458059.62708348,9630.549555389736,M,,5.9
6983,06/2015,234,426908.96721955156,9817.212863136763,M,42.7,6.2
6984,06/2015,853,438670.23375779996,8246.543393101065,M,42.5,2.3
6985,06/2015,551,2546783.638431153,11166.013826404771,M,,4.3
6986,06/2015,505,4513673.916416045,11616.251192337812,M,33.7,2.5
6987,06/2015,508,161751.05423590532,8795.48465324998,M,54.1,8.3
6988,06/2015,795,809573.6047680716,7435.889293763816,M,50.4,8.6
6989,06/2015,317,342841.075874347,10338.969908433408,M,33.3,2.7
6990,06/2015,792,3066897.1065926445,8209.251052880913,M,,8.7
6991,06/2015,974,862544.8706969514,9118.385099014933,M,34.8,8.2
6992,06/2015,117,793988.4635556447,8898.378258167815,M,59.4,17.1
6993,06/2015,410,3821631.3851263965,7044.0688951252105,M,38.0,17.4
6994,06/2015,182,100582.074573053,8855.015622355639,M,40.0,14.4
6995,06/2015,119,502039.30622509046,7846.516404658775,M,65.9,15.4
6996,06/2015,236,2778598.799107542,6539.200151357637,M,42.3,6.7
6997,06/2015,449,176066.6951310417,7427.755138677142,M,38.4,18.7
6998,06/2015,494,556481.213324012,8553.917906753855,M,48.7,7.9
6999,06/2015,609,380454.0227346846,9133.133339075885,M,,4.6
7000,03/2015,943,629899.7821965647,7875.131500145043,F,58.4,0.6
7001,03/2015,966,451167.9844792158,8973.082017723813,M,46.8,0.1
7002,03/2015,250,627163.2510096183,8442.129400668293,M,32.0,0.1
7003,03/2015,156,2251706.832164199,11108.4121302191,,64.8,0.7
7004,03/2015,67,554033.2743005326,10760.59101074272,M,60.7,0.4
7005,03/2015,684,2375886.815105199,9024.94212852887,M,,0.5
7006,03/2015,527,465912.18763188215,8068.726769240415,M,,0.4
7007,03/2015,556,431932.9290532542,12912.082417521695,M,50.7,0.8
7008,03/2015,446,2430052.1845592177,10220.324896757369,M,49.5,0.1
7009,03/2015,841,765700.3139003222,9513.608328810398,M,48.2,0.7
7010,03/2015,126,322800.6949346989,7695.848004763807,M,53.2,0.7
7011,03/2015,910,2628178.574156627,8376.68648722964,M,58.2,0.6
7012,03/2015,112,332618.6219377615,7886.092661847222,M,54.7,0.9
7013,03/2015,191,104237.77715263836,9225.938208739197,M,50.4,0.1
7014,03/2015,739,264573.8831814754,8568.384693436481,M,37.6,0.6
7015,03/2015,579,118724.46573912316,9509.782380547575,M,41.3,0.3
7016,03/2015,111,1850134.6280460118,8334.09998474754,M,45.4,0.8
7017,03/2015,285,115170.22001423164,9091.949981239599,M,47.3,1.0
7018,03/2015,796,331561.23515677935,6930.413470362884,M,59.2,0.3
7019,03/2015,310,170649.6872730255,6913.319393112494,M,42.2,0.8
7020,03/2015,458,679865.586203188,9999.170000787635,M,39.7,0.2
7021,03/2015,884,850347.9731715472,9986.634316634178,M,64.1,0.6
7022,03/2015,335,1825392.3366576103,8599.559679556845,M,47.0,0.8
7023,03/2015,521,462959.850614281,8259.207385967477,M,56.1,0.8
7024,03/2015,887,336728.68903932883,9113.855102980197,M,,0.0
7025,03/2015,601,529738.6835865534,7945.136007324269,M,39.8,0.2
7026,03/2015,11,4274771.260063684,8353.99150601891,M,39.1,0.6
7027,03/2015,624,140293.733377151,9986.289373818488,M,52.8,0.7
7028,03/2015,737,801617.3474228575,8079.6604832908,M,58.1,0.3
7029,03/2015,823,761353.7965335677,8790.546593073208,M,50.6,0.3
7030,03/2015,752,1479209.63178896,8895.247354499923,M,63.6,0.4
7031,03/2015,732,2628076.7284881934,11134.202991173519,M,54.1,0.5
7032,03/2015,493,336274.76542744786,9050.65294197992,M,61.1,0.2
7033,03/2015,159,2845833.8995916503,12508.562647144412,M,48.4,0.6
7034,03/2015,225,488098.8563888104,6925.598404121945,M,,0.6
7035,03/2015,784,2551642.687818882,9940.391251564042,M,54.3,0.2
7036,03/2015,171,538793.2223206777,8231.629596960101,M,49.4,0.4
7037,03/2015,460,413489.35263786395,8481.390935851441,F,33.0,0.3
7038,03/2015,408,301140.631559033,8784.943984741782,M,65.0,0.9
7039,03/2015,239,1556283.308272343,12131.81277257671,M,60.4,1.0
7040,03/2015,812,292022.2844336755,7149.459865855733,M,54.7,0.9
7041,03/2015,896,809016.6472401993,10721.03870679769,M,58.5,0.0
7042,03/2015,354,1830236.2911963954,9389.717298257658,M,65.2,0.4
7043,03/2015,574,101465.52956466224,7778.734469628436,M,60.7,0.3
7044,03/2015,186,511950.6879453551,10390.947080738453,M,65.7,0.6
7045,03/2015,381,162601.222565762,7995.148584442241,M,44.0,0.1
7046,03/2015,898,4148258.194999474,8737.224714362223,M,46.5,0.0
7047,03/2015,405,128760.6854461808,8390.195313051529,M,32.2,0.1
7048,03/2015,439,2521377.3259996353,7553.641045523468,M,65.2,0.3
7049,03/2015,532,611474.6220640882,10185.344412390123,M,38.2,0.5
7050,03/2015,665,281031.0730897911,8563.923813545623,M,,0.6
7051,03/2015,962,587592.6187907584,9787.521671820252,,53.5,0.8
7052,03/2015,303,394222.37044041033,8268.417810847117,M,37.0,0.6
7053,03/2015,996,3374507.758885423,9295.802874523193,M,41.0,0.5
7054,03/2015,836,80113.87178835066,8531.96500943113,,55.4,0.2
7055,03/2015,840,290935.75336097967,10441.853582256283,M,35.8,0.3
7056,03/2015,459,299731.66448315687,8958.930061477684,M,36.2,0.4
7057,03/2015,611,543020.0271501986,10902.787789025897,M,62.4,0.4
7058,03/2015,467,903633.551551597,8404.75410096534,M,,0.5
7059,03/2015,786,3437439.2605096507,9249.000836758494,M,46.5,0.0
7060,03/2015,23,250939.96879062627,6752.736332866703,M,51.4,0.9
7061,03/2015,302,611281.7418076884,9354.133627196517,M,47.2,0.2
7062,03/2015,289,79469.7124747998,6962.2657719248,M,39.5,0.5
7063,03/2015,155,95205.21838582857,7879.544298479059,M,57.3,0.4
7064,03/2015,327,527426.3209595354,8199.004666562163,M,51.8,0.8
7065,03/2015,114,4333862.611745353,8554.920064181959,M,61.1,0.9
7066,03/2015,756,109545.85933358148,9751.52442469733,,54.8,0.3
7067,03/2015,880,3399405.3800523514,10367.653169882116,M,45.6,0.6
7068,03/2015,660,148536.2470556143,10605.146082226078,M,56.5,0.9
7069,03/2015,454,306592.94811436196,10519.344563590308,M,40.2,0.2
7070,03/2015,969,377973.60399911803,11989.559691300194,F,62.8,0.7
7071,03/2015,176,359352.7581503449,11634.266261556662,M,35.8,0.9
7072,03/2015,432,635544.8798249552,10480.54802281575,M,47.3,0.9
7073,03/2015,531,3660617.961780794,9540.108636973175,M,46.6,0.9
7074,03/2015,101,291680.87703563843,8065.150590668256,M,,0.9
7075,03/2015,738,3651558.0294643356,11700.929192119687,M,36.7,0.3
7076,03/2015,271,3048346.390773684,9178.62833684663,M,64.8,0.4
7077,03/2015,423,2335703.6893549957,9798.294931844357,M,59.1,0.6
7078,03/2015,765,308028.08115179,8102.064712394816,M,47.8,0.8
7079,03/2015,691,1627707.6980991052,8027.044163870633,M,44.8,0.4
7080,03/2015,533,335895.1708870352,11551.684159603192,,35.8,0.1
7081,03/2015,716,135124.75051111743,10355.927311585803,M,39.8,1.0
7082,03/2015,922,3256359.8739989134,9574.688186334364,M,58.5,0.8
7083,03/2015,174,239461.50930466494,7309.397913456268,M,46.1,0.9
7084,03/2015,200,1028212.0353435896,11912.19932669268,M,39.0,0.7
7085,03/2015,316,487632.9975482514,9345.690268059752,M,34.8,0.2
7086,03/2015,307,212434.52834329827,11457.656472673165,M,65.0,0.7
7087,03/2015,882,644400.5399897955,8946.176719143661,M,33.7,0.6
7088,03/2015,706,928971.3171419705,8965.717761168318,M,51.7,0.3
7089,03/2015,829,1098389.7144466862,9690.582007802639,M,35.3,0.5
7090,03/2015,719,622674.5314900725,10061.06862006716,M,32.6,1.0
7091,03/2015,935,159746.99729232935,13989.829662828586,M,38.9,0.3
7092,03/2015,68,3386149.1078664768,8503.658772429857,F,35.8,1.0
7093,03/2015,815,230795.96754003013,9962.744505773788,,64.2,0.3
7094,03/2015,747,919239.750177999,7993.746029551588,M,43.6,0.7
7095,03/2015,798,178183.23377469354,9874.115585033504,M,35.3,0.4
7096,03/2015,865,298964.8978336261,9074.75931834359,M,58.5,0.3
7097,03/2015,399,833539.7455630389,10428.587576530028,M,53.1,0.9
7098,03/2015,509,582720.8275589983,10000.311728314296,M,46.7,0.5
7099,03/2015,308,163412.57350935345,7685.695123223398,M,48.1,0.9
7100,03/2015,502,229598.64977489016,8152.706359713186,M,61.5,7.9
7101,03/2015,81,5840391.627416767,9266.72308294038,M,42.4,14.4
7102,03/2015,814,1448365.4108646659,8661.993173181727,M,33.1,18.7
7103,03/2015,666,169442.8590081885,8127.47971553855,M,35.3,8.7
7104,03/2015,205,4084477.107438885,9604.178272996176,M,56.6,9.9
7105,03/2015,759,126561.1114917939,9695.986204557736,M,44.5,3.4
7106,03/2015,96,467727.6048483102,10507.846084949182,M,37.2,9.4
7107,03/2015,671,1792531.9151097604,10046.383131742434,M,61.4,16.8
7108,03/2015,100,178196.17270477157,7845.128389256976,M,38.1,17.2
7109,03/2015,321,253528.82033800572,12595.331246897069,M,,10.1
7110,03/2015,602,1009008.4156149159,8441.038784401127,M,37.3,17.8
7111,03/2015,453,77683.93898750655,6604.230331817218,F,60.6,5.4
7112,03/2015,396,211442.50859402592,7926.095590705091,M,33.1,12.5
7113,03/2015,113,157523.36289521877,8726.954694368202,M,,16.9
7114,03/2015,988,4082127.7390087233,13377.417497315926,M,32.9,11.3
7115,03/2015,956,195675.69078941867,8499.66498335386,M,65.2,15.6
7116,03/2015,59,2109061.1445681476,7042.150509950518,M,46.9,8.1
7117,03/2015,593,1370814.3637980637,10409.366865907641,M,43.4,15.5
7118,03/2015,10,3752493.915049339,8304.167079137827,M,45.5,6.4
7119,03/2015,196,336799.85327962355,8402.281031233764,M,46.2,4.3
7120,03/2015,38,2343729.2048692964,9056.46653675108,,51.3,5.9
7121,03/2015,625,1703301.441576682,12430.464549601162,M,57.7,13.8
7122,03/2015,570,414649.7036630512,10579.329287364519,M,47.1,16.8
7123,03/2015,745,2563456.32076275,11421.026771716532,M,51.3,15.9
7124,03/2015,764,447881.73173758737,9990.622018385968,M,47.3,15.0
7125,03/2015,66,2575727.634097728,8135.542456868477,M,40.0,18.9
7126,03/2015,84,860932.9442175893,9471.830786758072,,36.5,18.8
7127,03/2015,462,529530.8125933459,8889.040887827281,,39.3,10.3
7128,03/2015,952,4520486.477601407,7106.447422037283,M,56.4,4.4
7129,03/2015,970,119187.1328140425,7381.1306201067555,M,34.0,11.4
7130,03/2015,333,552545.1146385046,8095.061196706754,M,50.1,8.4
7131,03/2015,274,285843.8871929939,8862.875125107246,M,63.7,8.6
7132,03/2015,981,641518.119830088,9778.324806205135,M,62.2,1.6
7133,03/2015,110,213183.36198098955,10944.77373885029,M,59.4,15.7
7134,03/2015,383,105794.87782682286,7925.566116095073,M,37.5,15.6
7135,03/2015,542,2618199.2204154176,8981.274739947845,M,35.2,7.8
7136,03/2015,787,320851.75048462127,12755.600743280365,M,59.9,12.3
7137,03/2015,57,633622.9806104113,8110.338407562418,M,65.6,16.7
7138,03/2015,412,351638.50914156734,6218.483060130462,M,59.3,4.6
7139,03/2015,177,1484201.3986019297,10117.815336557216,M,41.0,1.9
7140,03/2015,560,765709.6930368805,8777.957335614983,M,41.8,12.4
7141,03/2015,398,3117842.2192063853,7973.176701622877,M,52.0,4.8
7142,03/2015,916,543509.5025913632,8408.88825699966,M,65.1,18.0
7143,03/2015,965,1193321.5224907824,10320.461216247131,M,65.8,5.6
7144,03/2015,746,891401.7327470159,11009.949763460221,M,48.2,1.6
7145,03/2015,912,356137.99014874175,8516.621933979875,M,55.6,16.5
7146,03/2015,257,1508785.0506011832,10933.674681869834,M,36.1,4.5
7147,03/2015,727,3123332.394207794,9566.20753358747,M,53.5,16.6
7148,03/2015,144,352397.3474246721,9768.124551993955,M,43.3,7.4
7149,03/2015,164,3601476.545765984,11073.486766753278,M,39.8,10.5
7150,03/2015,48,4516036.796779264,13326.603020035465,M,63.4,11.9
7151,03/2015,872,648221.1836571912,9961.380009260596,M,50.2,11.6
7152,03/2015,391,433855.5091389417,7878.648992233988,M,47.8,2.2
7153,03/2015,703,132243.6973071972,8358.746297434518,M,,7.8
7154,03/2015,504,2252793.893083172,11104.033205855309,M,40.0,1.8
7155,03/2015,876,3333033.689659387,8535.250460627154,M,34.7,5.8
7156,03/2015,69,425847.55887499126,8240.598355211052,M,57.1,11.5
7157,03/2015,736,1327633.0384506958,9497.788107899185,M,43.1,13.3
7158,03/2015,899,113504.44959135678,8389.85769672389,M,58.6,10.2
7159,03/2015,219,286324.8927684642,7837.634902230516,M,39.4,17.3
7160,03/2015,451,211546.99021354443,7757.371124858917,M,47.1,10.2
7161,03/2015,407,124949.83944412023,9170.492378862278,M,46.4,2.4
7162,03/2015,735,94663.81818207096,8538.392568835414,M,54.1,4.8
7163,03/2015,249,866609.4889173992,9865.752841984428,M,60.9,8.2
7164,03/2015,145,964460.7794784143,10998.627076519899,M,49.4,7.5
7165,03/2015,12,244657.83575502495,6514.256852611374,M,59.0,15.6
7166,03/2015,724,101562.39214767703,8279.996680680224,F,47.8,16.0
7167,03/2015,728,1754672.9813515563,11219.222845373453,M,57.5,2.9
7168,03/2015,948,472777.8502480644,7397.022738592713,M,37.5,3.6
7169,03/2015,464,1801645.8938036493,14222.290636262054,M,58.4,6.4
7170,03/2015,278,829348.1434514943,9560.029234810068,,47.4,10.8
7171,03/2015,89,219190.5218716433,9292.037627915457,M,42.9,7.5
7172,03/2015,124,529173.3770392457,9813.60070017931,M,35.2,9.5
7173,03/2015,185,1539842.5369192197,8158.230846790538,M,35.5,14.5
7174,03/2015,514,610540.7131452498,7378.726874695728,M,45.0,12.9
7175,03/2015,651,280845.09185676975,6642.011128151576,M,39.2,8.3
7176,03/2015,669,99531.39873885615,9739.255330209624,M,52.6,13.9
7177,03/2015,97,257647.20241361173,10900.33777417552,M,62.2,11.0
7178,03/2015,924,406182.9200825997,9407.336584962019,M,64.5,11.3
7179,03/2015,323,563540.1322937945,9844.497074934121,F,48.5,8.9
7180,03/2015,643,885061.1292185301,10797.254771423892,M,35.7,16.0
7181,03/2015,890,96619.03564419321,9385.28202218109,M,55.4,17.6
7182,03/2015,929,3727843.1418298166,8420.113867475811,M,41.7,4.4
7183,03/2015,670,96302.70118561179,10017.97404689141,M,36.1,8.3
7184,03/2015,181,260431.2774887337,10650.89054683467,M,36.8,10.0
7185,03/2015,963,322059.8872742196,8626.853225785322,M,50.0,10.8
7186,03/2015,997,420944.16678991675,7920.823661185506,M,61.6,10.5
7187,03/2015,858,286040.16944533197,9982.242283425816,M,38.2,1.5
7188,03/2015,403,926350.90857975,8630.408354423842,M,45.4,7.8
7189,03/2015,572,454787.38977379224,9553.518364152282,M,,7.6
7190,03/2015,754,498960.8665929591,9141.146938998792,M,55.8,11.8
7191,03/2015,72,163630.73559975927,7794.06706508993,M,46.7,11.5
7192,03/2015,283,3219326.634199278,8897.690078642407,M,57.9,9.6
7193,03/2015,705,252280.53769792937,7878.1851434153705,M,46.5,1.7
7194,03/2015,983,1492350.8636070858,9112.366863862186,M,36.0,14.7
7195,03/2015,305,340213.20102723694,10147.920439295323,M,63.1,4.2
7196,03/2015,857,181190.95043474907,6916.737701482822,M,37.8,3.3
7197,03/2015,74,2062855.023871344,9344.940741348782,M,37.2,15.0
7198,03/2015,824,155787.64725195628,10100.566636745161,M,56.3,2.9
7199,03/2015,231,592333.4428302712,8395.755336938271,,42.2,17.8
7200,03/2015,130,137838.7984973038,7871.049119238476,M,59.5,15.0
7201,03/2015,248,493864.9071933063,7431.586695248718,M,36.4,14.8
7202,03/2015,149,83671.30546709058,8692.750394097715,M,52.6,5.5
7203,03/2015,329,935451.03507984,11075.09177784797,M,43.4,4.5
7204,03/2015,582,411209.7748787546,12325.622200812055,M,46.1,4.4
7205,03/2015,328,287500.6566463097,7613.441999784986,M,39.4,11.4
7206,03/2015,779,214336.83950061418,10646.829303072413,M,,18.0
7207,03/2015,807,362736.039742717,7745.512394754995,M,,12.8
7208,03/2015,821,1129304.3678165744,8286.590077745417,M,55.6,4.4
7209,03/2015,366,424488.4158826584,8241.83473928187,M,42.9,7.5
7210,03/2015,433,3828812.486836166,8558.910049239317,M,37.5,8.6
7211,03/2015,371,146437.03035064886,11074.154100252257,M,52.2,5.6
7212,03/2015,384,560974.488094385,9595.668690457285,M,43.5,2.5
7213,03/2015,632,1547334.2274959045,12604.863789227402,M,35.3,14.1
7214,03/2015,861,453309.21317317145,12345.203747567528,M,48.3,12.6
7215,03/2015,65,399933.50126785,9937.219731737452,,46.8,15.7
7216,03/2015,877,429615.9930923745,8171.178280701347,M,40.8,16.7
7217,03/2015,244,367354.6960591037,10485.938998526846,M,40.5,3.1
7218,03/2015,863,1340548.2991053942,7627.00571649635,M,48.7,17.6
7219,03/2015,350,287652.8328265627,9081.94604411007,M,52.6,18.5
7220,03/2015,160,531301.4993345039,9181.334516362163,M,34.9,18.1
7221,03/2015,45,197876.35442717152,8351.063514232239,M,40.4,11.4
7222,03/2015,497,2121488.522968576,10641.088059473319,,46.3,11.7
7223,03/2015,237,3170273.3727652347,8225.631881550155,M,39.1,10.7
7224,03/2015,9,333955.04259987694,11625.261354518909,M,50.3,8.9
7225,03/2015,172,437622.26269484457,11542.728360891557,M,55.4,10.6
7226,03/2015,918,137816.00848856542,8300.707270404488,M,45.0,2.6
7227,03/2015,950,373460.9018923574,9117.343876559838,M,34.7,6.3
7228,03/2015,134,684515.3621554602,8820.577896853336,M,64.7,6.2
7229,03/2015,140,424462.51834536274,12753.107700983755,M,,14.0
7230,03/2015,238,374396.2745895856,14424.954625126587,M,61.8,3.6
7231,03/2015,567,142929.8707430891,12237.840755266723,M,49.1,15.0
7232,03/2015,146,773658.9141142413,8181.264222805841,M,38.1,5.6
7233,03/2015,519,2534148.1136147277,9667.421341988807,,42.7,1.7
7234,03/2015,428,606850.9709671403,8273.62935440064,M,37.0,13.8
7235,03/2015,612,543041.1186598793,7576.828259123468,M,56.8,10.3
7236,03/2015,153,663142.3820293011,8143.115794689079,M,32.3,18.2
7237,03/2015,592,451397.17822892097,7701.913683977297,M,52.6,12.7
7238,03/2015,713,1887639.6122375452,10379.793209569132,M,45.8,18.2
7239,03/2015,933,398341.4249934828,8495.402960146514,M,48.6,14.2
7240,03/2015,686,2832271.9860279527,10364.562210732669,M,40.8,5.5
7241,03/2015,331,498248.5840866502,8319.067323409337,M,36.7,9.1
7242,03/2015,885,2879746.904630814,9347.557382794064,M,62.8,6.5
7243,03/2015,842,2786955.67312254,8570.44238626849,M,48.5,6.3
7244,03/2015,951,238873.83598532292,12245.245762252998,M,65.1,10.5
7245,03/2015,597,299326.82858309726,7775.616039240292,M,60.0,13.1
7246,03/2015,93,164579.8890985361,8483.275944257004,F,38.4,14.3
7247,03/2015,402,354920.8744786306,8826.463340456285,M,35.4,15.1
7248,03/2015,435,2182832.2949533863,7843.869176081663,F,60.4,17.1
7249,03/2015,751,3356874.5910202176,8443.333747096627,M,55.1,6.5
7250,03/2015,733,5310372.067673803,9059.423900073789,M,52.2,13.6
7251,03/2015,121,1027387.9018067269,10867.10608966367,M,58.7,18.4
7252,03/2015,760,212991.0072663651,9128.55449564085,M,47.8,11.1
7253,03/2015,372,2171992.6606916343,9591.27585893817,M,33.0,14.3
7254,03/2015,441,426990.97151533636,10101.235390244448,M,51.6,2.3
7255,03/2015,270,1831311.2906672538,10796.475311339285,M,40.7,10.1
7256,03/2015,260,276258.10652369726,7622.028953922109,M,34.6,1.1
7257,03/2015,442,4979683.1330466615,9304.514912969551,M,61.5,13.5
7258,03/2015,19,668009.0812011644,10679.451941727351,M,,12.4
7259,03/2015,218,215160.3980273581,10665.19109023739,M,60.8,12.0
7260,03/2015,1000,95492.283246046,9278.343549461435,M,45.2,4.0
7261,03/2015,967,327205.9862125367,8428.404713128826,M,56.6,2.4
7262,03/2015,413,1403977.0619425077,9776.307644340746,M,47.8,1.0
7263,03/2015,780,365659.22636604833,9290.177931533284,M,51.8,1.9
7264,03/2015,538,3560234.169353039,9139.450396427932,,44.3,13.5
7265,03/2015,255,423015.4319547967,7595.454014086343,M,50.9,15.2
7266,03/2015,211,2120713.0550778955,8425.462951220952,M,36.7,8.5
7267,03/2015,465,2238439.1585802436,9202.901642072859,M,62.0,17.2
7268,03/2015,583,579792.9593800346,8077.3548075532235,M,39.0,8.2
7269,03/2015,489,5035019.920035131,7314.6164732645475,M,39.7,17.4
7270,03/2015,353,670389.4037657608,11521.840340681683,M,65.8,5.3
7271,03/2015,415,380994.5047233606,11725.153412112004,M,62.5,7.1
7272,03/2015,594,159210.18785404973,7899.300391831927,F,44.6,12.7
7273,03/2015,957,1096904.4945481764,10831.810448325157,M,55.4,5.3
7274,03/2015,394,274958.10579787364,9416.135850449187,M,56.1,5.1
7275,03/2015,674,3575847.560350228,9690.832999319457,M,61.2,16.6
7276,03/2015,646,343112.8026126983,8744.778323690807,M,35.1,10.2
7277,03/2015,972,1347951.2244642999,8916.116742299946,M,65.6,1.6
7278,03/2015,791,109323.33185048225,9352.137057833765,M,60.0,8.0
7279,03/2015,78,2393193.002330744,9421.34302858327,M,36.8,7.9
7280,03/2015,548,4792390.134771305,11598.82592637279,M,52.2,12.5
7281,03/2015,536,467234.4402185114,11190.071866766024,M,55.4,3.4
7282,03/2015,621,562575.6744564115,7199.869544599301,M,54.8,1.7
7283,03/2015,762,258375.97228234672,8306.523592693808,M,47.3,14.9
7284,03/2015,516,2876162.1332103326,8658.486894631951,M,65.6,18.0
7285,03/2015,216,529378.1121253832,7642.233628779486,M,36.4,14.5
7286,03/2015,635,483386.338620941,8891.610021524537,M,55.3,14.8
7287,03/2015,926,325676.7296954322,8492.547595571936,M,43.2,14.0
7288,03/2015,135,820947.2589263441,12091.66060172182,,,10.5
7289,03/2015,387,2929397.0469392035,10667.762160675664,M,46.8,16.0
7290,03/2015,925,1720395.4525158766,8592.482306656051,M,57.3,5.5
7291,03/2015,85,1468912.9126753134,9916.757646012771,M,38.7,16.7
7292,03/2015,586,799674.0605014071,8656.602377473011,M,32.2,7.8
7293,03/2015,571,2109795.11366948,7709.60039017893,M,53.2,13.8
7294,03/2015,855,303189.149956077,7548.383557777573,M,64.2,15.2
7295,03/2015,685,1997154.1909802645,9982.555301395709,M,47.0,7.8
7296,03/2015,63,2712398.538284153,8405.814996353347,M,61.6,12.5
7297,03/2015,264,360337.51605696144,8254.797478621855,M,59.1,12.7
7298,03/2015,701,231902.86306887487,8570.080405721357,M,37.3,10.7
7299,03/2015,73,644875.6586719139,8296.892525925381,M,48.6,14.7
7300,03/2015,478,3633190.817050149,13557.229887274436,M,35.7,7.8
7301,03/2015,661,699369.5258383312,7800.468857680069,M,57.1,1.7
7302,03/2015,228,737090.04068648,7479.631975300619,M,48.1,9.5
7303,03/2015,309,498247.70006460126,8104.575866650138,M,38.3,14.6
7304,03/2015,382,1323617.2483035016,9742.331033198987,M,34.4,10.9
7305,03/2015,914,805158.8426866757,8378.992875026199,M,54.5,6.4
7306,03/2015,170,336095.685522669,15395.871855811036,M,34.1,16.2
7307,03/2015,808,3033977.6075578667,9336.142480876688,M,45.2,4.6
7308,03/2015,279,436025.1394692908,8337.128355898138,M,44.8,3.9
7309,03/2015,852,299171.403744492,9517.547162601397,F,37.4,13.3
7310,03/2015,258,224685.48777182066,9181.382420556267,M,43.5,6.3
7311,03/2015,920,5919623.735634111,7986.116081683164,,64.9,14.6
7312,03/2015,167,588663.6390661282,8023.218430764094,M,37.0,6.7
7313,03/2015,229,4443045.358834086,10947.18951797776,M,55.1,7.9
7314,03/2015,293,144782.01978594446,8835.461313722413,M,44.9,10.8
7315,03/2015,569,662966.2391426525,8263.122757450032,M,39.7,13.3
7316,03/2015,39,4056972.606334017,10512.03457740998,M,58.6,1.1
7317,03/2015,562,4750237.006126214,9431.129905511536,M,43.4,10.0
7318,03/2015,819,379278.92720645515,7017.623139172297,M,33.6,15.2
7319,03/2015,652,374242.8556331343,11084.745912982176,,43.2,1.1
7320,03/2015,827,3239289.8920022403,8432.610569161718,M,65.0,3.2
7321,03/2015,915,1520710.180873507,7386.0671236271755,M,47.0,13.0
7322,03/2015,35,198965.2664046682,8807.963918146785,M,53.3,4.0
7323,03/2015,358,259075.307288895,8646.478121458902,M,35.8,18.3
7324,03/2015,867,417291.84283137595,8417.926339371983,M,53.5,10.1
7325,03/2015,979,741795.0822086139,11417.95874696943,M,64.3,9.9
7326,03/2015,599,1772243.4030503137,7648.247732954706,M,,18.4
7327,03/2015,470,3715289.140987415,8357.487337303623,M,45.0,3.5
7328,03/2015,903,2826465.9331272617,8170.13226699844,M,,16.7
7329,03/2015,420,6519290.567211869,7586.330074514011,M,56.3,5.9
7330,03/2015,150,360450.9321577417,9752.426960846748,M,,10.2
7331,03/2015,631,172691.80556639042,11435.030080323228,M,43.4,6.2
7332,03/2015,616,283090.906926335,10607.545619914687,M,61.4,8.8
7333,03/2015,373,548235.8888762344,7361.733480265777,M,60.9,5.9
7334,03/2015,577,108301.58780809282,8863.667044165664,M,42.5,15.7
7335,03/2015,901,1082953.4092152657,7056.8731008222685,M,56.5,9.0
7336,03/2015,55,1991900.5661078966,7782.569259400034,M,34.8,2.7
7337,03/2015,908,269869.04156833055,9097.601684721747,M,39.6,15.1
7338,03/2015,883,3700395.1966843065,8568.648944410957,M,,15.3
7339,03/2015,522,988750.5692508764,15314.159267055766,M,52.2,14.7
7340,03/2015,811,451613.38500770007,7561.598637967937,M,,18.6
7341,03/2015,137,192613.62465165203,8298.782003904857,M,58.3,17.6
7342,03/2015,600,4494683.258591778,9113.16766896334,M,38.4,17.2
7343,03/2015,673,902019.4724616298,11024.50891963312,M,49.1,5.2
7344,03/2015,575,411596.08230407763,6983.439641857369,M,32.9,10.9
7345,03/2015,469,608719.5903268661,7757.880639312802,M,64.1,10.3
7346,03/2015,698,1172338.4167713001,11616.567035892349,M,62.6,5.0
7347,03/2015,245,644110.2971979239,12719.362824781932,M,60.9,13.2
7348,03/2015,363,1068043.0781084592,10295.196934913623,M,45.2,1.3
7349,03/2015,911,4620252.23511866,9241.801871456793,M,53.9,13.9
7350,03/2015,343,11277178.49758975,10872.31802785942,M,63.1,16.4
7351,03/2015,886,6120877.826954846,7931.293521229169,M,59.7,10.7
7352,03/2015,262,152083.3612083733,7992.47778044858,M,64.6,14.7
7353,03/2015,222,1411244.2740605199,8431.327422188302,M,39.2,11.6
7354,03/2015,731,436649.72980104014,8372.171659197955,,35.2,7.5
7355,03/2015,31,911319.8651978343,8218.420762399777,,36.7,16.8
7356,03/2015,32,116805.9860814972,8234.407078595224,M,55.5,2.4
7357,03/2015,545,926610.1874067357,10511.480489384941,M,42.4,3.8
7358,03/2015,553,409570.81666977133,8967.813897332993,M,35.3,1.8
7359,03/2015,284,115144.52711903072,8579.115027602204,M,40.5,14.4
7360,03/2015,94,1225882.343688866,9547.061604720046,M,,9.2
7361,03/2015,472,90070.41243781633,9603.043225773983,,40.5,8.5
7362,03/2015,748,4235297.581596412,7901.088055905268,F,40.7,14.3
7363,03/2015,3,2781025.035537554,12898.637912190909,M,49.3,4.7
7364,03/2015,676,370143.321459609,7701.678149075351,M,43.8,17.0
7365,03/2015,233,92053.4007199649,8546.030257809893,M,38.2,12.8
7366,03/2015,919,653462.7124220104,8844.466382222838,M,34.6,11.6
7367,03/2015,54,577563.9008283316,8518.208504574975,M,57.6,1.3
7368,03/2015,95,230603.10247830802,8815.37387914492,M,55.1,14.3
7369,03/2015,818,508061.7023985456,7617.669579368058,M,,4.6
7370,03/2015,349,2774488.5304046567,8372.951106628498,M,63.1,16.7
7371,03/2015,224,589314.0581085763,8993.840980852729,M,42.2,9.8
7372,03/2015,526,453825.8236275492,9094.55921623429,M,62.7,18.8
7373,03/2015,613,1081513.5472397024,10275.772342229648,M,50.9,2.5
7374,03/2015,845,582176.2886399928,8100.130948780274,M,,5.5
7375,03/2015,894,988330.9889324778,11831.152780434913,M,47.3,18.1
7376,03/2015,419,371965.45163675956,10785.094318524669,M,,18.2
7377,03/2015,707,3632160.106769107,7663.27096813198,M,56.4,12.6
7378,03/2015,426,2726761.1582550835,11165.125758107588,M,43.0,7.2
7379,03/2015,427,228577.59339488432,8764.887725101402,M,48.1,3.4
7380,03/2015,978,509965.7020417042,7354.955938761434,M,40.8,8.0
7381,03/2015,610,235236.33537206863,8426.88004320664,M,64.5,8.9
7382,03/2015,76,1681081.9846687806,7416.218706918624,,46.8,11.5
7383,03/2015,629,1058374.2834786398,8164.026683035554,M,46.4,15.7
7384,03/2015,326,554403.9606582335,8919.44697851348,M,32.6,1.6
7385,03/2015,875,2056170.498863807,9098.92362290926,,42.4,16.3
7386,03/2015,409,660410.2547426595,7464.914124459117,M,45.0,14.6
7387,03/2015,940,462933.14138335694,7909.134256246501,M,53.9,9.6
7388,03/2015,642,1806800.5093503625,10791.906827896322,M,43.3,8.4
7389,03/2015,14,106964.45201858421,11905.774309014098,M,56.5,1.7
7390,03/2015,129,1927684.0476833016,9680.63374041884,M,35.6,11.3
7391,03/2015,474,477509.550946751,9178.547353722533,M,56.2,13.1
7392,03/2015,312,203345.27387695553,6419.277964715313,M,61.2,13.4
7393,03/2015,708,384908.88070636557,9130.553395647124,M,40.4,1.6
7394,03/2015,30,1303271.4833290884,9508.599855390765,M,46.1,9.2
7395,03/2015,161,932579.1043804444,7441.812399184564,M,51.3,2.9
7396,03/2015,839,694330.8697703138,8959.535358220972,M,36.7,1.6
7397,03/2015,400,510478.1031755476,9045.109841615253,,58.4,10.9
7398,03/2015,375,387704.1367792769,7811.091897949682,M,43.3,18.2
7399,03/2015,298,310698.62866121135,8820.066485262374,M,39.2,11.8
7400,03/2015,29,397387.2818803161,8046.157117386523,M,46.5,10.7
7401,03/2015,679,10298694.919452406,13146.29773609637,M,32.7,10.4
7402,03/2015,422,2065640.419842627,9065.268163260833,M,50.1,11.6
7403,03/2015,50,2548806.728156019,11363.183382059124,M,53.7,9.0
7404,03/2015,804,470150.80775971647,7550.141449328703,M,32.4,13.2
7405,03/2015,627,109120.19176929224,10758.835278218583,M,41.2,15.2
7406,03/2015,874,385909.28961914964,7026.403379583845,M,38.0,2.2
7407,03/2015,165,145802.4755783799,9053.71091385179,F,50.4,17.6
7408,03/2015,905,309773.4257336023,6933.562708543712,M,32.6,15.8
7409,03/2015,37,205833.15878054436,7637.472272332311,M,43.8,12.4
7410,03/2015,501,438513.485970298,8393.246850352454,M,47.7,9.3
7411,03/2015,529,202042.21445549623,7934.699157626442,M,47.5,6.1
7412,03/2015,774,1181363.8638766215,10666.124290430229,M,62.2,17.0
7413,03/2015,772,2748772.7350094775,7084.358354795812,M,47.7,8.2
7414,03/2015,773,384769.7045929205,6943.398060736568,M,,14.6
7415,03/2015,388,268046.774853596,11117.064561843326,M,,1.6
7416,03/2015,194,429127.55928007537,10947.462922803601,M,65.8,18.7
7417,03/2015,778,472902.24826305016,8557.212286935275,M,62.7,4.5
7418,03/2015,830,477949.75861661433,9099.914464945508,M,49.8,5.2
7419,03/2015,655,2408786.4938617162,9365.641959467,M,51.5,7.7
7420,03/2015,461,610707.9469281614,10064.532498748718,M,64.8,2.5
7421,03/2015,927,2972576.001452546,8478.904804323813,M,53.3,9.6
7422,03/2015,90,498880.83908117743,10508.363890595594,M,60.6,11.5
7423,03/2015,348,6107543.8665635865,12219.14335895327,M,60.8,1.0
7424,03/2015,313,498416.8934510565,8689.358574601943,M,53.1,14.1
7425,03/2015,590,93875.74040411966,7774.659597166022,M,40.8,4.2
7426,03/2015,179,2845659.5282418523,11474.881207274899,,52.8,15.2
7427,03/2015,496,1637453.1023993962,10623.135903335671,M,58.0,17.3
7428,03/2015,517,347520.82487465866,7957.979844759749,M,46.1,16.4
7429,03/2015,744,1188999.8510535767,11456.700578910744,M,48.2,14.3
7430,03/2015,682,301762.9548201144,8318.32322632216,M,46.5,10.8
7431,03/2015,809,933953.1282073098,9098.075873785356,M,40.3,17.8
7432,03/2015,658,3717727.216089247,7583.768815123711,M,46.5,11.6
7433,03/2015,158,665040.7471159252,8059.986985419879,M,,3.0
7434,03/2015,357,250585.41936376557,8989.856889908306,M,42.8,9.0
7435,03/2015,221,224466.20056196395,7857.582478189294,M,64.0,3.7
7436,03/2015,633,482070.32465502765,9024.005674753505,F,46.4,2.6
7437,03/2015,721,260939.80223618532,7512.418488562549,M,36.7,14.4
7438,03/2015,783,1097928.653076094,12536.21316264402,M,43.3,9.7
7439,03/2015,304,4228172.920108821,9046.626441841921,M,60.5,17.7
7440,03/2015,789,871113.6368230428,10311.923377163346,F,39.7,8.0
7441,03/2015,486,1232463.5539073325,9507.29139632268,M,56.4,5.1
7442,03/2015,580,186410.98932600036,11392.247351620099,M,63.8,10.4
7443,03/2015,6,466944.8201752201,8292.262550537893,M,35.5,15.1
7444,03/2015,934,427718.2437215881,8312.120927435084,M,32.4,13.9
7445,03/2015,645,676109.6659258602,11170.45414350796,M,52.4,2.3
7446,03/2015,206,175456.74538916754,9854.329962565114,M,64.2,5.3
7447,03/2015,401,141149.6689871485,9724.617175837682,M,,13.2
7448,03/2015,826,271609.2001722618,8530.718122795946,M,33.7,5.3
7449,03/2015,83,281215.2537423716,7489.769683335791,M,65.4,8.2
7450,03/2015,183,344779.055902888,10433.968267270333,M,41.2,14.6
7451,03/2015,42,384774.70666271023,8762.902920138486,M,56.3,13.9
7452,03/2015,722,118697.39991666278,10780.25656903293,M,45.4,18.3
7453,03/2015,503,3475137.00015389,10977.86590026752,M,,18.0
7454,03/2015,620,224923.85110245063,9177.712500872452,M,57.3,1.6
7455,03/2015,755,325354.60202340747,8069.893795402089,M,53.1,14.7
7456,03/2015,873,2781622.183730046,13046.240706774246,M,33.1,16.5
7457,03/2015,781,463026.1854920796,8828.021350487368,M,33.4,14.1
7458,03/2015,40,1630116.2133737481,12454.157578515109,M,36.4,9.0
7459,03/2015,240,496945.0829891323,8826.892353315594,M,,5.8
7460,03/2015,436,383286.7231613433,7489.876178095181,,37.8,12.0
7461,03/2015,320,413450.3963187288,10681.919669332245,M,43.1,14.4
7462,03/2015,723,350876.2703777755,7554.543877493604,,,3.7
7463,03/2015,947,5536078.764246102,10197.252520150832,M,41.6,14.9
7464,03/2015,168,646412.2620475282,8520.133333239763,M,60.0,11.2
7465,03/2015,259,488848.9298152346,7809.377271332054,M,60.8,2.7
7466,03/2015,913,485648.1219220168,9425.285077029364,M,53.6,9.3
7467,03/2015,985,380889.849205051,9240.493332719683,M,51.8,15.1
7468,03/2015,539,212845.5968489314,9857.76946880806,M,41.5,10.6
7469,03/2015,975,1778987.757298584,10244.558161393566,M,46.1,9.3
7470,03/2015,771,440193.90958571585,7246.109026801929,M,59.1,12.7
7471,03/2015,566,2144947.2318698335,8376.105326591982,M,,11.7
7472,03/2015,325,1122353.3626932206,8010.2693157123485,M,59.5,7.6
7473,03/2015,813,245192.4059159005,10729.769781041334,M,56.3,16.7
7474,03/2015,253,451639.71075486555,8181.869243422774,F,52.5,18.0
7475,03/2015,817,1549293.791316048,8968.837704440577,M,35.7,7.4
7476,03/2015,958,344556.03760581213,8097.569317750525,M,42.6,2.3
7477,03/2015,564,399808.47872131737,9573.549533337731,M,36.5,18.6
7478,03/2015,448,246969.26310902517,10265.5821421722,M,51.5,15.3
7479,03/2015,322,3000178.6703266418,9335.946692395628,M,45.2,13.4
7480,03/2015,909,194548.3936534013,6670.343012296988,F,45.0,18.5
7481,03/2015,208,774376.5789208846,10271.99835946037,M,57.5,3.7
7482,03/2015,306,107385.22219794162,7671.276362744429,M,57.0,16.2
7483,03/2015,471,373564.35083463904,9733.844711197198,M,64.4,4.4
7484,03/2015,833,1149169.8594924633,9932.51316634366,M,45.8,14.0
7485,03/2015,518,549085.3964854643,10171.482613121081,M,55.0,16.6
7486,03/2015,607,128870.31048643509,9376.843118960269,M,34.1,13.1
7487,03/2015,743,1261431.692606179,11755.65795953218,M,55.6,1.1
7488,03/2015,431,361918.8627118577,10155.216149242124,M,42.5,3.0
7489,03/2015,554,12216165.624280274,11907.694254445689,M,40.1,9.5
7490,03/2015,866,1370890.6858116314,12940.65386079006,M,35.4,6.1
7491,03/2015,740,1802305.9970800355,14919.18209680589,M,54.5,9.9
7492,03/2015,534,339037.41230089637,7488.821552201004,M,63.4,16.5
7493,03/2015,681,703480.6146909544,9254.079404610648,M,56.8,4.5
7494,03/2015,694,345627.3960723832,7740.096392385818,M,56.6,8.8
7495,03/2015,557,268203.48361477244,9724.133940692602,M,61.4,16.5
7496,03/2015,204,405965.5429342158,8927.505615137565,M,54.7,9.8
7497,03/2015,275,88130.27296362282,8657.537939045627,,34.7,14.8
7498,03/2015,525,777044.5523146827,11105.594365444826,M,39.2,9.1
7499,03/2015,33,565547.9737690579,11173.675407415576,M,55.8,15.2
7500,03/2015,18,322924.9122291427,9884.24032974275,M,36.9,16.0
7501,03/2015,835,4655583.459650434,9488.809375668423,M,,12.8
7502,03/2015,649,245251.1057228465,9335.629702821627,F,41.6,6.4
7503,03/2015,406,324566.57343518076,7916.540413778052,,36.0,1.4
7504,03/2015,640,566595.4589499909,8241.63749842573,,64.7,9.2
7505,03/2015,79,642637.6271553573,8259.367677960583,M,41.3,4.9
7506,03/2015,942,1565106.10775223,10600.832297424233,M,50.2,14.9
7507,03/2015,895,386826.82533850335,8411.192282280022,M,33.5,17.3
7508,03/2015,766,236651.76427460834,8361.13982925548,M,62.4,7.1
7509,03/2015,51,282058.6363568148,7250.794867609321,,39.9,6.9
7510,03/2015,702,2208821.5363498065,10192.043194716343,M,57.5,12.7
7511,03/2015,332,696611.0811630945,10613.256019836115,F,55.0,18.7
7512,03/2015,314,131677.9128297002,8665.416787190135,M,49.4,4.0
7513,03/2015,118,152043.20111613872,9802.144698178627,M,39.8,9.3
7514,03/2015,445,3773165.398309052,9542.568402235887,M,59.4,18.6
7515,03/2015,906,349941.1056286189,10865.722871290633,M,57.2,5.3
7516,03/2015,555,425820.42099214636,8352.69538284988,M,62.5,3.5
7517,03/2015,105,2228187.3414444784,7207.597012944194,M,48.3,2.2
7518,03/2015,879,318872.49958404026,15052.90758320987,,64.1,3.3
7519,03/2015,175,6096219.379851388,8676.860271761414,M,38.2,7.2
7520,03/2015,367,345607.3370568232,10670.273555659447,M,58.5,5.2
7521,03/2015,810,1665746.162409065,9773.420165315387,M,44.5,2.3
7522,03/2015,892,407726.8669989167,7485.155947072743,M,65.4,15.5
7523,03/2015,964,179179.34344146418,10623.218413022265,M,50.2,6.4
7524,03/2015,946,420175.23949824256,8021.616955053794,M,52.1,6.6
7525,03/2015,547,3293669.47701113,8939.434007489326,M,,7.5
7526,03/2015,999,1020918.1200992888,8293.993091207898,M,45.1,14.1
7527,03/2015,953,146360.9356418274,12555.112085831273,M,47.7,14.8
7528,03/2015,202,3780752.07250285,6620.480178620172,M,57.6,4.0
7529,03/2015,345,3690579.231417258,12076.634932459385,M,40.8,12.9
7530,03/2015,718,495305.9585932591,10172.748397294445,M,65.1,1.7
7531,03/2015,276,726231.5983264997,13400.684413110012,M,45.1,18.5
7532,03/2015,768,3127572.247471035,9869.622890411705,M,63.5,6.3
7533,03/2015,411,623739.3707760758,9716.570866511547,M,58.7,2.5
7534,03/2015,192,2052553.3058744613,8508.778897901171,M,45.7,5.7
7535,03/2015,115,601926.0317850448,8241.156187511495,M,36.3,17.6
7536,03/2015,162,908670.3598656417,14618.934592378211,M,35.5,12.1
7537,03/2015,636,290360.5229210611,12368.937000088068,F,63.9,7.2
7538,03/2015,870,1694947.472887906,8429.574206570542,M,42.5,2.6
7539,03/2015,468,1047805.3285742097,7509.5683452060275,M,52.3,3.3
7540,03/2015,490,617093.4642649475,8652.941526937819,M,62.1,12.7
7541,03/2015,558,3742162.2246817797,10593.372259743803,M,35.8,9.1
7542,03/2015,662,739582.3927997642,11076.621107295416,M,51.0,6.8
7543,03/2015,834,3761729.6756107886,9112.145636588779,M,39.8,1.8
7544,03/2015,907,3134718.6221852824,6171.472648265726,F,61.1,3.8
7545,03/2015,15,990643.6536983028,11165.262508545713,M,35.0,4.2
7546,03/2015,588,412743.8831709442,9248.658714393168,F,47.5,14.8
7547,03/2015,859,269615.81523208454,9852.930016688604,M,44.3,4.2
7548,03/2015,109,1787247.652557327,10598.02643435148,M,45.2,7.3
7549,03/2015,369,93050.03892739344,7074.786577182028,M,36.2,8.9
7550,03/2015,188,1823280.5568406607,11723.530829506211,M,33.0,18.5
7551,03/2015,166,188713.23390575155,8361.747168965683,M,,1.3
7552,03/2015,180,411466.98392557073,10043.615325043396,M,48.2,10.8
7553,03/2015,986,325393.29412423464,9478.862646161853,M,34.5,8.6
7554,03/2015,438,403488.2851152739,10666.638272277962,M,37.4,7.0
7555,03/2015,120,481416.1686649898,10333.12842251431,F,49.6,7.2
7556,03/2015,414,1329190.4948013213,11816.51920400554,M,38.1,7.7
7557,03/2015,389,328333.3263291451,7361.9363748773285,M,58.5,1.7
7558,03/2015,91,1385375.4966284616,10118.109642897505,M,33.5,2.7
7559,03/2015,565,414082.83779288776,9821.090552304955,M,44.3,17.2
7560,03/2015,16,215097.4497712072,7911.475685918927,M,47.8,8.0
7561,03/2015,443,2390812.7952581756,9291.67595349152,M,36.6,1.5
7562,03/2015,507,672137.3342423965,10852.512902435028,M,62.1,9.5
7563,03/2015,404,147347.08980011218,9512.805650246813,M,55.1,14.7
7564,03/2015,280,507153.9521107568,8597.703305764591,,60.1,2.4
7565,03/2015,654,2845587.6412096447,8630.616957084701,M,55.4,9.7
7566,03/2015,376,1997453.199850971,10429.610767720242,M,37.8,6.4
7567,03/2015,169,464485.42314535927,10899.781421192449,M,60.7,18.0
7568,03/2015,931,252367.3257876702,8704.070357723154,M,62.2,15.4
7569,03/2015,664,555571.336192221,13759.51316868229,M,45.6,17.9
7570,03/2015,272,267104.66537605034,9115.293559719077,M,41.3,10.3
7571,03/2015,667,447404.7865140323,8127.829528722742,,53.4,1.7
7572,03/2015,209,110801.10739587109,11684.485052601982,M,47.4,11.3
7573,03/2015,687,4164103.2332976814,11416.347151592861,M,43.9,9.8
7574,03/2015,893,3203418.449136395,6675.365714833248,M,38.7,2.4
7575,03/2015,184,2688440.2950141807,7894.281517741647,M,46.3,14.7
7576,03/2015,711,149205.00846457947,11097.320592313965,M,51.6,17.6
7577,03/2015,543,109061.5946610767,10868.73846051838,M,59.2,12.0
7578,03/2015,864,427972.3136375048,9183.108978044773,M,35.7,8.6
7579,03/2015,995,859043.4020563693,13388.934682678226,M,,3.7
7580,03/2015,563,3918989.3977764966,10897.547200627501,M,44.1,7.1
7581,03/2015,58,89397.79684976554,7231.5869277164575,M,61.0,6.9
7582,03/2015,46,162437.40985696824,9763.055657580593,M,35.1,13.7
7583,03/2015,226,518456.4232455863,8205.65562362397,M,57.1,8.2
7584,03/2015,286,150357.0766948394,7606.388571926649,M,64.2,16.9
7585,03/2015,475,530434.9169268423,8441.992538548842,M,37.6,9.6
7586,03/2015,578,414629.71748838207,8248.23924081193,M,55.7,8.8
7587,03/2015,695,203219.51310616324,9404.37988811679,M,40.3,15.1
7588,03/2015,417,3636360.6853820807,17948.922728545935,M,44.2,3.6
7589,03/2015,421,405375.4280659163,10282.549652461805,M,51.3,11.2
7590,03/2015,397,412778.0189306923,8057.993738992198,M,,12.9
7591,03/2015,273,256297.68137468895,7966.438751851775,M,43.7,13.2
7592,03/2015,281,411365.34362456657,9889.811933438123,M,58.1,16.5
7593,03/2015,945,720359.8951653056,8445.13943996845,M,40.5,7.3
7594,03/2015,862,149408.8362702991,7028.811647293973,F,53.6,4.1
7595,03/2015,232,2410126.385982746,11530.901152786351,M,44.7,13.6
7596,03/2015,550,97191.41769071677,8695.80646991792,,46.4,7.5
7597,03/2015,917,3402220.535123872,11863.64047449577,M,32.3,17.7
7598,03/2015,56,247738.33235564487,6995.307264964429,M,38.6,14.0
7599,03/2015,377,3597950.3854152504,14142.739083425231,F,57.8,4.0
7600,03/2015,143,183007.71899854153,9326.015089843337,M,,7.3
7601,03/2015,782,84178.06589484781,7746.499662126057,M,57.1,15.8
7602,03/2015,17,1986863.847759814,7120.337757158181,M,,18.5
7603,03/2015,800,338908.60902358365,11768.332431407987,M,55.4,15.0
7604,03/2015,418,460746.90982687246,11048.424811566258,M,50.6,9.8
7605,03/2015,282,1888395.3270638387,11125.979003004973,M,59.1,15.3
7606,03/2015,495,550008.794612493,9140.340141154353,M,52.5,5.5
7607,03/2015,492,796665.239384461,7584.458428597018,M,47.2,11.8
7608,03/2015,968,454752.8149053435,11348.669129221156,,59.5,2.6
7609,03/2015,802,3070859.8300696514,8245.91259803004,M,37.0,11.4
7610,03/2015,215,2353643.140657246,13603.804376325417,M,52.5,7.2
7611,03/2015,959,3108921.4155023415,8809.918916806568,M,63.1,13.2
7612,03/2015,954,2765049.4068692266,10096.543947140797,M,42.1,5.8
7613,03/2015,482,477466.90863522544,9143.874128417718,M,65.9,13.1
7614,03/2015,102,246501.63898313354,10603.443350370155,M,55.2,11.6
7615,03/2015,776,2965913.4406825984,11156.688301000504,M,,15.6
7616,03/2015,528,2178494.6397516797,7432.549147224326,M,32.7,15.5
7617,03/2015,292,127760.37055252695,8992.428696309134,M,32.6,13.2
7618,03/2015,971,87468.10722611884,7131.257010989148,M,63.5,15.5
7619,03/2015,152,1085695.8530735094,7294.230720554154,M,35.5,3.3
7620,03/2015,750,255353.73488046194,7746.63541064967,M,57.0,16.5
7621,03/2015,199,1616192.095716776,9019.623886305093,M,49.2,13.1
7622,03/2015,154,3684196.2230360354,16563.974212600126,M,,6.9
7623,03/2015,675,390175.37990711926,10047.927010471547,M,56.2,10.5
7624,03/2015,288,556385.6479743017,7615.865302178873,,47.6,18.3
7625,03/2015,523,490390.88213506126,9082.759343656668,M,32.1,1.2
7626,03/2015,688,457965.40887382126,7012.383766521934,M,41.3,4.0
7627,03/2015,360,203606.01372311971,7834.454895023945,M,49.5,12.0
7628,03/2015,960,333397.65955057106,11235.090992485551,M,55.1,9.8
7629,03/2015,368,936710.3764809855,8772.854099134096,M,53.7,14.7
7630,03/2015,456,500762.4327902799,7913.494109938448,M,55.8,5.9
7631,03/2015,512,1510953.453954117,6777.99730718081,,50.1,15.9
7632,03/2015,650,2870471.371390144,10744.67368892879,M,43.0,12.5
7633,03/2015,380,1396509.891883446,12139.456835303312,M,61.4,1.5
7634,03/2015,139,470861.847316862,8240.506311909154,M,56.4,8.7
7635,03/2015,994,177869.81233462415,8229.92774379472,M,42.5,2.6
7636,03/2015,689,979391.0998242386,8394.295634542963,M,63.1,2.4
7637,03/2015,243,449183.5935073826,10661.478157381198,M,38.2,16.7
7638,03/2015,148,2512268.419358664,10412.21105906657,M,64.4,9.8
7639,03/2015,252,578828.8899907093,8729.096139415837,M,40.6,14.0
7640,03/2015,265,106839.8044636383,8574.823570130435,M,39.6,3.8
7641,03/2015,362,643778.8545376884,8812.212097116299,M,39.0,3.7
7642,03/2015,336,272099.32113079267,13630.19273534804,M,53.4,15.5
7643,03/2015,928,304653.6789727908,9421.783653525978,M,63.0,14.1
7644,03/2015,515,498298.20133080933,8746.07200571894,M,56.7,9.7
7645,03/2015,483,123609.00964049781,9156.907375567553,M,47.0,12.5
7646,03/2015,395,561753.3372385293,8184.315745808629,M,59.5,16.9
7647,03/2015,758,200529.98802662455,8418.337122397765,M,45.8,3.4
7648,03/2015,361,4745499.385945496,9453.115101247065,,51.1,15.4
7649,03/2015,657,225557.0271933241,7268.150086996965,M,53.9,10.4
7650,03/2015,761,451969.2693383816,7342.813579584923,M,33.4,8.7
7651,03/2015,881,182773.85079971963,10600.868102609229,M,53.5,2.0
7652,03/2015,197,222102.95914123554,7019.685359974542,M,44.6,12.9
7653,03/2015,290,696428.7962815603,9120.65789337835,M,37.7,4.3
7654,03/2015,742,642730.8616963197,8272.46012404886,M,47.7,1.4
7655,03/2015,848,3425647.2774053845,9151.786084881147,M,58.3,10.1
7656,03/2015,820,1732531.52780759,8795.95055172476,M,32.4,14.0
7657,03/2015,122,371183.6285585785,7186.8546689809045,M,42.0,5.7
7658,03/2015,340,427427.56002973346,7841.446258697436,,43.5,6.5
7659,03/2015,714,152527.50376872893,11710.797128721077,M,39.5,9.7
7660,03/2015,699,952860.8553746233,9287.17350129304,M,38.8,17.8
7661,03/2015,825,3609256.7169047366,8333.788845956853,M,39.7,5.7
7662,03/2015,717,180975.1129885073,12588.502380115755,M,51.8,18.7
7663,03/2015,318,283126.8516668902,10713.831390564737,M,60.5,9.5
7664,03/2015,104,3424357.0608805125,9300.947918551981,,57.0,5.7
7665,03/2015,816,341918.55455440783,10605.478255908674,M,32.0,1.0
7666,03/2015,296,720104.3705756096,11387.743122452188,M,42.2,11.1
7667,03/2015,696,695319.3769705449,9526.005048600302,M,41.1,14.7
7668,03/2015,27,207567.02179241844,7602.5842608107,M,54.4,12.8
7669,03/2015,22,144555.3207371273,10573.64178242509,M,50.2,13.8
7670,03/2015,785,417599.9578722026,7695.667520634469,M,,14.7
7671,03/2015,256,495089.70519346563,7850.7897837094715,M,,8.8
7672,03/2015,75,733332.8999916014,8886.020546979227,M,47.3,6.5
7673,03/2015,5,1404936.0382983917,9229.357202312076,M,39.8,4.7
7674,03/2015,217,829926.7478743282,9522.389435957188,M,64.4,14.8
7675,03/2015,869,737455.6208798207,9426.34408152186,M,38.4,13.3
7676,03/2015,385,4630500.9865969205,8931.976714535156,M,44.9,9.4
7677,03/2015,941,268054.88362886995,8773.709642010663,M,35.0,2.8
7678,03/2015,712,833960.1516995132,9445.283128669993,F,,13.8
7679,03/2015,939,423515.5413131949,9022.433347754746,M,49.5,2.4
7680,03/2015,710,1104646.0915915633,15176.448533438408,M,57.4,7.4
7681,03/2015,34,486424.0145955821,13600.548927056245,M,,18.6
7682,03/2015,559,510387.9054004312,9214.423044162279,F,62.8,4.7
7683,03/2015,463,3838992.306926896,9661.203464852118,M,48.9,10.3
7684,03/2015,605,826372.8738883242,8862.250143671008,F,63.6,5.9
7685,03/2015,424,442748.6834851558,9720.430326314638,M,49.8,3.8
7686,03/2015,851,1101274.7252047404,8946.282815814,M,43.5,2.4
7687,03/2015,444,1658777.8967098852,8344.278525128346,M,45.4,4.1
7688,03/2015,790,1223034.609458344,8438.881590584235,M,37.6,5.0
7689,03/2015,106,125065.8910786439,7717.939382796259,M,42.4,1.2
7690,03/2015,455,94185.89231030153,7755.008230446014,M,,3.9
7691,03/2015,223,400943.8750471752,8250.204574752719,,53.2,5.2
7692,03/2015,242,628982.0355027555,9637.156050894551,F,46.1,14.5
7693,03/2015,77,291482.4366376139,7921.907448941306,M,63.4,8.9
7694,03/2015,961,1579316.3401000015,9312.479907594767,M,62.4,6.9
7695,03/2015,416,3407154.0276475814,13267.592680471553,M,50.8,16.2
7696,03/2015,506,2613791.2863576403,13715.984609575853,M,38.7,5.6
7697,03/2015,287,3368161.9489010414,8340.559365916402,M,40.1,15.2
7698,03/2015,52,162419.52497809703,9774.463617942965,M,55.3,5.2
7699,03/2015,132,389054.05817617464,8787.093566108011,M,60.6,17.3
7700,03/2015,319,886669.9255475057,8245.777243096501,M,42.7,9.7
7701,03/2015,871,1406112.7722434236,8458.999297229582,M,,7.2
7702,03/2015,213,784937.8879707339,10265.257966588786,M,40.4,15.2
7703,03/2015,846,329593.8858500755,8940.177934981553,M,33.1,17.2
7704,03/2015,351,296259.6965291269,8962.989474314993,M,53.7,7.8
7705,03/2015,324,635686.8094468178,10020.123791013606,M,54.6,9.8
7706,03/2015,173,174609.1545038009,8258.535555842263,M,46.9,9.3
7707,03/2015,88,292842.4737839215,8118.463000010471,M,43.9,18.0
7708,03/2015,347,4052128.745130367,11380.099775909404,M,,15.2
7709,03/2015,513,684597.9607039797,8114.021835901248,M,42.2,14.3
7710,03/2015,487,223431.86601327235,12423.024114967997,M,32.3,14.8
7711,03/2015,295,427751.9825409373,7917.950748955524,M,46.5,8.4
7712,03/2015,430,109554.88449672633,7078.2624307679425,M,,11.6
7713,03/2015,437,559783.9318930204,10205.825920888114,M,35.0,9.8
7714,03/2015,644,249130.53197996548,9841.547227000745,M,60.0,5.4
7715,03/2015,803,2543854.3175739706,8295.040756201211,M,39.6,13.8
7716,03/2015,2,209267.89177544648,7483.835061689612,M,65.5,1.0
7717,03/2015,932,316011.3003460126,8721.550409802972,,37.4,12.0
7718,03/2015,843,2625658.3394715474,7522.157703076076,F,40.4,15.0
7719,03/2015,138,1619642.1256475926,8232.5243099993,M,34.5,5.5
7720,03/2015,356,1052425.1088737156,9268.201449172228,M,51.3,12.6
7721,03/2015,466,223656.53274066802,9286.656288028888,M,51.7,13.4
7722,03/2015,729,2063097.5921137857,9499.51261164086,M,59.3,9.7
7723,03/2015,535,334475.817035992,9525.954859515121,M,62.7,2.9
7724,03/2015,715,636426.5133031617,9239.635049567889,M,51.8,5.3
7725,03/2015,70,392149.7406120258,8371.570314014565,F,59.0,4.7
7726,03/2015,485,6245435.0679951655,9754.012285995736,M,56.3,15.4
7727,03/2015,128,472279.14495778683,8409.811357733419,M,52.0,5.9
7728,03/2015,587,504043.5091470196,8519.375247576838,M,51.7,9.9
7729,03/2015,142,2443854.2122149803,6388.65373242879,,37.3,14.2
7730,03/2015,938,476711.20475516754,8724.208427550679,M,64.5,16.4
7731,03/2015,725,146391.81524755954,9432.67788102324,M,39.8,3.3
7732,03/2015,801,2354189.9195819898,8784.542130997064,M,42.7,11.4
7733,03/2015,653,3296280.0881513227,9578.953192649424,M,57.7,13.8
7734,03/2015,921,5061175.019968391,8317.021563022305,M,55.5,17.4
7735,03/2015,98,4841036.67937198,11123.733801532666,M,39.4,10.5
7736,03/2015,608,327855.6017731434,8102.49582282758,M,63.9,13.4
7737,03/2015,576,4850844.098726433,13830.147642641441,M,64.1,4.1
7738,03/2015,936,445568.89091469476,9229.710246172715,M,55.8,11.4
7739,03/2015,301,506849.26650081103,13129.9932202647,,33.7,2.0
7740,03/2015,266,4708491.38341367,13184.497551274095,M,36.1,1.4
7741,03/2015,499,573078.5276280425,8302.6308886403,M,32.6,1.0
7742,03/2015,133,293474.06835185306,7488.737479626094,M,43.3,13.8
7743,03/2015,989,2207749.0649799327,12235.744040430638,M,,6.4
7744,03/2015,619,149824.55032726223,8257.935746623883,M,55.2,4.2
7745,03/2015,136,137176.43226506794,9794.397332398907,M,58.5,1.0
7746,03/2015,277,375596.21046914184,8269.80772810899,M,33.1,12.5
7747,03/2015,267,395074.9485579484,10213.358406787565,M,52.8,4.8
7748,03/2015,749,733406.4033977865,7984.137359652935,M,40.0,12.2
7749,03/2015,254,402336.52108214225,8852.460771532482,M,57.0,18.2
7750,03/2015,630,1413422.9929986151,9651.916694601863,M,45.0,17.3
7751,03/2015,339,357552.1265633432,7447.806636348914,M,41.1,18.1
7752,03/2015,203,401153.5779781493,7742.16182554746,M,59.0,16.3
7753,03/2015,107,592742.4897717482,10333.839330774468,M,49.9,10.0
7754,03/2015,24,496570.2589655791,8703.70278098467,M,33.6,12.8
7755,03/2015,668,525261.9589886104,9545.359974133355,M,,14.9
7756,03/2015,837,467946.2820126575,6882.476909992877,M,36.8,12.8
7757,03/2015,392,143389.25792092248,11843.934219160607,,33.3,4.8
7758,03/2015,330,678100.7461368422,12274.6504462553,M,,2.2
7759,03/2015,151,280513.2796886041,8704.122985169615,M,48.4,18.7
7760,03/2015,856,416767.68233194534,7198.105811013531,M,53.8,16.7
7761,03/2015,976,259708.37608452575,8128.6067212347625,M,57.8,1.9
7762,03/2015,831,1631716.241612325,9185.998911084942,M,54.2,8.5
7763,03/2015,991,460627.7638071433,6141.929292237662,M,35.2,11.1
7764,03/2015,201,439904.93559823686,10221.732975700346,M,57.3,6.1
7765,03/2015,788,318016.9548290538,9933.440738224748,M,32.6,18.3
7766,03/2015,1,272223.26507045893,9501.577406956963,F,43.8,1.4
7767,03/2015,103,1023686.077590876,9635.013867156362,M,64.3,11.8
7768,03/2015,53,109048.35629761388,7723.130646259728,M,56.0,7.9
7769,03/2015,241,265758.2848086884,11623.775104751161,M,36.5,11.2
7770,03/2015,346,244941.0074568284,8704.388044140498,M,49.3,16.0
7771,03/2015,450,124324.1246540671,8526.858549784605,M,57.8,13.3
7772,03/2015,628,663957.8939150176,8961.572509040798,M,61.0,15.2
7773,03/2015,700,4609358.069048366,8603.213643791873,M,51.2,10.6
7774,03/2015,4,1197223.5341360336,9004.946072193035,M,59.6,11.7
7775,03/2015,334,1247437.6937639946,10743.96342385064,M,56.3,7.2
7776,03/2015,641,122550.64203040375,8919.919797669012,M,33.8,11.0
7777,03/2015,794,252995.53785774103,9108.999536037325,M,34.9,12.3
7778,03/2015,390,434417.747611284,6970.0229630512,M,54.7,12.7
7779,03/2015,141,468526.44507342833,8619.816902687428,M,44.7,8.8
7780,03/2015,980,329824.10205447464,9401.786736116148,M,36.0,2.1
7781,03/2015,734,115955.51909441964,9439.024639453211,M,47.7,11.6
7782,03/2015,342,466120.55359225656,9908.91272671154,M,43.7,4.9
7783,03/2015,370,1522792.1015260718,12765.181659166119,M,46.2,1.9
7784,03/2015,480,408022.55154818884,8043.512674303023,M,38.6,11.5
7785,03/2015,902,414639.0764906104,10788.450737646539,M,63.6,5.8
7786,03/2015,477,589114.8017663683,9703.730497911638,M,46.4,8.8
7787,03/2015,193,761296.4228283537,7897.313805946555,M,52.8,16.4
7788,03/2015,476,1914567.0516937794,7608.87967540703,M,,18.3
7789,03/2015,537,406734.69890594424,10478.393020581247,M,37.2,2.5
7790,03/2015,591,2791124.161398667,9613.239906613657,M,56.1,9.5
7791,03/2015,189,287132.76725330553,8969.847387370173,M,41.9,5.9
7792,03/2015,596,2224690.67541112,7970.667149822592,M,56.2,13.7
7793,03/2015,235,301184.6932893397,8829.44807180483,M,37.4,9.0
7794,03/2015,520,2888842.4277516743,8177.4144623514385,M,54.7,8.8
7795,03/2015,677,694160.6494652173,8586.477453132407,M,58.8,14.4
7796,03/2015,704,422603.21405123663,8980.884557952677,F,57.6,7.7
7797,03/2015,355,419234.74586181017,11635.67030508311,M,50.0,3.0
7798,03/2015,247,3243135.4055796396,8590.276351663168,M,53.5,2.0
7799,03/2015,207,146156.22040569095,9633.572964533094,M,47.8,3.5
7800,03/2015,990,118759.27552391031,8018.772873992159,M,36.3,4.7
7801,03/2015,41,143358.753355114,9157.561066595601,M,36.9,10.0
7802,03/2015,678,6135406.677463091,7134.114321427212,M,55.7,7.7
7803,03/2015,663,143092.0842813083,7942.927484507441,M,56.7,12.1
7804,03/2015,28,220345.70413384563,9327.84852127069,M,65.2,4.4
7805,03/2015,672,367351.85514288215,10647.543540736102,M,53.2,13.5
7806,03/2015,393,431829.14158692997,9321.522028913834,M,33.5,7.3
7807,03/2015,615,265331.9121967222,7499.427881479293,M,51.3,2.9
7808,03/2015,923,313748.5521988986,10454.643951784366,M,32.0,7.7
7809,03/2015,544,309659.22828274546,10340.742475754916,M,39.6,13.0
7810,03/2015,364,2683876.5597141674,12357.72509884661,M,41.0,9.2
7811,03/2015,573,1341599.489974348,11144.948983116723,M,60.9,6.4
7812,03/2015,125,1103459.8611755664,9970.305366249766,M,37.2,9.2
7813,03/2015,949,549685.3910783923,9722.14529704374,M,36.4,12.6
7814,03/2015,510,339391.127862156,7721.89826506039,M,55.0,12.2
7815,03/2015,878,229718.06094631492,8084.782131828117,M,36.2,5.5
7816,03/2015,992,606130.6606038039,12206.616526070278,M,36.1,17.3
7817,03/2015,8,381963.0696291376,7814.907920890745,M,39.7,13.2
7818,03/2015,984,475979.60258388595,9547.695946592043,M,42.3,10.7
7819,03/2015,763,516020.73518926575,8928.741429517593,M,37.4,6.6
7820,03/2015,973,3028525.158102976,10856.261205026301,M,39.5,15.8
7821,03/2015,25,343762.20166105055,8929.63227338956,M,34.8,14.6
7822,03/2015,541,1831710.3433676115,15184.73545311252,M,48.7,8.1
7823,03/2015,757,827519.6342204035,8262.275189425472,M,,13.5
7824,03/2015,374,93537.6438462133,8717.509881212061,,39.7,13.9
7825,03/2015,64,622014.1272566774,8894.249521548783,M,46.0,5.6
7826,03/2015,500,308686.53966181655,8359.213880147598,F,46.2,13.5
7827,03/2015,647,3378011.280175324,10868.29182214121,F,63.4,11.7
7828,03/2015,614,3504417.946764031,11471.599408699205,M,59.8,17.8
7829,03/2015,21,782501.8967045883,8484.210098976784,M,32.8,7.5
7830,03/2015,13,3374537.4905709145,7548.128232473618,M,43.1,15.2
7831,03/2015,639,2731779.376759171,9983.829451643447,M,50.0,9.2
7832,03/2015,868,446331.99280812265,11546.786724982403,M,32.5,7.3
7833,03/2015,805,2620528.69369912,10855.94198062389,M,40.7,10.5
7834,03/2015,891,2773034.1255697994,9976.772778123128,M,56.5,13.8
7835,03/2015,561,214019.54026636606,7573.532432564464,,44.2,6.2
7836,03/2015,709,609570.9673936768,9878.549905684074,M,38.7,12.6
7837,03/2015,429,361207.003337551,9481.396638498358,M,46.7,4.7
7838,03/2015,720,480167.0172018125,9262.397777980868,M,64.6,15.1
7839,03/2015,187,278846.97128596774,10846.3612300225,M,48.7,17.0
7840,03/2015,457,272729.77498877386,7612.528279834653,M,63.5,10.5
7841,03/2015,844,126529.43072890074,8101.60701717413,M,47.4,2.4
7842,03/2015,552,2036908.0523041387,8104.498176585626,M,61.3,7.3
7843,03/2015,498,4232193.189284506,8212.87231280386,M,49.2,15.3
7844,03/2015,230,833710.0913488569,9997.611280656361,M,38.2,5.1
7845,03/2015,131,3319665.8566100122,12188.109608164768,M,35.1,16.0
7846,03/2015,268,412733.76660800976,8287.924790831119,M,41.2,11.2
7847,03/2015,634,2196437.843963526,8691.588834809363,M,46.8,4.5
7848,03/2015,930,4724963.957187677,7463.490833690676,M,54.4,16.9
7849,03/2015,730,1225714.9077790717,15663.062844070762,M,60.7,1.5
7850,03/2015,386,228280.3027313523,11458.132226579737,M,37.5,12.8
7851,03/2015,897,1695301.8643175294,8750.521713367441,M,43.3,2.5
7852,03/2015,604,253429.22918649527,11796.61968061781,M,59.8,7.6
7853,03/2015,850,106943.78675803363,7981.628787585838,M,39.4,1.4
7854,03/2015,626,388685.0833669415,7307.07331020492,M,51.8,18.1
7855,03/2015,163,119548.61349972039,15547.124435677684,M,58.5,9.1
7856,03/2015,82,702851.7419079592,11116.80108684625,M,61.7,4.0
7857,03/2015,36,59865.495523413134,7269.580355873933,M,37.4,16.3
7858,03/2015,977,683849.6828257375,8503.746206711598,M,56.2,3.7
7859,03/2015,123,137059.00821547743,8221.014727217344,M,65.3,11.5
7860,03/2015,92,72843.66018610567,8934.693883478098,M,41.4,15.1
7861,03/2015,26,3351492.3031472377,9071.610736789602,F,47.5,2.7
7862,03/2015,251,128899.32201318079,10288.427910606146,M,43.0,11.9
7863,03/2015,598,3574988.3964656675,9937.581973507618,M,51.3,9.4
7864,03/2015,524,712159.5996063249,9132.068704264306,F,39.5,18.5
7865,03/2015,726,473539.74706930434,9053.203051000566,M,58.1,4.5
7866,03/2015,263,313564.4514088725,8133.2907456860685,M,52.2,12.2
7867,03/2015,365,192124.54027105757,6852.98383420047,M,37.6,5.3
7868,03/2015,44,483611.8724398102,7720.071157253561,M,61.5,8.9
7869,03/2015,530,2889626.1926665343,8670.079321347479,,47.1,6.9
7870,03/2015,838,344265.95356662833,5991.435624903302,M,,17.2
7871,03/2015,311,162347.5509860848,7233.772164765939,,32.1,9.4
7872,03/2015,447,226667.57296227082,10178.187689585264,M,65.5,12.1
7873,03/2015,993,256995.79364688616,8751.11370776737,M,35.0,2.9
7874,03/2015,315,175098.7626985628,8067.288202949933,M,61.1,8.7
7875,03/2015,20,303706.6527343914,8586.619223014735,M,52.1,18.1
7876,03/2015,618,2820622.9437700287,9356.90070235801,M,63.9,9.0
7877,03/2015,43,740892.5749175887,10604.41379471499,M,57.3,1.2
7878,03/2015,190,262317.65107446286,10309.412709021666,M,57.5,14.1
7879,03/2015,659,352496.59705844807,8009.597336416685,M,65.4,14.7
7880,03/2015,47,511704.7377895993,8458.597760875835,M,40.7,5.3
7881,03/2015,987,369128.79706171184,7962.573141268018,M,32.4,13.8
7882,03/2015,71,711719.5933831334,9565.529058676684,M,39.0,1.0
7883,03/2015,198,297792.7025396293,8208.095476345412,M,41.1,16.6
7884,03/2015,473,12738930.490916371,11878.448667016231,M,59.5,14.6
7885,03/2015,338,3240305.5023055854,11500.805409092874,M,42.2,4.3
7886,03/2015,440,1977795.784410457,8518.596746265777,F,39.6,4.4
7887,03/2015,246,2964885.850240464,7415.87050338199,M,57.2,15.1
7888,03/2015,116,1084570.6447142423,6797.383256645904,M,42.2,10.6
7889,03/2015,849,364811.0537571059,9446.547895032627,M,65.4,12.1
7890,03/2015,900,524296.2655410623,8273.240424936152,M,41.5,9.4
7891,03/2015,359,269984.1737765288,7791.878624001157,M,47.7,7.9
7892,03/2015,299,1025312.0696040982,8520.465247481034,M,50.1,2.0
7893,03/2015,7,714141.0448751851,9156.183088217878,M,40.8,14.1
7894,03/2015,297,285975.12607859244,11877.061690308554,M,53.7,1.0
7895,03/2015,822,412675.7398475981,9437.15211921841,,54.0,2.9
7896,03/2015,648,1548525.6591115044,13138.52724540417,M,49.6,4.4
7897,03/2015,294,2917357.605074737,9618.11579080773,M,59.6,4.9
7898,03/2015,491,3378189.8842748976,10304.918217530576,M,61.1,3.2
7899,03/2015,568,155344.80705865953,10811.483460734755,M,,16.5
7900,03/2015,584,2883577.920710628,8054.819744556273,M,43.3,14.9
7901,03/2015,690,105262.52556189452,9750.761886957573,M,,8.8
7902,03/2015,291,2896504.2415809627,9513.48204702005,M,33.2,5.4
7903,03/2015,49,257406.66096976743,8870.68116160556,M,45.1,3.0
7904,03/2015,585,3133621.8675541985,8177.499472308725,M,37.9,11.3
7905,03/2015,606,85917.79366920168,7880.701575049411,M,51.5,15.1
7906,03/2015,693,424712.12738281506,9149.868847418116,,53.1,9.9
7907,03/2015,944,151997.63908076106,8565.516531202065,M,49.4,14.1
7908,03/2015,793,1970842.3909059286,11637.199185244324,M,35.0,12.5
7909,03/2015,425,2215190.037453404,9833.747077898164,M,,17.9
7910,03/2015,683,298925.0474684309,7899.218170534122,,54.5,3.6
7911,03/2015,656,139006.77739625226,8265.350271050449,M,56.4,17.8
7912,03/2015,488,207732.42687167108,11983.929197720756,M,32.4,5.8
7913,03/2015,61,705151.1994878087,9885.79036678048,M,34.1,16.4
7914,03/2015,904,1730719.380129214,7893.120361083223,M,,4.0
7915,03/2015,378,998581.3999416002,7472.608153314784,,36.7,3.5
7916,03/2015,269,923006.7503972305,9748.074875415234,M,39.7,8.1
7917,03/2015,889,458776.1330625685,7661.628453870382,,55.5,2.0
7918,03/2015,481,2476009.99517133,10851.902267637954,F,51.5,17.1
7919,03/2015,344,2947949.5220171674,9089.66582682583,M,51.0,11.8
7920,03/2015,99,395696.12450807635,11474.708324103372,M,55.3,5.7
7921,03/2015,832,344927.63294973277,11520.013668966625,M,,13.3
7922,03/2015,127,271906.3554946128,9218.60105957488,M,55.8,11.8
7923,03/2015,617,5708343.516621973,10553.310367599193,M,38.2,17.4
7924,03/2015,770,147161.63690891594,8157.270193662285,M,56.6,15.9
7925,03/2015,484,177894.45034393473,9895.442437294272,M,36.2,4.1
7926,03/2015,341,3342594.483665208,9399.92978975967,F,63.1,16.9
7927,03/2015,982,232467.20027828903,9332.47890336933,M,,9.4
7928,03/2015,212,194735.0569607853,8381.882681478748,M,46.4,1.6
7929,03/2015,589,173467.52162613082,9663.693303288212,M,40.7,6.4
7930,03/2015,797,295414.24552455766,8038.507435356938,M,44.6,5.9
7931,03/2015,753,3510888.8148340983,11066.921687407503,M,32.8,12.8
7932,03/2015,227,342085.2034027618,9127.065552999971,M,,16.2
7933,03/2015,86,542076.8080463392,8747.093604242958,,,5.4
7934,03/2015,680,674778.166309289,8934.655894950045,M,61.1,18.9
7935,03/2015,195,1440428.0569473044,8945.794378256944,,54.1,8.8
7936,03/2015,595,480892.90135240945,7332.989965743432,M,45.4,7.1
7937,03/2015,854,279258.946733152,9554.576725696425,M,44.2,18.7
7938,03/2015,828,562010.8771868399,8137.215105437109,,50.6,1.1
7939,03/2015,261,430663.23353458504,7916.791423953697,M,36.4,18.5
7940,03/2015,603,545945.3131289004,9144.118899776719,M,34.9,10.7
7941,03/2015,379,1655868.4024672548,9535.717141408664,M,65.1,12.4
7942,03/2015,888,1685518.6011131948,7496.127291504918,M,,4.0
7943,03/2015,741,190482.15234685747,9903.215290383981,M,42.4,11.2
7944,03/2015,60,577844.8624553336,8079.443104115626,M,53.4,11.0
7945,03/2015,955,1145730.4900600468,12037.143586641914,M,35.8,8.5
7946,03/2015,62,251421.6001438748,8338.569550627812,M,34.0,4.3
7947,03/2015,638,282661.17599682097,10110.72675906085,M,62.7,9.4
7948,03/2015,697,376165.8169671277,11147.05673441711,M,35.0,15.2
7949,03/2015,147,365460.038628665,9150.841041079266,M,53.7,14.7
7950,03/2015,637,1105356.9410562401,8441.013985455655,M,63.3,3.0
7951,03/2015,799,128246.20085727282,7310.780391168515,M,45.3,1.1
7952,03/2015,178,96095.86311767687,8507.176996328928,M,49.0,7.8
7953,03/2015,806,55622.27821814687,7478.776910882392,M,50.3,7.6
7954,03/2015,300,237752.81587489613,9848.332665173482,M,35.9,9.5
7955,03/2015,998,439862.0032880486,8310.016276078231,M,32.1,1.4
7956,03/2015,337,535953.0910134771,13823.827875454548,M,36.0,9.4
7957,03/2015,549,1499431.1591936883,7822.7962896251165,M,55.1,16.4
7958,03/2015,767,339222.7244229511,8876.15222184028,M,56.5,1.2
7959,03/2015,157,118007.67670153963,8786.452877981099,M,56.8,16.2
7960,03/2015,540,753684.2117474439,9661.545346633697,M,41.6,6.5
7961,03/2015,108,619436.8866077694,9445.005589664688,M,51.2,2.9
7962,03/2015,352,393068.08648963476,9422.607073638053,M,58.1,9.3
7963,03/2015,847,158085.1124476366,9006.095592677066,M,51.0,5.2
7964,03/2015,479,442119.4698862879,8493.78972624451,M,54.6,1.0
7965,03/2015,622,3905421.0449740365,7556.944061801409,M,53.2,7.6
7966,03/2015,937,4571716.424469874,8697.927398054546,M,54.9,11.5
7967,03/2015,775,1570069.8487969192,8235.799271641075,M,50.4,9.8
7968,03/2015,623,158540.30876943172,8931.13159779258,,,14.4
7969,03/2015,87,3018592.6936513283,9279.672366288232,M,48.0,15.4
7970,03/2015,80,128463.20783212778,7682.2944473259195,M,57.8,17.5
7971,03/2015,434,3070006.7496936475,9420.79789582589,M,36.5,7.7
7972,03/2015,210,216321.94633536524,8637.01922505877,M,37.0,1.9
7973,03/2015,860,405309.0083986347,9710.152458432325,M,38.0,16.8
7974,03/2015,220,590299.8780533432,11680.12359245279,M,32.1,7.3
7975,03/2015,769,558142.6677197664,10695.562811334288,,58.8,18.9
7976,03/2015,692,732649.6587491169,10664.463210258102,M,42.4,2.3
7977,03/2015,546,421512.46369620855,9781.66648358768,M,55.6,13.5
7978,03/2015,777,135433.34371158553,9963.39011567419,M,59.2,16.0
7979,03/2015,581,1202614.2624992325,8849.126423183892,M,35.5,18.5
7980,03/2015,452,610538.3158687664,7883.462337877808,M,53.3,4.4
7981,03/2015,511,368670.75220147934,8612.200623996518,M,35.2,10.9
7982,03/2015,214,217762.19284233078,6720.192311026747,M,,5.9
7983,03/2015,234,3253958.2172913565,11953.94584163617,M,42.7,6.2
7984,03/2015,853,1958849.068485759,8371.64501995903,M,42.5,2.3
7985,03/2015,551,138574.74121761782,9561.934139296587,M,,4.3
7986,03/2015,505,281388.20497411914,6676.065943345982,M,33.7,2.5
7987,03/2015,508,3419549.7961284453,8523.531815280614,M,54.1,8.3
7988,03/2015,795,96773.75104520001,7787.2656335496595,M,50.4,8.6
7989,03/2015,317,1183707.2230211894,7515.432109613436,M,33.3,2.7
7990,03/2015,792,104736.05250357596,9136.239967744272,M,,8.7
7991,03/2015,974,1250998.7545369894,9549.099435758097,M,34.8,8.2
7992,03/2015,117,363023.18474302185,9116.693062369393,M,59.4,17.1
7993,03/2015,410,651185.8622721733,9890.4417559001,M,38.0,17.4
7994,03/2015,182,297517.73162196134,9057.359683880606,M,40.0,14.4
7995,03/2015,119,347639.76536240877,7365.764744263576,M,65.9,15.4
7996,03/2015,236,590333.0053902763,7614.50704264066,M,42.3,6.7
7997,03/2015,449,5901897.497878442,9589.519544627534,M,38.4,18.7
7998,03/2015,494,2145705.422567029,8580.926408778729,M,48.7,7.9
7999,03/2015,609,767439.5481518779,9337.260083849658,M,,4.6
8000,05/2015,943,144864.67240096646,8647.23392970019,F,58.4,0.6
8001,05/2015,966,4474247.636163524,9872.296947479383,M,46.8,0.1
8002,05/2015,250,2580893.933034829,10203.357774878226,M,32.0,0.1
8003,05/2015,156,637114.509343009,7582.560764262748,,64.8,0.7
8004,05/2015,67,152155.33680533362,11015.244830561363,M,60.7,0.4
8005,05/2015,684,477167.2446438351,8952.915265081163,M,,0.5
8006,05/2015,527,3844674.2688511666,8078.328209428112,M,,0.4
8007,05/2015,556,5667526.93445235,8245.47166689593,M,50.7,0.8
8008,05/2015,446,368258.9275729116,10159.832204643806,M,49.5,0.1
8009,05/2015,841,3688215.0955735496,10805.728134070616,M,48.2,0.7
8010,05/2015,126,776173.6158209179,11684.6707707668,M,53.2,0.7
8011,05/2015,910,453367.0158981762,8247.970141107011,M,58.2,0.6
8012,05/2015,112,365887.03246696014,8120.314573852656,M,54.7,0.9
8013,05/2015,191,278177.98766697024,8401.292998567651,M,50.4,0.1
8014,05/2015,739,2675571.810500716,8461.341169520452,M,37.6,0.6
8015,05/2015,579,2183210.2975546387,9102.203742379794,M,41.3,0.3
8016,05/2015,111,2240277.521489136,11112.434561229558,M,45.4,0.8
8017,05/2015,285,2687908.5925404024,8545.922013473122,M,47.3,1.0
8018,05/2015,796,79550.14168000394,8974.879568360782,M,59.2,0.3
8019,05/2015,310,2223778.303112012,9458.967555841513,M,42.2,0.8
8020,05/2015,458,475996.6809633585,9111.344377636236,M,39.7,0.2
8021,05/2015,884,981425.8419367807,8097.324949563491,M,64.1,0.6
8022,05/2015,335,513028.22591793153,8189.688153725153,M,47.0,0.8
8023,05/2015,521,3233684.425968752,9611.562350006549,M,56.1,0.8
8024,05/2015,887,1877514.5559583486,7048.954215308817,M,,0.0
8025,05/2015,601,641405.6217287657,8527.848444096657,M,39.8,0.2
8026,05/2015,11,2453944.409828207,7423.306089523149,M,39.1,0.6
8027,05/2015,624,2537720.183507977,8577.922521387613,M,52.8,0.7
8028,05/2015,737,505478.9098889038,7673.284563665319,M,58.1,0.3
8029,05/2015,823,3575891.1372427014,9657.306693581868,M,50.6,0.3
8030,05/2015,752,401631.5797786121,9772.587733426531,M,63.6,0.4
8031,05/2015,732,2421640.805070256,9935.788974588762,M,54.1,0.5
8032,05/2015,493,837251.3865710609,8168.337895243169,M,61.1,0.2
8033,05/2015,159,513129.65774569067,8624.544246055562,M,48.4,0.6
8034,05/2015,225,1579977.354916885,7760.653505278894,M,,0.6
8035,05/2015,784,251734.7898274097,7553.264564987436,M,54.3,0.2
8036,05/2015,171,293746.41024316865,8513.520617703096,M,49.4,0.4
8037,05/2015,460,1739629.5711024855,9037.789590224545,F,33.0,0.3
8038,05/2015,408,178119.83650697794,7975.661101515952,M,65.0,0.9
8039,05/2015,239,3801240.3340005283,8916.708369775768,M,60.4,1.0
8040,05/2015,812,3941542.563167201,8879.289703929158,M,54.7,0.9
8041,05/2015,896,480701.25031886983,9695.092688455205,M,58.5,0.0
8042,05/2015,354,636739.9943375975,10179.009998004032,M,65.2,0.4
8043,05/2015,574,3937428.7502821903,8130.129539207088,M,60.7,0.3
8044,05/2015,186,1997578.535809557,11117.852216744974,M,65.7,0.6
8045,05/2015,381,630034.026609523,8022.674231065182,M,44.0,0.1
8046,05/2015,898,814991.0625131713,6368.508202181729,M,46.5,0.0
8047,05/2015,405,446295.0174116023,10585.426119863812,M,32.2,0.1
8048,05/2015,439,446776.36520057777,11225.743440815137,M,65.2,0.3
8049,05/2015,532,161347.20420821683,7925.6013210714,M,38.2,0.5
8050,05/2015,665,373482.85575135594,8427.438587097968,M,,0.6
8051,05/2015,962,296865.47178674885,7537.991566283211,,53.5,0.8
8052,05/2015,303,4824456.987206816,9396.760994063527,M,37.0,0.6
8053,05/2015,996,3587337.1878462015,9398.289573575916,M,41.0,0.5
8054,05/2015,836,2438047.069551449,9291.616400039009,,55.4,0.2
8055,05/2015,840,450506.627028352,10229.27449189723,M,35.8,0.3
8056,05/2015,459,1112410.4015096538,10733.724766389558,M,36.2,0.4
8057,05/2015,611,266157.923031369,10517.85390416783,M,62.4,0.4
8058,05/2015,467,1840102.9699024996,9533.836208264756,M,,0.5
8059,05/2015,786,1742986.9378215747,6673.477124710513,M,46.5,0.0
8060,05/2015,23,849868.2325712463,10359.64569643774,M,51.4,0.9
8061,05/2015,302,2348795.2964553684,11890.619390440914,M,47.2,0.2
8062,05/2015,289,896642.4413654453,10856.828263636424,M,39.5,0.5
8063,05/2015,155,975294.812107763,7617.858382357158,M,57.3,0.4
8064,05/2015,327,310568.92642746045,9121.4157822533,M,51.8,0.8
8065,05/2015,114,804628.1703032815,8652.033936475164,M,61.1,0.9
8066,05/2015,756,2723396.201181548,8797.64966018776,,54.8,0.3
8067,05/2015,880,765443.1394256606,11624.918785673774,M,45.6,0.6
8068,05/2015,660,139037.95036651168,9076.299921858395,M,56.5,0.9
8069,05/2015,454,6593807.657231872,8831.467416473042,M,40.2,0.2
8070,05/2015,969,362436.3802618536,10468.72474424568,F,62.8,0.7
8071,05/2015,176,2661771.128608271,9838.606760388364,M,35.8,0.9
8072,05/2015,432,313238.47199709,12847.53450309892,M,47.3,0.9
8073,05/2015,531,532500.8341059714,11111.955750671154,M,46.6,0.9
8074,05/2015,101,354156.9122702095,9271.360372720348,M,,0.9
8075,05/2015,738,86047.47813828794,7191.5221756403835,M,36.7,0.3
8076,05/2015,271,2337924.2871678895,7647.012224577066,M,64.8,0.4
8077,05/2015,423,608014.9381879799,9006.76480026793,M,59.1,0.6
8078,05/2015,765,1434426.3413539822,9483.943343478044,M,47.8,0.8
8079,05/2015,691,2480023.8817913267,8859.489625261233,M,44.8,0.4
8080,05/2015,533,335447.87189935544,6442.738964673328,,35.8,0.1
8081,05/2015,716,675683.225683121,9796.944731451491,M,39.8,1.0
8082,05/2015,922,306337.4356511148,10101.88259185674,M,58.5,0.8
8083,05/2015,174,269985.3184196265,8710.83005951673,M,46.1,0.9
8084,05/2015,200,722778.3527525743,7769.37661020337,M,39.0,0.7
8085,05/2015,316,4004447.993007721,9341.938940095057,M,34.8,0.2
8086,05/2015,307,4668262.733244942,8153.967958677082,M,65.0,0.7
8087,05/2015,882,2431235.993977775,8849.461285655252,M,33.7,0.6
8088,05/2015,706,4545319.428448557,8957.26883857459,M,51.7,0.3
8089,05/2015,829,3221037.0166048254,8818.14602173951,M,35.3,0.5
8090,05/2015,719,1531945.9280496952,7746.951590550331,M,32.6,1.0
8091,05/2015,935,2788876.053313552,7801.938162672085,M,38.9,0.3
8092,05/2015,68,177553.19912454288,7806.426920950145,F,35.8,1.0
8093,05/2015,815,601826.9375899427,9201.142990050064,,64.2,0.3
8094,05/2015,747,236279.02935141773,6922.927006625646,M,43.6,0.7
8095,05/2015,798,662239.69434784,6630.929613063068,M,35.3,0.4
8096,05/2015,865,173925.98471638086,7596.896485689273,M,58.5,0.3
8097,05/2015,399,196227.4071344012,8819.232035137247,M,53.1,0.9
8098,05/2015,509,4841086.374302974,9447.219581013456,M,46.7,0.5
8099,05/2015,308,564517.744378164,8222.098408443337,M,48.1,0.9
8100,05/2015,502,779036.4780585808,12023.306699630464,M,61.5,7.9
8101,05/2015,81,812189.1101390215,16501.80065429424,M,42.4,14.4
8102,05/2015,814,287971.4245556213,8480.498505109681,M,33.1,18.7
8103,05/2015,666,338916.5746595355,7468.694682817634,M,35.3,8.7
8104,05/2015,205,523303.79796972376,8576.403608317885,M,56.6,9.9
8105,05/2015,759,365757.85639198904,6903.538014065752,M,44.5,3.4
8106,05/2015,96,1050208.6680670755,8349.964336368972,M,37.2,9.4
8107,05/2015,671,1099488.7605581407,10148.651483301926,M,61.4,16.8
8108,05/2015,100,1638586.0790111476,7139.933965448009,M,38.1,17.2
8109,05/2015,321,1906872.801744897,9182.35858429109,M,,10.1
8110,05/2015,602,2444913.668040441,11131.463997234323,M,37.3,17.8
8111,05/2015,453,1158130.9979466093,12136.94148200518,F,60.6,5.4
8112,05/2015,396,649650.575981613,9781.412031774686,M,33.1,12.5
8113,05/2015,113,849056.9904750447,10719.11077890392,M,,16.9
8114,05/2015,988,1608485.410541977,8436.362845721904,M,32.9,11.3
8115,05/2015,956,397187.68498938537,9893.775023728775,M,65.2,15.6
8116,05/2015,59,574672.9509293311,8125.499340609637,M,46.9,8.1
8117,05/2015,593,2439864.1736893305,13121.067915866412,M,43.4,15.5
8118,05/2015,10,483773.9793973002,6871.032749930271,M,45.5,6.4
8119,05/2015,196,3602689.5475617256,8798.432604996462,M,46.2,4.3
8120,05/2015,38,629819.4732815995,8886.255172455407,,51.3,5.9
8121,05/2015,625,375588.28698714916,8801.286873434732,M,57.7,13.8
8122,05/2015,570,1624059.390221638,7122.564366412781,M,47.1,16.8
8123,05/2015,745,191154.88178815824,8691.713014378254,M,51.3,15.9
8124,05/2015,764,626568.5344466659,9947.019988343025,M,47.3,15.0
8125,05/2015,66,433952.2858976584,8697.837361493908,M,40.0,18.9
8126,05/2015,84,827679.996098186,9453.698482917333,,36.5,18.8
8127,05/2015,462,347329.94192853733,8536.966621496473,,39.3,10.3
8128,05/2015,952,168798.94041946193,8971.96639680502,M,56.4,4.4
8129,05/2015,970,3496602.52650516,9310.976584394857,M,34.0,11.4
8130,05/2015,333,391863.60289034835,10291.377419202516,M,50.1,8.4
8131,05/2015,274,410954.9522864809,16528.825004562997,M,63.7,8.6
8132,05/2015,981,323915.1551599443,7858.261718882925,M,62.2,1.6
8133,05/2015,110,589448.2904940777,8137.975475056687,M,59.4,15.7
8134,05/2015,383,630654.3394352165,9292.719479538091,M,37.5,15.6
8135,05/2015,542,623870.444445592,10146.41924650423,M,35.2,7.8
8136,05/2015,787,258155.683343032,8085.989547045915,M,59.9,12.3
8137,05/2015,57,3457646.416464222,6692.961076194884,M,65.6,16.7
8138,05/2015,412,6199785.397823398,8717.984068982054,M,59.3,4.6
8139,05/2015,177,1331340.5262099968,11059.13307548706,M,41.0,1.9
8140,05/2015,560,1017670.5567524582,9206.158932398364,M,41.8,12.4
8141,05/2015,398,515850.3278387983,11866.566874061351,M,52.0,4.8
8142,05/2015,916,377823.88660206227,8978.277666609396,M,65.1,18.0
8143,05/2015,965,723064.6295323347,8935.12331159571,M,65.8,5.6
8144,05/2015,746,740069.2235579919,10347.900334255273,M,48.2,1.6
8145,05/2015,912,284169.0406171191,6823.190289296195,M,55.6,16.5
8146,05/2015,257,2621016.193292157,7900.868599768394,M,36.1,4.5
8147,05/2015,727,512135.39750599366,8380.178067473891,M,53.5,16.6
8148,05/2015,144,561640.9647530806,8469.64779427047,M,43.3,7.4
8149,05/2015,164,194869.8273463206,9677.765439666902,M,39.8,10.5
8150,05/2015,48,2120287.6160178594,7604.101964764059,M,63.4,11.9
8151,05/2015,872,690944.8198507627,7573.933034951324,M,50.2,11.6
8152,05/2015,391,833880.9098944804,9685.165113532357,M,47.8,2.2
8153,05/2015,703,4255691.1664143065,9090.588908407302,M,,7.8
8154,05/2015,504,560256.6190072049,11785.432888584934,M,40.0,1.8
8155,05/2015,876,3938774.1877404177,10817.888638784261,M,34.7,5.8
8156,05/2015,69,865785.6641972758,8986.06769753079,M,57.1,11.5
8157,05/2015,736,552356.6582122538,8704.566102560135,M,43.1,13.3
8158,05/2015,899,575363.8628968911,10857.309830974196,M,58.6,10.2
8159,05/2015,219,141032.91463759347,6926.542715167125,M,39.4,17.3
8160,05/2015,451,567018.8117669241,9225.745932094673,M,47.1,10.2
8161,05/2015,407,2444389.625562415,17018.7938102755,M,46.4,2.4
8162,05/2015,735,240429.85846598647,7502.140756474677,M,54.1,4.8
8163,05/2015,249,477821.66509178915,8881.093492409362,M,60.9,8.2
8164,05/2015,145,616852.6332158179,9657.056271760286,M,49.4,7.5
8165,05/2015,12,4927423.49125476,8724.144487901614,M,59.0,15.6
8166,05/2015,724,1304455.9660566098,7975.651951737981,F,47.8,16.0
8167,05/2015,728,556080.695252976,9729.811413725816,M,57.5,2.9
8168,05/2015,948,378393.6285724666,9869.476368130385,M,37.5,3.6
8169,05/2015,464,424818.1163694781,9549.27482892022,M,58.4,6.4
8170,05/2015,278,2228056.1689764173,8125.072509888042,,47.4,10.8
8171,05/2015,89,3812701.48824146,7213.172790173527,M,42.9,7.5
8172,05/2015,124,2643963.792373485,10751.897869906528,M,35.2,9.5
8173,05/2015,185,2608248.196021406,8986.728061321744,M,35.5,14.5
8174,05/2015,514,3058079.2659656205,13590.307268189285,M,45.0,12.9
8175,05/2015,651,174905.55138417287,8683.726091759032,M,39.2,8.3
8176,05/2015,669,2607559.060026659,9037.468825774784,M,52.6,13.9
8177,05/2015,97,429196.89362347854,9333.924708263745,M,62.2,11.0
8178,05/2015,924,1413607.505653742,6036.355389784105,M,64.5,11.3
8179,05/2015,323,613686.2159159384,10907.319579008636,F,48.5,8.9
8180,05/2015,643,679464.6245529973,8477.88074343708,M,35.7,16.0
8181,05/2015,890,2952715.5605000434,10584.769385258995,M,55.4,17.6
8182,05/2015,929,444540.32225034805,9356.822839633722,M,41.7,4.4
8183,05/2015,670,705814.975895277,10148.934109516187,M,36.1,8.3
8184,05/2015,181,973904.249162996,8804.562464772584,M,36.8,10.0
8185,05/2015,963,323886.4759368042,9692.035455945748,M,50.0,10.8
8186,05/2015,997,524506.0228669165,10117.481084716317,M,61.6,10.5
8187,05/2015,858,929203.993335566,9181.123808292446,M,38.2,1.5
8188,05/2015,403,234332.42545908643,7790.431333280902,M,45.4,7.8
8189,05/2015,572,3642485.0291175614,7294.390196365978,M,,7.6
8190,05/2015,754,302695.84697798773,9049.032867121312,M,55.8,11.8
8191,05/2015,72,417173.20058727445,9305.122147302956,M,46.7,11.5
8192,05/2015,283,1517128.4065684045,9347.797692993274,M,57.9,9.6
8193,05/2015,705,3971237.2188496483,10779.507567474266,M,46.5,1.7
8194,05/2015,983,3736428.23131773,8188.561482830105,M,36.0,14.7
8195,05/2015,305,1168777.898932199,8415.26512882868,M,63.1,4.2
8196,05/2015,857,2819478.6733994926,11642.60741805353,M,37.8,3.3
8197,05/2015,74,453957.9381152496,11976.622798665161,M,37.2,15.0
8198,05/2015,824,315233.7023970859,8168.779869366211,M,56.3,2.9
8199,05/2015,231,143218.91123775617,8506.841838097946,,42.2,17.8
8200,05/2015,130,136995.94704855327,12151.928016062293,M,59.5,15.0
8201,05/2015,248,491665.327243837,9012.149973104226,M,36.4,14.8
8202,05/2015,149,657976.6520278833,9864.956861569899,M,52.6,5.5
8203,05/2015,329,2684305.9585601334,9506.39375527729,M,43.4,4.5
8204,05/2015,582,272430.24259375466,7793.524113317905,M,46.1,4.4
8205,05/2015,328,2500904.400278105,6918.940882684984,M,39.4,11.4
8206,05/2015,779,489936.6416682393,8115.132391632434,M,,18.0
8207,05/2015,807,330688.82988724404,7994.276413995528,M,,12.8
8208,05/2015,821,128262.22031519486,10006.154240732012,M,55.6,4.4
8209,05/2015,366,599039.2195498307,8236.950250982327,M,42.9,7.5
8210,05/2015,433,4330360.74907104,13196.502166286842,M,37.5,8.6
8211,05/2015,371,671441.8925351012,10874.688921980542,M,52.2,5.6
8212,05/2015,384,670345.889145172,7880.972269152891,M,43.5,2.5
8213,05/2015,632,1807510.1373015544,8914.09824163276,M,35.3,14.1
8214,05/2015,861,1029006.8952327206,10222.690423194184,M,48.3,12.6
8215,05/2015,65,138093.93233643993,9226.74406713566,,46.8,15.7
8216,05/2015,877,970486.3177397867,14106.984272649626,M,40.8,16.7
8217,05/2015,244,3230882.9785549776,7313.873753285757,M,40.5,3.1
8218,05/2015,863,292628.4078124432,8988.82703572157,M,48.7,17.6
8219,05/2015,350,468852.0783609067,12307.723016905804,M,52.6,18.5
8220,05/2015,160,2122773.9465368604,8396.708709603101,M,34.9,18.1
8221,05/2015,45,3057985.742688112,8551.143459414947,M,40.4,11.4
8222,05/2015,497,3697895.464561708,11247.888438143937,,46.3,11.7
8223,05/2015,237,5015919.814943504,8981.64237915992,M,39.1,10.7
8224,05/2015,9,9805826.49156582,10003.54979158007,M,50.3,8.9
8225,05/2015,172,712719.1039838312,8708.763090392458,M,55.4,10.6
8226,05/2015,918,526984.5869545905,10048.964413408503,M,45.0,2.6
8227,05/2015,950,186075.66114738083,9512.275407093552,M,34.7,6.3
8228,05/2015,134,697031.887152136,10047.321331392739,M,64.7,6.2
8229,05/2015,140,2292027.947933544,7389.338047917506,M,,14.0
8230,05/2015,238,539229.8386266652,11715.009132917847,M,61.8,3.6
8231,05/2015,567,234589.49087560436,10287.341374856927,M,49.1,15.0
8232,05/2015,146,100795.2917870785,9035.60076120149,M,38.1,5.6
8233,05/2015,519,5789807.107341148,8444.917844151227,,42.7,1.7
8234,05/2015,428,1119121.1882980152,7958.137524067942,M,37.0,13.8
8235,05/2015,612,728952.448192232,7632.536870084231,M,56.8,10.3
8236,05/2015,153,2827670.696430664,9320.347742310834,M,32.3,18.2
8237,05/2015,592,14144965.604416735,11757.33444829188,M,52.6,12.7
8238,05/2015,713,426512.5887689351,16289.43322111502,M,45.8,18.2
8239,05/2015,933,287081.0985508366,12076.97659032463,M,48.6,14.2
8240,05/2015,686,550618.3831620734,9252.959719171453,M,40.8,5.5
8241,05/2015,331,219717.0063564687,11429.798888805883,M,36.7,9.1
8242,05/2015,885,555173.1190288075,9392.449828039744,M,62.8,6.5
8243,05/2015,842,521169.68853106396,11345.451882369942,M,48.5,6.3
8244,05/2015,951,1107255.1155166174,14667.630990804895,M,65.1,10.5
8245,05/2015,597,1179181.9930712353,11799.036465882962,M,60.0,13.1
8246,05/2015,93,1353278.801382857,9533.194391441299,F,38.4,14.3
8247,05/2015,402,410140.4162659905,8098.7008137843295,M,35.4,15.1
8248,05/2015,435,427156.9559758548,11376.214597126133,F,60.4,17.1
8249,05/2015,751,879364.1281429024,8515.797885041675,M,55.1,6.5
8250,05/2015,733,1192545.6503939645,8664.48686137397,M,52.2,13.6
8251,05/2015,121,88208.56532514792,8493.746856112228,M,58.7,18.4
8252,05/2015,760,2339798.3900331776,9918.303661207052,M,47.8,11.1
8253,05/2015,372,205007.7515735821,8407.49176687384,M,33.0,14.3
8254,05/2015,441,561148.0043676619,10075.356042646647,M,51.6,2.3
8255,05/2015,270,381877.2810211403,12059.512438513682,M,40.7,10.1
8256,05/2015,260,1170004.5044444029,9780.269464160016,M,34.6,1.1
8257,05/2015,442,671100.8287946797,9087.986456656348,M,61.5,13.5
8258,05/2015,19,347052.0827088059,7545.8293100903,M,,12.4
8259,05/2015,218,1793467.0769022487,8783.034657818293,M,60.8,12.0
8260,05/2015,1000,1275613.7842815258,7399.463992083944,M,45.2,4.0
8261,05/2015,967,481315.0035182756,8777.618705914132,M,56.6,2.4
8262,05/2015,413,473849.5036984379,8507.978866091866,M,47.8,1.0
8263,05/2015,780,2594818.83781122,10685.485941700625,M,51.8,1.9
8264,05/2015,538,158025.5729119927,9612.666350082847,,44.3,13.5
8265,05/2015,255,392526.7570529369,10644.403160267093,M,50.9,15.2
8266,05/2015,211,618720.9430293351,8313.603661944335,M,36.7,8.5
8267,05/2015,465,2881358.129448874,7430.79290864607,M,62.0,17.2
8268,05/2015,583,364120.12757524423,11135.568603312004,M,39.0,8.2
8269,05/2015,489,873407.2920997181,9616.271486471258,M,39.7,17.4
8270,05/2015,353,195997.7368701304,9370.445685905905,M,65.8,5.3
8271,05/2015,415,293608.159283048,8068.198284238345,M,62.5,7.1
8272,05/2015,594,412204.035388194,8402.947359311423,F,44.6,12.7
8273,05/2015,957,3462014.9584295102,9116.27666442704,M,55.4,5.3
8274,05/2015,394,3436147.953444114,8489.714053235815,M,56.1,5.1
8275,05/2015,674,671660.3742346637,9057.53253599273,M,61.2,16.6
8276,05/2015,646,3363677.786015932,8289.619422887969,M,35.1,10.2
8277,05/2015,972,471400.40949275804,10098.387414821398,M,65.6,1.6
8278,05/2015,791,1556085.536825331,9469.913735093733,M,60.0,8.0
8279,05/2015,78,114454.64666785269,7781.8999515263595,M,36.8,7.9
8280,05/2015,548,3594442.0477918223,7950.384789639695,M,52.2,12.5
8281,05/2015,536,375675.3090451136,11859.319284474455,M,55.4,3.4
8282,05/2015,621,748069.183391458,9425.053230087275,M,54.8,1.7
8283,05/2015,762,383919.0233327114,9954.00019739401,M,47.3,14.9
8284,05/2015,516,97629.36733637101,7771.875944480067,M,65.6,18.0
8285,05/2015,216,398995.827192847,8916.820332716728,M,36.4,14.5
8286,05/2015,635,1127058.007173735,9854.427089707433,M,55.3,14.8
8287,05/2015,926,582154.1891254251,9572.01981036078,M,43.2,14.0
8288,05/2015,135,1008965.0742874412,9807.515147861295,,,10.5
8289,05/2015,387,2309042.6928258426,10562.660027582595,M,46.8,16.0
8290,05/2015,925,3801031.1835588813,8096.858092877742,M,57.3,5.5
8291,05/2015,85,460937.7589688675,8610.872301999492,M,38.7,16.7
8292,05/2015,586,1919763.7470213145,11513.802617795069,M,32.2,7.8
8293,05/2015,571,1311285.1996186373,9241.584161596244,M,53.2,13.8
8294,05/2015,855,1157443.5460390765,8630.215348852953,M,64.2,15.2
8295,05/2015,685,395894.0007134379,9305.638692202188,M,47.0,7.8
8296,05/2015,63,131525.93587863914,10683.462335731725,M,61.6,12.5
8297,05/2015,264,2158472.283444205,8564.685972607444,M,59.1,12.7
8298,05/2015,701,650342.7227633217,8634.412304164149,M,37.3,10.7
8299,05/2015,73,370691.9864314741,9693.368888490271,M,48.6,14.7
8300,05/2015,478,2267323.9451573826,7256.988148167424,M,35.7,7.8
8301,05/2015,661,3909808.522698508,9094.241819523251,M,57.1,1.7
8302,05/2015,228,491117.08692612755,8446.54399569117,M,48.1,9.5
8303,05/2015,309,394763.6040786997,7886.420882020652,M,38.3,14.6
8304,05/2015,382,1900149.0091051261,14257.42696244549,M,34.4,10.9
8305,05/2015,914,2420286.8000679365,8800.21521747966,M,54.5,6.4
8306,05/2015,170,330778.1578730758,8607.238407685278,M,34.1,16.2
8307,05/2015,808,644025.17406956,8768.010568766698,M,45.2,4.6
8308,05/2015,279,3173403.7995691462,9090.50115878719,M,44.8,3.9
8309,05/2015,852,1693980.6973444317,9506.296413699132,F,37.4,13.3
8310,05/2015,258,533026.1766183235,9645.520267781509,M,43.5,6.3
8311,05/2015,920,192124.49879030525,8647.134515273765,,64.9,14.6
8312,05/2015,167,386500.7843278956,7509.720627728826,M,37.0,6.7
8313,05/2015,229,2740854.681973634,9346.556502914724,M,55.1,7.9
8314,05/2015,293,530988.0351844043,9149.299973734865,M,44.9,10.8
8315,05/2015,569,814658.6244031605,9265.409354450705,M,39.7,13.3
8316,05/2015,39,436170.67575509206,9890.168288866013,M,58.6,1.1
8317,05/2015,562,4897719.062839036,9364.193579074908,M,43.4,10.0
8318,05/2015,819,90447.4494878884,8451.291809485825,M,33.6,15.2
8319,05/2015,652,114274.97127564384,7485.196234853959,,43.2,1.1
8320,05/2015,827,2796645.808014014,9191.959979052215,M,65.0,3.2
8321,05/2015,915,1172730.864838904,9498.897119463772,M,47.0,13.0
8322,05/2015,35,4397468.239797345,8816.552916956736,M,53.3,4.0
8323,05/2015,358,415387.47079684836,12140.139416568976,M,35.8,18.3
8324,05/2015,867,473317.88865761226,9749.661580035658,M,53.5,10.1
8325,05/2015,979,209129.35355921893,8880.575324445661,M,64.3,9.9
8326,05/2015,599,468448.557352342,9724.189462392627,M,,18.4
8327,05/2015,470,6365102.526589172,9944.306734925714,M,45.0,3.5
8328,05/2015,903,3758140.564343635,9275.127828825924,M,,16.7
8329,05/2015,420,614746.9421830737,7978.326089155393,M,56.3,5.9
8330,05/2015,150,486020.93278645014,7168.346231217705,M,,10.2
8331,05/2015,631,100151.3151385682,8609.45877945642,M,43.4,6.2
8332,05/2015,616,490373.09987104265,8581.742828349881,M,61.4,8.8
8333,05/2015,373,131534.01615335385,11416.1779519672,M,60.9,5.9
8334,05/2015,577,236792.4199285204,9327.25605764335,M,42.5,15.7
8335,05/2015,901,759457.585777227,7964.68124040877,M,56.5,9.0
8336,05/2015,55,553461.4013673846,8783.89857573046,M,34.8,2.7
8337,05/2015,908,3678728.2201851606,7914.6604393963735,M,39.6,15.1
8338,05/2015,883,445872.30195586424,8717.348372886005,M,,15.3
8339,05/2015,522,515956.0316494831,8488.964189765748,M,52.2,14.7
8340,05/2015,811,3372634.8361424413,9619.921182624374,M,,18.6
8341,05/2015,137,639741.1919860431,8464.282339750282,M,58.3,17.6
8342,05/2015,600,627844.0226350061,10348.641903271015,M,38.4,17.2
8343,05/2015,673,596049.4962022642,7585.409947914227,M,49.1,5.2
8344,05/2015,575,284865.61367815506,7361.344358069843,M,32.9,10.9
8345,05/2015,469,2603323.667502687,8551.023714881427,M,64.1,10.3
8346,05/2015,698,2774988.1038203808,14523.784136562423,M,62.6,5.0
8347,05/2015,245,13760179.437900532,13813.577774531692,M,60.9,13.2
8348,05/2015,363,589851.2237421102,8913.352158272333,M,45.2,1.3
8349,05/2015,911,434363.3158957094,6309.936115651563,M,53.9,13.9
8350,05/2015,343,2135433.489826596,8518.139464010244,M,63.1,16.4
8351,05/2015,886,2537358.62138094,9876.322360482716,M,59.7,10.7
8352,05/2015,262,349973.05364910193,9696.296098300849,M,64.6,14.7
8353,05/2015,222,1666043.6916840465,9412.22846634949,M,39.2,11.6
8354,05/2015,731,352228.75485750986,8077.6456175679605,,35.2,7.5
8355,05/2015,31,706151.8353517663,8500.024119369345,,36.7,16.8
8356,05/2015,32,173833.76022153214,7116.398033559947,M,55.5,2.4
8357,05/2015,545,1597072.865994466,11431.522226045483,M,42.4,3.8
8358,05/2015,553,829986.9741199792,8801.561359972498,M,35.3,1.8
8359,05/2015,284,5134519.248948087,7599.09766698134,M,40.5,14.4
8360,05/2015,94,223913.40794394445,8635.485742923858,M,,9.2
8361,05/2015,472,271628.76311435166,7677.162287537858,,40.5,8.5
8362,05/2015,748,686460.9671998954,8154.173368494964,F,40.7,14.3
8363,05/2015,3,1516973.859746792,10207.275577548522,M,49.3,4.7
8364,05/2015,676,592398.9761380592,9493.144952826344,M,43.8,17.0
8365,05/2015,233,94106.53966335836,7767.976612205037,M,38.2,12.8
8366,05/2015,919,101664.73657750187,9063.788699055078,M,34.6,11.6
8367,05/2015,54,296102.56397468713,6953.078251928348,M,57.6,1.3
8368,05/2015,95,4608182.149707478,6913.152200656805,M,55.1,14.3
8369,05/2015,818,2525773.24535361,8529.582265915697,M,,4.6
8370,05/2015,349,810195.1036078918,12252.933118691326,M,63.1,16.7
8371,05/2015,224,734907.7181993843,11496.732449912926,M,42.2,9.8
8372,05/2015,526,1387375.3707099168,11111.857116811414,M,62.7,18.8
8373,05/2015,613,182434.19189290336,7246.506675547027,M,50.9,2.5
8374,05/2015,845,676545.3429783577,8969.13634318917,M,,5.5
8375,05/2015,894,717674.6220645463,7627.691835333942,M,47.3,18.1
8376,05/2015,419,695602.1476762765,8651.745296469357,M,,18.2
8377,05/2015,707,198318.37550983406,10276.910361286853,M,56.4,12.6
8378,05/2015,426,586436.217453099,7175.2686613759715,M,43.0,7.2
8379,05/2015,427,244266.67958892183,8818.205560865314,M,48.1,3.4
8380,05/2015,978,475956.795656273,12469.32432799436,M,40.8,8.0
8381,05/2015,610,3623964.7490549474,8787.140847877476,M,64.5,8.9
8382,05/2015,76,2675509.919131324,11071.06358521206,,46.8,11.5
8383,05/2015,629,645848.5362067565,9506.038268870901,M,46.4,15.7
8384,05/2015,326,2262363.46738791,7889.23605672312,M,32.6,1.6
8385,05/2015,875,194246.30885330355,9216.160458541677,,42.4,16.3
8386,05/2015,409,309952.6325928255,8596.431901631791,M,45.0,14.6
8387,05/2015,940,965860.2759087789,10048.860686918595,M,53.9,9.6
8388,05/2015,642,122454.67465697325,8484.79725529982,M,43.3,8.4
8389,05/2015,14,617677.5077481712,6823.617560142487,M,56.5,1.7
8390,05/2015,129,108105.94068454987,8249.258105513723,M,35.6,11.3
8391,05/2015,474,238857.95094055694,7228.964381727095,M,56.2,13.1
8392,05/2015,312,912926.5039520425,9667.602972135279,M,61.2,13.4
8393,05/2015,708,2792480.527369779,8869.440101030943,M,40.4,1.6
8394,05/2015,30,5158835.719979165,13351.913811334258,M,46.1,9.2
8395,05/2015,161,341760.6380626789,7777.022332443869,M,51.3,2.9
8396,05/2015,839,2763924.0940948064,9533.675570006624,M,36.7,1.6
8397,05/2015,400,402630.4210985001,7949.670422522163,,58.4,10.9
8398,05/2015,375,493955.5140310273,8307.358584186015,M,43.3,18.2
8399,05/2015,298,280283.60353284905,8054.838284656047,M,39.2,11.8
8400,05/2015,29,336781.1925924515,8467.719754057074,M,46.5,10.7
8401,05/2015,679,290906.71783136285,7641.970966643459,M,32.7,10.4
8402,05/2015,422,377987.50609516696,8393.267848417347,M,50.1,11.6
8403,05/2015,50,833303.1338026274,8629.142105634319,M,53.7,9.0
8404,05/2015,804,414398.84869023226,8477.789849245733,M,32.4,13.2
8405,05/2015,627,620526.1414556407,11493.467290001181,M,41.2,15.2
8406,05/2015,874,316993.99322620424,7717.439604443405,M,38.0,2.2
8407,05/2015,165,387154.9939481807,9047.762854643914,F,50.4,17.6
8408,05/2015,905,1999508.6807101972,8540.997583067945,M,32.6,15.8
8409,05/2015,37,3136335.1093269587,10661.795948678522,M,43.8,12.4
8410,05/2015,501,3830729.035323413,10554.408831998797,M,47.7,9.3
8411,05/2015,529,4457137.085103994,7667.435521226235,M,47.5,6.1
8412,05/2015,774,941138.6738424273,9610.850212977017,M,62.2,17.0
8413,05/2015,772,316437.5296954475,11734.687770117385,M,47.7,8.2
8414,05/2015,773,886755.2069749595,9183.956197236408,M,,14.6
8415,05/2015,388,8222616.968388462,10081.51622488697,M,,1.6
8416,05/2015,194,3586829.1753697745,8489.523248417667,M,65.8,18.7
8417,05/2015,778,281287.26303928427,10230.645376542267,M,62.7,4.5
8418,05/2015,830,435934.34053698,11167.52034702896,M,49.8,5.2
8419,05/2015,655,1193529.9463322388,7471.835896864625,M,51.5,7.7
8420,05/2015,461,402916.88576714805,7794.758308289457,M,64.8,2.5
8421,05/2015,927,689498.4538213046,7027.807947823838,M,53.3,9.6
8422,05/2015,90,3238189.0972511615,8207.28459364908,M,60.6,11.5
8423,05/2015,348,3849210.863294226,8858.819910463397,M,60.8,1.0
8424,05/2015,313,447715.6977327136,14736.002301896295,M,53.1,14.1
8425,05/2015,590,446624.83347432787,7648.642162267797,M,40.8,4.2
8426,05/2015,179,1355548.4624869858,8028.38078476001,,52.8,15.2
8427,05/2015,496,695200.7130135766,10917.43572294227,M,58.0,17.3
8428,05/2015,517,2447601.385047724,9639.388238543906,M,46.1,16.4
8429,05/2015,744,500520.11719554575,8075.659653692908,M,48.2,14.3
8430,05/2015,682,2802106.490559131,7996.1451296245505,M,46.5,10.8
8431,05/2015,809,150566.79402027384,6785.685876971336,M,40.3,17.8
8432,05/2015,658,600336.854918513,9517.987455966582,M,46.5,11.6
8433,05/2015,158,271338.09997021407,10184.788835630483,M,,3.0
8434,05/2015,357,659567.463603547,9241.24520901875,M,42.8,9.0
8435,05/2015,221,345877.1072240107,9030.946947482931,M,64.0,3.7
8436,05/2015,633,313587.1226164651,10803.022587407477,F,46.4,2.6
8437,05/2015,721,1025262.4017663576,9019.513433942448,M,36.7,14.4
8438,05/2015,783,501813.57434972713,8797.405160650258,M,43.3,9.7
8439,05/2015,304,426553.9062896121,9417.451692925635,M,60.5,17.7
8440,05/2015,789,319262.0201929039,10742.247505856925,F,39.7,8.0
8441,05/2015,486,3168091.6246574665,11196.356901635074,M,56.4,5.1
8442,05/2015,580,3324969.364573761,9561.744861103789,M,63.8,10.4
8443,05/2015,6,437760.06319283566,10987.114303973864,M,35.5,15.1
8444,05/2015,934,420309.65512449254,8070.434751030615,M,32.4,13.9
8445,05/2015,645,518099.07657737785,13395.085683563464,M,52.4,2.3
8446,05/2015,206,930315.0665328583,7982.46266386978,M,64.2,5.3
8447,05/2015,401,2505034.849135059,10443.508845874056,M,,13.2
8448,05/2015,826,1169917.4248123213,7862.946517062909,M,33.7,5.3
8449,05/2015,83,280395.99028994713,13934.639914947358,M,65.4,8.2
8450,05/2015,183,385945.40644942806,10512.132463478069,M,41.2,14.6
8451,05/2015,42,3469573.079554661,8748.102316389712,M,56.3,13.9
8452,05/2015,722,3221999.566029898,9614.951630913742,M,45.4,18.3
8453,05/2015,503,113956.80342743835,7354.334643058122,M,,18.0
8454,05/2015,620,3601717.9137235843,10387.65797388298,M,57.3,1.6
8455,05/2015,755,374865.6143481259,8527.25662795749,M,53.1,14.7
8456,05/2015,873,1076134.762545414,10536.201090287252,M,33.1,16.5
8457,05/2015,781,597401.7052531266,9776.555660016984,M,33.4,14.1
8458,05/2015,40,1623903.066979261,7147.043424120304,M,36.4,9.0
8459,05/2015,240,936922.0859439203,8466.901627060852,M,,5.8
8460,05/2015,436,900832.7131650099,15724.533665463181,,37.8,12.0
8461,05/2015,320,1782937.7252683516,12262.092317269988,M,43.1,14.4
8462,05/2015,723,240799.5999793685,8578.100280506154,,,3.7
8463,05/2015,947,1142591.3283415902,8423.168338590633,M,41.6,14.9
8464,05/2015,168,2556970.690354401,9083.515398102745,M,60.0,11.2
8465,05/2015,259,2989733.9698262797,8072.126751954099,M,60.8,2.7
8466,05/2015,913,824183.0382127861,11080.13242725034,M,53.6,9.3
8467,05/2015,985,385889.7197665642,7370.178080680681,M,51.8,15.1
8468,05/2015,539,2080110.9005694857,11388.510724592372,M,41.5,10.6
8469,05/2015,975,497836.86333164095,8412.477856593523,M,46.1,9.3
8470,05/2015,771,283450.50069437857,8205.482954485899,M,59.1,12.7
8471,05/2015,566,752627.5338380346,10164.766406913292,M,,11.7
8472,05/2015,325,453601.6717217967,5952.639055634893,M,59.5,7.6
8473,05/2015,813,958306.9278846814,11201.948707352021,M,56.3,16.7
8474,05/2015,253,532627.6472187339,10791.218336524793,F,52.5,18.0
8475,05/2015,817,350003.89366664516,8816.102904215018,M,35.7,7.4
8476,05/2015,958,1120735.03335859,15334.049237937297,M,42.6,2.3
8477,05/2015,564,224331.7316985033,10951.106831051295,M,36.5,18.6
8478,05/2015,448,3841513.814908793,8082.519545977968,M,51.5,15.3
8479,05/2015,322,1314463.2051013738,8535.480565034271,M,45.2,13.4
8480,05/2015,909,654778.4779052759,9886.678550165254,F,45.0,18.5
8481,05/2015,208,1575885.0223673873,8642.729598564263,M,57.5,3.7
8482,05/2015,306,343153.4687653962,8886.488248690373,M,57.0,16.2
8483,05/2015,471,1855912.0313931108,7547.784142468921,M,64.4,4.4
8484,05/2015,833,267636.7084539612,7888.320933110946,M,45.8,14.0
8485,05/2015,518,107885.26305802773,8446.4643540069,M,55.0,16.6
8486,05/2015,607,795585.4436538212,9047.668456961224,M,34.1,13.1
8487,05/2015,743,175227.8989774664,8672.971536749998,M,55.6,1.1
8488,05/2015,431,417005.24206161645,13669.755623130957,M,42.5,3.0
8489,05/2015,554,456620.68485918187,8321.308235723754,M,40.1,9.5
8490,05/2015,866,108877.7077979903,7659.323773259302,M,35.4,6.1
8491,05/2015,740,823629.9444130724,9824.87424445963,M,54.5,9.9
8492,05/2015,534,1311918.248868906,9239.180757450347,M,63.4,16.5
8493,05/2015,681,240472.22617060167,7724.049967642775,M,56.8,4.5
8494,05/2015,694,1915222.6538548067,8208.957309122812,M,56.6,8.8
8495,05/2015,557,128017.52779682548,9218.226532001012,M,61.4,16.5
8496,05/2015,204,1531944.3447184449,9224.44673015222,M,54.7,9.8
8497,05/2015,275,705901.9339979186,8225.963293990559,,34.7,14.8
8498,05/2015,525,4146224.838755872,14398.750870046279,M,39.2,9.1
8499,05/2015,33,238890.5886623342,9032.275485413109,M,55.8,15.2
8500,05/2015,18,218105.61597731276,11829.964343771133,M,36.9,16.0
8501,05/2015,835,524202.6504297401,7974.530653780802,M,,12.8
8502,05/2015,649,1979049.5906984652,9900.632804312036,F,41.6,6.4
8503,05/2015,406,1910748.1686423724,8319.877966282324,,36.0,1.4
8504,05/2015,640,1019982.4512163062,8831.265164352433,,64.7,9.2
8505,05/2015,79,138839.58180635143,7631.681120729808,M,41.3,4.9
8506,05/2015,942,101922.68637161159,8502.522459003529,M,50.2,14.9
8507,05/2015,895,571947.4509123404,9802.876914505518,M,33.5,17.3
8508,05/2015,766,783095.5497953948,9769.325267322805,M,62.4,7.1
8509,05/2015,51,1562162.6105624582,13736.243563539145,,39.9,6.9
8510,05/2015,702,3868663.5817414043,9031.052974736373,M,57.5,12.7
8511,05/2015,332,141621.03362701106,7271.267341827187,F,55.0,18.7
8512,05/2015,314,1738850.0512485844,9759.476645782226,M,49.4,4.0
8513,05/2015,118,1707615.5619662402,9180.87923941103,M,39.8,9.3
8514,05/2015,445,710591.2151305639,10903.90276113931,M,59.4,18.6
8515,05/2015,906,872358.9545667451,8400.308626608974,M,57.2,5.3
8516,05/2015,555,894805.6629526092,9491.631432678549,M,62.5,3.5
8517,05/2015,105,787243.3846679162,9885.566756718621,M,48.3,2.2
8518,05/2015,879,219367.4883724926,6824.471927570959,,64.1,3.3
8519,05/2015,175,2819395.6136669386,8599.386678757875,M,38.2,7.2
8520,05/2015,367,4057645.6786457165,8540.321190009325,M,58.5,5.2
8521,05/2015,810,3732150.137513849,10047.522341792013,M,44.5,2.3
8522,05/2015,892,3700274.1289677033,11316.661114701807,M,65.4,15.5
8523,05/2015,964,318791.6265166237,8749.631390634608,M,50.2,6.4
8524,05/2015,946,1824870.2791322644,10118.576828051948,M,52.1,6.6
8525,05/2015,547,116043.50453156598,9427.11053121913,M,,7.5
8526,05/2015,999,468662.07130539377,10597.50565583014,M,45.1,14.1
8527,05/2015,953,288444.56077588024,8667.714817719409,M,47.7,14.8
8528,05/2015,202,267723.71235914435,8372.61926936055,M,57.6,4.0
8529,05/2015,345,319548.5081825857,8358.844296594261,M,40.8,12.9
8530,05/2015,718,889900.4685910997,13229.542540028333,M,65.1,1.7
8531,05/2015,276,769247.6952792438,11337.177028822982,M,45.1,18.5
8532,05/2015,768,595321.0025527329,7948.173149412443,M,63.5,6.3
8533,05/2015,411,440583.24784346914,10536.391829092745,M,58.7,2.5
8534,05/2015,192,439230.6405264038,10442.046938213396,M,45.7,5.7
8535,05/2015,115,3833541.6490324377,8040.382822730257,M,36.3,17.6
8536,05/2015,162,610566.8562765727,8937.895012609553,M,35.5,12.1
8537,05/2015,636,1656845.8447085824,11681.915036813758,F,63.9,7.2
8538,05/2015,870,328964.3242338412,8419.800738538164,M,42.5,2.6
8539,05/2015,468,1504496.8256189895,10753.504320197058,M,52.3,3.3
8540,05/2015,490,66758.92577045457,7554.280140365186,M,62.1,12.7
8541,05/2015,558,340165.37278158177,7261.540179374602,M,35.8,9.1
8542,05/2015,662,156670.10573973574,11614.890380412835,M,51.0,6.8
8543,05/2015,834,1795998.3429137524,8352.480774607491,M,39.8,1.8
8544,05/2015,907,176392.15995999024,7322.139114744938,F,61.1,3.8
8545,05/2015,15,5415444.90474703,9365.9797522267,M,35.0,4.2
8546,05/2015,588,373491.08472031244,7808.093113235794,F,47.5,14.8
8547,05/2015,859,1146443.9115973911,8083.028922821059,M,44.3,4.2
8548,05/2015,109,2610504.867050993,11828.47748452812,M,45.2,7.3
8549,05/2015,369,327184.5699685985,9680.124973783022,M,36.2,8.9
8550,05/2015,188,2974647.1137714447,8627.412199049488,M,33.0,18.5
8551,05/2015,166,847726.2378223375,10792.759080742133,M,,1.3
8552,05/2015,180,380584.1221180885,7994.870455326534,M,48.2,10.8
8553,05/2015,986,682193.5729424363,10467.258481816663,M,34.5,8.6
8554,05/2015,438,534633.298135806,8155.259425662249,M,37.4,7.0
8555,05/2015,120,2622529.9039508933,7679.757669867545,F,49.6,7.2
8556,05/2015,414,3663506.024368872,8872.834211850713,M,38.1,7.7
8557,05/2015,389,347610.363513482,8860.217112430028,M,58.5,1.7
8558,05/2015,91,483504.7584325005,8249.769757780696,M,33.5,2.7
8559,05/2015,565,3796360.3732235543,11412.146372781335,M,44.3,17.2
8560,05/2015,16,729296.9880669996,9049.33914794831,M,47.8,8.0
8561,05/2015,443,530313.336196163,9547.985015556493,M,36.6,1.5
8562,05/2015,507,360797.42198847973,9803.315665472433,M,62.1,9.5
8563,05/2015,404,1351373.063159148,11060.982393748254,M,55.1,14.7
8564,05/2015,280,7456361.499052776,11574.604884284217,,60.1,2.4
8565,05/2015,654,1784962.6562483408,7744.646896851943,M,55.4,9.7
8566,05/2015,376,438065.0470012083,9285.531997550577,M,37.8,6.4
8567,05/2015,169,480541.07148763654,9524.527493390779,M,60.7,18.0
8568,05/2015,931,3099897.5565307518,8704.580010061083,M,62.2,15.4
8569,05/2015,664,320085.9672846549,8694.06391389543,M,45.6,17.9
8570,05/2015,272,130272.9237998091,8794.172377332647,M,41.3,10.3
8571,05/2015,667,4012995.1290783794,11034.949639235598,,53.4,1.7
8572,05/2015,209,9414769.223011661,12005.030278270684,M,47.4,11.3
8573,05/2015,687,3032299.907344297,14833.705638385063,M,43.9,9.8
8574,05/2015,893,532226.4273983957,8365.643233661514,M,38.7,2.4
8575,05/2015,184,1322296.1453620014,8158.060951982613,M,46.3,14.7
8576,05/2015,711,860307.2559436143,12903.62450442,M,51.6,17.6
8577,05/2015,543,955136.5301543124,8614.505525850564,M,59.2,12.0
8578,05/2015,864,607320.3336882996,9254.571012553319,M,35.7,8.6
8579,05/2015,995,399663.67548233265,7735.161763264069,M,,3.7
8580,05/2015,563,539224.4552973474,8555.187656541442,M,44.1,7.1
8581,05/2015,58,258863.086411953,9563.355796744449,M,61.0,6.9
8582,05/2015,46,237161.14561097333,7411.449737225268,M,35.1,13.7
8583,05/2015,226,3009241.5906984545,10335.062565055505,M,57.1,8.2
8584,05/2015,286,4270698.875117763,8473.194220120798,M,64.2,16.9
8585,05/2015,475,3927840.880990242,12387.84579677384,M,37.6,9.6
8586,05/2015,578,429271.1154273282,8979.887776928612,M,55.7,8.8
8587,05/2015,695,1330136.5077493647,10210.288767310258,M,40.3,15.1
8588,05/2015,417,809370.5216798424,9251.955119281181,M,44.2,3.6
8589,05/2015,421,6931708.916067105,9433.408992705443,M,51.3,11.2
8590,05/2015,397,124600.45220711126,11970.271964724394,M,,12.9
8591,05/2015,273,156535.93478409335,7986.280227542661,M,43.7,13.2
8592,05/2015,281,435632.1953639513,7564.799409871876,M,58.1,16.5
8593,05/2015,945,146531.86912378142,8006.241864715963,M,40.5,7.3
8594,05/2015,862,2080385.0316334397,8372.176180697268,F,53.6,4.1
8595,05/2015,232,1449679.6944170345,8492.270396485053,M,44.7,13.6
8596,05/2015,550,332280.2381785067,10969.39324035711,,46.4,7.5
8597,05/2015,917,3364923.8301948705,6661.254279430979,M,32.3,17.7
8598,05/2015,56,181652.96817829888,8681.776002956487,M,38.6,14.0
8599,05/2015,377,196409.91027693305,7236.5942140129055,F,57.8,4.0
8600,05/2015,143,265537.8724237908,11502.712643154284,M,,7.3
8601,05/2015,782,674302.744096299,8570.1629696736,M,57.1,15.8
8602,05/2015,17,732908.305618571,7997.753461190716,M,,18.5
8603,05/2015,800,1309396.7978310715,13389.005904218011,M,55.4,15.0
8604,05/2015,418,209135.7143902479,10239.050993978117,M,50.6,9.8
8605,05/2015,282,1986681.9697037218,8422.331483140033,M,59.1,15.3
8606,05/2015,495,588542.3538467856,11163.53377660475,M,52.5,5.5
8607,05/2015,492,122839.1076461935,9449.572292792978,M,47.2,11.8
8608,05/2015,968,1238440.7027654245,15594.656127998902,,59.5,2.6
8609,05/2015,802,698406.7732457627,6685.351990859136,M,37.0,11.4
8610,05/2015,215,1501237.5101779697,10501.526227801029,M,52.5,7.2
8611,05/2015,959,696644.1629017289,12527.62478568612,M,63.1,13.2
8612,05/2015,954,203315.75751041633,10027.46685148695,M,42.1,5.8
8613,05/2015,482,8591206.610464253,10972.831758323327,M,65.9,13.1
8614,05/2015,102,319995.80684926105,8032.946149089542,M,55.2,11.6
8615,05/2015,776,913819.1440126516,7860.572216676958,M,,15.6
8616,05/2015,528,530869.7679200823,8251.998501625343,M,32.7,15.5
8617,05/2015,292,628632.0738411695,10079.001088434376,M,32.6,13.2
8618,05/2015,971,330372.9796344233,10095.351282580426,M,63.5,15.5
8619,05/2015,152,5209272.248419464,16241.210082274636,M,35.5,3.3
8620,05/2015,750,1148289.7774400746,9958.121994529603,M,57.0,16.5
8621,05/2015,199,360321.63109053345,8483.510453588871,M,49.2,13.1
8622,05/2015,154,2782044.6761389617,11244.779998494358,M,,6.9
8623,05/2015,675,694977.1955820732,8154.221012264195,M,56.2,10.5
8624,05/2015,288,561059.6372369366,8465.679109622424,,47.6,18.3
8625,05/2015,523,413385.7697209211,6856.910127812287,M,32.1,1.2
8626,05/2015,688,798598.593700042,6545.945471594965,M,41.3,4.0
8627,05/2015,360,3213280.8163004923,8739.865006958442,M,49.5,12.0
8628,05/2015,960,1097795.8158352657,8676.271471031278,M,55.1,9.8
8629,05/2015,368,726189.42337221,9049.554935706288,M,53.7,14.7
8630,05/2015,456,1078518.6381632432,9242.685346716724,M,55.8,5.9
8631,05/2015,512,2486408.0022596056,8401.564350987679,,50.1,15.9
8632,05/2015,650,111933.97066334954,7021.3332859548,M,43.0,12.5
8633,05/2015,380,1118772.2024795979,11944.115691476289,M,61.4,1.5
8634,05/2015,139,995611.1615578112,13192.795807913957,M,56.4,8.7
8635,05/2015,994,238285.68055963214,10948.822079198682,M,42.5,2.6
8636,05/2015,689,460061.6375158887,7385.11884137326,M,63.1,2.4
8637,05/2015,243,393342.390524488,7635.575608743495,M,38.2,16.7
8638,05/2015,148,511622.7753408854,8095.439591267018,M,64.4,9.8
8639,05/2015,252,383151.7435120861,11480.54326661138,M,40.6,14.0
8640,05/2015,265,533208.1019233577,7172.428760916378,M,39.6,3.8
8641,05/2015,362,579323.0055470933,8710.566023782556,M,39.0,3.7
8642,05/2015,336,2158619.11258333,11976.218393150837,M,53.4,15.5
8643,05/2015,928,2573921.418449924,8896.158713499392,M,63.0,14.1
8644,05/2015,515,1969722.447590099,8764.472401998451,M,56.7,9.7
8645,05/2015,483,2128314.9728954,11588.8237169001,M,47.0,12.5
8646,05/2015,395,527734.1878101623,7785.431547861515,M,59.5,16.9
8647,05/2015,758,366203.2907142262,8442.306205448149,M,45.8,3.4
8648,05/2015,361,5558055.683952666,12676.022792020272,,51.1,15.4
8649,05/2015,657,499827.60010386875,7555.200121401036,M,53.9,10.4
8650,05/2015,761,1328725.5411741904,9962.958509674767,M,33.4,8.7
8651,05/2015,881,3323697.0639189486,9443.103400564372,M,53.5,2.0
8652,05/2015,197,1602190.8090431625,7415.539279774482,M,44.6,12.9
8653,05/2015,290,109599.51370351431,11079.84948105717,M,37.7,4.3
8654,05/2015,742,3395476.419966494,9650.555984673822,M,47.7,1.4
8655,05/2015,848,2577789.3619564907,8363.68448370774,M,58.3,10.1
8656,05/2015,820,2090420.5141813576,7994.144104763578,M,32.4,14.0
8657,05/2015,122,338272.1755182942,8245.974560225844,M,42.0,5.7
8658,05/2015,340,652428.5871204976,8850.056869540313,,43.5,6.5
8659,05/2015,714,542215.2601010536,9655.010945748461,M,39.5,9.7
8660,05/2015,699,2310934.8995708204,9625.45988002234,M,38.8,17.8
8661,05/2015,825,3700098.373493233,8685.861363304995,M,39.7,5.7
8662,05/2015,717,628078.7712168739,7619.421417029983,M,51.8,18.7
8663,05/2015,318,365864.94902386,6890.552915435955,M,60.5,9.5
8664,05/2015,104,699645.7044161346,19624.55334048553,,57.0,5.7
8665,05/2015,816,888869.8564551279,9104.723686939891,M,32.0,1.0
8666,05/2015,296,456668.966770378,10800.94467401241,M,42.2,11.1
8667,05/2015,696,3532287.0700213225,9562.489210231852,M,41.1,14.7
8668,05/2015,27,304721.91739941615,9758.578553800551,M,54.4,12.8
8669,05/2015,22,3175061.6754708374,10735.280858250066,M,50.2,13.8
8670,05/2015,785,93513.73655358513,11143.077293014294,M,,14.7
8671,05/2015,256,2928793.628882254,11447.32693247254,M,,8.8
8672,05/2015,75,3024838.6090259613,8217.92926524389,M,47.3,6.5
8673,05/2015,5,607954.4504180726,8739.855984606778,M,39.8,4.7
8674,05/2015,217,630749.9695282561,10426.443546518007,M,64.4,14.8
8675,05/2015,869,367607.3692739922,9197.064433144302,M,38.4,13.3
8676,05/2015,385,187958.47796939252,5970.374195702529,M,44.9,9.4
8677,05/2015,941,463455.4338139409,8924.03159296101,M,35.0,2.8
8678,05/2015,712,160548.6026606888,7071.502752229885,F,,13.8
8679,05/2015,939,3451317.1467500143,11754.686036582118,M,49.5,2.4
8680,05/2015,710,190744.31071209614,11881.637568105789,M,57.4,7.4
8681,05/2015,34,225768.14301211672,7689.5259340715675,M,,18.6
8682,05/2015,559,4131305.414198684,11473.711807743999,F,62.8,4.7
8683,05/2015,463,5647414.777934258,11508.231525761557,M,48.9,10.3
8684,05/2015,605,698540.3614756836,8552.148257936804,F,63.6,5.9
8685,05/2015,424,198971.52247384418,9753.645185040328,M,49.8,3.8
8686,05/2015,851,528155.8403692498,9014.944992907545,M,43.5,2.4
8687,05/2015,444,776663.8098041759,10883.41598380894,M,45.4,4.1
8688,05/2015,790,583992.5025065707,8592.915697056796,M,37.6,5.0
8689,05/2015,106,744977.676522144,10125.83040604775,M,42.4,1.2
8690,05/2015,455,648396.7135994813,10490.3840135665,M,,3.9
8691,05/2015,223,3016515.2520073247,7611.245981872172,,53.2,5.2
8692,05/2015,242,3555842.179535901,9759.470251257539,F,46.1,14.5
8693,05/2015,77,177593.705162318,7629.8047992973425,M,63.4,8.9
8694,05/2015,961,246806.10813247904,10416.426235465304,M,62.4,6.9
8695,05/2015,416,459977.98074610543,8582.87115064798,M,50.8,16.2
8696,05/2015,506,550059.9901324905,8442.177564584163,M,38.7,5.6
8697,05/2015,287,3380775.0913951593,8886.721155645648,M,40.1,15.2
8698,05/2015,52,3197867.775253049,7108.6166838632325,M,55.3,5.2
8699,05/2015,132,5102732.943975359,8735.00575850714,M,60.6,17.3
8700,05/2015,319,298325.9498730956,8820.484939718472,M,42.7,9.7
8701,05/2015,871,1038935.5749742829,10267.55997543566,M,,7.2
8702,05/2015,213,373922.78083954874,9055.70679472811,M,40.4,15.2
8703,05/2015,846,2139128.5102940174,7026.492921011184,M,33.1,17.2
8704,05/2015,351,488794.4805763716,9566.911159477564,M,53.7,7.8
8705,05/2015,324,409715.303410871,11156.72861757626,M,54.6,9.8
8706,05/2015,173,643787.6507057777,11091.240994369,M,46.9,9.3
8707,05/2015,88,526223.3243924608,12720.448954532527,M,43.9,18.0
8708,05/2015,347,1312874.6228491676,10496.04237601896,M,,15.2
8709,05/2015,513,2423688.33432308,9743.989002425753,M,42.2,14.3
8710,05/2015,487,323204.95900740306,7929.250814793434,M,32.3,14.8
8711,05/2015,295,494465.59462871245,8524.38636692227,M,46.5,8.4
8712,05/2015,430,497846.7500935044,8906.343624217912,M,,11.6
8713,05/2015,437,1935720.4648508895,8044.879514052397,M,35.0,9.8
8714,05/2015,644,136565.2029897014,10264.988424804866,M,60.0,5.4
8715,05/2015,803,493504.1833590742,9364.377396186557,M,39.6,13.8
8716,05/2015,2,3106217.3941587666,10748.878524511492,M,65.5,1.0
8717,05/2015,932,3669407.2407719158,8611.27761193466,,37.4,12.0
8718,05/2015,843,740310.764732976,10626.520537522907,F,40.4,15.0
8719,05/2015,138,674649.4107888661,7933.189971742907,M,34.5,5.5
8720,05/2015,356,3139650.271945691,6724.695466185045,M,51.3,12.6
8721,05/2015,466,325131.65677034913,8218.853025289543,M,51.7,13.4
8722,05/2015,729,1533157.7239401566,7930.368303322551,M,59.3,9.7
8723,05/2015,535,727112.5835847551,9305.10654425643,M,62.7,2.9
8724,05/2015,715,650998.849120399,12323.138455584278,M,51.8,5.3
8725,05/2015,70,423665.0274124986,8743.2674207729,F,59.0,4.7
8726,05/2015,485,388362.1432374145,10228.664198053248,M,56.3,15.4
8727,05/2015,128,893771.524898588,8812.073565488716,M,52.0,5.9
8728,05/2015,587,61976.277849539234,5976.183678211354,M,51.7,9.9
8729,05/2015,142,363710.04437734827,10038.10840274876,,37.3,14.2
8730,05/2015,938,181343.88179942983,7696.504517016276,M,64.5,16.4
8731,05/2015,725,503851.29102633055,10304.449942932206,M,39.8,3.3
8732,05/2015,801,122021.77680703385,8766.374966072719,M,42.7,11.4
8733,05/2015,653,1133005.4395361987,9475.529382095167,M,57.7,13.8
8734,05/2015,921,948094.388384308,10291.81795165148,M,55.5,17.4
8735,05/2015,98,956362.6727503935,8830.373890346154,M,39.4,10.5
8736,05/2015,608,226579.7064732342,7348.63465276756,M,63.9,13.4
8737,05/2015,576,649281.368090408,12448.850777066951,M,64.1,4.1
8738,05/2015,936,443103.6022253202,7114.204464113471,M,55.8,11.4
8739,05/2015,301,458269.53022160305,8072.5622685622,,33.7,2.0
8740,05/2015,266,434507.75706755463,9191.17138105116,M,36.1,1.4
8741,05/2015,499,641831.5856252341,8230.318892558087,M,32.6,1.0
8742,05/2015,133,2998867.032371377,6973.192347850814,M,43.3,13.8
8743,05/2015,989,2524054.098873862,9839.12868606184,M,,6.4
8744,05/2015,619,497542.08675308374,9671.477621747666,M,55.2,4.2
8745,05/2015,136,233647.00738561837,9306.052189807067,M,58.5,1.0
8746,05/2015,277,356379.4358804344,10474.786288587473,M,33.1,12.5
8747,05/2015,267,2525259.5411282857,11500.891981512443,M,52.8,4.8
8748,05/2015,749,319829.997224132,10832.230566427765,M,40.0,12.2
8749,05/2015,254,2350515.591292672,8918.966185800464,M,57.0,18.2
8750,05/2015,630,836713.5187581329,7628.878212031942,M,45.0,17.3
8751,05/2015,339,6700952.764262139,10231.01756017252,M,41.1,18.1
8752,05/2015,203,173816.62730054156,9284.407054823017,M,59.0,16.3
8753,05/2015,107,3213486.2362810704,8602.81907180936,M,49.9,10.0
8754,05/2015,24,401530.60792628885,10257.596970463292,M,33.6,12.8
8755,05/2015,668,467866.7620209851,10111.096364476703,M,,14.9
8756,05/2015,837,2020818.5837439217,8095.040275024257,M,36.8,12.8
8757,05/2015,392,680902.3704186406,7847.772617022443,,33.3,4.8
8758,05/2015,330,661803.7052553846,7646.761430457325,M,,2.2
8759,05/2015,151,693672.5531103901,11274.96649128522,M,48.4,18.7
8760,05/2015,856,186866.66384427054,8628.564064362898,M,53.8,16.7
8761,05/2015,976,4188933.1395506556,10595.597774702446,M,57.8,1.9
8762,05/2015,831,929046.62733798,8552.577381112698,M,54.2,8.5
8763,05/2015,991,245835.65252794424,7419.414500195944,M,35.2,11.1
8764,05/2015,201,1232393.9190888675,8863.10677645582,M,57.3,6.1
8765,05/2015,788,3456532.98572467,9385.07281552977,M,32.6,18.3
8766,05/2015,1,2506795.8224249613,12152.974322554583,F,43.8,1.4
8767,05/2015,103,417569.8537903974,7922.891968740567,M,64.3,11.8
8768,05/2015,53,294912.15965165186,7379.227559368343,M,56.0,7.9
8769,05/2015,241,206582.93072739372,9233.821159193416,M,36.5,11.2
8770,05/2015,346,657795.9917082756,9725.136927684378,M,49.3,16.0
8771,05/2015,450,619585.8425160057,9626.31913987852,M,57.8,13.3
8772,05/2015,628,3208958.5789486924,10531.90754253062,M,61.0,15.2
8773,05/2015,700,830820.1306755813,11484.447622521342,M,51.2,10.6
8774,05/2015,4,615369.9840658958,8486.488660030745,M,59.6,11.7
8775,05/2015,334,331674.9527554907,8862.6495468315,M,56.3,7.2
8776,05/2015,641,1611577.566443487,9813.362981843176,M,33.8,11.0
8777,05/2015,794,116251.57610247956,6952.506957445945,M,34.9,12.3
8778,05/2015,390,4850467.472860741,8613.757107290616,M,54.7,12.7
8779,05/2015,141,358140.91718145006,9170.80233577767,M,44.7,8.8
8780,05/2015,980,2421193.423093695,10529.992154293224,M,36.0,2.1
8781,05/2015,734,304049.0924929663,9794.680160612637,M,47.7,11.6
8782,05/2015,342,616990.7998141362,9553.754635206453,M,43.7,4.9
8783,05/2015,370,2719625.5526797334,9939.92118229926,M,46.2,1.9
8784,05/2015,480,179425.70311991696,8531.579238094377,M,38.6,11.5
8785,05/2015,902,3768884.405380631,8959.505690209351,M,63.6,5.8
8786,05/2015,477,243046.04291632617,9351.742644699463,M,46.4,8.8
8787,05/2015,193,3148335.7799836174,11578.845610618997,M,52.8,16.4
8788,05/2015,476,449033.5266476639,9683.666467157676,M,,18.3
8789,05/2015,537,524565.8460366128,9646.494898640594,M,37.2,2.5
8790,05/2015,591,298933.3710583484,13408.073498599124,M,56.1,9.5
8791,05/2015,189,403488.9878648538,7617.850371400084,M,41.9,5.9
8792,05/2015,596,181870.49809018176,12562.060172956497,M,56.2,13.7
8793,05/2015,235,445300.52891060535,8591.564446296035,M,37.4,9.0
8794,05/2015,520,4690208.861738761,9145.072745119543,M,54.7,8.8
8795,05/2015,677,998301.3671691788,8553.494350821602,M,58.8,14.4
8796,05/2015,704,286226.28458429384,10749.540939250875,F,57.6,7.7
8797,05/2015,355,323749.94268000755,8969.337828691581,M,50.0,3.0
8798,05/2015,247,550934.0884212991,8991.339538334594,M,53.5,2.0
8799,05/2015,207,434317.2587237836,8454.170285943643,M,47.8,3.5
8800,05/2015,990,6081150.881795529,10396.241239651363,M,36.3,4.7
8801,05/2015,41,698092.3959365858,8433.611998061291,M,36.9,10.0
8802,05/2015,678,143457.17997299237,7848.48833002451,M,55.7,7.7
8803,05/2015,663,294166.72089005826,7866.775828152536,M,56.7,12.1
8804,05/2015,28,2883635.898318603,7995.521455812627,M,65.2,4.4
8805,05/2015,672,304796.42276855937,9144.408276303653,M,53.2,13.5
8806,05/2015,393,465401.2261826754,7759.797535219398,M,33.5,7.3
8807,05/2015,615,6505030.911433932,8705.179785645229,M,51.3,2.9
8808,05/2015,923,503188.2033913736,9881.764942120228,M,32.0,7.7
8809,05/2015,544,93965.5479210896,8071.744012512443,M,39.6,13.0
8810,05/2015,364,383715.32080991927,10040.51417863723,M,41.0,9.2
8811,05/2015,573,967435.5409646264,9071.322262102605,M,60.9,6.4
8812,05/2015,125,196604.42266912633,7900.518370977038,M,37.2,9.2
8813,05/2015,949,595226.7277986306,9999.10161744321,M,36.4,12.6
8814,05/2015,510,155804.29317412662,9200.503867891746,M,55.0,12.2
8815,05/2015,878,323862.5779083632,8133.87423830418,M,36.2,5.5
8816,05/2015,992,209280.0643333998,8743.698873979863,M,36.1,17.3
8817,05/2015,8,628572.3886618298,8449.198718180203,M,39.7,13.2
8818,05/2015,984,525165.1055851552,8182.783503631367,M,42.3,10.7
8819,05/2015,763,2880665.112267932,10104.464551553152,M,37.4,6.6
8820,05/2015,973,359645.0972433189,9780.490256920384,M,39.5,15.8
8821,05/2015,25,143669.69378238657,11156.668447409456,M,34.8,14.6
8822,05/2015,541,363236.71214879554,8038.21471541568,M,48.7,8.1
8823,05/2015,757,2320713.5717556886,7946.796287639464,M,,13.5
8824,05/2015,374,2806019.0305369566,10582.111373583006,,39.7,13.9
8825,05/2015,64,1577293.10244133,9975.833990428864,M,46.0,5.6
8826,05/2015,500,421803.6953838533,10710.81911110481,F,46.2,13.5
8827,05/2015,647,723199.4935310818,10602.096266021077,F,63.4,11.7
8828,05/2015,614,575846.6538137235,9999.198771467545,M,59.8,17.8
8829,05/2015,21,1180753.6924137517,7742.518948484348,M,32.8,7.5
8830,05/2015,13,222438.64794646707,8097.994835063925,M,43.1,15.2
8831,05/2015,639,440663.7252569947,14428.003630750043,M,50.0,9.2
8832,05/2015,868,847770.1042668514,10319.097049514081,M,32.5,7.3
8833,05/2015,805,4621908.452409515,11360.381052592798,M,40.7,10.5
8834,05/2015,891,1126581.636070537,10581.510826546299,M,56.5,13.8
8835,05/2015,561,537005.0120373802,8926.603058745013,,44.2,6.2
8836,05/2015,709,546801.1667349518,8372.286948673573,M,38.7,12.6
8837,05/2015,429,261719.48911273474,8232.52420148923,M,46.7,4.7
8838,05/2015,720,353179.79527028586,9435.18656029916,M,64.6,15.1
8839,05/2015,187,2171834.1211053757,10738.346377068765,M,48.7,17.0
8840,05/2015,457,1442681.98214411,7982.667944441279,M,63.5,10.5
8841,05/2015,844,2937341.9429448815,7226.762967167953,M,47.4,2.4
8842,05/2015,552,355823.8146544752,9070.836254786558,M,61.3,7.3
8843,05/2015,498,1186085.5411990376,10673.507006515509,M,49.2,15.3
8844,05/2015,230,3781397.909351433,9200.450782453698,M,38.2,5.1
8845,05/2015,131,461049.9992279921,8560.828925008838,M,35.1,16.0
8846,05/2015,268,1233234.5305878967,9531.273724994067,M,41.2,11.2
8847,05/2015,634,718751.9551222523,8394.669409950424,M,46.8,4.5
8848,05/2015,930,995033.1049439937,13796.99538072005,M,54.4,16.9
8849,05/2015,730,7869618.026125093,8977.829866537848,M,60.7,1.5
8850,05/2015,386,699441.1567628009,9032.078861463833,M,37.5,12.8
8851,05/2015,897,1251144.206277307,9588.568986340371,M,43.3,2.5
8852,05/2015,604,3017961.490774787,7300.0922672409515,M,59.8,7.6
8853,05/2015,850,154539.77576902625,8302.222396725645,M,39.4,1.4
8854,05/2015,626,850264.4174534557,10650.067208671477,M,51.8,18.1
8855,05/2015,163,707019.2517346842,11127.542879619743,M,58.5,9.1
8856,05/2015,82,5978646.337244142,11716.060564080157,M,61.7,4.0
8857,05/2015,36,1609441.4715617567,9274.837595791487,M,37.4,16.3
8858,05/2015,977,1851215.4062798193,10279.99629808459,M,56.2,3.7
8859,05/2015,123,235244.3435285251,10200.196116538675,M,65.3,11.5
8860,05/2015,92,348356.8646698551,7736.327142267159,M,41.4,15.1
8861,05/2015,26,2386313.9103901945,8435.177314086128,F,47.5,2.7
8862,05/2015,251,131732.7388914748,10485.601689594188,M,43.0,11.9
8863,05/2015,598,3753159.728770944,10808.266355056052,M,51.3,9.4
8864,05/2015,524,852546.8448082444,8326.584519200162,F,39.5,18.5
8865,05/2015,726,488317.7637367349,8149.2652194504335,M,58.1,4.5
8866,05/2015,263,437332.7774747667,6555.015800843811,M,52.2,12.2
8867,05/2015,365,1254131.727690823,8234.920667510807,M,37.6,5.3
8868,05/2015,44,3914423.2301261374,10664.978615433065,M,61.5,8.9
8869,05/2015,530,638390.5606677777,9683.849085378646,,47.1,6.9
8870,05/2015,838,1306733.3609175172,11122.015976474479,M,,17.2
8871,05/2015,311,952242.5762241719,8984.014410998969,,32.1,9.4
8872,05/2015,447,1080264.715440162,9060.146437901329,M,65.5,12.1
8873,05/2015,993,365427.1293107888,8150.707391041924,M,35.0,2.9
8874,05/2015,315,1346278.557894862,8996.104563178702,M,61.1,8.7
8875,05/2015,20,414684.7037643464,6888.191994895337,M,52.1,18.1
8876,05/2015,618,916096.2659582753,9747.79540822609,M,63.9,9.0
8877,05/2015,43,3342978.45696796,10619.887351085665,M,57.3,1.2
8878,05/2015,190,62323.60331297097,7306.7660735667,M,57.5,14.1
8879,05/2015,659,419318.7145415903,12392.959410799318,M,65.4,14.7
8880,05/2015,47,159852.51978017777,8830.76485271242,M,40.7,5.3
8881,05/2015,987,2548235.6060301512,8256.20476452044,M,32.4,13.8
8882,05/2015,71,545941.4564721488,9093.691269734429,M,39.0,1.0
8883,05/2015,198,304259.9410409551,9643.58590892056,M,41.1,16.6
8884,05/2015,473,752698.6022292105,7113.818535441384,M,59.5,14.6
8885,05/2015,338,318937.56170750794,8193.343533902942,M,42.2,4.3
8886,05/2015,440,7078880.5601456,9004.733559654867,F,39.6,4.4
8887,05/2015,246,550547.7326343614,15113.570364176727,M,57.2,15.1
8888,05/2015,116,546293.5444286104,7918.114138351195,M,42.2,10.6
8889,05/2015,849,171446.8895703608,7854.000422514877,M,65.4,12.1
8890,05/2015,900,2361585.8603312504,9221.296695603884,M,41.5,9.4
8891,05/2015,359,262320.3405125159,8733.92774191936,M,47.7,7.9
8892,05/2015,299,201485.64262112032,10384.157628659976,M,50.1,2.0
8893,05/2015,7,679731.3407282102,10537.872113180756,M,40.8,14.1
8894,05/2015,297,651946.9832204448,8192.377702265952,M,53.7,1.0
8895,05/2015,822,425732.0649340833,9908.712713062734,,54.0,2.9
8896,05/2015,648,281475.5015854116,7738.487680185071,M,49.6,4.4
8897,05/2015,294,262012.17265675202,7795.945377455425,M,59.6,4.9
8898,05/2015,491,117540.90613482744,10831.091237217786,M,61.1,3.2
8899,05/2015,568,283017.6812097011,8001.222956234319,M,,16.5
8900,05/2015,584,4199702.500140228,8111.3372997393,M,43.3,14.9
8901,05/2015,690,234371.6083139973,9046.795688008706,M,,8.8
8902,05/2015,291,838222.438757347,8962.128970403723,M,33.2,5.4
8903,05/2015,49,293995.6014547824,8972.703679923176,M,45.1,3.0
8904,05/2015,585,607190.1028099494,9088.462750282519,M,37.9,11.3
8905,05/2015,606,992127.9507819482,9131.231714013953,M,51.5,15.1
8906,05/2015,693,290098.30236275954,8603.478227966536,,53.1,9.9
8907,05/2015,944,149537.93789602147,10764.297660130713,M,49.4,14.1
8908,05/2015,793,810597.7830906725,9451.75879334837,M,35.0,12.5
8909,05/2015,425,216527.24140627414,8225.798361559324,M,,17.9
8910,05/2015,683,485878.7361772433,9001.878966728937,,54.5,3.6
8911,05/2015,656,293738.87852821936,7329.646885913028,M,56.4,17.8
8912,05/2015,488,3537634.194474327,8430.457893160907,M,32.4,5.8
8913,05/2015,61,903518.6690085408,7395.454615819004,M,34.1,16.4
8914,05/2015,904,344964.50603839074,10673.462497928691,M,,4.0
8915,05/2015,378,634698.2704381413,13734.25936463688,,36.7,3.5
8916,05/2015,269,4414038.200188323,10128.942146777623,M,39.7,8.1
8917,05/2015,889,468919.13067983836,8508.285520032417,,55.5,2.0
8918,05/2015,481,503923.3080123413,10730.488706905144,F,51.5,17.1
8919,05/2015,344,4463407.68568363,8318.261998233473,M,51.0,11.8
8920,05/2015,99,1917132.7748453019,9327.860451760958,M,55.3,5.7
8921,05/2015,832,911843.9617536619,9814.920668033841,M,,13.3
8922,05/2015,127,3329697.977564723,8764.126815061094,M,55.8,11.8
8923,05/2015,617,1109461.6703720833,12046.900638786321,M,38.2,17.4
8924,05/2015,770,3061173.2632876975,10562.44196431065,M,56.6,15.9
8925,05/2015,484,3165337.1298481096,9936.362625570127,M,36.2,4.1
8926,05/2015,341,442980.3649563776,9982.477538604062,F,63.1,16.9
8927,05/2015,982,3749237.841362571,10395.436661771724,M,,9.4
8928,05/2015,212,810938.1105333284,7371.516856774902,M,46.4,1.6
8929,05/2015,589,3377490.7726010876,19608.305019828735,M,40.7,6.4
8930,05/2015,797,4184078.094326829,13425.3959119962,M,44.6,5.9
8931,05/2015,753,908111.6563374511,13406.47215469611,M,32.8,12.8
8932,05/2015,227,740388.9880605673,8534.599024530185,M,,16.2
8933,05/2015,86,3735159.533364779,10054.09417561621,,,5.4
8934,05/2015,680,220865.18528856276,13831.868660623955,M,61.1,18.9
8935,05/2015,195,1043863.5307821223,9601.91920686312,,54.1,8.8
8936,05/2015,595,401947.1868666853,11415.381403178346,M,45.4,7.1
8937,05/2015,854,2762998.367945985,9895.10545236603,M,44.2,18.7
8938,05/2015,828,711316.8834951794,9674.560272959645,,50.6,1.1
8939,05/2015,261,383552.22806771693,7115.769934217877,M,36.4,18.5
8940,05/2015,603,970401.5658505409,11185.61455615703,M,34.9,10.7
8941,05/2015,379,844681.2190263572,11689.302912556414,M,65.1,12.4
8942,05/2015,888,990891.3773018043,9963.057177453025,M,,4.0
8943,05/2015,741,1472268.985304663,8816.97432856804,M,42.4,11.2
8944,05/2015,60,1098636.2587213416,8435.74207087056,M,53.4,11.0
8945,05/2015,955,495532.72488210915,10999.148403669036,M,35.8,8.5
8946,05/2015,62,915572.1249638121,9038.430940394363,M,34.0,4.3
8947,05/2015,638,4191984.40627648,10289.602059132736,M,62.7,9.4
8948,05/2015,697,2331796.8681921014,9227.351643566704,M,35.0,15.2
8949,05/2015,147,3577969.8061910886,8296.22334156211,M,53.7,14.7
8950,05/2015,637,3208497.0626967307,6561.85427638769,M,63.3,3.0
8951,05/2015,799,3905295.64799111,9572.090032895523,M,45.3,1.1
8952,05/2015,178,1733603.2856068772,7350.0698794939,M,49.0,7.8
8953,05/2015,806,3641213.7939583343,8691.494340791138,M,50.3,7.6
8954,05/2015,300,499897.75468530064,7200.864333558105,M,35.9,9.5
8955,05/2015,998,409862.13678814634,10919.433217005395,M,32.1,1.4
8956,05/2015,337,1827442.4634459948,6545.99175233367,M,36.0,9.4
8957,05/2015,549,576683.756007685,7175.895824758231,M,55.1,16.4
8958,05/2015,767,621219.9940064931,9353.864903262987,M,56.5,1.2
8959,05/2015,157,1571180.8242025743,9208.72596169121,M,56.8,16.2
8960,05/2015,540,3051326.204004363,9868.728720013305,M,41.6,6.5
8961,05/2015,108,816841.2314489266,7275.510231836217,M,51.2,2.9
8962,05/2015,352,258388.3819476398,10611.142224510468,M,58.1,9.3
8963,05/2015,847,435498.351777945,8031.844995066531,M,51.0,5.2
8964,05/2015,479,2893322.638514028,6887.549034395121,M,54.6,1.0
8965,05/2015,622,1593417.4467544644,10565.599532252065,M,53.2,7.6
8966,05/2015,937,1427800.1829374558,7835.929250866566,M,54.9,11.5
8967,05/2015,775,4585620.941970241,13729.502894450496,M,50.4,9.8
8968,05/2015,623,2832276.6628151922,8597.475526722763,,,14.4
8969,05/2015,87,292809.2486726482,9432.1475037296,M,48.0,15.4
8970,05/2015,80,2254040.4451389993,8766.280670883116,M,57.8,17.5
8971,05/2015,434,125098.66784273501,11844.250637176077,M,36.5,7.7
8972,05/2015,210,2593612.4930171035,7934.311906154949,M,37.0,1.9
8973,05/2015,860,675407.994466261,9562.416363231723,M,38.0,16.8
8974,05/2015,220,610910.7316413238,10003.321166798693,M,32.1,7.3
8975,05/2015,769,170194.93522714538,9115.567603737902,,58.8,18.9
8976,05/2015,692,242884.49917120286,9467.941923983972,M,42.4,2.3
8977,05/2015,546,198978.88639942,10126.310710152638,M,55.6,13.5
8978,05/2015,777,4653729.674338295,10031.117324434736,M,59.2,16.0
8979,05/2015,581,406675.16287586914,11439.83160395376,M,35.5,18.5
8980,05/2015,452,201524.0761467204,8198.623750508068,M,53.3,4.4
8981,05/2015,511,718403.5653685248,13891.481599455567,M,35.2,10.9
8982,05/2015,214,1616126.8723010174,8978.661369711663,M,,5.9
8983,05/2015,234,738538.6766704301,8231.325387849149,M,42.7,6.2
8984,05/2015,853,563239.0816312132,9425.976770923238,M,42.5,2.3
8985,05/2015,551,4060788.462076551,9919.529661311402,M,,4.3
8986,05/2015,505,554345.4190919038,9243.430103240016,M,33.7,2.5
8987,05/2015,508,918645.465209286,7688.501165219104,M,54.1,8.3
8988,05/2015,795,506410.2232279835,10786.71612921077,M,50.4,8.6
8989,05/2015,317,4482709.09101386,10542.113965632212,M,33.3,2.7
8990,05/2015,792,7724075.021321856,8944.930986494875,M,,8.7
8991,05/2015,974,5645475.4219154995,8823.398082104053,M,34.8,8.2
8992,05/2015,117,778134.2582771431,10670.174392234325,M,59.4,17.1
8993,05/2015,410,951692.3071057021,9167.725948346282,M,38.0,17.4
8994,05/2015,182,2766288.924923023,11943.147494812521,M,40.0,14.4
8995,05/2015,119,381551.7735439765,8691.177672232176,M,65.9,15.4
8996,05/2015,236,394898.4991786976,12510.357923763435,M,42.3,6.7
8997,05/2015,449,967468.3912387368,12786.557403584582,M,38.4,18.7
8998,05/2015,494,536176.6382442074,11231.894079658616,M,48.7,7.9
8999,05/2015,609,364309.3988670582,8479.24005296902,M,,4.6
9000,11/2015,943,3297695.528055023,9415.786134657332,F,58.4,0.6
9001,11/2015,966,455023.10672375595,8321.675926952088,M,46.8,0.1
9002,11/2015,250,429871.8328654535,8592.998087847009,M,32.0,0.1
9003,11/2015,156,202412.6903534105,9712.86758881208,,64.8,0.7
9004,11/2015,67,718628.0731755748,10095.695071961982,M,60.7,0.4
9005,11/2015,684,120181.86777281373,7963.056779678898,M,,0.5
9006,11/2015,527,3588633.0633826735,9954.723616849398,M,,0.4
9007,11/2015,556,2069799.0953095965,8981.345278660627,M,50.7,0.8
9008,11/2015,446,691658.6127324395,9985.857512811424,M,49.5,0.1
9009,11/2015,841,9310696.274499739,10909.740768196669,M,48.2,0.7
9010,11/2015,126,701257.5563410367,10024.573586508708,M,53.2,0.7
9011,11/2015,910,261776.3356418612,9938.849226211181,M,58.2,0.6
9012,11/2015,112,3048338.694204789,13824.896887370975,M,54.7,0.9
9013,11/2015,191,363713.33063401707,10793.225659219359,M,50.4,0.1
9014,11/2015,739,2885310.3568724543,6745.623738289422,M,37.6,0.6
9015,11/2015,579,709224.9639277952,10875.5879645493,M,41.3,0.3
9016,11/2015,111,418569.64551237604,10052.141769869848,M,45.4,0.8
9017,11/2015,285,431740.9146472784,10796.843012355315,M,47.3,1.0
9018,11/2015,796,233727.69891757215,8736.841304169899,M,59.2,0.3
9019,11/2015,310,284051.35794835485,7563.675929865447,M,42.2,0.8
9020,11/2015,458,2245947.521067069,11889.353052721555,M,39.7,0.2
9021,11/2015,884,608994.843974567,9492.086724872332,M,64.1,0.6
9022,11/2015,335,460923.58172713354,10107.748237881917,M,47.0,0.8
9023,11/2015,521,596303.4894221022,14468.393054511766,M,56.1,0.8
9024,11/2015,887,225381.77511039516,8235.490333667465,M,,0.0
9025,11/2015,601,711518.059659672,8233.923478670638,M,39.8,0.2
9026,11/2015,11,636865.6694956654,10180.079843429725,M,39.1,0.6
9027,11/2015,624,290203.7164264161,8284.77264282543,M,52.8,0.7
9028,11/2015,737,2595930.362148288,10914.279380513677,M,58.1,0.3
9029,11/2015,823,1593328.204944057,10950.271093321064,M,50.6,0.3
9030,11/2015,752,3331262.129363656,8148.2022579594295,M,63.6,0.4
9031,11/2015,732,258746.4326955927,9217.380717318549,M,54.1,0.5
9032,11/2015,493,695063.0542446632,9106.024109486081,M,61.1,0.2
9033,11/2015,159,2991296.696575816,7477.147059931455,M,48.4,0.6
9034,11/2015,225,340583.69199299574,9681.319489408648,M,,0.6
9035,11/2015,784,357492.93124750117,9167.820784504522,M,54.3,0.2
9036,11/2015,171,602587.6388378021,11681.180647293819,M,49.4,0.4
9037,11/2015,460,443867.2297522711,8658.496037870182,F,33.0,0.3
9038,11/2015,408,1097966.0032074754,10686.90301673189,M,65.0,0.9
9039,11/2015,239,249372.28315166308,9052.958031580476,M,60.4,1.0
9040,11/2015,812,3134673.7564156745,10285.444543843641,M,54.7,0.9
9041,11/2015,896,1043541.6451307833,8804.703581278314,M,58.5,0.0
9042,11/2015,354,384634.788813662,7789.432217799099,M,65.2,0.4
9043,11/2015,574,591749.6719047708,9298.397101154318,M,60.7,0.3
9044,11/2015,186,90712.77661634138,8064.96305477136,M,65.7,0.6
9045,11/2015,381,207760.76875609107,10440.675120318743,M,44.0,0.1
9046,11/2015,898,239900.6741338785,10471.154307302668,M,46.5,0.0
9047,11/2015,405,284228.70403677283,8881.09345469022,M,32.2,0.1
9048,11/2015,439,539642.68809497,9606.433186102291,M,65.2,0.3
9049,11/2015,532,441520.89709342737,11876.473626101446,M,38.2,0.5
9050,11/2015,665,1879774.4651283273,14719.58465430998,M,,0.6
9051,11/2015,962,161030.17929424215,11116.61561613214,,53.5,0.8
9052,11/2015,303,362508.929331532,7366.974210832313,M,37.0,0.6
9053,11/2015,996,369917.61907167686,9179.863831456678,M,41.0,0.5
9054,11/2015,836,172937.56426450613,10559.944314626462,,55.4,0.2
9055,11/2015,840,529431.4000142595,7894.931248005392,M,35.8,0.3
9056,11/2015,459,189162.3970488098,12732.959741034207,M,36.2,0.4
9057,11/2015,611,2430940.794922916,7728.912334312988,M,62.4,0.4
9058,11/2015,467,194868.07955136895,8823.18991472827,M,,0.5
9059,11/2015,786,1707323.038033838,7725.94068537969,M,46.5,0.0
9060,11/2015,23,3318549.1551107885,8091.207527792956,M,51.4,0.9
9061,11/2015,302,105138.0218219048,7828.924391937166,M,47.2,0.2
9062,11/2015,289,93517.1286074886,8258.206528041528,M,39.5,0.5
9063,11/2015,155,2195170.8733940707,9964.608523080375,M,57.3,0.4
9064,11/2015,327,517374.7014109142,10520.26216208287,M,51.8,0.8
9065,11/2015,114,3512519.5310330517,8308.47357717572,M,61.1,0.9
9066,11/2015,756,193324.52606080374,9972.711032657908,,54.8,0.3
9067,11/2015,880,4015060.482879737,7639.782835027326,M,45.6,0.6
9068,11/2015,660,117799.05046092677,12431.049663721697,M,56.5,0.9
9069,11/2015,454,2266762.4877629178,9494.954333821956,M,40.2,0.2
9070,11/2015,969,412338.08040177904,11025.225844247158,F,62.8,0.7
9071,11/2015,176,315832.8544820943,7716.766714643669,M,35.8,0.9
9072,11/2015,432,1875872.0582867165,9930.511648094849,M,47.3,0.9
9073,11/2015,531,284465.2535645082,7928.477060329022,M,46.6,0.9
9074,11/2015,101,355059.0292462021,9649.929877856517,M,,0.9
9075,11/2015,738,4459865.756822435,7945.767726416372,M,36.7,0.3
9076,11/2015,271,470750.3895241273,8811.996358576856,M,64.8,0.4
9077,11/2015,423,456687.5573177791,9431.882378508315,M,59.1,0.6
9078,11/2015,765,395052.7155078785,7466.310318061452,M,47.8,0.8
9079,11/2015,691,745318.4061893517,9319.372119358464,M,44.8,0.4
9080,11/2015,533,573716.9088623819,8798.84554774968,,35.8,0.1
9081,11/2015,716,304303.184636121,8869.760431401977,M,39.8,1.0
9082,11/2015,922,502994.45316350204,9926.540180799304,M,58.5,0.8
9083,11/2015,174,3402568.377115055,9311.70086892557,M,46.1,0.9
9084,11/2015,200,430561.81165457104,8272.40479673263,M,39.0,0.7
9085,11/2015,316,1723527.8731884803,8309.631595036826,M,34.8,0.2
9086,11/2015,307,650951.0183335786,12797.706948415791,M,65.0,0.7
9087,11/2015,882,616751.9159005112,8258.714383051692,M,33.7,0.6
9088,11/2015,706,3242813.70753239,9377.955214582047,M,51.7,0.3
9089,11/2015,829,708299.3220008437,9038.999692303321,M,35.3,0.5
9090,11/2015,719,357572.1479749608,8079.550997581935,M,32.6,1.0
9091,11/2015,935,351392.34445918066,9995.027461753687,M,38.9,0.3
9092,11/2015,68,100511.31409914407,8730.447899288474,F,35.8,1.0
9093,11/2015,815,403388.8902403422,10807.284082594144,,64.2,0.3
9094,11/2015,747,129076.46880071615,9666.075718517513,M,43.6,0.7
9095,11/2015,798,862712.6610023122,11725.88369745526,M,35.3,0.4
9096,11/2015,865,647302.1008994165,14240.059623282741,M,58.5,0.3
9097,11/2015,399,1071508.8155990285,7146.652802448282,M,53.1,0.9
9098,11/2015,509,324442.93181019335,9447.265889606986,M,46.7,0.5
9099,11/2015,308,731506.2934883549,8728.971753895123,M,48.1,0.9
9100,11/2015,502,332322.18557914544,8485.864118589985,M,61.5,7.9
9101,11/2015,81,511604.383646002,6365.964289165497,M,42.4,14.4
9102,11/2015,814,4852841.395437092,8818.724896082176,M,33.1,18.7
9103,11/2015,666,788633.941601459,7277.462217453659,M,35.3,8.7
9104,11/2015,205,291335.9110354049,7281.449254881858,M,56.6,9.9
9105,11/2015,759,2758795.4136592853,8529.655167483039,M,44.5,3.4
9106,11/2015,96,640237.1077768952,10143.179502192443,M,37.2,9.4
9107,11/2015,671,317518.07637605985,10553.480326170926,M,61.4,16.8
9108,11/2015,100,3309609.22436549,7355.729600963278,M,38.1,17.2
9109,11/2015,321,196456.88276835924,9320.478186766142,M,,10.1
9110,11/2015,602,393113.2579725844,11113.99414603799,M,37.3,17.8
9111,11/2015,453,780520.5350576782,8078.2232679630915,F,60.6,5.4
9112,11/2015,396,278460.0099449791,7971.3888736190875,M,33.1,12.5
9113,11/2015,113,337953.5465251172,9768.815421924388,M,,16.9
9114,11/2015,988,905298.1843197295,8020.048286253632,M,32.9,11.3
9115,11/2015,956,200431.0803056441,8190.225465876781,M,65.2,15.6
9116,11/2015,59,419883.89317970385,8642.77684515095,M,46.9,8.1
9117,11/2015,593,1063969.095519004,9474.345773210469,M,43.4,15.5
9118,11/2015,10,1849602.056369722,9262.837241524028,M,45.5,6.4
9119,11/2015,196,851354.9496735706,11664.049899411546,M,46.2,4.3
9120,11/2015,38,323385.22892629425,12804.582190084444,,51.3,5.9
9121,11/2015,625,748945.1598753476,10593.004804275575,M,57.7,13.8
9122,11/2015,570,601411.2894975808,10466.913139575336,M,47.1,16.8
9123,11/2015,745,876242.0015254609,10158.335675241302,M,51.3,15.9
9124,11/2015,764,91239.54801658155,10111.423857608519,M,47.3,15.0
9125,11/2015,66,395854.5215247973,8001.636802831434,M,40.0,18.9
9126,11/2015,84,648579.2802682198,10372.635125848728,,36.5,18.8
9127,11/2015,462,10708282.262257714,11293.785216771852,,39.3,10.3
9128,11/2015,952,566574.9107115754,7865.805575914744,M,56.4,4.4
9129,11/2015,970,418438.3660523242,9819.74351884409,M,34.0,11.4
9130,11/2015,333,260074.208155519,8664.686115652652,M,50.1,8.4
9131,11/2015,274,305204.5480662388,10776.922999865541,M,63.7,8.6
9132,11/2015,981,170299.78930035295,6794.785361779985,M,62.2,1.6
9133,11/2015,110,152224.16124408654,6790.142724826405,M,59.4,15.7
9134,11/2015,383,566831.7889080616,9417.712063577868,M,37.5,15.6
9135,11/2015,542,1599539.1646725733,8074.074306550758,M,35.2,7.8
9136,11/2015,787,3167297.358048159,9098.687134958953,M,59.9,12.3
9137,11/2015,57,4755237.047904308,11175.435796699418,M,65.6,16.7
9138,11/2015,412,3889169.2715398017,8722.49587760194,M,59.3,4.6
9139,11/2015,177,443485.63056428055,9345.76124988362,M,41.0,1.9
9140,11/2015,560,882033.4753769517,10050.956333327009,M,41.8,12.4
9141,11/2015,398,399014.67356940627,7966.133132237731,M,52.0,4.8
9142,11/2015,916,447591.13588475966,9201.587898260326,M,65.1,18.0
9143,11/2015,965,3108529.125198605,9544.574439404776,M,65.8,5.6
9144,11/2015,746,590446.6561859217,12228.841930379167,M,48.2,1.6
9145,11/2015,912,400361.0162762267,8798.319299041708,M,55.6,16.5
9146,11/2015,257,2939272.4579663374,10232.037523058623,M,36.1,4.5
9147,11/2015,727,648430.6876605828,11417.779149700038,M,53.5,16.6
9148,11/2015,144,1049485.405595708,11963.56965153921,M,43.3,7.4
9149,11/2015,164,203474.57489964357,8525.423037769926,M,39.8,10.5
9150,11/2015,48,636972.9165440534,11450.779602167797,M,63.4,11.9
9151,11/2015,872,96228.34736979757,9924.012427380996,M,50.2,11.6
9152,11/2015,391,523874.4889419508,9460.702287497212,M,47.8,2.2
9153,11/2015,703,884412.0202399519,8576.795293263087,M,,7.8
9154,11/2015,504,1998897.8319613603,7928.1792494270985,M,40.0,1.8
9155,11/2015,876,1354863.2919556685,14929.663252879429,M,34.7,5.8
9156,11/2015,69,152534.1753476767,10814.199406792952,M,57.1,11.5
9157,11/2015,736,3658268.5561283696,13753.769632143545,M,43.1,13.3
9158,11/2015,899,676644.0033266481,10440.517282233362,M,58.6,10.2
9159,11/2015,219,1003389.4707784422,12792.539923435257,M,39.4,17.3
9160,11/2015,451,508037.6760039037,8224.638152971722,M,47.1,10.2
9161,11/2015,407,1513513.3597570746,7662.4994218833845,M,46.4,2.4
9162,11/2015,735,449143.85803711857,9253.210468188523,M,54.1,4.8
9163,11/2015,249,848158.3696146503,11686.845244093376,M,60.9,8.2
9164,11/2015,145,2504352.188236226,9433.667202530452,M,49.4,7.5
9165,11/2015,12,522526.3052438107,8483.19220046467,M,59.0,15.6
9166,11/2015,724,395226.7965297727,7209.290560740287,F,47.8,16.0
9167,11/2015,728,2662920.18700236,11948.747379997722,M,57.5,2.9
9168,11/2015,948,188121.82148637937,9556.865159946412,M,37.5,3.6
9169,11/2015,464,3402418.4385724864,8633.305482934782,M,58.4,6.4
9170,11/2015,278,528751.8749313349,11167.35848636432,,47.4,10.8
9171,11/2015,89,6377171.861495624,7482.124080459181,M,42.9,7.5
9172,11/2015,124,99857.92057224833,7505.13319881383,M,35.2,9.5
9173,11/2015,185,4055452.4199600513,10080.591139073937,M,35.5,14.5
9174,11/2015,514,199537.46104457826,6964.881252433096,M,45.0,12.9
9175,11/2015,651,691155.0730964179,7543.001617644778,M,39.2,8.3
9176,11/2015,669,2173479.700223441,11286.525692694351,M,52.6,13.9
9177,11/2015,97,6288338.581945961,9350.882316954961,M,62.2,11.0
9178,11/2015,924,317009.61097425513,10300.235651277007,M,64.5,11.3
9179,11/2015,323,443066.49390418053,10649.907590730074,F,48.5,8.9
9180,11/2015,643,5706484.587179742,10405.765730750785,M,35.7,16.0
9181,11/2015,890,1743702.4100829838,7191.5612022549085,M,55.4,17.6
9182,11/2015,929,240140.45587571908,8195.008087333681,M,41.7,4.4
9183,11/2015,670,372428.7672385976,7871.803501802371,M,36.1,8.3
9184,11/2015,181,340712.78193535155,10466.416053898933,M,36.8,10.0
9185,11/2015,963,223783.17974382165,6631.637243959573,M,50.0,10.8
9186,11/2015,997,293323.3297272131,11069.283227699965,M,61.6,10.5
9187,11/2015,858,2091884.7591613457,6620.151844263949,M,38.2,1.5
9188,11/2015,403,74439.86469108364,7966.039014047083,M,45.4,7.8
9189,11/2015,572,463846.59482956945,8281.472662960443,M,,7.6
9190,11/2015,754,399342.1715057952,10796.368095051726,M,55.8,11.8
9191,11/2015,72,1306178.3073048936,9943.99084317658,M,46.7,11.5
9192,11/2015,283,715185.3510176195,9685.474514772573,M,57.9,9.6
9193,11/2015,705,5671407.603751564,7171.761243588208,M,46.5,1.7
9194,11/2015,983,5940477.57265118,8842.274406046601,M,36.0,14.7
9195,11/2015,305,895361.8218510792,13664.208381120055,M,63.1,4.2
9196,11/2015,857,439598.4428995706,7114.412845176725,M,37.8,3.3
9197,11/2015,74,336096.34143366176,6495.642673920208,M,37.2,15.0
9198,11/2015,824,430674.38517181994,8890.88525007916,M,56.3,2.9
9199,11/2015,231,5857140.342964022,15743.332091297612,,42.2,17.8
9200,11/2015,130,1845595.234544903,7987.440109247682,M,59.5,15.0
9201,11/2015,248,164118.983752903,8851.430319587525,M,36.4,14.8
9202,11/2015,149,223626.40351560665,7186.047753165372,M,52.6,5.5
9203,11/2015,329,3765785.6991531313,8743.8368263554,M,43.4,4.5
9204,11/2015,582,474642.4135700287,7846.621900358703,M,46.1,4.4
9205,11/2015,328,502256.3097309945,9994.149001263859,M,39.4,11.4
9206,11/2015,779,306676.5804244269,7551.193966630942,M,,18.0
9207,11/2015,807,428786.5353717032,11561.16378048465,M,,12.8
9208,11/2015,821,595111.8684325422,8677.45273136748,M,55.6,4.4
9209,11/2015,366,325287.0554447332,12868.580671519489,M,42.9,7.5
9210,11/2015,433,188943.62000148906,8750.853513403328,M,37.5,8.6
9211,11/2015,371,380759.69806768675,6783.804452121656,M,52.2,5.6
9212,11/2015,384,131152.98963830475,8226.853287843025,M,43.5,2.5
9213,11/2015,632,826402.5871529909,8604.052777177953,M,35.3,14.1
9214,11/2015,861,5865440.908488374,8320.264938206397,M,48.3,12.6
9215,11/2015,65,434927.89006202994,12118.090847029569,,46.8,15.7
9216,11/2015,877,428340.91955515195,11265.239987796976,M,40.8,16.7
9217,11/2015,244,2925744.0704962793,9713.594814413487,M,40.5,3.1
9218,11/2015,863,381981.4512672812,9281.180690762945,M,48.7,17.6
9219,11/2015,350,505461.1704126435,10424.138653507103,M,52.6,18.5
9220,11/2015,160,734967.5848005996,10018.13488283684,M,34.9,18.1
9221,11/2015,45,1450638.02610742,10736.50658846056,M,40.4,11.4
9222,11/2015,497,3590252.443179174,7118.687194069815,,46.3,11.7
9223,11/2015,237,415579.5836030856,8775.733697217807,M,39.1,10.7
9224,11/2015,9,248933.29974232396,7986.183001884202,M,50.3,8.9
9225,11/2015,172,242504.13641992622,8001.106800859373,M,55.4,10.6
9226,11/2015,918,101179.30364617167,6963.215253932795,M,45.0,2.6
9227,11/2015,950,549782.2507000412,10126.825888944471,M,34.7,6.3
9228,11/2015,134,259001.58900261633,8275.828777103387,M,64.7,6.2
9229,11/2015,140,2018332.5987221296,11115.804830984465,M,,14.0
9230,11/2015,238,411515.09863658727,6880.366428091372,M,61.8,3.6
9231,11/2015,567,137682.7866901361,12402.338607054246,M,49.1,15.0
9232,11/2015,146,168615.04143380854,11644.530837797576,M,38.1,5.6
9233,11/2015,519,1979713.424183578,10220.63111366451,,42.7,1.7
9234,11/2015,428,2479574.8059600904,8147.141063272018,M,37.0,13.8
9235,11/2015,612,3735537.0592687274,7998.820220690175,M,56.8,10.3
9236,11/2015,153,509005.0961959945,13136.791895564227,M,32.3,18.2
9237,11/2015,592,76047.79189623574,8199.86303773203,M,52.6,12.7
9238,11/2015,713,500111.17156726716,9234.597644471669,M,45.8,18.2
9239,11/2015,933,443329.7611226145,7562.017865518531,M,48.6,14.2
9240,11/2015,686,339864.60742382135,8273.382211679938,M,40.8,5.5
9241,11/2015,331,552709.729905619,11668.88595597142,M,36.7,9.1
9242,11/2015,885,5831117.460806562,9791.00723007759,M,62.8,6.5
9243,11/2015,842,1788202.5779535635,10652.979390582797,M,48.5,6.3
9244,11/2015,951,85412.76383588539,8104.57927360434,M,65.1,10.5
9245,11/2015,597,263820.56667695916,11344.439784903072,M,60.0,13.1
9246,11/2015,93,1826190.0834659701,8952.342801268303,F,38.4,14.3
9247,11/2015,402,135691.5150901604,7626.79396430124,M,35.4,15.1
9248,11/2015,435,237146.70658607557,9715.07613556742,F,60.4,17.1
9249,11/2015,751,465300.98640480766,7291.1360382265375,M,55.1,6.5
9250,11/2015,733,532953.1935629343,8536.171850091821,M,52.2,13.6
9251,11/2015,121,1437078.4121793797,6887.553066143913,M,58.7,18.4
9252,11/2015,760,1887355.5587271356,8990.002780487448,M,47.8,11.1
9253,11/2015,372,397494.28655990167,9501.986376059067,M,33.0,14.3
9254,11/2015,441,595804.7564926987,12607.380339366782,M,51.6,2.3
9255,11/2015,270,3834100.5441336646,10468.983359593321,M,40.7,10.1
9256,11/2015,260,938401.3402005857,10867.535956652131,M,34.6,1.1
9257,11/2015,442,5557991.56279946,10619.316461996897,M,61.5,13.5
9258,11/2015,19,609611.7881470778,9503.444564353456,M,,12.4
9259,11/2015,218,430336.25381403265,7618.083998830124,M,60.8,12.0
9260,11/2015,1000,1543636.274289082,10558.536370676415,M,45.2,4.0
9261,11/2015,967,3558085.071638559,8832.73229977359,M,56.6,2.4
9262,11/2015,413,529656.5207712398,10768.578760199583,M,47.8,1.0
9263,11/2015,780,127687.88173271294,7821.3545186978145,M,51.8,1.9
9264,11/2015,538,2257996.182349054,9249.243031686401,,44.3,13.5
9265,11/2015,255,114750.81572043702,8863.064523637006,M,50.9,15.2
9266,11/2015,211,237950.18096766688,9240.720749639187,M,36.7,8.5
9267,11/2015,465,335126.93429321615,8298.521141739708,M,62.0,17.2
9268,11/2015,583,747885.6973056954,9367.001619182605,M,39.0,8.2
9269,11/2015,489,2430403.2972638225,8442.198860363866,M,39.7,17.4
9270,11/2015,353,503303.9847894706,7805.049544850979,M,65.8,5.3
9271,11/2015,415,297361.7672446435,10748.99485626356,M,62.5,7.1
9272,11/2015,594,317188.46275530633,9293.350331076857,F,44.6,12.7
9273,11/2015,957,727182.6033991748,8674.09468283593,M,55.4,5.3
9274,11/2015,394,332891.213581777,6758.804329963035,M,56.1,5.1
9275,11/2015,674,2454934.1228605807,8764.156899876067,M,61.2,16.6
9276,11/2015,646,526728.6562113394,8436.47341158901,M,35.1,10.2
9277,11/2015,972,580054.8107391737,9397.800859687699,M,65.6,1.6
9278,11/2015,791,939536.4537832323,8614.967473307306,M,60.0,8.0
9279,11/2015,78,238800.65791118238,8385.924986099768,M,36.8,7.9
9280,11/2015,548,793234.9484411633,8292.527627771758,M,52.2,12.5
9281,11/2015,536,580612.5555504588,9429.234711319941,M,55.4,3.4
9282,11/2015,621,576166.1368735721,7451.856915398048,M,54.8,1.7
9283,11/2015,762,115350.32151078322,8231.966217917487,M,47.3,14.9
9284,11/2015,516,307617.93099354586,10076.37473187254,M,65.6,18.0
9285,11/2015,216,2943351.149523467,8556.091308802566,M,36.4,14.5
9286,11/2015,635,70975.42987046388,7651.713287606214,M,55.3,14.8
9287,11/2015,926,327754.9950098882,10006.190309924517,M,43.2,14.0
9288,11/2015,135,652192.4924567373,10785.461414264922,,,10.5
9289,11/2015,387,2180447.1782167,10255.622213471974,M,46.8,16.0
9290,11/2015,925,664724.5926793045,9824.159254034124,M,57.3,5.5
9291,11/2015,85,190815.69413058346,8693.625696170715,M,38.7,16.7
9292,11/2015,586,452887.24851420557,8897.904835023273,M,32.2,7.8
9293,11/2015,571,1035728.6800646079,9761.597029262753,M,53.2,13.8
9294,11/2015,855,1895020.5183271698,9044.326652121157,M,64.2,15.2
9295,11/2015,685,176289.04275096164,7936.128067460408,M,47.0,7.8
9296,11/2015,63,178234.13776594226,9294.073286895127,M,61.6,12.5
9297,11/2015,264,366829.26764124085,9476.349022151111,M,59.1,12.7
9298,11/2015,701,115552.79391099681,11584.469622413202,M,37.3,10.7
9299,11/2015,73,499379.4634890951,9985.37023486088,M,48.6,14.7
9300,11/2015,478,1102697.9393052447,8351.948496170522,M,35.7,7.8
9301,11/2015,661,3201147.08784707,8808.361533824122,M,57.1,1.7
9302,11/2015,228,4038941.6820972105,17634.473227003044,M,48.1,9.5
9303,11/2015,309,508532.71172724647,12157.051535909844,M,38.3,14.6
9304,11/2015,382,400154.2537875734,8491.063804354892,M,34.4,10.9
9305,11/2015,914,1567641.4706749062,11630.633086896807,M,54.5,6.4
9306,11/2015,170,2698237.9570887643,9073.35917381991,M,34.1,16.2
9307,11/2015,808,1797451.757905587,9140.855379398674,M,45.2,4.6
9308,11/2015,279,244492.98886109187,9116.573424913482,M,44.8,3.9
9309,11/2015,852,286598.93666144816,10108.336390908558,F,37.4,13.3
9310,11/2015,258,450354.5458470483,7990.787301778017,M,43.5,6.3
9311,11/2015,920,2785541.6417186293,11602.622706880715,,64.9,14.6
9312,11/2015,167,1542657.0698390387,9057.09841303801,M,37.0,6.7
9313,11/2015,229,714425.2748088631,10619.472158455974,M,55.1,7.9
9314,11/2015,293,145138.3433164709,8676.804484255415,M,44.9,10.8
9315,11/2015,569,366510.22397028445,8347.275453967655,M,39.7,13.3
9316,11/2015,39,3238510.912298265,9630.229701598339,M,58.6,1.1
9317,11/2015,562,161246.45533991372,8708.255175623399,M,43.4,10.0
9318,11/2015,819,2015399.4719429158,9296.764738990862,M,33.6,15.2
9319,11/2015,652,698387.78503689,9595.852497714297,,43.2,1.1
9320,11/2015,827,343832.3920747213,10461.31346626655,M,65.0,3.2
9321,11/2015,915,4484686.132456345,8756.834847062102,M,47.0,13.0
9322,11/2015,35,1137907.836548742,9970.584268213048,M,53.3,4.0
9323,11/2015,358,322913.29687772284,8166.974391884762,M,35.8,18.3
9324,11/2015,867,404737.5520732667,8659.001360272487,M,53.5,10.1
9325,11/2015,979,1333758.8871183933,8616.097278260288,M,64.3,9.9
9326,11/2015,599,143549.49536712293,8590.657638468721,M,,18.4
9327,11/2015,470,372914.0680933469,10737.482592678394,M,45.0,3.5
9328,11/2015,903,3119767.5432906453,10045.949011939083,M,,16.7
9329,11/2015,420,432609.212940363,11957.305888170284,M,56.3,5.9
9330,11/2015,150,335510.04689318145,7915.985677010979,M,,10.2
9331,11/2015,631,225640.93364422707,7202.029992627387,M,43.4,6.2
9332,11/2015,616,222503.70735295746,14508.938486599129,M,61.4,8.8
9333,11/2015,373,458265.29140544793,10255.465695428184,M,60.9,5.9
9334,11/2015,577,461892.44645087316,8094.31634890901,M,42.5,15.7
9335,11/2015,901,1175028.2733328883,7837.381657401649,M,56.5,9.0
9336,11/2015,55,415007.77724111866,10703.766809827353,M,34.8,2.7
9337,11/2015,908,326314.37608438206,10223.639299963763,M,39.6,15.1
9338,11/2015,883,756009.6768504034,6801.592369023742,M,,15.3
9339,11/2015,522,327210.4885037961,8489.598513602705,M,52.2,14.7
9340,11/2015,811,597443.6390315698,9004.80471535169,M,,18.6
9341,11/2015,137,1218553.428076044,12491.810459370217,M,58.3,17.6
9342,11/2015,600,447929.0955781669,11426.473400919698,M,38.4,17.2
9343,11/2015,673,357654.00111702527,9519.72009090276,M,49.1,5.2
9344,11/2015,575,334057.83188682963,7989.274916467601,M,32.9,10.9
9345,11/2015,469,95221.08778660055,8663.64636192983,M,64.1,10.3
9346,11/2015,698,408495.21017037414,8664.757117677746,M,62.6,5.0
9347,11/2015,245,329827.01330103114,7541.772503908778,M,60.9,13.2
9348,11/2015,363,5829028.899332007,10624.348378450926,M,45.2,1.3
9349,11/2015,911,165702.6355853454,12586.607792665784,M,53.9,13.9
9350,11/2015,343,459191.32272483886,11859.720709386962,M,63.1,16.4
9351,11/2015,886,624484.0402703483,9334.828247430361,M,59.7,10.7
9352,11/2015,262,403361.6222287976,13526.466307135364,M,64.6,14.7
9353,11/2015,222,337992.0344346934,8812.706016331376,M,39.2,11.6
9354,11/2015,731,306890.9773803023,8628.107572290137,,35.2,7.5
9355,11/2015,31,156260.94072015877,9227.817858735496,,36.7,16.8
9356,11/2015,32,347481.61843418906,13017.478590003004,M,55.5,2.4
9357,11/2015,545,348947.83173795324,8778.014313361251,M,42.4,3.8
9358,11/2015,553,166947.7524330448,12413.599359347574,M,35.3,1.8
9359,11/2015,284,3092425.3228914994,10179.35116224748,M,40.5,14.4
9360,11/2015,94,136881.4213334699,8676.020090437329,M,,9.2
9361,11/2015,472,2211480.035424,9120.024830580654,,40.5,8.5
9362,11/2015,748,2659079.5592417573,8616.696900099663,F,40.7,14.3
9363,11/2015,3,198799.74965608207,9158.342064632538,M,49.3,4.7
9364,11/2015,676,3980317.338694545,10345.177389432813,M,43.8,17.0
9365,11/2015,233,739380.0015924954,10163.573797091349,M,38.2,12.8
9366,11/2015,919,635271.6282006447,10600.516448003502,M,34.6,11.6
9367,11/2015,54,3503808.549104722,9712.865518405717,M,57.6,1.3
9368,11/2015,95,777631.3068125482,8392.035379732897,M,55.1,14.3
9369,11/2015,818,648203.6334281451,8595.926895598282,M,,4.6
9370,11/2015,349,206409.87221087655,8398.459429929588,M,63.1,16.7
9371,11/2015,224,392380.7455836845,8294.688823587492,M,42.2,9.8
9372,11/2015,526,406893.4994217904,8019.914241909787,M,62.7,18.8
9373,11/2015,613,673045.1353195338,13005.868848621867,M,50.9,2.5
9374,11/2015,845,697295.5988646583,9631.759997489366,M,,5.5
9375,11/2015,894,2134291.7650458966,8142.650096633482,M,47.3,18.1
9376,11/2015,419,743120.8162859037,8103.062577435563,M,,18.2
9377,11/2015,707,1928533.8664019583,13412.365058527615,M,56.4,12.6
9378,11/2015,426,528393.7816944494,9221.271884085045,M,43.0,7.2
9379,11/2015,427,326160.81008475967,8069.585709583054,M,48.1,3.4
9380,11/2015,978,254263.24238232255,8243.957846965206,M,40.8,8.0
9381,11/2015,610,401992.31067004264,9008.804438237408,M,64.5,8.9
9382,11/2015,76,379998.2804106723,8079.373262731694,,46.8,11.5
9383,11/2015,629,351768.50435380975,9128.454359452924,M,46.4,15.7
9384,11/2015,326,686758.5150507274,11335.791214761894,M,32.6,1.6
9385,11/2015,875,3888306.6310283314,8930.552981315279,,42.4,16.3
9386,11/2015,409,89504.54156773699,7562.890291738312,M,45.0,14.6
9387,11/2015,940,9560437.545239966,10472.3896021874,M,53.9,9.6
9388,11/2015,642,397255.3080750913,8707.50453504967,M,43.3,8.4
9389,11/2015,14,181393.21100548797,10001.256704827229,M,56.5,1.7
9390,11/2015,129,411896.4591151021,10129.478598287957,M,35.6,11.3
9391,11/2015,474,144034.72991475757,9011.083273909886,M,56.2,13.1
9392,11/2015,312,1751499.1894320452,8136.498176743282,M,61.2,13.4
9393,11/2015,708,572050.7281372625,8176.094963926043,M,40.4,1.6
9394,11/2015,30,154385.56115654926,9495.693750412009,M,46.1,9.2
9395,11/2015,161,214798.6472469104,9273.398705649268,M,51.3,2.9
9396,11/2015,839,109964.5678681316,9850.040439763185,M,36.7,1.6
9397,11/2015,400,602971.3530560406,10289.526786188175,,58.4,10.9
9398,11/2015,375,658482.2427525035,10337.569227299324,M,43.3,18.2
9399,11/2015,298,1253551.4592563373,7943.071853536571,M,39.2,11.8
9400,11/2015,29,258319.47765532005,7922.363787735956,M,46.5,10.7
9401,11/2015,679,649579.897119978,12276.157621268609,M,32.7,10.4
9402,11/2015,422,747883.218830248,10893.334584686616,M,50.1,11.6
9403,11/2015,50,429552.84665122256,7663.398914482223,M,53.7,9.0
9404,11/2015,804,658577.703888464,9335.958697252518,M,32.4,13.2
9405,11/2015,627,1509758.6512705619,8646.39009829758,M,41.2,15.2
9406,11/2015,874,680818.4335915506,9528.71554651528,M,38.0,2.2
9407,11/2015,165,799678.0774986793,9094.94882251689,F,50.4,17.6
9408,11/2015,905,93903.2767303933,9595.169209301004,M,32.6,15.8
9409,11/2015,37,600383.1577509063,11869.603539767084,M,43.8,12.4
9410,11/2015,501,2939691.98015036,10016.57839886597,M,47.7,9.3
9411,11/2015,529,127225.32563434033,11167.906085853758,M,47.5,6.1
9412,11/2015,774,460885.658746426,10101.62603144859,M,62.2,17.0
9413,11/2015,772,184233.84196855375,8202.99457678716,M,47.7,8.2
9414,11/2015,773,680743.6826709025,10590.126548416,M,,14.6
9415,11/2015,388,361347.6787271964,10672.673284389562,M,,1.6
9416,11/2015,194,104433.3436697611,8415.682112139111,M,65.8,18.7
9417,11/2015,778,594768.023378683,9042.976375354261,M,62.7,4.5
9418,11/2015,830,216920.57860958623,8001.293186883046,M,49.8,5.2
9419,11/2015,655,586684.7286769215,10255.32607050947,M,51.5,7.7
9420,11/2015,461,385085.2209127869,9113.539413257102,M,64.8,2.5
9421,11/2015,927,531546.8187195291,9968.562645446229,M,53.3,9.6
9422,11/2015,90,588934.8122138621,7434.740894063079,M,60.6,11.5
9423,11/2015,348,2730941.138360835,11411.954864553032,M,60.8,1.0
9424,11/2015,313,313172.7613183087,9254.136082879584,M,53.1,14.1
9425,11/2015,590,1151508.7173578397,11357.174516517607,M,40.8,4.2
9426,11/2015,179,1012375.4490361176,17000.25745227155,,52.8,15.2
9427,11/2015,496,487005.3978404837,8069.087199939671,M,58.0,17.3
9428,11/2015,517,441511.1567367453,10553.54818950376,M,46.1,16.4
9429,11/2015,744,2817177.9843778335,10588.285059383295,M,48.2,14.3
9430,11/2015,682,379265.92238214554,8356.536481934516,M,46.5,10.8
9431,11/2015,809,3477627.1386726974,9692.917487411647,M,40.3,17.8
9432,11/2015,658,1142176.1553732625,11122.599215177865,M,46.5,11.6
9433,11/2015,158,413417.2565834131,10391.227958518528,M,,3.0
9434,11/2015,357,711760.904887369,11842.247688342562,M,42.8,9.0
9435,11/2015,221,1385770.4802394968,11926.704643530176,M,64.0,3.7
9436,11/2015,633,2366341.5061809355,10979.706511388293,F,46.4,2.6
9437,11/2015,721,679714.181031208,9201.946310977472,M,36.7,14.4
9438,11/2015,783,722157.7413877549,9420.500438742758,M,43.3,9.7
9439,11/2015,304,156623.34016054767,8267.206944320942,M,60.5,17.7
9440,11/2015,789,116947.93731478494,10153.03839795127,F,39.7,8.0
9441,11/2015,486,470791.01010095957,9285.262844164501,M,56.4,5.1
9442,11/2015,580,396358.84178810666,11731.687050074925,M,63.8,10.4
9443,11/2015,6,478961.7439773244,8782.328121208226,M,35.5,15.1
9444,11/2015,934,404180.45082042064,10474.343540024582,M,32.4,13.9
9445,11/2015,645,404988.9471437743,10302.120273979846,M,52.4,2.3
9446,11/2015,206,2042715.727072027,13345.028870655893,M,64.2,5.3
9447,11/2015,401,418876.4159788218,9892.818756135695,M,,13.2
9448,11/2015,826,253976.85129057398,8979.70478928312,M,33.7,5.3
9449,11/2015,83,1736170.6077645442,7446.269691969911,M,65.4,8.2
9450,11/2015,183,2891970.9936386626,8777.976943717635,M,41.2,14.6
9451,11/2015,42,269712.0399669684,7786.846657022361,M,56.3,13.9
9452,11/2015,722,99916.03978581342,8805.786842840529,M,45.4,18.3
9453,11/2015,503,258090.61596432448,6769.091400242801,M,,18.0
9454,11/2015,620,308061.6680747336,6192.609786676158,M,57.3,1.6
9455,11/2015,755,75767.95552896913,8665.768458710048,M,53.1,14.7
9456,11/2015,873,84421.80591087752,10218.766372239232,M,33.1,16.5
9457,11/2015,781,7142740.024509152,8555.239889474711,M,33.4,14.1
9458,11/2015,40,79891.67541588256,8976.829160790583,M,36.4,9.0
9459,11/2015,240,3088079.9586194907,9435.482714112724,M,,5.8
9460,11/2015,436,1653154.91090158,10120.430069219576,,37.8,12.0
9461,11/2015,320,2189585.8056689845,9784.433940282497,M,43.1,14.4
9462,11/2015,723,386396.879514739,8712.226605667218,,,3.7
9463,11/2015,947,889762.3600826404,12723.575906699818,M,41.6,14.9
9464,11/2015,168,3466237.1591739357,7712.321597075763,M,60.0,11.2
9465,11/2015,259,122066.24092327771,8487.330665268904,M,60.8,2.7
9466,11/2015,913,2787474.127056255,12947.003535011392,M,53.6,9.3
9467,11/2015,985,379582.96329173417,9653.758270546114,M,51.8,15.1
9468,11/2015,539,447693.02727504814,7707.289931259945,M,41.5,10.6
9469,11/2015,975,3159557.2356384112,9208.381637469596,M,46.1,9.3
9470,11/2015,771,490371.1794449015,10050.916441231939,M,59.1,12.7
9471,11/2015,566,752600.8316745941,8250.958156314377,M,,11.7
9472,11/2015,325,288153.6953807657,8256.723395829924,M,59.5,7.6
9473,11/2015,813,834717.7407152739,8992.797939423395,M,56.3,16.7
9474,11/2015,253,3759318.1171569694,11985.213529604718,F,52.5,18.0
9475,11/2015,817,2910657.218019276,7960.334098142619,M,35.7,7.4
9476,11/2015,958,718068.3116832807,8010.790704863292,M,42.6,2.3
9477,11/2015,564,2798078.173447912,8697.789862036496,M,36.5,18.6
9478,11/2015,448,167143.05354341693,9781.451730774992,M,51.5,15.3
9479,11/2015,322,2356565.471416107,11776.382538781525,M,45.2,13.4
9480,11/2015,909,3510126.0418037376,9184.41541113694,F,45.0,18.5
9481,11/2015,208,1317139.8911530657,8727.49399851115,M,57.5,3.7
9482,11/2015,306,434748.56551392435,8386.82184293902,M,57.0,16.2
9483,11/2015,471,308075.7045505893,9293.483624365297,M,64.4,4.4
9484,11/2015,833,1279800.85413078,9819.786507269804,M,45.8,14.0
9485,11/2015,518,342348.8085409134,10627.10946333233,M,55.0,16.6
9486,11/2015,607,534219.5998047377,8653.249209953432,M,34.1,13.1
9487,11/2015,743,3172238.7584546497,7525.811936337475,M,55.6,1.1
9488,11/2015,431,452046.45173669246,7895.5555926164925,M,42.5,3.0
9489,11/2015,554,423594.79520616314,11790.050630338925,M,40.1,9.5
9490,11/2015,866,283080.5616696812,8854.941569797715,M,35.4,6.1
9491,11/2015,740,272683.7624000445,6833.926431125342,M,54.5,9.9
9492,11/2015,534,372489.89699914044,7266.589234292841,M,63.4,16.5
9493,11/2015,681,312740.7367965211,9517.459912767077,M,56.8,4.5
9494,11/2015,694,467711.7123376868,9513.49241105807,M,56.6,8.8
9495,11/2015,557,149133.36722941545,9303.742158087018,M,61.4,16.5
9496,11/2015,204,128923.60952666833,7872.7846009130035,M,54.7,9.8
9497,11/2015,275,1046043.1991752187,13708.934310029495,,34.7,14.8
9498,11/2015,525,437620.0243947392,11035.536422164105,M,39.2,9.1
9499,11/2015,33,3018834.6521826107,7876.020151666506,M,55.8,15.2
9500,11/2015,18,4545157.620280532,10541.803342189065,M,36.9,16.0
9501,11/2015,835,227164.34637282422,9044.092812503712,M,,12.8
9502,11/2015,649,523056.26355369954,7185.279706426001,F,41.6,6.4
9503,11/2015,406,1142169.9506225043,8967.094258564406,,36.0,1.4
9504,11/2015,640,740721.1726620824,9406.615105399364,,64.7,9.2
9505,11/2015,79,469657.25181704527,9063.203478067193,M,41.3,4.9
9506,11/2015,942,89975.17472277471,9946.900591120318,M,50.2,14.9
9507,11/2015,895,2866769.007254883,7802.747159120503,M,33.5,17.3
9508,11/2015,766,2852170.122892949,9578.181447895702,M,62.4,7.1
9509,11/2015,51,3983709.7183383703,9237.058035981541,,39.9,6.9
9510,11/2015,702,3206484.820471132,9725.683259855436,M,57.5,12.7
9511,11/2015,332,2585393.2957924185,10834.330003259376,F,55.0,18.7
9512,11/2015,314,409560.72125789477,9012.6148469433,M,49.4,4.0
9513,11/2015,118,485556.2486614429,16383.400712151484,M,39.8,9.3
9514,11/2015,445,707161.6752693815,9641.65182523178,M,59.4,18.6
9515,11/2015,906,2344752.4470552364,10036.066198060369,M,57.2,5.3
9516,11/2015,555,2910946.6883167974,18616.425799671222,M,62.5,3.5
9517,11/2015,105,2955228.479971367,8719.399193910329,M,48.3,2.2
9518,11/2015,879,615375.928054647,8805.507227980655,,64.1,3.3
9519,11/2015,175,230791.20381608405,7795.882544636027,M,38.2,7.2
9520,11/2015,367,515601.7442370573,8543.689550821893,M,58.5,5.2
9521,11/2015,810,261236.3080287368,9577.985381544291,M,44.5,2.3
9522,11/2015,892,1020338.3830998781,12040.017235216088,M,65.4,15.5
9523,11/2015,964,2974650.357112587,9456.08214900707,M,50.2,6.4
9524,11/2015,946,530703.4232035319,8790.398067092132,M,52.1,6.6
9525,11/2015,547,7132922.349132005,12105.015930434534,M,,7.5
9526,11/2015,999,2323989.6962287235,10632.062149383486,M,45.1,14.1
9527,11/2015,953,5129168.566917304,14502.66568221795,M,47.7,14.8
9528,11/2015,202,209641.94686068496,10107.047225499762,M,57.6,4.0
9529,11/2015,345,1152951.162695418,9677.234212606412,M,40.8,12.9
9530,11/2015,718,2412242.3733232734,7707.965036644555,M,65.1,1.7
9531,11/2015,276,208458.85751332724,12487.058682280309,M,45.1,18.5
9532,11/2015,768,479533.6956343078,8320.754981145396,M,63.5,6.3
9533,11/2015,411,502810.73594240856,10981.77816355118,M,58.7,2.5
9534,11/2015,192,2804645.2105595497,7596.216015649943,M,45.7,5.7
9535,11/2015,115,3553208.577856477,8415.748488324201,M,36.3,17.6
9536,11/2015,162,128224.36686329693,8130.2156859190045,M,35.5,12.1
9537,11/2015,636,1594907.9421391217,8270.654755231,F,63.9,7.2
9538,11/2015,870,683933.0853218597,8389.001114159106,M,42.5,2.6
9539,11/2015,468,497646.1521056113,9745.326302222871,M,52.3,3.3
9540,11/2015,490,1300495.8195759454,8374.628969274208,M,62.1,12.7
9541,11/2015,558,113661.07228119228,8854.156195102558,M,35.8,9.1
9542,11/2015,662,400368.1765560279,6143.664416388809,M,51.0,6.8
9543,11/2015,834,2753745.504644275,9941.471682895222,M,39.8,1.8
9544,11/2015,907,251634.64374442407,11257.084037272876,F,61.1,3.8
9545,11/2015,15,559826.1797185051,10055.303501374965,M,35.0,4.2
9546,11/2015,588,181571.47631540854,10810.77087473587,F,47.5,14.8
9547,11/2015,859,127482.3715066388,11073.031152232661,M,44.3,4.2
9548,11/2015,109,241643.86369729706,8386.29708487363,M,45.2,7.3
9549,11/2015,369,287550.27426820854,8909.59552024844,M,36.2,8.9
9550,11/2015,188,156180.5272298714,10688.011956243778,M,33.0,18.5
9551,11/2015,166,199912.35795120403,9663.577966489229,M,,1.3
9552,11/2015,180,451309.65125735325,7610.254822286308,M,48.2,10.8
9553,11/2015,986,802082.2328721626,9325.385867760235,M,34.5,8.6
9554,11/2015,438,315454.39032371726,9878.336515159057,M,37.4,7.0
9555,11/2015,120,185128.8306545497,9906.205463202954,F,49.6,7.2
9556,11/2015,414,73243.01779784456,7942.233027581143,M,38.1,7.7
9557,11/2015,389,343594.3828649178,7327.04658585389,M,58.5,1.7
9558,11/2015,91,297796.4581325099,7931.261432944976,M,33.5,2.7
9559,11/2015,565,4837186.382350056,10973.768646416194,M,44.3,17.2
9560,11/2015,16,532170.1580188515,11138.184307938169,M,47.8,8.0
9561,11/2015,443,660412.4555485309,7449.482824744249,M,36.6,1.5
9562,11/2015,507,1448065.2717901443,8281.186035276114,M,62.1,9.5
9563,11/2015,404,308584.90642829804,7989.084244961547,M,55.1,14.7
9564,11/2015,280,552028.7740145307,9219.52778791787,,60.1,2.4
9565,11/2015,654,138367.30310677714,11919.4412322665,M,55.4,9.7
9566,11/2015,376,471352.2955156752,7976.697811862228,M,37.8,6.4
9567,11/2015,169,419177.1554501121,7621.953001350443,M,60.7,18.0
9568,11/2015,931,159337.21371610294,7965.913674151146,M,62.2,15.4
9569,11/2015,664,599637.5969548742,8640.364237965216,M,45.6,17.9
9570,11/2015,272,981235.1998559925,8766.670188121494,M,41.3,10.3
9571,11/2015,667,894546.9034938205,9610.163245225422,,53.4,1.7
9572,11/2015,209,3644609.194718151,7344.796741733105,M,47.4,11.3
9573,11/2015,687,252025.3725810255,8305.472227708564,M,43.9,9.8
9574,11/2015,893,1231818.9574053348,10042.117838734417,M,38.7,2.4
9575,11/2015,184,346007.0826860513,7806.816015919671,M,46.3,14.7
9576,11/2015,711,1266611.3258761722,8148.391560970731,M,51.6,17.6
9577,11/2015,543,374300.3290703853,10140.770516027265,M,59.2,12.0
9578,11/2015,864,1755785.1020145738,10634.969928883174,M,35.7,8.6
9579,11/2015,995,840652.6594948522,12249.418165053174,M,,3.7
9580,11/2015,563,281877.71096216806,7493.809711100711,M,44.1,7.1
9581,11/2015,58,626541.7070824339,10583.356548218897,M,61.0,6.9
9582,11/2015,46,390813.882907194,12023.04593580327,M,35.1,13.7
9583,11/2015,226,668997.7302550384,8771.787414886341,M,57.1,8.2
9584,11/2015,286,657350.2906505172,8163.515741666811,M,64.2,16.9
9585,11/2015,475,2333041.6450332655,10849.367518736377,M,37.6,9.6
9586,11/2015,578,2510062.630171864,8676.33200321189,M,55.7,8.8
9587,11/2015,695,3422900.7549383915,8615.582242467255,M,40.3,15.1
9588,11/2015,417,894024.2393507892,13282.449613029734,M,44.2,3.6
9589,11/2015,421,289055.6558225296,9752.290776063777,M,51.3,11.2
9590,11/2015,397,511569.8905801814,6938.037434632068,M,,12.9
9591,11/2015,273,1151627.6181709026,12972.449327761235,M,43.7,13.2
9592,11/2015,281,398460.4214650351,11765.18388105372,M,58.1,16.5
9593,11/2015,945,3905131.4262770982,8889.708960845106,M,40.5,7.3
9594,11/2015,862,694009.428953364,12868.140177293446,F,53.6,4.1
9595,11/2015,232,2100440.8388669696,9159.361837008775,M,44.7,13.6
9596,11/2015,550,157368.79653656558,6686.102919586465,,46.4,7.5
9597,11/2015,917,535911.7236407262,10406.963594591858,M,32.3,17.7
9598,11/2015,56,349332.4954939679,9024.477587032923,M,38.6,14.0
9599,11/2015,377,501821.92274024605,10207.309412398801,F,57.8,4.0
9600,11/2015,143,466355.8043619254,9628.738606917861,M,,7.3
9601,11/2015,782,1709155.9865235225,9745.162027960268,M,57.1,15.8
9602,11/2015,17,1662219.4138328845,7800.756347598578,M,,18.5
9603,11/2015,800,862473.0743133626,10364.921703922362,M,55.4,15.0
9604,11/2015,418,707899.5079534901,8829.377219536225,M,50.6,9.8
9605,11/2015,282,441450.52554679144,9985.4635745552,M,59.1,15.3
9606,11/2015,495,554957.2728329088,8759.314610765134,M,52.5,5.5
9607,11/2015,492,118444.51137360166,12122.083346698673,M,47.2,11.8
9608,11/2015,968,2343205.5193773448,9465.245643494049,,59.5,2.6
9609,11/2015,802,2733956.580524009,8048.052731427854,M,37.0,11.4
9610,11/2015,215,121667.86484209026,8132.161994600537,M,52.5,7.2
9611,11/2015,959,300988.40748464246,7481.716163692587,M,63.1,13.2
9612,11/2015,954,482918.67613759387,8145.400281979344,M,42.1,5.8
9613,11/2015,482,3242074.4620206216,13617.935417320412,M,65.9,13.1
9614,11/2015,102,7994924.022481263,10397.172609446303,M,55.2,11.6
9615,11/2015,776,2095236.3300180666,7128.029645634598,M,,15.6
9616,11/2015,528,784114.8106887967,14746.412918129463,M,32.7,15.5
9617,11/2015,292,14220929.123448204,12727.616835976145,M,32.6,13.2
9618,11/2015,971,760579.3546482427,17802.33234076603,M,63.5,15.5
9619,11/2015,152,3294973.869730737,10070.1823706525,M,35.5,3.3
9620,11/2015,750,145380.8563282432,8106.063368786909,M,57.0,16.5
9621,11/2015,199,334047.6682366824,7232.81698737706,M,49.2,13.1
9622,11/2015,154,2698889.9812896876,7806.727213974449,M,,6.9
9623,11/2015,675,9803008.668174548,8226.106197594547,M,56.2,10.5
9624,11/2015,288,394979.4000521872,8280.211229276394,,47.6,18.3
9625,11/2015,523,457417.8595411453,9178.07060187286,M,32.1,1.2
9626,11/2015,688,1347070.0240550614,8199.061007182534,M,41.3,4.0
9627,11/2015,360,3926697.0254478995,8552.861898939838,M,49.5,12.0
9628,11/2015,960,290106.8063584858,8124.53562634448,M,55.1,9.8
9629,11/2015,368,82882.74691424554,8973.213220299409,M,53.7,14.7
9630,11/2015,456,245307.20621642502,9634.07396404738,M,55.8,5.9
9631,11/2015,512,638186.5138513199,10522.701169152951,,50.1,15.9
9632,11/2015,650,359037.6727737347,8268.728287278505,M,43.0,12.5
9633,11/2015,380,3217561.4932561447,11278.789569545408,M,61.4,1.5
9634,11/2015,139,102363.54616738576,7391.243857367974,M,56.4,8.7
9635,11/2015,994,110769.27177394055,8441.014940965093,M,42.5,2.6
9636,11/2015,689,1309086.2963035668,10190.846088550781,M,63.1,2.4
9637,11/2015,243,364032.5387172538,9361.670776385772,M,38.2,16.7
9638,11/2015,148,141772.9927790353,9961.368380570748,M,64.4,9.8
9639,11/2015,252,451120.4110324133,8095.698054598425,M,40.6,14.0
9640,11/2015,265,377823.96154996316,10118.32360288271,M,39.6,3.8
9641,11/2015,362,276527.9355036276,7612.18806525273,M,39.0,3.7
9642,11/2015,336,925590.7082217984,9009.505489515017,M,53.4,15.5
9643,11/2015,928,1072465.0222525527,12784.895127003776,M,63.0,14.1
9644,11/2015,515,376281.1080751213,8694.11332232249,M,56.7,9.7
9645,11/2015,483,456283.77771512826,9853.243664237643,M,47.0,12.5
9646,11/2015,395,188374.28749990958,8714.591087468036,M,59.5,16.9
9647,11/2015,758,3295264.3638308197,8686.846133372725,M,45.8,3.4
9648,11/2015,361,1282278.2100714887,8998.316071850519,,51.1,15.4
9649,11/2015,657,151466.6091782193,9488.793934988285,M,53.9,10.4
9650,11/2015,761,478086.33240683173,9190.470173936721,M,33.4,8.7
9651,11/2015,881,331437.39996790397,11913.317405940878,M,53.5,2.0
9652,11/2015,197,1793763.8524489948,11171.732435843971,M,44.6,12.9
9653,11/2015,290,134576.8677937481,8398.523728231825,M,37.7,4.3
9654,11/2015,742,3015482.920657047,11917.881571102007,M,47.7,1.4
9655,11/2015,848,3698716.077941075,8449.777668884068,M,58.3,10.1
9656,11/2015,820,330225.78882485663,10037.326781357471,M,32.4,14.0
9657,11/2015,122,486327.1821291886,12061.965290220029,M,42.0,5.7
9658,11/2015,340,639093.7612166479,8351.380526369,,43.5,6.5
9659,11/2015,714,100266.34142612056,10836.028701869789,M,39.5,9.7
9660,11/2015,699,3320501.619071311,8440.212183026933,M,38.8,17.8
9661,11/2015,825,2794030.3137590415,8176.826137759312,M,39.7,5.7
9662,11/2015,717,2299717.5611187364,9207.04058776962,M,51.8,18.7
9663,11/2015,318,3096837.2888053055,10876.784913869289,M,60.5,9.5
9664,11/2015,104,3010432.3477357114,8669.260133510015,,57.0,5.7
9665,11/2015,816,343865.4871721609,8537.62388425389,M,32.0,1.0
9666,11/2015,296,288707.6274998191,9722.963584817237,M,42.2,11.1
9667,11/2015,696,596004.5711136782,9789.373626376751,M,41.1,14.7
9668,11/2015,27,481264.4749686375,8311.539377094421,M,54.4,12.8
9669,11/2015,22,86800.61147531825,7560.80037044394,M,50.2,13.8
9670,11/2015,785,111200.42153855071,9767.248538201742,M,,14.7
9671,11/2015,256,108696.5468500046,7991.860857620984,M,,8.8
9672,11/2015,75,494004.94357460923,8363.262420035722,M,47.3,6.5
9673,11/2015,5,3025162.1454708157,9023.749122629344,M,39.8,4.7
9674,11/2015,217,1258758.5565928877,7199.2634405589215,M,64.4,14.8
9675,11/2015,869,401486.07192449656,9480.68444475882,M,38.4,13.3
9676,11/2015,385,237958.07659932275,12226.974092326771,M,44.9,9.4
9677,11/2015,941,3520596.9549575383,8192.542728928838,M,35.0,2.8
9678,11/2015,712,982828.5585307549,12442.738135891173,F,,13.8
9679,11/2015,939,2590435.6965751825,15862.272143989221,M,49.5,2.4
9680,11/2015,710,3244670.812886735,8302.745860133216,M,57.4,7.4
9681,11/2015,34,367709.51242522907,10337.266840167638,M,,18.6
9682,11/2015,559,873070.3966007384,10495.97390050091,F,62.8,4.7
9683,11/2015,463,2189604.440107716,10696.611031921093,M,48.9,10.3
9684,11/2015,605,568901.3882616654,12545.237011193458,F,63.6,5.9
9685,11/2015,424,3238096.6582151,8976.24208307565,M,49.8,3.8
9686,11/2015,851,404538.4946754984,9915.065341251737,M,43.5,2.4
9687,11/2015,444,240131.21221332153,6917.950028235802,M,45.4,4.1
9688,11/2015,790,288409.92784962145,9534.387657183568,M,37.6,5.0
9689,11/2015,106,346694.6928267348,9002.74748950339,M,42.4,1.2
9690,11/2015,455,745605.0935274666,8500.371302335852,M,,3.9
9691,11/2015,223,498969.2088439541,8130.104153939166,,53.2,5.2
9692,11/2015,242,246219.12050775613,8075.216213727078,F,46.1,14.5
9693,11/2015,77,416056.02941673086,9698.38024140695,M,63.4,8.9
9694,11/2015,961,744880.6131645265,8025.442285774962,M,62.4,6.9
9695,11/2015,416,787423.904676256,10329.77574382578,M,50.8,16.2
9696,11/2015,506,122581.13339121299,12760.785160362568,M,38.7,5.6
9697,11/2015,287,2999968.840883378,8234.080477753485,M,40.1,15.2
9698,11/2015,52,681595.9916036981,13061.115104579536,M,55.3,5.2
9699,11/2015,132,3438287.1197193367,9545.903719008791,M,60.6,17.3
9700,11/2015,319,661616.8827427141,9057.338048001116,M,42.7,9.7
9701,11/2015,871,592588.3683086934,8093.126619586385,M,,7.2
9702,11/2015,213,146629.95337841113,5875.861654933494,M,40.4,15.2
9703,11/2015,846,854441.447835429,9373.220455953644,M,33.1,17.2
9704,11/2015,351,577376.240366723,10202.704658388977,M,53.7,7.8
9705,11/2015,324,493928.47257347475,7764.239596528086,M,54.6,9.8
9706,11/2015,173,173676.07908357668,10634.205101194513,M,46.9,9.3
9707,11/2015,88,520001.9378970108,9076.508847366205,M,43.9,18.0
9708,11/2015,347,577860.4324805608,7977.036559693296,M,,15.2
9709,11/2015,513,340395.5252298309,6256.964566655395,M,42.2,14.3
9710,11/2015,487,796657.6129253287,10782.760054044527,M,32.3,14.8
9711,11/2015,295,279894.8482577047,8420.836918289486,M,46.5,8.4
9712,11/2015,430,397048.65622924245,12268.757413348687,M,,11.6
9713,11/2015,437,98735.20740181489,8198.88907026024,M,35.0,9.8
9714,11/2015,644,154112.95114911,8977.364016780404,M,60.0,5.4
9715,11/2015,803,1044368.5408494883,7722.8264196915425,M,39.6,13.8
9716,11/2015,2,398151.7143163107,7874.01172337286,M,65.5,1.0
9717,11/2015,932,459661.73762757133,7360.729408780651,,37.4,12.0
9718,11/2015,843,2607459.7072355365,9427.657363377242,F,40.4,15.0
9719,11/2015,138,482731.1113253167,10123.892698584883,M,34.5,5.5
9720,11/2015,356,119434.42069714521,8403.944611231334,M,51.3,12.6
9721,11/2015,466,105946.98771433275,9224.827453102023,M,51.7,13.4
9722,11/2015,729,438297.4850497428,17363.67493537207,M,59.3,9.7
9723,11/2015,535,1869966.7253661996,9734.232495207933,M,62.7,2.9
9724,11/2015,715,347751.7316177897,11057.53678151685,M,51.8,5.3
9725,11/2015,70,535996.7836849394,7585.975953112004,F,59.0,4.7
9726,11/2015,485,209561.67112512965,9324.76892623319,M,56.3,15.4
9727,11/2015,128,301434.69939754717,9744.769664332469,M,52.0,5.9
9728,11/2015,587,446815.37475589954,8279.483547133856,M,51.7,9.9
9729,11/2015,142,307393.1978905773,11518.918974878958,,37.3,14.2
9730,11/2015,938,491806.6582985146,10049.82449496807,M,64.5,16.4
9731,11/2015,725,1919918.643913486,7434.622926214839,M,39.8,3.3
9732,11/2015,801,292382.5286851802,12353.820223577377,M,42.7,11.4
9733,11/2015,653,2585175.661018846,10227.171593134664,M,57.7,13.8
9734,11/2015,921,145138.80706988924,6356.537840601535,M,55.5,17.4
9735,11/2015,98,414114.2531119654,7488.426801755939,M,39.4,10.5
9736,11/2015,608,3588023.1124430737,7975.302347018565,M,63.9,13.4
9737,11/2015,576,741628.844365748,8314.076023021404,M,64.1,4.1
9738,11/2015,936,2176514.917009651,8631.730288858631,M,55.8,11.4
9739,11/2015,301,203178.40934329567,6926.176140532305,,33.7,2.0
9740,11/2015,266,1596484.6518801125,7997.61443275057,M,36.1,1.4
9741,11/2015,499,148578.79888766486,9679.887648784428,M,32.6,1.0
9742,11/2015,133,186777.01153120355,11549.0014917422,M,43.3,13.8
9743,11/2015,989,2881004.945639896,9198.390517173948,M,,6.4
9744,11/2015,619,266894.6818953827,12448.004125072088,M,55.2,4.2
9745,11/2015,136,871238.9270608439,8188.210582072931,M,58.5,1.0
9746,11/2015,277,754229.0828581252,9934.958249842353,M,33.1,12.5
9747,11/2015,267,676136.0248629407,9033.6474033262,M,52.8,4.8
9748,11/2015,749,660203.5440756304,9519.984858482612,M,40.0,12.2
9749,11/2015,254,532381.996579877,11332.605066663753,M,57.0,18.2
9750,11/2015,630,3253305.710021512,8174.086337591432,M,45.0,17.3
9751,11/2015,339,3780128.4315065346,9550.493839013192,M,41.1,18.1
9752,11/2015,203,436530.20206520695,10292.94728087678,M,59.0,16.3
9753,11/2015,107,282048.2972028416,10390.143903045851,M,49.9,10.0
9754,11/2015,24,445039.0534900713,11119.60940313137,M,33.6,12.8
9755,11/2015,668,98712.97179328333,6782.324431331094,M,,14.9
9756,11/2015,837,402435.21388153156,8356.358368904866,M,36.8,12.8
9757,11/2015,392,311922.68747153727,8427.209398789195,,33.3,4.8
9758,11/2015,330,1133366.865751926,9961.48827773904,M,,2.2
9759,11/2015,151,79201.32684342354,9229.376912959833,M,48.4,18.7
9760,11/2015,856,16677702.64539903,11148.119181920121,M,53.8,16.7
9761,11/2015,976,413659.21939169004,7929.436075758441,M,57.8,1.9
9762,11/2015,831,798970.8451618725,9179.857246240654,M,54.2,8.5
9763,11/2015,991,127851.72304964444,10310.827418548568,M,35.2,11.1
9764,11/2015,201,368805.66390102357,12448.858748713925,M,57.3,6.1
9765,11/2015,788,86151.3772686665,8575.380066452533,M,32.6,18.3
9766,11/2015,1,3789480.6581471777,10976.003396355409,F,43.8,1.4
9767,11/2015,103,2346374.5854106285,11135.986809395175,M,64.3,11.8
9768,11/2015,53,566525.5350846465,7752.438951747874,M,56.0,7.9
9769,11/2015,241,446416.2278244596,9976.532638009345,M,36.5,11.2
9770,11/2015,346,4998042.791861928,8528.587393923792,M,49.3,16.0
9771,11/2015,450,3700428.3304311386,8591.906954402697,M,57.8,13.3
9772,11/2015,628,2994235.5562121165,10127.345139316583,M,61.0,15.2
9773,11/2015,700,2428249.2933002114,12445.795839684168,M,51.2,10.6
9774,11/2015,4,635088.3836064198,9435.242193910875,M,59.6,11.7
9775,11/2015,334,122591.26764844001,8545.922309112364,M,56.3,7.2
9776,11/2015,641,558366.4565253836,11156.453438334845,M,33.8,11.0
9777,11/2015,794,190741.1629846795,11352.917401822306,M,34.9,12.3
9778,11/2015,390,461113.7126109021,7716.8516876706535,M,54.7,12.7
9779,11/2015,141,471055.01413772075,8015.232979197042,M,44.7,8.8
9780,11/2015,980,4467530.998201758,10237.67497741495,M,36.0,2.1
9781,11/2015,734,570398.4475560167,8584.427456395426,M,47.7,11.6
9782,11/2015,342,195509.3822970493,7733.107465603712,M,43.7,4.9
9783,11/2015,370,2525239.962384824,8694.619476857695,M,46.2,1.9
9784,11/2015,480,356700.8286964055,7684.72863528408,M,38.6,11.5
9785,11/2015,902,585946.1420052607,11575.40617151667,M,63.6,5.8
9786,11/2015,477,258909.8801483824,8608.193785973497,M,46.4,8.8
9787,11/2015,193,76726.41172600847,7136.251916758093,M,52.8,16.4
9788,11/2015,476,895907.8822805642,10497.397121569633,M,,18.3
9789,11/2015,537,297457.0669702097,10208.207175519146,M,37.2,2.5
9790,11/2015,591,1497012.7261141785,9441.683412886321,M,56.1,9.5
9791,11/2015,189,595275.3833110741,10497.390692057304,M,41.9,5.9
9792,11/2015,596,478348.6524782758,11774.769955664742,M,56.2,13.7
9793,11/2015,235,357533.732637065,10219.249608478636,M,37.4,9.0
9794,11/2015,520,221790.16057954935,8874.201078723221,M,54.7,8.8
9795,11/2015,677,728526.2945129066,9965.139046790377,M,58.8,14.4
9796,11/2015,704,1363726.8408218843,10464.629513681944,F,57.6,7.7
9797,11/2015,355,1439587.1027263214,8366.682111931304,M,50.0,3.0
9798,11/2015,247,217508.43740775288,10761.735477860117,M,53.5,2.0
9799,11/2015,207,227150.19328368647,8353.842411544638,M,47.8,3.5
9800,11/2015,990,584641.347019657,13679.64815463967,M,36.3,4.7
9801,11/2015,41,490222.9038088104,9787.688868144665,M,36.9,10.0
9802,11/2015,678,574262.9549014923,11167.250441639799,M,55.7,7.7
9803,11/2015,663,116101.42768544258,8687.311754455328,M,56.7,12.1
9804,11/2015,28,6929498.202692068,10557.713933360843,M,65.2,4.4
9805,11/2015,672,365870.2596701772,8343.033042457637,M,53.2,13.5
9806,11/2015,393,144393.25470866228,15996.94991267174,M,33.5,7.3
9807,11/2015,615,4877361.941263298,9359.284718147663,M,51.3,2.9
9808,11/2015,923,157047.34442645265,11888.585086387116,M,32.0,7.7
9809,11/2015,544,783303.5938502834,8331.910779063224,M,39.6,13.0
9810,11/2015,364,733639.8131090138,7500.470028630336,M,41.0,9.2
9811,11/2015,573,1212283.4614800673,7385.284960429621,M,60.9,6.4
9812,11/2015,125,195427.81457807368,9892.040800071725,M,37.2,9.2
9813,11/2015,949,1436470.793323356,7466.886428629504,M,36.4,12.6
9814,11/2015,510,1103199.8358875106,12014.963390512237,M,55.0,12.2
9815,11/2015,878,330424.1964177586,11458.664664312006,M,36.2,5.5
9816,11/2015,992,368024.0600204792,13356.159870768843,M,36.1,17.3
9817,11/2015,8,1563112.625739306,7941.9633436857075,M,39.7,13.2
9818,11/2015,984,330402.1058083847,8664.840022944225,M,42.3,10.7
9819,11/2015,763,1970902.4506669103,9435.404210284269,M,37.4,6.6
9820,11/2015,973,1331824.8993504671,14045.856353905143,M,39.5,15.8
9821,11/2015,25,1320886.2885590894,8268.934591817735,M,34.8,14.6
9822,11/2015,541,3693889.0464693774,11279.897377163474,M,48.7,8.1
9823,11/2015,757,1760433.6728914527,9754.893495303975,M,,13.5
9824,11/2015,374,225502.84375731475,11808.521825441798,,39.7,13.9
9825,11/2015,64,308357.58685439575,7413.037782201516,M,46.0,5.6
9826,11/2015,500,777593.7276526069,7814.480275972086,F,46.2,13.5
9827,11/2015,647,496684.24045482656,9049.23543424211,F,63.4,11.7
9828,11/2015,614,622044.0034726857,8399.327086180076,M,59.8,17.8
9829,11/2015,21,725452.101520012,10785.226860297174,M,32.8,7.5
9830,11/2015,13,304786.18874512764,9157.84371643591,M,43.1,15.2
9831,11/2015,639,313696.43458475603,8296.937873309607,M,50.0,9.2
9832,11/2015,868,429431.54182570864,7003.693497861901,M,32.5,7.3
9833,11/2015,805,344446.29542356945,7273.514565931734,M,40.7,10.5
9834,11/2015,891,146536.4650471707,9105.888321216962,M,56.5,13.8
9835,11/2015,561,1735664.7025210317,8444.549012103082,,44.2,6.2
9836,11/2015,709,487319.34474079416,9128.002028228244,M,38.7,12.6
9837,11/2015,429,968623.8098088303,10080.208035275202,M,46.7,4.7
9838,11/2015,720,120948.08434118905,9689.798351182022,M,64.6,15.1
9839,11/2015,187,318899.35040193796,7896.284863737113,M,48.7,17.0
9840,11/2015,457,105620.9344209977,9142.54050927925,M,63.5,10.5
9841,11/2015,844,3067412.494574569,8362.451528501546,M,47.4,2.4
9842,11/2015,552,537552.697479089,12898.562497690089,M,61.3,7.3
9843,11/2015,498,3319501.0477441708,10390.415073014,M,49.2,15.3
9844,11/2015,230,583591.6109784342,6825.49433883027,M,38.2,5.1
9845,11/2015,131,2256939.1834415738,8506.718238427844,M,35.1,16.0
9846,11/2015,268,600831.6876317044,8481.396483095326,M,41.2,11.2
9847,11/2015,634,2725596.439330881,11418.513843663932,M,46.8,4.5
9848,11/2015,930,1154838.5527701462,10375.557317011198,M,54.4,16.9
9849,11/2015,730,237921.89628870765,8448.29966770844,M,60.7,1.5
9850,11/2015,386,277207.67957116355,9679.922480233348,M,37.5,12.8
9851,11/2015,897,390822.7556828791,10146.078939610152,M,43.3,2.5
9852,11/2015,604,259889.32599707134,6949.435120943626,M,59.8,7.6
9853,11/2015,850,1922754.5170473238,11869.234327843023,M,39.4,1.4
9854,11/2015,626,196187.26403202678,7698.370471146108,M,51.8,18.1
9855,11/2015,163,807348.48146366,7645.643455618043,M,58.5,9.1
9856,11/2015,82,922164.6777566122,7569.461232676828,M,61.7,4.0
9857,11/2015,36,393750.4147099345,6883.701618052878,M,37.4,16.3
9858,11/2015,977,572468.1589883568,11264.688292191035,M,56.2,3.7
9859,11/2015,123,586986.3667002802,6787.760930954268,M,65.3,11.5
9860,11/2015,92,615490.9489807541,10814.104698383155,M,41.4,15.1
9861,11/2015,26,253906.66581436747,8585.187267914556,F,47.5,2.7
9862,11/2015,251,462620.5468219162,7869.219368418083,M,43.0,11.9
9863,11/2015,598,1330673.7869912223,11990.848272363166,M,51.3,9.4
9864,11/2015,524,655531.3772905576,8530.29938864061,F,39.5,18.5
9865,11/2015,726,265825.9569314403,8099.737339890947,M,58.1,4.5
9866,11/2015,263,291285.8243141073,9131.892796026208,M,52.2,12.2
9867,11/2015,365,670424.9956561925,7691.298745325997,M,37.6,5.3
9868,11/2015,44,165281.10974613228,10463.778265972987,M,61.5,8.9
9869,11/2015,530,592469.5298645326,9915.195196299457,,47.1,6.9
9870,11/2015,838,678824.9931107294,10601.403234473877,M,,17.2
9871,11/2015,311,127614.99097762593,8537.152122071988,,32.1,9.4
9872,11/2015,447,301441.6740119928,10326.097508696797,M,65.5,12.1
9873,11/2015,993,166472.0668142917,8009.833866686613,M,35.0,2.9
9874,11/2015,315,347494.80595252616,7487.012375300665,M,61.1,8.7
9875,11/2015,20,1253131.1534427248,11441.64109540627,M,52.1,18.1
9876,11/2015,618,333021.7989858915,8490.648928239492,M,63.9,9.0
9877,11/2015,43,1175207.715845327,8288.97870516774,M,57.3,1.2
9878,11/2015,190,212639.92348970703,10531.938689394916,M,57.5,14.1
9879,11/2015,659,480969.4435858075,7975.277963701688,M,65.4,14.7
9880,11/2015,47,144494.40675371746,8729.936528406044,M,40.7,5.3
9881,11/2015,987,847736.7971086722,9341.148200682248,M,32.4,13.8
9882,11/2015,71,707777.1951882388,9401.49040220955,M,39.0,1.0
9883,11/2015,198,661445.7257626646,7834.584285025038,M,41.1,16.6
9884,11/2015,473,240892.86261658414,7596.733130303866,M,59.5,14.6
9885,11/2015,338,82301.2211701382,7808.434213479589,M,42.2,4.3
9886,11/2015,440,412127.91315048153,6581.9732550371355,F,39.6,4.4
9887,11/2015,246,304705.5604978611,8907.289558801025,M,57.2,15.1
9888,11/2015,116,216515.3536184451,9054.302046862305,M,42.2,10.6
9889,11/2015,849,1163344.881202291,7173.84688036849,M,65.4,12.1
9890,11/2015,900,872768.5704144067,11454.326595504821,M,41.5,9.4
9891,11/2015,359,671093.1109008765,8226.366539201836,M,47.7,7.9
9892,11/2015,299,385589.3480388341,16051.330734167761,M,50.1,2.0
9893,11/2015,7,1811366.0782557873,8980.235313531002,M,40.8,14.1
9894,11/2015,297,1038535.7589274962,8154.72733267935,M,53.7,1.0
9895,11/2015,822,2678373.608460257,8915.528777298885,,54.0,2.9
9896,11/2015,648,267606.8637624098,8599.398098858204,M,49.6,4.4
9897,11/2015,294,125814.48749256146,7294.799150742702,M,59.6,4.9
9898,11/2015,491,1102551.9081448049,12293.595027823229,M,61.1,3.2
9899,11/2015,568,296554.3685647825,10767.440671308505,M,,16.5
9900,11/2015,584,527821.4355038723,9640.442182124008,M,43.3,14.9
9901,11/2015,690,260643.30901324874,7115.663146353486,M,,8.8
9902,11/2015,291,2758247.9888256644,7264.960255860761,M,33.2,5.4
9903,11/2015,49,417173.20275559777,10030.417937746477,M,45.1,3.0
9904,11/2015,585,430373.91737456055,12193.111386879662,M,37.9,11.3
9905,11/2015,606,427421.37167387846,9998.79869837552,M,51.5,15.1
9906,11/2015,693,1631851.732483707,8405.335222499076,,53.1,9.9
9907,11/2015,944,2209741.3449436845,8798.35932666559,M,49.4,14.1
9908,11/2015,793,690306.2014194451,7731.287062936872,M,35.0,12.5
9909,11/2015,425,626727.2827023889,12274.899316764877,M,,17.9
9910,11/2015,683,453815.7351111832,8493.207481731393,,54.5,3.6
9911,11/2015,656,2245276.417977485,8429.210231284313,M,56.4,17.8
9912,11/2015,488,219831.41626481886,9060.921279561526,M,32.4,5.8
9913,11/2015,61,478489.34865644947,7647.575046038449,M,34.1,16.4
9914,11/2015,904,165218.81541890735,9827.352883256093,M,,4.0
9915,11/2015,378,427997.37374895794,9718.388572660087,,36.7,3.5
9916,11/2015,269,471363.3586229254,16608.739803420856,M,39.7,8.1
9917,11/2015,889,631868.098542866,8044.193326764298,,55.5,2.0
9918,11/2015,481,1409128.6079395846,8340.657865485411,F,51.5,17.1
9919,11/2015,344,325007.0527327494,7591.673929846337,M,51.0,11.8
9920,11/2015,99,1148055.505465505,11514.648971461376,M,55.3,5.7
9921,11/2015,832,125974.48769749377,8564.274909591684,M,,13.3
9922,11/2015,127,302198.94426136016,11399.789954827198,M,55.8,11.8
9923,11/2015,617,1935071.6257312598,7766.471666002768,M,38.2,17.4
9924,11/2015,770,243103.74384603303,8852.641539816846,M,56.6,15.9
9925,11/2015,484,320629.7445779202,8187.033301206588,M,36.2,4.1
9926,11/2015,341,727692.333703396,11819.118901701664,F,63.1,16.9
9927,11/2015,982,644465.8571494728,9066.873428245224,M,,9.4
9928,11/2015,212,705497.3271174184,11800.951870845944,M,46.4,1.6
9929,11/2015,589,346430.3488537911,8323.590633086169,M,40.7,6.4
9930,11/2015,797,126385.26639572457,12928.82529767324,M,44.6,5.9
9931,11/2015,753,213622.69701621198,11134.377562627962,M,32.8,12.8
9932,11/2015,227,2248531.956028188,9970.448627769467,M,,16.2
9933,11/2015,86,1342923.8315856836,10894.310253661115,,,5.4
9934,11/2015,680,803308.7271382196,11226.656050839027,M,61.1,18.9
9935,11/2015,195,535395.4777742844,9161.697762949729,,54.1,8.8
9936,11/2015,595,921956.5559095358,8197.142578559628,M,45.4,7.1
9937,11/2015,854,375127.6076503695,9422.191943483589,M,44.2,18.7
9938,11/2015,828,339892.20218947454,9374.825659520386,,50.6,1.1
9939,11/2015,261,245320.1249484462,10433.87033208609,M,36.4,18.5
9940,11/2015,603,346655.2895693934,7219.37853805307,M,34.9,10.7
9941,11/2015,379,265337.10847304773,7859.597082376262,M,65.1,12.4
9942,11/2015,888,695045.4606316789,8543.552787303452,M,,4.0
9943,11/2015,741,2853486.5202374184,7796.397843519207,M,42.4,11.2
9944,11/2015,60,216316.87039157562,7652.684732236064,M,53.4,11.0
9945,11/2015,955,280232.65572073555,7866.0887151701045,M,35.8,8.5
9946,11/2015,62,409743.5164009331,11227.591365277343,M,34.0,4.3
9947,11/2015,638,5522069.758385957,10054.365484966638,M,62.7,9.4
9948,11/2015,697,501748.62046727026,7430.620881624736,M,35.0,15.2
9949,11/2015,147,1485741.8734678442,9205.647288993037,M,53.7,14.7
9950,11/2015,637,477060.1584385578,8964.240932619929,M,63.3,3.0
9951,11/2015,799,1316054.3243835508,10007.930937102918,M,45.3,1.1
9952,11/2015,178,351381.41911690286,8976.44198612434,M,49.0,7.8
9953,11/2015,806,227919.82391954272,10405.997435223328,M,50.3,7.6
9954,11/2015,300,284684.3168342756,8770.317336817705,M,35.9,9.5
9955,11/2015,998,544867.7750225004,7050.619783526837,M,32.1,1.4
9956,11/2015,337,161697.00919658807,8670.009704093485,M,36.0,9.4
9957,11/2015,549,3182578.903239076,11068.423003374923,M,55.1,16.4
9958,11/2015,767,499691.3910226979,8833.031881459443,M,56.5,1.2
9959,11/2015,157,202089.15313317356,9462.180238912348,M,56.8,16.2
9960,11/2015,540,725538.1292529971,9594.294250001512,M,41.6,6.5
9961,11/2015,108,2414774.5377475447,14071.375619563745,M,51.2,2.9
9962,11/2015,352,246926.61276430063,8189.873280549473,M,58.1,9.3
9963,11/2015,847,333493.00220020383,8702.228413836458,M,51.0,5.2
9964,11/2015,479,1803681.6797810674,10748.58997330695,M,54.6,1.0
9965,11/2015,622,407450.8136932263,8915.37837073296,M,53.2,7.6
9966,11/2015,937,427924.1569219461,8675.653867081273,M,54.9,11.5
9967,11/2015,775,243859.8139323998,9502.619467384951,M,50.4,9.8
9968,11/2015,623,613491.5672322562,12218.651308198938,,,14.4
9969,11/2015,87,540362.412878175,10281.549912090255,M,48.0,15.4
9970,11/2015,80,3953458.5173982857,13576.116997613908,M,57.8,17.5
9971,11/2015,434,420995.99903566286,8541.616143828764,M,36.5,7.7
9972,11/2015,210,2522456.600383223,7800.792016445285,M,37.0,1.9
9973,11/2015,860,679493.863809771,10536.23474042054,M,38.0,16.8
9974,11/2015,220,1526363.3153891636,9095.76094486837,M,32.1,7.3
9975,11/2015,769,2383314.623415596,14940.936782856943,,58.8,18.9
9976,11/2015,692,343875.33143649396,9527.232942970952,M,42.4,2.3
9977,11/2015,546,203887.81777874063,9270.346102110672,M,55.6,13.5
9978,11/2015,777,4682608.515824986,8234.570101667761,M,59.2,16.0
9979,11/2015,581,4832110.695702506,11094.416606183928,M,35.5,18.5
9980,11/2015,452,146880.1823514649,9540.055077524017,M,53.3,4.4
9981,11/2015,511,725438.2340355823,8673.723214544654,M,35.2,10.9
9982,11/2015,214,1285830.1959174224,9405.465456320133,M,,5.9
9983,11/2015,234,8888475.448774815,8732.880468989966,M,42.7,6.2
9984,11/2015,853,1441235.9366343191,9637.478397808607,M,42.5,2.3
9985,11/2015,551,133281.29736207,9704.114304696159,M,,4.3
9986,11/2015,505,522663.0455227599,9889.760564692073,M,33.7,2.5
9987,11/2015,508,394069.48582512926,9391.617316227004,M,54.1,8.3
9988,11/2015,795,287812.7508204776,7258.569904590629,M,50.4,8.6
9989,11/2015,317,4368451.926795589,9247.594709341496,M,33.3,2.7
9990,11/2015,792,180760.95698938414,8170.49712681403,M,,8.7
9991,11/2015,974,1985600.305685467,7975.074186844799,M,34.8,8.2
9992,11/2015,117,3422269.132727637,11395.942102572557,M,59.4,17.1
9993,11/2015,410,384682.67045929306,10147.24971342878,M,38.0,17.4
9994,11/2015,182,424616.806593041,10151.753884476388,M,40.0,14.4
9995,11/2015,119,135518.7977326155,9213.778986066754,M,65.9,15.4
9996,11/2015,236,317092.27134671586,9064.413775585208,M,42.3,6.7
9997,11/2015,449,314655.1805751436,8037.062930651376,M,38.4,18.7
9998,11/2015,494,3936982.906649435,8158.856698122232,M,48.7,7.9
9999,11/2015,609,513926.4550445079,8582.027445645039,M,,4.6
10000,10/2015,943,3738328.576288175,9135.150885143397,F,58.4,0.6
10001,10/2015,966,413722.3493121103,9002.005129063533,M,46.8,0.1
10002,10/2015,250,3520247.2730327453,8182.850320234896,M,32.0,0.1
10003,10/2015,156,164621.1401573598,7567.244655375424,,64.8,0.7
10004,10/2015,67,630587.930854313,7932.758601244217,M,60.7,0.4
10005,10/2015,684,122757.52270369667,7925.5459823160645,M,,0.5
10006,10/2015,527,1379813.7936134427,12415.696128683558,M,,0.4
10007,10/2015,556,276198.4230949265,10650.765504583696,M,50.7,0.8
10008,10/2015,446,438516.4868484833,10140.050848884075,M,49.5,0.1
10009,10/2015,841,726520.0544588033,11075.363442263162,M,48.2,0.7
10010,10/2015,126,4746481.022931764,10537.273379850092,M,53.2,0.7
10011,10/2015,910,804692.4894569411,8662.983428269785,M,58.2,0.6
10012,10/2015,112,380178.22451091127,10089.087526529422,M,54.7,0.9
10013,10/2015,191,464180.5908600011,8470.670288812129,M,50.4,0.1
10014,10/2015,739,404663.1802830822,16050.320733873583,M,37.6,0.6
10015,10/2015,579,107126.27991542361,8797.455057420599,M,41.3,0.3
10016,10/2015,111,923271.3781532025,9616.834170371985,M,45.4,0.8
10017,10/2015,285,447187.3238872225,10088.440202242,M,47.3,1.0
10018,10/2015,796,334358.1104481093,8069.257265777323,M,59.2,0.3
10019,10/2015,310,6512057.830477045,8971.33924085474,M,42.2,0.8
10020,10/2015,458,380936.3096451017,11905.763714957859,M,39.7,0.2
10021,10/2015,884,963940.1731046913,10470.87342689584,M,64.1,0.6
10022,10/2015,335,2884292.7741473787,10455.010772195546,M,47.0,0.8
10023,10/2015,521,1261652.3183264402,8414.911890718013,M,56.1,0.8
10024,10/2015,887,446501.24257284676,8898.00857559573,M,,0.0
10025,10/2015,601,144483.25729245157,9917.070161254922,M,39.8,0.2
10026,10/2015,11,313323.4050394534,7848.550135011642,M,39.1,0.6
10027,10/2015,624,266780.7930492461,13275.458384511074,M,52.8,0.7
10028,10/2015,737,401354.3994782682,12460.51770997381,M,58.1,0.3
10029,10/2015,823,106531.22068836523,9078.570042427658,M,50.6,0.3
10030,10/2015,752,5695252.057300096,13801.202345685051,M,63.6,0.4
10031,10/2015,732,1132276.4892538118,7379.398798097132,M,54.1,0.5
10032,10/2015,493,628670.4999787641,8688.128421763196,M,61.1,0.2
10033,10/2015,159,515258.58101636113,8548.890798563825,M,48.4,0.6
10034,10/2015,225,1850697.7364516663,8435.94414560268,M,,0.6
10035,10/2015,784,187266.39722372495,8092.444026371164,M,54.3,0.2
10036,10/2015,171,622353.265389417,7742.008183500712,M,49.4,0.4
10037,10/2015,460,141108.0789419058,9524.759537476408,F,33.0,0.3
10038,10/2015,408,951474.6956422799,8546.155045352067,M,65.0,0.9
10039,10/2015,239,327724.62790475215,11180.716276130213,M,60.4,1.0
10040,10/2015,812,287387.2345666832,6249.812548138923,M,54.7,0.9
10041,10/2015,896,4146002.431303251,8994.69767153023,M,58.5,0.0
10042,10/2015,354,646758.2350710992,9967.609628161455,M,65.2,0.4
10043,10/2015,574,2220077.4776071543,10695.152235509266,M,60.7,0.3
10044,10/2015,186,1596317.816181084,8800.467517541092,M,65.7,0.6
10045,10/2015,381,212652.1845394913,11103.94377320498,M,44.0,0.1
10046,10/2015,898,86115.70816751778,7398.24500808555,M,46.5,0.0
10047,10/2015,405,3654589.126190219,9129.151467132599,M,32.2,0.1
10048,10/2015,439,10061049.398045676,9907.988927273569,M,65.2,0.3
10049,10/2015,532,202771.54734179823,8769.989627741796,M,38.2,0.5
10050,10/2015,665,279311.1171612351,7595.05023347661,M,,0.6
10051,10/2015,962,491662.92116335663,7817.403566426222,,53.5,0.8
10052,10/2015,303,474614.73226504645,7276.921048133078,M,37.0,0.6
10053,10/2015,996,886999.2391640076,8902.972739119334,M,41.0,0.5
10054,10/2015,836,2889246.24495744,8366.00590658798,,55.4,0.2
10055,10/2015,840,878519.7646817004,8946.888508115358,M,35.8,0.3
10056,10/2015,459,2435251.26600223,9923.106099244216,M,36.2,0.4
10057,10/2015,611,1282568.9489692731,12690.199177997983,M,62.4,0.4
10058,10/2015,467,3039097.5613355585,8261.973985003184,M,,0.5
10059,10/2015,786,765312.3190914593,11655.80966911,M,46.5,0.0
10060,10/2015,23,663157.5893606568,8383.826485532954,M,51.4,0.9
10061,10/2015,302,370994.45548114437,7497.665035322221,M,47.2,0.2
10062,10/2015,289,297794.85498510377,9123.25988367299,M,39.5,0.5
10063,10/2015,155,359336.7673316395,9560.430341075145,M,57.3,0.4
10064,10/2015,327,790796.1564772406,13637.517220997832,M,51.8,0.8
10065,10/2015,114,463712.8114859786,9667.551826354993,M,61.1,0.9
10066,10/2015,756,766869.3344827928,7790.379065818025,,54.8,0.3
10067,10/2015,880,387715.56292909296,7846.183790220618,M,45.6,0.6
10068,10/2015,660,237871.36939700143,9955.082519321084,M,56.5,0.9
10069,10/2015,454,2910408.887875093,8175.6946285221175,M,40.2,0.2
10070,10/2015,969,810600.9101193816,8319.978883090096,F,62.8,0.7
10071,10/2015,176,658581.4303801366,8103.00983542555,M,35.8,0.9
10072,10/2015,432,2929689.0788529054,9111.532014935683,M,47.3,0.9
10073,10/2015,531,353341.07044470764,7750.675738612002,M,46.6,0.9
10074,10/2015,101,3422036.382132693,11143.028912504145,M,,0.9
10075,10/2015,738,153082.5719333443,12472.996838536385,M,36.7,0.3
10076,10/2015,271,240845.42203415724,8702.463008702493,M,64.8,0.4
10077,10/2015,423,1112120.9049529128,9065.784443860386,M,59.1,0.6
10078,10/2015,765,197909.82672301418,7390.632616094822,M,47.8,0.8
10079,10/2015,691,1118111.0511276564,10794.869973746841,M,44.8,0.4
10080,10/2015,533,418754.88514028094,14645.452033873735,,35.8,0.1
10081,10/2015,716,797896.8620555275,9210.244907708917,M,39.8,1.0
10082,10/2015,922,456181.86286206945,11679.277835886203,M,58.5,0.8
10083,10/2015,174,2425163.9051295538,8712.058314327058,M,46.1,0.9
10084,10/2015,200,3380612.8891955395,7726.4684737274,M,39.0,0.7
10085,10/2015,316,3293560.4916924937,10129.382461278157,M,34.8,0.2
10086,10/2015,307,555161.6865791942,13970.286291120992,M,65.0,0.7
10087,10/2015,882,2187812.9902633596,7046.466334313315,M,33.7,0.6
10088,10/2015,706,520081.1226105642,11277.508126566052,M,51.7,0.3
10089,10/2015,829,3430375.872424175,9722.032613220501,M,35.3,0.5
10090,10/2015,719,780705.8767135955,14291.290986399523,M,32.6,1.0
10091,10/2015,935,1440839.377890474,9145.961748741192,M,38.9,0.3
10092,10/2015,68,1412783.7435509115,10789.046236959644,F,35.8,1.0
10093,10/2015,815,1014515.6904380074,10552.273035757045,,64.2,0.3
10094,10/2015,747,721618.7519616206,9415.763392908253,M,43.6,0.7
10095,10/2015,798,2308629.342572825,8019.215416900168,M,35.3,0.4
10096,10/2015,865,159818.60403093116,9595.820007355665,M,58.5,0.3
10097,10/2015,399,3684217.5715852953,7706.644460890273,M,53.1,0.9
10098,10/2015,509,390918.8467135864,8613.537291218558,M,46.7,0.5
10099,10/2015,308,1145467.7910782625,8706.305690449488,M,48.1,0.9
10100,10/2015,502,328701.0140978832,9146.30220300498,M,61.5,7.9
10101,10/2015,81,89151.11337866016,7046.591165384217,M,42.4,14.4
10102,10/2015,814,637976.4448571815,8627.225767513364,M,33.1,18.7
10103,10/2015,666,410182.72006138554,9819.3657664587,M,35.3,8.7
10104,10/2015,205,439257.2583575306,7984.3942003934235,M,56.6,9.9
10105,10/2015,759,3770022.7562908605,8761.940813652098,M,44.5,3.4
10106,10/2015,96,380199.3287778177,8092.8585502292835,M,37.2,9.4
10107,10/2015,671,4493288.913264488,11504.204309576497,M,61.4,16.8
10108,10/2015,100,392891.4821488467,9586.61824616034,M,38.1,17.2
10109,10/2015,321,547507.0859313547,8077.204589477161,M,,10.1
10110,10/2015,602,4871843.065998767,7963.636222501514,M,37.3,17.8
10111,10/2015,453,1169370.0446745565,8732.737997886832,F,60.6,5.4
10112,10/2015,396,2654045.497569958,8757.006777497902,M,33.1,12.5
10113,10/2015,113,3890470.891150753,8991.502977268196,M,,16.9
10114,10/2015,988,612800.5039672852,9715.209035213866,M,32.9,11.3
10115,10/2015,956,1602776.6563429106,8051.506707399106,M,65.2,15.6
10116,10/2015,59,4762711.455073733,10350.328484796273,M,46.9,8.1
10117,10/2015,593,548533.6603052311,8070.338940795055,M,43.4,15.5
10118,10/2015,10,83253.78733774814,8508.13503504094,M,45.5,6.4
10119,10/2015,196,833650.6988529214,9335.128632594093,M,46.2,4.3
10120,10/2015,38,396725.6249048873,7397.885980004083,,51.3,5.9
10121,10/2015,625,132020.75855738818,17676.730977239506,M,57.7,13.8
10122,10/2015,570,1288198.4198199816,11631.142925575332,M,47.1,16.8
10123,10/2015,745,678167.132232376,8261.618485192683,M,51.3,15.9
10124,10/2015,764,452360.7171935345,9260.550531839515,M,47.3,15.0
10125,10/2015,66,651478.0218557027,8402.40914397678,M,40.0,18.9
10126,10/2015,84,555855.2482600141,12437.308565508196,,36.5,18.8
10127,10/2015,462,330969.2936874568,6891.4109805631615,,39.3,10.3
10128,10/2015,952,1336193.0732702322,7730.799327419627,M,56.4,4.4
10129,10/2015,970,796622.8133691169,7205.87110669956,M,34.0,11.4
10130,10/2015,333,338634.87573450024,9387.614772659941,M,50.1,8.4
10131,10/2015,274,153238.4108560906,9422.937141162021,M,63.7,8.6
10132,10/2015,981,398852.36997546395,9629.453964401104,M,62.2,1.6
10133,10/2015,110,412038.2056307218,13582.878996805815,M,59.4,15.7
10134,10/2015,383,1666697.858308673,11122.667312853398,M,37.5,15.6
10135,10/2015,542,503452.1188659439,7932.66786129721,M,35.2,7.8
10136,10/2015,787,229529.67754121742,8853.192147131866,M,59.9,12.3
10137,10/2015,57,755742.4205897843,11800.498156722875,M,65.6,16.7
10138,10/2015,412,1143718.445656716,9176.366727810204,M,59.3,4.6
10139,10/2015,177,1540097.284609258,9508.337248667121,M,41.0,1.9
10140,10/2015,560,503309.75103050796,10522.193487792008,M,41.8,12.4
10141,10/2015,398,3935010.566773227,10150.547421448822,M,52.0,4.8
10142,10/2015,916,3311057.6287889956,8876.911823190672,M,65.1,18.0
10143,10/2015,965,3522254.1633170983,9157.256823040758,M,65.8,5.6
10144,10/2015,746,2271208.4056408643,12271.141883916405,M,48.2,1.6
10145,10/2015,912,2946193.464551599,8923.860580134315,M,55.6,16.5
10146,10/2015,257,269017.23590929824,9687.994013054624,M,36.1,4.5
10147,10/2015,727,1404911.9897307223,9158.180115079022,M,53.5,16.6
10148,10/2015,144,259454.00487493403,11484.383997754785,M,43.3,7.4
10149,10/2015,164,282163.9109305682,7807.298110629925,M,39.8,10.5
10150,10/2015,48,757239.2456997143,12641.328962093334,M,63.4,11.9
10151,10/2015,872,545023.6908786384,8280.448101755663,M,50.2,11.6
10152,10/2015,391,3561606.2273452273,9757.755976200624,M,47.8,2.2
10153,10/2015,703,4518065.829427749,7720.541004348357,M,,7.8
10154,10/2015,504,113952.12111045343,8934.660064829015,M,40.0,1.8
10155,10/2015,876,3671158.8529876615,8695.10842514767,M,34.7,5.8
10156,10/2015,69,1210971.742734291,9981.278050845676,M,57.1,11.5
10157,10/2015,736,3540643.854883177,12326.75787649125,M,43.1,13.3
10158,10/2015,899,508209.02902977925,7382.452143257698,M,58.6,10.2
10159,10/2015,219,819794.8656155034,8168.787356342022,M,39.4,17.3
10160,10/2015,451,1943256.6439806344,7992.251304806908,M,47.1,10.2
10161,10/2015,407,226456.4931440608,10876.659663960347,M,46.4,2.4
10162,10/2015,735,398060.83408647124,8786.032821727265,M,54.1,4.8
10163,10/2015,249,138598.10004565434,11451.041461000124,M,60.9,8.2
10164,10/2015,145,226086.12318554544,7318.66898605229,M,49.4,7.5
10165,10/2015,12,1088481.9900789084,9003.36854144693,M,59.0,15.6
10166,10/2015,724,87059.80424705973,9344.190043122448,F,47.8,16.0
10167,10/2015,728,458810.8185220858,7637.100283558267,M,57.5,2.9
10168,10/2015,948,4618215.146640257,9152.785481231074,M,37.5,3.6
10169,10/2015,464,1328006.9071402138,11931.949597946726,M,58.4,6.4
10170,10/2015,278,6404319.028726998,7643.267758613219,,47.4,10.8
10171,10/2015,89,4292631.907451877,9705.654834479274,M,42.9,7.5
10172,10/2015,124,1766304.6841247021,7965.65729503172,M,35.2,9.5
10173,10/2015,185,2694313.30477699,9247.339477505453,M,35.5,14.5
10174,10/2015,514,784588.2766258476,8823.911739605868,M,45.0,12.9
10175,10/2015,651,2296640.441287169,7935.248797138157,M,39.2,8.3
10176,10/2015,669,402836.15934018715,10101.46911401385,M,52.6,13.9
10177,10/2015,97,588531.7158324841,9188.743118543278,M,62.2,11.0
10178,10/2015,924,701290.9083318582,8905.18501406398,M,64.5,11.3
10179,10/2015,323,436694.729512862,12327.185096502095,F,48.5,8.9
10180,10/2015,643,3992737.3836417883,9381.758925305368,M,35.7,16.0
10181,10/2015,890,1909183.8253657662,8680.166992157187,M,55.4,17.6
10182,10/2015,929,1225918.3229893642,8602.043218110228,M,41.7,4.4
10183,10/2015,670,924852.2059334563,11970.9050623701,M,36.1,8.3
10184,10/2015,181,1919993.5109692786,8848.881768670968,M,36.8,10.0
10185,10/2015,963,641097.4126732096,8316.877605860473,M,50.0,10.8
10186,10/2015,997,323695.76532807125,7437.123217135972,M,61.6,10.5
10187,10/2015,858,910322.0157088236,10771.957956174016,M,38.2,1.5
10188,10/2015,403,335821.2050750718,8775.81784136209,M,45.4,7.8
10189,10/2015,572,92536.13115621814,9491.993252437016,M,,7.6
10190,10/2015,754,1972128.3778727907,9732.863759539965,M,55.8,11.8
10191,10/2015,72,400516.5426837759,7770.828356507459,M,46.7,11.5
10192,10/2015,283,911161.7967744515,9602.637704371875,M,57.9,9.6
10193,10/2015,705,3296760.3612878704,8956.561406755742,M,46.5,1.7
10194,10/2015,983,514339.81350939785,7705.630439673754,M,36.0,14.7
10195,10/2015,305,122638.31357560049,7395.76131983252,M,63.1,4.2
10196,10/2015,857,496063.86762639816,7590.807274524933,M,37.8,3.3
10197,10/2015,74,272921.72471210663,7751.065851157138,M,37.2,15.0
10198,10/2015,824,691524.6604158689,8411.768280070242,M,56.3,2.9
10199,10/2015,231,2110928.821305279,8903.816780229672,,42.2,17.8
10200,10/2015,130,736158.2885991639,10063.034062588491,M,59.5,15.0
10201,10/2015,248,91389.7790548963,6952.385234826101,M,36.4,14.8
10202,10/2015,149,497333.256809298,8624.7300774748,M,52.6,5.5
10203,10/2015,329,2169156.196459368,15606.635658523071,M,43.4,4.5
10204,10/2015,582,722545.8381737508,9275.990795329208,M,46.1,4.4
10205,10/2015,328,559332.9638700305,8360.48828432785,M,39.4,11.4
10206,10/2015,779,417137.70419326046,7765.695867809424,M,,18.0
10207,10/2015,807,1227141.0563186929,10429.549705750269,M,,12.8
10208,10/2015,821,1123967.129068238,10893.698336872869,M,55.6,4.4
10209,10/2015,366,470861.12032152794,9182.405592651725,M,42.9,7.5
10210,10/2015,433,1634303.918626439,11808.172322676159,M,37.5,8.6
10211,10/2015,371,774347.4227947296,7930.882457529441,M,52.2,5.6
10212,10/2015,384,234702.83612099107,8816.323700303712,M,43.5,2.5
10213,10/2015,632,3387556.359787466,10837.388391816385,M,35.3,14.1
10214,10/2015,861,367570.9136126167,10481.489410679698,M,48.3,12.6
10215,10/2015,65,211022.7743821276,8827.135247310183,,46.8,15.7
10216,10/2015,877,2946109.012794477,7640.968990047714,M,40.8,16.7
10217,10/2015,244,620110.776335982,8994.177059001408,M,40.5,3.1
10218,10/2015,863,654591.6101984942,11412.296332873577,M,48.7,17.6
10219,10/2015,350,747086.7303730745,8451.126980401421,M,52.6,18.5
10220,10/2015,160,277197.17419284757,10353.68495518589,M,34.9,18.1
10221,10/2015,45,239461.56792335556,7602.2891113450905,M,40.4,11.4
10222,10/2015,497,656886.0777440433,10143.356417473422,,46.3,11.7
10223,10/2015,237,586230.7847049523,11361.401987434307,M,39.1,10.7
10224,10/2015,9,232331.70439414604,10982.221638031677,M,50.3,8.9
10225,10/2015,172,383720.4063857407,13085.11854442926,M,55.4,10.6
10226,10/2015,918,446546.6098335316,9653.12997725995,M,45.0,2.6
10227,10/2015,950,735617.9857937775,9305.089678979257,M,34.7,6.3
10228,10/2015,134,2441135.4893875644,12929.67451794347,M,64.7,6.2
10229,10/2015,140,319638.32380812394,9083.675318230944,M,,14.0
10230,10/2015,238,1346497.3891689533,12428.493802285326,M,61.8,3.6
10231,10/2015,567,970531.4320227731,12136.782202207745,M,49.1,15.0
10232,10/2015,146,256559.367626829,7713.385038249048,M,38.1,5.6
10233,10/2015,519,3831139.6840842767,11618.238621138362,,42.7,1.7
10234,10/2015,428,3846776.903811733,11768.96696988612,M,37.0,13.8
10235,10/2015,612,347798.00352541014,8946.545244949662,M,56.8,10.3
10236,10/2015,153,1203868.6272872705,7414.195613342467,M,32.3,18.2
10237,10/2015,592,121010.3259259426,9062.263949754353,M,52.6,12.7
10238,10/2015,713,646596.561451057,7452.202138604771,M,45.8,18.2
10239,10/2015,933,285917.91721590975,8468.747000202033,M,48.6,14.2
10240,10/2015,686,2182462.1812460306,8554.924761603985,M,40.8,5.5
10241,10/2015,331,823425.2448976756,11876.854906416394,M,36.7,9.1
10242,10/2015,885,524227.41703660664,7058.619076041701,M,62.8,6.5
10243,10/2015,842,772918.4263263798,8922.066517503874,M,48.5,6.3
10244,10/2015,951,456233.4608568779,9551.21521483119,M,65.1,10.5
10245,10/2015,597,1796051.3648171062,9327.580219518446,M,60.0,13.1
10246,10/2015,93,508578.4028380883,9391.231933795827,F,38.4,14.3
10247,10/2015,402,382405.1861453122,7719.9892482955565,M,35.4,15.1
10248,10/2015,435,3060608.4484323063,9433.871660571616,F,60.4,17.1
10249,10/2015,751,1358018.752193419,9104.192543790326,M,55.1,6.5
10250,10/2015,733,505524.41527703684,7338.28861034785,M,52.2,13.6
10251,10/2015,121,4591295.118648709,10059.19988741405,M,58.7,18.4
10252,10/2015,760,1437381.8397590893,8995.39466188659,M,47.8,11.1
10253,10/2015,372,913743.6448617303,8773.788537633844,M,33.0,14.3
10254,10/2015,441,5948609.092681658,10961.980112378295,M,51.6,2.3
10255,10/2015,270,115189.09667325416,9933.474287627705,M,40.7,10.1
10256,10/2015,260,454327.64726150467,8708.270992637576,M,34.6,1.1
10257,10/2015,442,235195.78320708324,8049.81070510154,M,61.5,13.5
10258,10/2015,19,1159576.4321874622,8777.513466724236,M,,12.4
10259,10/2015,218,244873.72699936075,8011.130189398248,M,60.8,12.0
10260,10/2015,1000,284487.0856771734,8966.795283619515,M,45.2,4.0
10261,10/2015,967,1843400.1685851442,11460.061842577787,M,56.6,2.4
10262,10/2015,413,1086900.954394996,10801.19463516009,M,47.8,1.0
10263,10/2015,780,405683.15724332485,9720.597098885517,M,51.8,1.9
10264,10/2015,538,406231.2019041682,8278.144271532177,,44.3,13.5
10265,10/2015,255,267057.83110121975,7514.9749667692095,M,50.9,15.2
10266,10/2015,211,508614.75072532124,8295.308473516716,M,36.7,8.5
10267,10/2015,465,101595.1865490926,7794.174410798631,M,62.0,17.2
10268,10/2015,583,241142.86013075008,8311.444880939582,M,39.0,8.2
10269,10/2015,489,172150.64814087568,11025.573802744624,M,39.7,17.4
10270,10/2015,353,125680.04459225167,8368.574389716043,M,65.8,5.3
10271,10/2015,415,767733.7012875724,8624.226684610201,M,62.5,7.1
10272,10/2015,594,573799.9546801987,10200.674697083088,F,44.6,12.7
10273,10/2015,957,219737.6147116618,8266.582466771979,M,55.4,5.3
10274,10/2015,394,307383.40257748106,8920.204426768021,M,56.1,5.1
10275,10/2015,674,717891.2031312601,10283.45894265824,M,61.2,16.6
10276,10/2015,646,1743593.6257078964,6518.915295526501,M,35.1,10.2
10277,10/2015,972,4373891.977387633,8700.725133918033,M,65.6,1.6
10278,10/2015,791,128805.77284839771,10703.9861051546,M,60.0,8.0
10279,10/2015,78,512296.8537865724,13634.683305099885,M,36.8,7.9
10280,10/2015,548,843488.1539298056,11343.956883999004,M,52.2,12.5
10281,10/2015,536,4337653.143757116,7806.402932608006,M,55.4,3.4
10282,10/2015,621,3179507.265086721,9717.01545610411,M,54.8,1.7
10283,10/2015,762,369833.2094613495,8900.772579681083,M,47.3,14.9
10284,10/2015,516,184331.95265625935,8274.274775641941,M,65.6,18.0
10285,10/2015,216,2244742.47358037,8729.210081257736,M,36.4,14.5
10286,10/2015,635,488522.4328447997,7394.607860831424,M,55.3,14.8
10287,10/2015,926,622024.3859009868,9191.57015079429,M,43.2,14.0
10288,10/2015,135,942757.9316526306,8331.910145242593,,,10.5
10289,10/2015,387,447668.1977953027,9697.168030715267,M,46.8,16.0
10290,10/2015,925,1316124.3884785406,8429.620825278831,M,57.3,5.5
10291,10/2015,85,540551.5771702689,8077.17608712825,M,38.7,16.7
10292,10/2015,586,168802.61130789953,11052.005441968075,M,32.2,7.8
10293,10/2015,571,261581.09753855012,14977.362698376382,M,53.2,13.8
10294,10/2015,855,1924877.4278680633,7049.761983734142,M,64.2,15.2
10295,10/2015,685,1894642.0231917917,7168.081946138859,M,47.0,7.8
10296,10/2015,63,392178.715909058,9187.671302442986,M,61.6,12.5
10297,10/2015,264,458920.6670694168,8485.52651826548,M,59.1,12.7
10298,10/2015,701,523611.7072305931,7832.896756665226,M,37.3,10.7
10299,10/2015,73,387247.72501480934,9353.49170049099,M,48.6,14.7
10300,10/2015,478,759027.8409278791,9979.912308596857,M,35.7,7.8
10301,10/2015,661,2580596.5703737326,10496.248180535302,M,57.1,1.7
10302,10/2015,228,320805.3192687502,8226.668218357296,M,48.1,9.5
10303,10/2015,309,689708.7025433484,8623.772575373852,M,38.3,14.6
10304,10/2015,382,499079.3207700201,7194.884595882738,M,34.4,10.9
10305,10/2015,914,1720611.1634585804,8616.046738402938,M,54.5,6.4
10306,10/2015,170,1770177.139088849,8985.334616586948,M,34.1,16.2
10307,10/2015,808,131198.77263920679,8503.308574100622,M,45.2,4.6
10308,10/2015,279,64821.271358927246,6382.628914407019,M,44.8,3.9
10309,10/2015,852,286879.35967919335,7238.762711851621,F,37.4,13.3
10310,10/2015,258,207733.50677252238,8092.762539524799,M,43.5,6.3
10311,10/2015,920,6347238.330671318,11971.69916103742,,64.9,14.6
10312,10/2015,167,946641.7520041678,7803.066091474364,M,37.0,6.7
10313,10/2015,229,577410.7765412516,11026.45387046789,M,55.1,7.9
10314,10/2015,293,413006.3388559265,8224.272653851562,M,44.9,10.8
10315,10/2015,569,579189.5026949529,11012.7154237331,M,39.7,13.3
10316,10/2015,39,410469.1328098362,8558.994083159965,M,58.6,1.1
10317,10/2015,562,1291571.3228703844,9141.837585935687,M,43.4,10.0
10318,10/2015,819,1740184.1667157845,7569.908578620113,M,33.6,15.2
10319,10/2015,652,3112348.192928571,9589.560933077219,,43.2,1.1
10320,10/2015,827,1060841.3791365798,10138.702179768341,M,65.0,3.2
10321,10/2015,915,11397886.62338373,10385.877524564825,M,47.0,13.0
10322,10/2015,35,1192212.7634801103,8745.065452999783,M,53.3,4.0
10323,10/2015,358,2522847.1058815564,9578.344704988063,M,35.8,18.3
10324,10/2015,867,3372567.447125391,7622.562625182302,M,53.5,10.1
10325,10/2015,979,699233.9196631953,10877.003278439917,M,64.3,9.9
10326,10/2015,599,2668623.0286654406,7993.533600328934,M,,18.4
10327,10/2015,470,537860.3983994373,9207.078402310659,M,45.0,3.5
10328,10/2015,903,353842.1119553634,8282.398674320286,M,,16.7
10329,10/2015,420,557762.9989284135,11714.87911890107,M,56.3,5.9
10330,10/2015,150,2546542.8374142423,7291.25148044002,M,,10.2
10331,10/2015,631,342982.3312404642,8587.731607085138,M,43.4,6.2
10332,10/2015,616,2481486.2195307785,9887.843096304976,M,61.4,8.8
10333,10/2015,373,250929.6166179953,6721.131237635707,M,60.9,5.9
10334,10/2015,577,2478352.228730571,8751.990528527193,M,42.5,15.7
10335,10/2015,901,706729.87062202,7866.005027084026,M,56.5,9.0
10336,10/2015,55,836317.4758198839,9537.368978989623,M,34.8,2.7
10337,10/2015,908,197517.26914139692,8780.477783508373,M,39.6,15.1
10338,10/2015,883,350690.65929858765,7458.759264725751,M,,15.3
10339,10/2015,522,619826.2457307178,9114.282988570105,M,52.2,14.7
10340,10/2015,811,876697.059005222,7648.2292871618165,M,,18.6
10341,10/2015,137,735951.242524662,8724.76601166266,M,58.3,17.6
10342,10/2015,600,226767.74954274806,9143.275125618771,M,38.4,17.2
10343,10/2015,673,2536357.034973523,11477.401421990517,M,49.1,5.2
10344,10/2015,575,4729046.659228754,9051.535933304014,M,32.9,10.9
10345,10/2015,469,2795141.89272389,9877.857857075383,M,64.1,10.3
10346,10/2015,698,1790515.9653463284,13378.566846011689,M,62.6,5.0
10347,10/2015,245,593193.0314959335,7518.653689412308,M,60.9,13.2
10348,10/2015,363,358619.1250571988,10781.182510709734,M,45.2,1.3
10349,10/2015,911,1232567.5015219366,8417.557640151512,M,53.9,13.9
10350,10/2015,343,579281.5359781091,9168.176986466913,M,63.1,16.4
10351,10/2015,886,833279.3044086191,11045.877406225127,M,59.7,10.7
10352,10/2015,262,3252722.139415481,14250.248199073147,M,64.6,14.7
10353,10/2015,222,888692.3803870337,7308.120199731749,M,39.2,11.6
10354,10/2015,731,468028.5039450473,9195.41520188698,,35.2,7.5
10355,10/2015,31,371985.40934181947,12827.871786741654,,36.7,16.8
10356,10/2015,32,1590982.3285860387,14999.043744760014,M,55.5,2.4
10357,10/2015,545,598533.911844931,8303.20346316699,M,42.4,3.8
10358,10/2015,553,256204.6010127742,12520.793759433811,M,35.3,1.8
10359,10/2015,284,376389.9002253817,8219.961898974712,M,40.5,14.4
10360,10/2015,94,141526.9568878477,8274.292161464931,M,,9.2
10361,10/2015,472,154155.84955524327,7636.025165938847,,40.5,8.5
10362,10/2015,748,295839.5493610791,7786.128496804492,F,40.7,14.3
10363,10/2015,3,212898.1879872768,7393.904539365119,M,49.3,4.7
10364,10/2015,676,2469220.809107075,9729.273290780262,M,43.8,17.0
10365,10/2015,233,366072.1086143149,9979.419808217122,M,38.2,12.8
10366,10/2015,919,111283.2738233359,8278.882256571722,M,34.6,11.6
10367,10/2015,54,509991.23649218865,6744.751897989517,M,57.6,1.3
10368,10/2015,95,148738.00795698995,7432.235022456762,M,55.1,14.3
10369,10/2015,818,17085900.452079628,14693.521943678792,M,,4.6
10370,10/2015,349,1392806.0421783,8901.41829324886,M,63.1,16.7
10371,10/2015,224,2101214.8292828565,8413.75102774299,M,42.2,9.8
10372,10/2015,526,2769855.412465942,7996.4584889054995,M,62.7,18.8
10373,10/2015,613,1361001.1530099737,11573.2927744579,M,50.9,2.5
10374,10/2015,845,125090.58504517717,6939.112587697573,M,,5.5
10375,10/2015,894,3171809.830241144,6975.956815946334,M,47.3,18.1
10376,10/2015,419,507284.72052537755,11230.61314029902,M,,18.2
10377,10/2015,707,3524302.862424915,10576.499023130114,M,56.4,12.6
10378,10/2015,426,4302256.850265913,8223.465783900514,M,43.0,7.2
10379,10/2015,427,2397164.1408319664,8947.302721496573,M,48.1,3.4
10380,10/2015,978,3553666.1044309633,9624.050369997898,M,40.8,8.0
10381,10/2015,610,1975216.3790528805,9048.270562910904,M,64.5,8.9
10382,10/2015,76,682850.7377014675,8774.457199473822,,46.8,11.5
10383,10/2015,629,236806.461389571,8264.157242857902,M,46.4,15.7
10384,10/2015,326,360598.04730500013,8865.951137985705,M,32.6,1.6
10385,10/2015,875,471403.34463454114,8378.614072750168,,42.4,16.3
10386,10/2015,409,1694252.682906398,9787.581446455577,M,45.0,14.6
10387,10/2015,940,749041.16068794,10787.315124487472,M,53.9,9.6
10388,10/2015,642,667722.2120356488,9017.489670505345,M,43.3,8.4
10389,10/2015,14,486375.07901879854,10701.795660130583,M,56.5,1.7
10390,10/2015,129,1334947.4764777396,8096.8899592533735,M,35.6,11.3
10391,10/2015,474,336046.3094091974,11828.833103847805,M,56.2,13.1
10392,10/2015,312,1183772.4924141986,11609.754540809115,M,61.2,13.4
10393,10/2015,708,341559.6662628055,7672.371566751903,M,40.4,1.6
10394,10/2015,30,2313719.126679793,8674.602456326049,M,46.1,9.2
10395,10/2015,161,319117.4493880172,14339.011349567143,M,51.3,2.9
10396,10/2015,839,224698.80458849447,7912.4562980415185,M,36.7,1.6
10397,10/2015,400,305060.7372707482,10094.23363975139,,58.4,10.9
10398,10/2015,375,184640.79937546654,7618.5459632281545,M,43.3,18.2
10399,10/2015,298,760444.7571836876,10743.503867949665,M,39.2,11.8
10400,10/2015,29,613327.2179410063,8750.36854285878,M,46.5,10.7
10401,10/2015,679,382434.3056552943,7203.526280462284,M,32.7,10.4
10402,10/2015,422,418164.4723567705,7819.934309970274,M,50.1,11.6
10403,10/2015,50,266350.154569461,7541.357971718097,M,53.7,9.0
10404,10/2015,804,76517.87378000066,6419.6888297530095,M,32.4,13.2
10405,10/2015,627,3087507.8305108263,8729.69002008867,M,41.2,15.2
10406,10/2015,874,521904.3686939026,10076.97566175008,M,38.0,2.2
10407,10/2015,165,463011.8100097619,8630.824215418843,F,50.4,17.6
10408,10/2015,905,2135595.590696452,8348.154074724933,M,32.6,15.8
10409,10/2015,37,5241186.097484789,10512.557072777949,M,43.8,12.4
10410,10/2015,501,188292.20939878223,7515.266198293821,M,47.7,9.3
10411,10/2015,529,1329141.2001931372,10178.87566737436,M,47.5,6.1
10412,10/2015,774,4098419.360253873,9403.067008916556,M,62.2,17.0
10413,10/2015,772,382882.27330014866,9038.643302719704,M,47.7,8.2
10414,10/2015,773,4844145.240731254,8795.721694077723,M,,14.6
10415,10/2015,388,192271.26071375303,8169.9524383010585,M,,1.6
10416,10/2015,194,174132.9312312196,8751.8932270535,M,65.8,18.7
10417,10/2015,778,3650518.421179648,9612.347872335526,M,62.7,4.5
10418,10/2015,830,6347396.76310899,10226.001884398813,M,49.8,5.2
10419,10/2015,655,239067.35906537197,8694.531962796,M,51.5,7.7
10420,10/2015,461,3519919.2760156575,9572.251241885817,M,64.8,2.5
10421,10/2015,927,195772.1085943178,11191.313945108766,M,53.3,9.6
10422,10/2015,90,446406.86704134126,12549.318298578599,M,60.6,11.5
10423,10/2015,348,119297.89226896774,7405.714018714627,M,60.8,1.0
10424,10/2015,313,1133335.2228351622,10151.045309253026,M,53.1,14.1
10425,10/2015,590,3896914.723306196,9325.928401226221,M,40.8,4.2
10426,10/2015,179,4559381.904094155,13570.704975424496,,52.8,15.2
10427,10/2015,496,2471543.826321667,9177.9498928427,M,58.0,17.3
10428,10/2015,517,5214036.98947397,9136.526744907298,M,46.1,16.4
10429,10/2015,744,2986947.3445535507,8136.839288604696,M,48.2,14.3
10430,10/2015,682,342463.25816644996,10192.092308848496,M,46.5,10.8
10431,10/2015,809,2660018.8294723528,11624.934030395289,M,40.3,17.8
10432,10/2015,658,1736615.4577046314,12391.27858567843,M,46.5,11.6
10433,10/2015,158,345315.5709416976,7861.019736113182,M,,3.0
10434,10/2015,357,501121.87672035757,9166.183337157358,M,42.8,9.0
10435,10/2015,221,668104.4088269817,11597.72291388189,M,64.0,3.7
10436,10/2015,633,331323.6134659926,7950.94942482743,F,46.4,2.6
10437,10/2015,721,507226.3908292004,7559.500846567257,M,36.7,14.4
10438,10/2015,783,514029.68810255406,7051.263232870431,M,43.3,9.7
10439,10/2015,304,508602.002248865,8272.694519253588,M,60.5,17.7
10440,10/2015,789,83467.13741767542,8011.138586393835,F,39.7,8.0
10441,10/2015,486,379729.8492114965,8293.618388684064,M,56.4,5.1
10442,10/2015,580,580654.0067864711,9314.011542273984,M,63.8,10.4
10443,10/2015,6,4504539.355555659,9693.193831142311,M,35.5,15.1
10444,10/2015,934,4930693.610455199,11882.396536634375,M,32.4,13.9
10445,10/2015,645,4252687.155680623,8323.270695739971,M,52.4,2.3
10446,10/2015,206,529901.4133695802,10232.424628664889,M,64.2,5.3
10447,10/2015,401,3390846.348769053,10352.820788038056,M,,13.2
10448,10/2015,826,2465690.9173338804,7592.76164655842,M,33.7,5.3
10449,10/2015,83,242104.0458723522,7317.310812943544,M,65.4,8.2
10450,10/2015,183,3090756.8313532006,8970.972376343716,M,41.2,14.6
10451,10/2015,42,3215534.1571045676,8686.418969028447,M,56.3,13.9
10452,10/2015,722,559167.9257932137,9862.829350888114,M,45.4,18.3
10453,10/2015,503,840483.4964949549,9224.229420656695,M,,18.0
10454,10/2015,620,333583.89743681945,8086.681034266669,M,57.3,1.6
10455,10/2015,755,84183.91821402877,7764.0112982972805,M,53.1,14.7
10456,10/2015,873,412674.29513299675,7719.843250992245,M,33.1,16.5
10457,10/2015,781,102802.4469480456,9464.159716561178,M,33.4,14.1
10458,10/2015,40,3180781.2151335315,8525.31465616547,M,36.4,9.0
10459,10/2015,240,730750.5185726074,8702.216991425925,M,,5.8
10460,10/2015,436,296637.52188974817,6810.976741439701,,37.8,12.0
10461,10/2015,320,2405489.8861594773,9324.7400744406,M,43.1,14.4
10462,10/2015,723,390127.22648746293,10825.39635389617,,,3.7
10463,10/2015,947,315793.32738186565,9912.470031518824,M,41.6,14.9
10464,10/2015,168,1037403.1454049632,7697.4418627414725,M,60.0,11.2
10465,10/2015,259,630188.3368646572,8821.176913919351,M,60.8,2.7
10466,10/2015,913,711067.3967915761,11287.775557559893,M,53.6,9.3
10467,10/2015,985,614469.2111719892,8521.564548180602,M,51.8,15.1
10468,10/2015,539,7388030.067933783,8818.402281087407,M,41.5,10.6
10469,10/2015,975,251269.4843737765,9430.321553381395,M,46.1,9.3
10470,10/2015,771,1202901.339663356,10590.70750377556,M,59.1,12.7
10471,10/2015,566,3772665.428549689,8123.241391786731,M,,11.7
10472,10/2015,325,1882368.898513705,7991.947263029313,M,59.5,7.6
10473,10/2015,813,437857.9973769643,8360.952824389682,M,56.3,16.7
10474,10/2015,253,337833.1265708468,8644.148866526999,F,52.5,18.0
10475,10/2015,817,3460450.3953393535,8336.1165244954,M,35.7,7.4
10476,10/2015,958,104090.1208250292,7789.313827678333,M,42.6,2.3
10477,10/2015,564,3158526.368051018,12214.497349472234,M,36.5,18.6
10478,10/2015,448,638147.5476122613,9340.564891285938,M,51.5,15.3
10479,10/2015,322,302588.2004168016,10381.738520737314,M,45.2,13.4
10480,10/2015,909,440153.0821670382,9718.48721937217,F,45.0,18.5
10481,10/2015,208,4154280.578532811,9082.344129028825,M,57.5,3.7
10482,10/2015,306,319048.670098866,9111.010268104166,M,57.0,16.2
10483,10/2015,471,602392.1999321922,10315.228911964767,M,64.4,4.4
10484,10/2015,833,638500.5394768476,10574.438853646765,M,45.8,14.0
10485,10/2015,518,424457.8199243967,8530.275248246853,M,55.0,16.6
10486,10/2015,607,379491.66121258837,7598.660071213254,M,34.1,13.1
10487,10/2015,743,470824.8722508475,8521.007351212342,M,55.6,1.1
10488,10/2015,431,480025.2448864652,8764.08064969342,M,42.5,3.0
10489,10/2015,554,2359663.84026692,10155.445852933268,M,40.1,9.5
10490,10/2015,866,2019172.804664774,8871.84730564304,M,35.4,6.1
10491,10/2015,740,352131.3128926733,8952.149517718151,M,54.5,9.9
10492,10/2015,534,694243.0930767376,9032.516034810506,M,63.4,16.5
10493,10/2015,681,253413.72307947668,6597.298948146077,M,56.8,4.5
10494,10/2015,694,581892.8959655996,8402.872463198773,M,56.6,8.8
10495,10/2015,557,786668.0550932859,8523.086637069822,M,61.4,16.5
10496,10/2015,204,1805367.0941984793,9894.689378233144,M,54.7,9.8
10497,10/2015,275,181617.02098779182,9232.978783071745,,34.7,14.8
10498,10/2015,525,204396.86462887417,9438.28572673401,M,39.2,9.1
10499,10/2015,33,383337.2019826141,8516.149531302024,M,55.8,15.2
10500,10/2015,18,2481032.512563321,7531.952710951244,M,36.9,16.0
10501,10/2015,835,115717.19475820709,8277.69650572021,M,,12.8
10502,10/2015,649,281255.4769003332,7058.416470470273,F,41.6,6.4
10503,10/2015,406,460777.13277865865,8998.959854567152,,36.0,1.4
10504,10/2015,640,456374.3185605219,7511.712408611636,,64.7,9.2
10505,10/2015,79,13211902.357361987,11901.751584809148,M,41.3,4.9
10506,10/2015,942,929721.4602900904,7289.6181420753355,M,50.2,14.9
10507,10/2015,895,757496.502806997,10501.281646644173,M,33.5,17.3
10508,10/2015,766,409269.10959224764,10666.12357094951,M,62.4,7.1
10509,10/2015,51,680849.013925497,6613.19951466569,,39.9,6.9
10510,10/2015,702,539059.4257205355,8699.550161431654,M,57.5,12.7
10511,10/2015,332,431685.8307757534,10595.100560333462,F,55.0,18.7
10512,10/2015,314,930219.6697398644,9560.311700624468,M,49.4,4.0
10513,10/2015,118,551512.3272685421,9837.080280495093,M,39.8,9.3
10514,10/2015,445,1009007.0917289802,13702.490773474743,M,59.4,18.6
10515,10/2015,906,808226.052271115,8755.21857282815,M,57.2,5.3
10516,10/2015,555,4925938.73113349,11258.3425507661,M,62.5,3.5
10517,10/2015,105,104543.29002284605,10795.48394662898,M,48.3,2.2
10518,10/2015,879,772694.5904140059,9200.595530519815,,64.1,3.3
10519,10/2015,175,124275.27076374489,8351.52405798257,M,38.2,7.2
10520,10/2015,367,509483.194203647,6213.678303934254,M,58.5,5.2
10521,10/2015,810,834311.9252947016,10056.721495083468,M,44.5,2.3
10522,10/2015,892,3841832.456676414,9312.120950985927,M,65.4,15.5
10523,10/2015,964,699161.0227269611,9377.424138746192,M,50.2,6.4
10524,10/2015,946,171756.12471184888,9440.418636534745,M,52.1,6.6
10525,10/2015,547,2007923.8719000146,7689.705895389272,M,,7.5
10526,10/2015,999,3638568.627144491,9366.705832982761,M,45.1,14.1
10527,10/2015,953,815915.5635632429,8689.030686344593,M,47.7,14.8
10528,10/2015,202,368577.4435068865,9672.222225995853,M,57.6,4.0
10529,10/2015,345,583361.3969479959,9101.100940773364,M,40.8,12.9
10530,10/2015,718,3959418.247434842,9989.385211489158,M,65.1,1.7
10531,10/2015,276,4251544.439932122,14996.457473883538,M,45.1,18.5
10532,10/2015,768,425901.48341461964,9252.54047052141,M,63.5,6.3
10533,10/2015,411,2844181.9926427137,8070.004022545801,M,58.7,2.5
10534,10/2015,192,506829.0270023637,11546.438341931227,M,45.7,5.7
10535,10/2015,115,618308.0777271718,8580.160481904302,M,36.3,17.6
10536,10/2015,162,275980.93364522525,8156.266742675209,M,35.5,12.1
10537,10/2015,636,769905.1813858754,13795.097029293573,F,63.9,7.2
10538,10/2015,870,796784.644002088,7747.795208791693,M,42.5,2.6
10539,10/2015,468,353661.59958830493,10742.040954650578,M,52.3,3.3
10540,10/2015,490,572175.3411175961,7938.854523932181,M,62.1,12.7
10541,10/2015,558,4668433.093778404,12216.769104076933,M,35.8,9.1
10542,10/2015,662,1628905.4362799216,10367.408554758596,M,51.0,6.8
10543,10/2015,834,507639.0447470807,8775.61251074825,M,39.8,1.8
10544,10/2015,907,3493323.850544137,11018.729162083218,F,61.1,3.8
10545,10/2015,15,1170221.13362723,5952.467244823685,M,35.0,4.2
10546,10/2015,588,9684052.481932808,11748.310415881822,F,47.5,14.8
10547,10/2015,859,309415.8240588025,9867.044287766623,M,44.3,4.2
10548,10/2015,109,3060526.05173514,9568.945119966285,M,45.2,7.3
10549,10/2015,369,439966.5817539288,7912.99581882849,M,36.2,8.9
10550,10/2015,188,477274.5992169829,8795.092506078994,M,33.0,18.5
10551,10/2015,166,637843.3960778624,9081.7925019597,M,,1.3
10552,10/2015,180,67104.9427614271,8043.684453666413,M,48.2,10.8
10553,10/2015,986,739537.8703282177,14194.958710819526,M,34.5,8.6
10554,10/2015,438,859550.6889255166,8718.698179576115,M,37.4,7.0
10555,10/2015,120,803762.4080838367,10312.876606847782,F,49.6,7.2
10556,10/2015,414,681697.1509601315,10005.46447736798,M,38.1,7.7
10557,10/2015,389,1898397.9663288451,9739.921729865675,M,58.5,1.7
10558,10/2015,91,2201929.2626680345,9027.710288006405,M,33.5,2.7
10559,10/2015,565,1585095.8226324245,9088.029807121402,M,44.3,17.2
10560,10/2015,16,2942330.301606856,11968.918811085941,M,47.8,8.0
10561,10/2015,443,2958267.716114985,8920.163127423284,M,36.6,1.5
10562,10/2015,507,482401.3290224316,9449.605093517715,M,62.1,9.5
10563,10/2015,404,389717.08684902475,8832.1834829479,M,55.1,14.7
10564,10/2015,280,185437.33036938982,8357.654498123562,,60.1,2.4
10565,10/2015,654,568319.4292505401,8090.932341054359,M,55.4,9.7
10566,10/2015,376,3008663.1821531355,10017.28928363425,M,37.8,6.4
10567,10/2015,169,1382615.5072288208,10751.663140904664,M,60.7,18.0
10568,10/2015,931,8096206.796933376,15571.38926966772,M,62.2,15.4
10569,10/2015,664,159650.62566357624,7554.511561313518,M,45.6,17.9
10570,10/2015,272,3305874.243612893,11450.89602518041,M,41.3,10.3
10571,10/2015,667,844143.059554117,8050.2884448194345,,53.4,1.7
10572,10/2015,209,6936365.62083829,16142.641584613122,M,47.4,11.3
10573,10/2015,687,210264.50939875873,8456.07236792905,M,43.9,9.8
10574,10/2015,893,68076.72892885325,7291.262370934731,M,38.7,2.4
10575,10/2015,184,959091.6803228558,9772.624876241598,M,46.3,14.7
10576,10/2015,711,99854.79307388185,8295.779260806727,M,51.6,17.6
10577,10/2015,543,412039.9076902813,10201.882962468135,M,59.2,12.0
10578,10/2015,864,1248958.060005257,10365.10025166333,M,35.7,8.6
10579,10/2015,995,1633907.7274201915,7534.733985961837,M,,3.7
10580,10/2015,563,603847.2319206964,13113.724171594997,M,44.1,7.1
10581,10/2015,58,448194.60562887473,8541.904887336601,M,61.0,6.9
10582,10/2015,46,785632.2272883861,8938.571265556451,M,35.1,13.7
10583,10/2015,226,462388.19606894284,8321.83598240648,M,57.1,8.2
10584,10/2015,286,5031358.06656053,8384.378576529674,M,64.2,16.9
10585,10/2015,475,1155110.9177507674,8075.426650260869,M,37.6,9.6
10586,10/2015,578,696863.2867993794,9128.982090462197,M,55.7,8.8
10587,10/2015,695,3897174.161199428,10913.787892080125,M,40.3,15.1
10588,10/2015,417,590868.8681958576,8962.11625296149,M,44.2,3.6
10589,10/2015,421,272628.7842689431,7820.772132170314,M,51.3,11.2
10590,10/2015,397,937273.2287754834,11124.147375482804,M,,12.9
10591,10/2015,273,4438118.778519734,8324.282403339272,M,43.7,13.2
10592,10/2015,281,619316.8074340014,7772.9632933245075,M,58.1,16.5
10593,10/2015,945,1316253.5270849492,7737.598678229367,M,40.5,7.3
10594,10/2015,862,891537.573515716,14141.733295034788,F,53.6,4.1
10595,10/2015,232,531548.0122120201,7482.478032459145,M,44.7,13.6
10596,10/2015,550,3590847.683234725,9946.486606197885,,46.4,7.5
10597,10/2015,917,354818.9065771689,7665.4429802271,M,32.3,17.7
10598,10/2015,56,337146.21479406947,10588.027278765523,M,38.6,14.0
10599,10/2015,377,176913.10177897787,10544.997910679453,F,57.8,4.0
10600,10/2015,143,897694.5610943934,10637.722444476083,M,,7.3
10601,10/2015,782,288403.05616295687,6051.448735399189,M,57.1,15.8
10602,10/2015,17,132138.3832539199,8729.166109664971,M,,18.5
10603,10/2015,800,156420.48351885137,9094.57070694597,M,55.4,15.0
10604,10/2015,418,3137892.1547125676,9907.623496096596,M,50.6,9.8
10605,10/2015,282,385842.1507220966,7438.621003211923,M,59.1,15.3
10606,10/2015,495,605197.0239298035,8556.828611073388,M,52.5,5.5
10607,10/2015,492,1263272.37173495,8905.028083228288,M,47.2,11.8
10608,10/2015,968,217964.1342397344,11444.249153323766,,59.5,2.6
10609,10/2015,802,168284.8987176059,10463.909908648917,M,37.0,11.4
10610,10/2015,215,296759.36290970043,9822.560594442084,M,52.5,7.2
10611,10/2015,959,2926073.5928875157,13686.437767221967,M,63.1,13.2
10612,10/2015,954,282217.8125210977,10294.956111128859,M,42.1,5.8
10613,10/2015,482,441427.50773485244,9747.96687871694,M,65.9,13.1
10614,10/2015,102,129708.7303217856,8404.667343995741,M,55.2,11.6
10615,10/2015,776,1733716.597382408,8029.475336623552,M,,15.6
10616,10/2015,528,1829372.5317073404,9046.698525835449,M,32.7,15.5
10617,10/2015,292,3228661.8290328705,8692.693672478697,M,32.6,13.2
10618,10/2015,971,148510.43959567815,9246.363878123628,M,63.5,15.5
10619,10/2015,152,5649928.820549896,9436.079586693131,M,35.5,3.3
10620,10/2015,750,3081753.8228509426,11062.235819443087,M,57.0,16.5
10621,10/2015,199,821378.7313774902,7773.142837941231,M,49.2,13.1
10622,10/2015,154,1014278.5989003412,8671.522846118287,M,,6.9
10623,10/2015,675,460694.3715223162,10041.17903281369,M,56.2,10.5
10624,10/2015,288,375921.0172947454,9625.957623535598,,47.6,18.3
10625,10/2015,523,488097.0776639808,8222.747526340981,M,32.1,1.2
10626,10/2015,688,411413.44438051793,14270.483431231316,M,41.3,4.0
10627,10/2015,360,4496595.952710007,9307.455026063066,M,49.5,12.0
10628,10/2015,960,158933.06876517172,11334.124602100785,M,55.1,9.8
10629,10/2015,368,452897.2797310788,8670.230949848386,M,53.7,14.7
10630,10/2015,456,870564.2209587164,9053.187111605468,M,55.8,5.9
10631,10/2015,512,233139.45296742304,11646.95398486437,,50.1,15.9
10632,10/2015,650,1840230.662045502,7242.570378452493,M,43.0,12.5
10633,10/2015,380,1083604.9990858196,9429.30313619087,M,61.4,1.5
10634,10/2015,139,424912.8908407574,9515.892019793348,M,56.4,8.7
10635,10/2015,994,594390.6227021117,8733.369069250955,M,42.5,2.6
10636,10/2015,689,325416.874750481,6787.649134024139,M,63.1,2.4
10637,10/2015,243,1020817.3487421129,9752.30575150245,M,38.2,16.7
10638,10/2015,148,4727132.657155851,7734.679094084842,M,64.4,9.8
10639,10/2015,252,3445915.0036340337,9676.2729495674,M,40.6,14.0
10640,10/2015,265,553676.9828500485,8049.920929923782,M,39.6,3.8
10641,10/2015,362,860243.0496922219,8576.908328989362,M,39.0,3.7
10642,10/2015,336,302729.45432126743,8369.106481006585,M,53.4,15.5
10643,10/2015,928,655134.6927585163,9851.92828368975,M,63.0,14.1
10644,10/2015,515,1034160.427274988,9471.339233357327,M,56.7,9.7
10645,10/2015,483,253582.69200281892,7842.369290356089,M,47.0,12.5
10646,10/2015,395,857925.1603947164,8864.958112219098,M,59.5,16.9
10647,10/2015,758,215670.42204889382,8650.569690671124,M,45.8,3.4
10648,10/2015,361,454310.86530352436,8629.9785428512,,51.1,15.4
10649,10/2015,657,119635.0871085319,6987.477004164287,M,53.9,10.4
10650,10/2015,761,1101486.045506523,7927.2497566394995,M,33.4,8.7
10651,10/2015,881,553003.8731539159,7349.870730383208,M,53.5,2.0
10652,10/2015,197,311404.51082391024,8679.835387786772,M,44.6,12.9
10653,10/2015,290,454883.64554326504,8849.16499904959,M,37.7,4.3
10654,10/2015,742,1465666.7274554658,13070.65684312211,M,47.7,1.4
10655,10/2015,848,422882.73176949663,10243.413442881947,M,58.3,10.1
10656,10/2015,820,3516125.499652643,11218.30755963639,M,32.4,14.0
10657,10/2015,122,5743820.780521986,8966.335612200543,M,42.0,5.7
10658,10/2015,340,4110288.0931863124,10156.42762711783,,43.5,6.5
10659,10/2015,714,465533.3913429391,9100.112501620337,M,39.5,9.7
10660,10/2015,699,843842.9309592509,13014.601768350403,M,38.8,17.8
10661,10/2015,825,218356.63017739865,10210.868289019078,M,39.7,5.7
10662,10/2015,717,5821316.586017178,9804.059452803704,M,51.8,18.7
10663,10/2015,318,494580.4199392767,7645.034715084297,M,60.5,9.5
10664,10/2015,104,329385.4857445578,10852.894757473641,,57.0,5.7
10665,10/2015,816,513720.6183483288,8265.581836578382,M,32.0,1.0
10666,10/2015,296,1580790.3527677492,7918.075391571505,M,42.2,11.1
10667,10/2015,696,598296.851281389,8520.622638797553,M,41.1,14.7
10668,10/2015,27,543425.1075605171,7612.4048870570805,M,54.4,12.8
10669,10/2015,22,2184146.4515621862,9978.914998702397,M,50.2,13.8
10670,10/2015,785,10207333.184263166,13022.046656003977,M,,14.7
10671,10/2015,256,7999010.102191793,13237.34940019016,M,,8.8
10672,10/2015,75,501608.44361615565,12384.335245890154,M,47.3,6.5
10673,10/2015,5,404018.8228437107,7433.555156800664,M,39.8,4.7
10674,10/2015,217,278765.1243661658,7267.88013533395,M,64.4,14.8
10675,10/2015,869,641485.1083419516,7342.673121658295,M,38.4,13.3
10676,10/2015,385,3336217.1967562125,9036.875512530269,M,44.9,9.4
10677,10/2015,941,329229.30891153496,8228.397795736,M,35.0,2.8
10678,10/2015,712,438339.9838272184,8749.61821988134,F,,13.8
10679,10/2015,939,258445.89200024266,11081.568325787082,M,49.5,2.4
10680,10/2015,710,654467.4934202636,10548.472493678755,M,57.4,7.4
10681,10/2015,34,246123.35159096867,8358.188018337594,M,,18.6
10682,10/2015,559,586559.6988502285,8441.387410271249,F,62.8,4.7
10683,10/2015,463,2720868.7115278183,9184.687552534706,M,48.9,10.3
10684,10/2015,605,443523.9191532487,7481.173910328831,F,63.6,5.9
10685,10/2015,424,659153.1934891979,8555.804434610962,M,49.8,3.8
10686,10/2015,851,6399940.267440072,11574.254845632458,M,43.5,2.4
10687,10/2015,444,3623020.6852862984,7938.921550991949,M,45.4,4.1
10688,10/2015,790,3832761.1471121325,8473.077301168041,M,37.6,5.0
10689,10/2015,106,577685.925539063,9385.996360373836,M,42.4,1.2
10690,10/2015,455,519235.359235861,9405.746928956543,M,,3.9
10691,10/2015,223,397442.4642635439,9189.407158115495,,53.2,5.2
10692,10/2015,242,549251.6722043003,7254.536866948896,F,46.1,14.5
10693,10/2015,77,2387278.872862868,8860.233480026263,M,63.4,8.9
10694,10/2015,961,990717.983876274,7675.549411995301,M,62.4,6.9
10695,10/2015,416,355233.1193984223,7179.160074628693,M,50.8,16.2
10696,10/2015,506,6894801.056949857,8983.493150528402,M,38.7,5.6
10697,10/2015,287,292624.92050078424,7827.942488878081,M,40.1,15.2
10698,10/2015,52,479235.29558725026,9842.305645110455,M,55.3,5.2
10699,10/2015,132,790570.802539638,7794.48088768738,M,60.6,17.3
10700,10/2015,319,3990828.054640939,11119.049228044163,M,42.7,9.7
10701,10/2015,871,286415.844373485,11792.909212581006,M,,7.2
10702,10/2015,213,425247.8407740666,10110.006018646365,M,40.4,15.2
10703,10/2015,846,419193.9798871331,7417.21338120367,M,33.1,17.2
10704,10/2015,351,407501.4630756878,13103.111437259711,M,53.7,7.8
10705,10/2015,324,618446.8458949242,8785.055047906373,M,54.6,9.8
10706,10/2015,173,2972915.2379742125,9328.98659596945,M,46.9,9.3
10707,10/2015,88,2538591.3607201274,9939.245169083242,M,43.9,18.0
10708,10/2015,347,300681.593907715,8596.553610790052,M,,15.2
10709,10/2015,513,348158.13101646607,8567.950784213373,M,42.2,14.3
10710,10/2015,487,3364898.3488408937,7412.06510085973,M,32.3,14.8
10711,10/2015,295,817252.6532315977,9351.00445658094,M,46.5,8.4
10712,10/2015,430,3946479.956737339,7298.9430228806295,M,,11.6
10713,10/2015,437,2799404.438170645,9868.654482419817,M,35.0,9.8
10714,10/2015,644,1476413.988980837,11902.719982050949,M,60.0,5.4
10715,10/2015,803,705176.871737745,9818.935926016396,M,39.6,13.8
10716,10/2015,2,241229.75296025915,9060.103428292019,M,65.5,1.0
10717,10/2015,932,2551015.9567744914,7465.073466942569,,37.4,12.0
10718,10/2015,843,6240400.408315579,13145.541899819938,F,40.4,15.0
10719,10/2015,138,4376723.98851572,11899.456929324182,M,34.5,5.5
10720,10/2015,356,395129.1466352157,6245.977981645425,M,51.3,12.6
10721,10/2015,466,1180129.9428163995,7766.762876035141,M,51.7,13.4
10722,10/2015,729,4192217.7093768073,11739.462307994121,M,59.3,9.7
10723,10/2015,535,339167.6126587102,8161.206097050774,M,62.7,2.9
10724,10/2015,715,387814.65995912167,9173.7565304015,M,51.8,5.3
10725,10/2015,70,2038240.1827474858,8521.09968278225,F,59.0,4.7
10726,10/2015,485,164795.95151241304,8768.106276219383,M,56.3,15.4
10727,10/2015,128,604174.6250423221,9755.535839965372,M,52.0,5.9
10728,10/2015,587,117263.94442905695,8132.396131330402,M,51.7,9.9
10729,10/2015,142,387825.4106027124,8711.505284208353,,37.3,14.2
10730,10/2015,938,146397.90676117895,9038.743701818841,M,64.5,16.4
10731,10/2015,725,519193.58210500353,10476.965637117724,M,39.8,3.3
10732,10/2015,801,639366.8744686322,8797.049560271025,M,42.7,11.4
10733,10/2015,653,640044.9994734413,7740.100923709626,M,57.7,13.8
10734,10/2015,921,597156.7096951114,10206.716229826334,M,55.5,17.4
10735,10/2015,98,221873.48464207063,10072.348847085843,M,39.4,10.5
10736,10/2015,608,354984.05178755755,9119.812607159814,M,63.9,13.4
10737,10/2015,576,496075.3471838647,10671.534547428897,M,64.1,4.1
10738,10/2015,936,4758102.620398498,9034.638859853305,M,55.8,11.4
10739,10/2015,301,3004589.4434031467,7512.870128240582,,33.7,2.0
10740,10/2015,266,646299.9027106168,7638.7749620767345,M,36.1,1.4
10741,10/2015,499,521078.103969465,10749.328057780562,M,32.6,1.0
10742,10/2015,133,138296.31734835805,11396.376645019098,M,43.3,13.8
10743,10/2015,989,2749000.406168477,9091.63324367158,M,,6.4
10744,10/2015,619,632163.1825798415,6360.751761782205,M,55.2,4.2
10745,10/2015,136,882307.3581954282,9255.842521495671,M,58.5,1.0
10746,10/2015,277,4244779.176884734,9831.135435978447,M,33.1,12.5
10747,10/2015,267,696543.9656128171,8814.03708914365,M,52.8,4.8
10748,10/2015,749,3378147.7374897604,12543.773714040295,M,40.0,12.2
10749,10/2015,254,492057.62839945196,14476.304750133626,M,57.0,18.2
10750,10/2015,630,2008131.3193961005,9127.605240393963,M,45.0,17.3
10751,10/2015,339,709143.2082147812,16089.748626936964,M,41.1,18.1
10752,10/2015,203,503362.3989940736,9466.20494097144,M,59.0,16.3
10753,10/2015,107,2136271.7435277966,8420.540966256867,M,49.9,10.0
10754,10/2015,24,2200881.9939178796,9125.524918279483,M,33.6,12.8
10755,10/2015,668,532949.4939719607,11060.763808824131,M,,14.9
10756,10/2015,837,854441.2817058555,10033.262069211818,M,36.8,12.8
10757,10/2015,392,410767.2485552492,8137.852022653543,,33.3,4.8
10758,10/2015,330,139659.0025941786,7142.300595365098,M,,2.2
10759,10/2015,151,434134.02834985225,9242.89251326275,M,48.4,18.7
10760,10/2015,856,637232.03416507,8091.899217266506,M,53.8,16.7
10761,10/2015,976,159704.11063085,9598.997719693798,M,57.8,1.9
10762,10/2015,831,360966.51906502974,9548.644893970204,M,54.2,8.5
10763,10/2015,991,987058.0288185421,10082.944801115264,M,35.2,11.1
10764,10/2015,201,267031.42863607337,9852.032683246847,M,57.3,6.1
10765,10/2015,788,793645.4685586935,9637.910788346433,M,32.6,18.3
10766,10/2015,1,583572.6048986191,10264.23893153441,F,43.8,1.4
10767,10/2015,103,516893.5126981843,7272.919401192632,M,64.3,11.8
10768,10/2015,53,725159.8034402331,8286.054524660827,M,56.0,7.9
10769,10/2015,241,447026.5287958705,9971.262804123597,M,36.5,11.2
10770,10/2015,346,191405.8479329538,8587.237211690493,M,49.3,16.0
10771,10/2015,450,248149.62936421094,7509.513303827685,M,57.8,13.3
10772,10/2015,628,402739.5047337754,6858.563125986337,M,61.0,15.2
10773,10/2015,700,1174666.42800184,8332.04242848657,M,51.2,10.6
10774,10/2015,4,194509.6558398555,11866.565116325211,M,59.6,11.7
10775,10/2015,334,1106355.3313789775,9273.399725812782,M,56.3,7.2
10776,10/2015,641,2216448.1483243094,11514.79435527965,M,33.8,11.0
10777,10/2015,794,388851.80224893335,9378.786358627436,M,34.9,12.3
10778,10/2015,390,246795.1841745418,8705.731400107588,M,54.7,12.7
10779,10/2015,141,762683.9792544015,9011.762061929676,M,44.7,8.8
10780,10/2015,980,1416502.0773805957,7510.45338733016,M,36.0,2.1
10781,10/2015,734,867791.3379584003,8467.746383093885,M,47.7,11.6
10782,10/2015,342,1011969.7885151701,11031.222947649549,M,43.7,4.9
10783,10/2015,370,441066.56267807214,8420.420309762783,M,46.2,1.9
10784,10/2015,480,317615.1645948843,7404.656879715868,M,38.6,11.5
10785,10/2015,902,7014664.371649088,11921.448835422612,M,63.6,5.8
10786,10/2015,477,849143.6969602843,8506.476089135404,M,46.4,8.8
10787,10/2015,193,2321434.580980548,8691.95823542166,M,52.8,16.4
10788,10/2015,476,1013872.231423327,8685.146878493164,M,,18.3
10789,10/2015,537,215104.21373636424,9561.286961200974,M,37.2,2.5
10790,10/2015,591,576159.618490373,10580.51267467535,M,56.1,9.5
10791,10/2015,189,714717.8321589896,9819.925243616719,M,41.9,5.9
10792,10/2015,596,209693.7911707917,8395.953300254529,M,56.2,13.7
10793,10/2015,235,972404.3848048759,9841.598605391657,M,37.4,9.0
10794,10/2015,520,369329.48269887647,9206.53032752742,M,54.7,8.8
10795,10/2015,677,852073.6836604573,9228.252805643544,M,58.8,14.4
10796,10/2015,704,1354440.9153334787,8433.641817602052,F,57.6,7.7
10797,10/2015,355,357515.10727662896,7922.505552872461,M,50.0,3.0
10798,10/2015,247,221497.82992463457,7560.157312939152,M,53.5,2.0
10799,10/2015,207,618001.9748879775,8360.164089098185,M,47.8,3.5
10800,10/2015,990,1116949.551031813,8561.099415746592,M,36.3,4.7
10801,10/2015,41,1060114.4662388926,11407.312218223535,M,36.9,10.0
10802,10/2015,678,764036.687848816,9887.065367829297,M,55.7,7.7
10803,10/2015,663,313492.6463652645,9743.085260681226,M,56.7,12.1
10804,10/2015,28,94363.06392017443,7272.499446580752,M,65.2,4.4
10805,10/2015,672,3445680.794788039,15930.714460155828,M,53.2,13.5
10806,10/2015,393,2545297.0189872053,8796.01475225596,M,33.5,7.3
10807,10/2015,615,710477.891279047,12094.056232197496,M,51.3,2.9
10808,10/2015,923,509236.81918998307,9641.482004173646,M,32.0,7.7
10809,10/2015,544,567422.2086899638,8834.214009628831,M,39.6,13.0
10810,10/2015,364,2529474.0789733664,8504.496904688942,M,41.0,9.2
10811,10/2015,573,2897593.647522114,8965.021582370171,M,60.9,6.4
10812,10/2015,125,3611073.4687954797,10093.1440629454,M,37.2,9.2
10813,10/2015,949,150044.70159558926,8317.436554614234,M,36.4,12.6
10814,10/2015,510,390889.09125525714,8971.259311075702,M,55.0,12.2
10815,10/2015,878,5870504.321114512,8395.432484617171,M,36.2,5.5
10816,10/2015,992,4157987.6374688293,9294.544269344278,M,36.1,17.3
10817,10/2015,8,478345.3752853313,9498.906920604984,M,39.7,13.2
10818,10/2015,984,398671.3481638508,11187.38001192238,M,42.3,10.7
10819,10/2015,763,236233.52212048386,11151.327267122022,M,37.4,6.6
10820,10/2015,973,597940.2468686495,13192.05742268066,M,39.5,15.8
10821,10/2015,25,213481.2975385867,10308.780943307083,M,34.8,14.6
10822,10/2015,541,471847.82449210476,8926.356450795844,M,48.7,8.1
10823,10/2015,757,510671.3070386605,8892.980505336962,M,,13.5
10824,10/2015,374,290586.8360222748,10027.302057115749,,39.7,13.9
10825,10/2015,64,3717059.6387466984,9402.016705897184,M,46.0,5.6
10826,10/2015,500,1098335.6491419557,13000.475822416254,F,46.2,13.5
10827,10/2015,647,106362.41167850244,7438.871947652874,F,63.4,11.7
10828,10/2015,614,104330.54602692326,8617.068312805273,M,59.8,17.8
10829,10/2015,21,3177431.739913417,7225.0820453779015,M,32.8,7.5
10830,10/2015,13,181317.0623482259,6566.859232551178,M,43.1,15.2
10831,10/2015,639,1649989.8065159405,8865.596119729695,M,50.0,9.2
10832,10/2015,868,5304990.327897655,13468.11993842544,M,32.5,7.3
10833,10/2015,805,3651159.8094797335,8254.695989322427,M,40.7,10.5
10834,10/2015,891,969092.0587124822,10771.262425202623,M,56.5,13.8
10835,10/2015,561,625917.401481343,12261.959050139627,,44.2,6.2
10836,10/2015,709,150041.0159624501,9797.363379808814,M,38.7,12.6
10837,10/2015,429,97793.93337525465,7661.917412604074,M,46.7,4.7
10838,10/2015,720,3480635.9633500604,9432.235092298892,M,64.6,15.1
10839,10/2015,187,434599.43806566217,12134.550363809447,M,48.7,17.0
10840,10/2015,457,1659305.3728114942,9235.840373420431,M,63.5,10.5
10841,10/2015,844,2687033.1994375545,8615.691155053732,M,47.4,2.4
10842,10/2015,552,2375322.073663136,8569.51515118507,M,61.3,7.3
10843,10/2015,498,888726.5859095129,8949.781149071932,M,49.2,15.3
10844,10/2015,230,289058.49943941354,8388.582262329632,M,38.2,5.1
10845,10/2015,131,565764.6851679657,9828.706147065272,M,35.1,16.0
10846,10/2015,268,3855781.7251530555,9038.85628923352,M,41.2,11.2
10847,10/2015,634,288436.57411302207,8373.31500628508,M,46.8,4.5
10848,10/2015,930,6099604.502839832,8676.352972314704,M,54.4,16.9
10849,10/2015,730,8452603.281525379,12914.523688243535,M,60.7,1.5
10850,10/2015,386,558726.2096229678,10338.555482299706,M,37.5,12.8
10851,10/2015,897,440735.26872404385,9479.696110971809,M,43.3,2.5
10852,10/2015,604,147312.60914908,10690.671001287132,M,59.8,7.6
10853,10/2015,850,2790695.5217201575,12726.165263973107,M,39.4,1.4
10854,10/2015,626,346659.7281702977,9327.969045127393,M,51.8,18.1
10855,10/2015,163,1144614.1398375344,7107.91407731598,M,58.5,9.1
10856,10/2015,82,2415943.725157024,9453.088521803485,M,61.7,4.0
10857,10/2015,36,1544349.5863954867,11305.595193727742,M,37.4,16.3
10858,10/2015,977,251702.3158777848,9659.60180587219,M,56.2,3.7
10859,10/2015,123,1144164.0822434581,13547.54612950622,M,65.3,11.5
10860,10/2015,92,554950.136738191,10583.878769654593,M,41.4,15.1
10861,10/2015,26,688904.5900625889,9940.30565281386,F,47.5,2.7
10862,10/2015,251,289709.0312730342,8412.67548702112,M,43.0,11.9
10863,10/2015,598,3954300.020603402,9373.357538113709,M,51.3,9.4
10864,10/2015,524,6440052.037573318,10349.047767520307,F,39.5,18.5
10865,10/2015,726,2053978.608093447,8020.584760836576,M,58.1,4.5
10866,10/2015,263,1978150.810651239,8098.998967467736,M,52.2,12.2
10867,10/2015,365,3150388.620951224,8702.892966043777,M,37.6,5.3
10868,10/2015,44,1629059.8858477962,9549.306448043764,M,61.5,8.9
10869,10/2015,530,659217.0842638975,9317.051837322373,,47.1,6.9
10870,10/2015,838,2515649.368072256,11289.297249007066,M,,17.2
10871,10/2015,311,269410.1147001901,8627.648892583473,,32.1,9.4
10872,10/2015,447,673492.5940573434,7845.979972337046,M,65.5,12.1
10873,10/2015,993,3780568.4902709257,8583.580809387477,M,35.0,2.9
10874,10/2015,315,2461192.09722732,6792.602477481282,M,61.1,8.7
10875,10/2015,20,266620.65172590077,9815.36767953464,M,52.1,18.1
10876,10/2015,618,5909807.416216938,9494.816846872547,M,63.9,9.0
10877,10/2015,43,426298.09654440626,9188.267874762249,M,57.3,1.2
10878,10/2015,190,434949.4037429113,7848.571412162007,M,57.5,14.1
10879,10/2015,659,373605.00688100944,8415.971119983284,M,65.4,14.7
10880,10/2015,47,1402492.133498441,8490.909270754419,M,40.7,5.3
10881,10/2015,987,1429277.2150225353,11301.457380961634,M,32.4,13.8
10882,10/2015,71,421348.17169182457,7997.266127116058,M,39.0,1.0
10883,10/2015,198,2020853.715509571,9183.953750888977,M,41.1,16.6
10884,10/2015,473,510598.2554203265,12780.495216586709,M,59.5,14.6
10885,10/2015,338,723869.581714262,7454.064675563687,M,42.2,4.3
10886,10/2015,440,303725.0287823843,9561.389244931646,F,39.6,4.4
10887,10/2015,246,308740.17793817236,7849.4568138174545,M,57.2,15.1
10888,10/2015,116,794683.4560310943,10147.001958063958,M,42.2,10.6
10889,10/2015,849,1569489.3355892978,9012.416377290148,M,65.4,12.1
10890,10/2015,900,757759.0140468708,8996.587914019177,M,41.5,9.4
10891,10/2015,359,286212.63480359694,7163.464909189224,M,47.7,7.9
10892,10/2015,299,852908.7399163025,9434.837778763143,M,50.1,2.0
10893,10/2015,7,2867875.507730359,7669.261894910171,M,40.8,14.1
10894,10/2015,297,2815054.267332507,7187.008308278284,M,53.7,1.0
10895,10/2015,822,936965.1652099374,13635.15911839334,,54.0,2.9
10896,10/2015,648,1041726.4793362928,9962.519724243903,M,49.6,4.4
10897,10/2015,294,323655.8863817437,12010.948657049143,M,59.6,4.9
10898,10/2015,491,166973.5554977566,11727.555447013774,M,61.1,3.2
10899,10/2015,568,667455.885169153,9450.847872513512,M,,16.5
10900,10/2015,584,441029.7288043625,8151.380197574928,M,43.3,14.9
10901,10/2015,690,446639.7297775079,7213.044395960445,M,,8.8
10902,10/2015,291,1003327.9842159409,8809.309821523584,M,33.2,5.4
10903,10/2015,49,3244014.154114221,8157.248211465822,M,45.1,3.0
10904,10/2015,585,325812.7276623057,9309.177066996373,M,37.9,11.3
10905,10/2015,606,2974956.1191330706,10297.057723694947,M,51.5,15.1
10906,10/2015,693,4958158.439952102,7962.723898016876,,53.1,9.9
10907,10/2015,944,901275.6520633603,7588.790906478493,M,49.4,14.1
10908,10/2015,793,307016.463701931,10458.22348419946,M,35.0,12.5
10909,10/2015,425,3021534.6785186646,11012.087049174992,M,,17.9
10910,10/2015,683,383256.497090857,12010.592985672442,,54.5,3.6
10911,10/2015,656,288548.3241958911,6618.834900823402,M,56.4,17.8
10912,10/2015,488,2951423.740874066,8844.656166507879,M,32.4,5.8
10913,10/2015,61,819721.2193930543,12452.149400623885,M,34.1,16.4
10914,10/2015,904,1822581.9176069088,9299.681113804554,M,,4.0
10915,10/2015,378,856030.1487995067,7865.28237051689,,36.7,3.5
10916,10/2015,269,447407.6466241004,14901.000913114565,M,39.7,8.1
10917,10/2015,889,1033830.8507324758,10318.125762651,,55.5,2.0
10918,10/2015,481,1247780.6369669228,13081.256295054265,F,51.5,17.1
10919,10/2015,344,4299035.032012946,8839.963032997915,M,51.0,11.8
10920,10/2015,99,1120809.762131031,8838.126317972305,M,55.3,5.7
10921,10/2015,832,3208869.6814625175,11089.816551793685,M,,13.3
10922,10/2015,127,615127.504685186,8668.539549762765,M,55.8,11.8
10923,10/2015,617,1031580.5282032377,8506.487493951146,M,38.2,17.4
10924,10/2015,770,97564.04365002828,8899.907722556616,M,56.6,15.9
10925,10/2015,484,499767.42970463046,9385.566084066726,M,36.2,4.1
10926,10/2015,341,160586.97412205135,6580.773984490791,F,63.1,16.9
10927,10/2015,982,821272.7389521977,15035.507954927609,M,,9.4
10928,10/2015,212,528620.2076171237,11236.466882209947,M,46.4,1.6
10929,10/2015,589,3490797.3742454713,9313.82344448087,M,40.7,6.4
10930,10/2015,797,1982147.3238612902,10107.915497501639,M,44.6,5.9
10931,10/2015,753,1248088.3653237084,7616.442034321229,M,32.8,12.8
10932,10/2015,227,15504069.481828067,12377.063984891838,M,,16.2
10933,10/2015,86,3981985.814846019,9408.599472179998,,,5.4
10934,10/2015,680,571938.580404362,8886.826005552568,M,61.1,18.9
10935,10/2015,195,649396.9853469704,8903.55020899336,,54.1,8.8
10936,10/2015,595,564298.8161776459,10197.951022300529,M,45.4,7.1
10937,10/2015,854,536866.3360286298,7690.196183490965,M,44.2,18.7
10938,10/2015,828,239931.22396573535,8921.900053554737,,50.6,1.1
10939,10/2015,261,1736406.062791889,10503.334944087166,M,36.4,18.5
10940,10/2015,603,111422.07289588358,8117.817487371404,M,34.9,10.7
10941,10/2015,379,6375883.701862832,8854.300062341788,M,65.1,12.4
10942,10/2015,888,493081.2409385726,9419.795039786906,M,,4.0
10943,10/2015,741,525711.9745318168,8947.650443680343,M,42.4,11.2
10944,10/2015,60,898145.3981456506,9963.27329944166,M,53.4,11.0
10945,10/2015,955,2293701.0279486035,8429.507815306173,M,35.8,8.5
10946,10/2015,62,1220183.2911501904,10162.732729753036,M,34.0,4.3
10947,10/2015,638,334144.40299717535,6815.648428140873,M,62.7,9.4
10948,10/2015,697,964938.987619274,7877.314424871696,M,35.0,15.2
10949,10/2015,147,4597767.263050569,9680.153093253146,M,53.7,14.7
10950,10/2015,637,329194.7814137688,9993.426767358138,M,63.3,3.0
10951,10/2015,799,2847426.6717282077,10864.0810945359,M,45.3,1.1
10952,10/2015,178,1077598.7090211296,7549.072615955807,M,49.0,7.8
10953,10/2015,806,5050935.532439492,8610.24914678692,M,50.3,7.6
10954,10/2015,300,2836329.112801539,8861.848603477529,M,35.9,9.5
10955,10/2015,998,312058.32130406634,7828.275757673338,M,32.1,1.4
10956,10/2015,337,658400.2422495625,10374.729741621024,M,36.0,9.4
10957,10/2015,549,1566208.1661960424,9136.211712590055,M,55.1,16.4
10958,10/2015,767,388964.2649270772,8067.347031278279,M,56.5,1.2
10959,10/2015,157,671681.3766291391,8374.217453076093,M,56.8,16.2
10960,10/2015,540,397930.3185109661,8538.801909146498,M,41.6,6.5
10961,10/2015,108,551607.3829852882,9905.688838244287,M,51.2,2.9
10962,10/2015,352,2134066.946021092,8994.59141092647,M,58.1,9.3
10963,10/2015,847,351998.415652683,8528.268943822966,M,51.0,5.2
10964,10/2015,479,97341.2051557532,10556.584520438095,M,54.6,1.0
10965,10/2015,622,565172.3456110737,7809.85057507279,M,53.2,7.6
10966,10/2015,937,872336.3994145077,12421.371200676804,M,54.9,11.5
10967,10/2015,775,463807.7380916955,9720.57536216123,M,50.4,9.8
10968,10/2015,623,708044.3920531789,7042.411939841007,,,14.4
10969,10/2015,87,418761.64172438195,9020.115056078243,M,48.0,15.4
10970,10/2015,80,433949.75039081735,8001.698335296635,M,57.8,17.5
10971,10/2015,434,6734753.695270493,9222.878293120006,M,36.5,7.7
10972,10/2015,210,2899948.5697718034,9671.014023971167,M,37.0,1.9
10973,10/2015,860,1110265.5312167557,9303.977217963415,M,38.0,16.8
10974,10/2015,220,293358.17126277153,8968.168230088444,M,32.1,7.3
10975,10/2015,769,568726.900546237,9090.874636468307,,58.8,18.9
10976,10/2015,692,300693.09246145224,8318.367365662822,M,42.4,2.3
10977,10/2015,546,804231.0303964968,8694.064374889618,M,55.6,13.5
10978,10/2015,777,4084476.497575115,10452.634455117779,M,59.2,16.0
10979,10/2015,581,4188103.588004019,15264.004521401472,M,35.5,18.5
10980,10/2015,452,467826.0769164311,9730.282242394884,M,53.3,4.4
10981,10/2015,511,96334.26474473407,8164.199580753166,M,35.2,10.9
10982,10/2015,214,812289.7194759072,8834.628762410803,M,,5.9
10983,10/2015,234,917282.3831322519,12010.15677565555,M,42.7,6.2
10984,10/2015,853,998167.007567566,9115.408968592512,M,42.5,2.3
10985,10/2015,551,519637.324874718,8833.521695131054,M,,4.3
10986,10/2015,505,558891.5771658954,9681.840086805241,M,33.7,2.5
10987,10/2015,508,933502.1409744868,7656.270169518113,M,54.1,8.3
10988,10/2015,795,1869727.155701196,8999.308447290976,M,50.4,8.6
10989,10/2015,317,1880611.9841966925,10622.429746162576,M,33.3,2.7
10990,10/2015,792,546983.5289927771,8292.846442360755,M,,8.7
10991,10/2015,974,1133984.0758724392,8212.074896097132,M,34.8,8.2
10992,10/2015,117,1864105.0681362893,13151.36891049769,M,59.4,17.1
10993,10/2015,410,588947.3640039135,8646.20744787126,M,38.0,17.4
10994,10/2015,182,940900.1200227117,8248.313268913724,M,40.0,14.4
10995,10/2015,119,293451.7958548115,10055.94882396242,M,65.9,15.4
10996,10/2015,236,633064.0308055888,8323.11217060084,M,42.3,6.7
10997,10/2015,449,298201.4219531502,6962.401349280744,M,38.4,18.7
10998,10/2015,494,483998.56952437595,8593.001614753925,M,48.7,7.9
10999,10/2015,609,1329505.3443707775,9008.130543606103,M,,4.6
11000,09/2015,943,1938211.591036439,11576.673727448824,F,58.4,0.6
11001,09/2015,966,502967.4727584174,6973.540157758023,M,46.8,0.1
11002,09/2015,250,244240.92968807355,9990.235555646483,M,32.0,0.1
11003,09/2015,156,2899070.4990584496,8401.166406605591,,64.8,0.7
11004,09/2015,67,462982.94641897775,12903.613486189528,M,60.7,0.4
11005,09/2015,684,798491.1484350776,9722.379105571841,M,,0.5
11006,09/2015,527,4518618.395691378,10297.348100235753,M,,0.4
11007,09/2015,556,589744.4340086447,10427.680407317748,M,50.7,0.8
11008,09/2015,446,2062519.1618118645,8487.011820235202,M,49.5,0.1
11009,09/2015,841,1166362.7891074037,19158.677820244284,M,48.2,0.7
11010,09/2015,126,109284.6666092153,7351.730546720324,M,53.2,0.7
11011,09/2015,910,609224.0826307705,8152.4623136756645,M,58.2,0.6
11012,09/2015,112,404431.7571472502,8874.476320888685,M,54.7,0.9
11013,09/2015,191,390925.69276901154,7370.21305181933,M,50.4,0.1
11014,09/2015,739,1215459.154252525,8050.528562981156,M,37.6,0.6
11015,09/2015,579,1363496.9005125868,9075.393307401377,M,41.3,0.3
11016,09/2015,111,155473.8548742995,11729.68893594828,M,45.4,0.8
11017,09/2015,285,171025.09668655327,6008.665595392381,M,47.3,1.0
11018,09/2015,796,6245816.359813962,10100.413103321758,M,59.2,0.3
11019,09/2015,310,1047436.9341655308,9152.330491593842,M,42.2,0.8
11020,09/2015,458,3857317.2231039866,8062.584899560775,M,39.7,0.2
11021,09/2015,884,494409.1049993799,7507.2255715041265,M,64.1,0.6
11022,09/2015,335,598028.1103572291,8360.604399994992,M,47.0,0.8
11023,09/2015,521,2195468.0688361153,8760.426144875219,M,56.1,0.8
11024,09/2015,887,313585.4095451351,7370.768065666581,M,,0.0
11025,09/2015,601,743287.6532195089,7902.357851128891,M,39.8,0.2
11026,09/2015,11,4517005.936884678,11160.486969006222,M,39.1,0.6
11027,09/2015,624,923151.5926658463,8849.562177495174,M,52.8,0.7
11028,09/2015,737,3214131.157709336,10016.548671533572,M,58.1,0.3
11029,09/2015,823,1205204.6074888273,8151.469021365601,M,50.6,0.3
11030,09/2015,752,2231159.4473591344,9200.319042533336,M,63.6,0.4
11031,09/2015,732,1009807.2175991108,13176.855607122247,M,54.1,0.5
11032,09/2015,493,848501.1924540173,8053.862266544616,M,61.1,0.2
11033,09/2015,159,594550.7172075593,9196.682785181194,M,48.4,0.6
11034,09/2015,225,259531.4424157528,7253.258203176696,M,,0.6
11035,09/2015,784,221244.03663157637,8786.153751654338,M,54.3,0.2
11036,09/2015,171,2967294.3736085026,9215.172318879482,M,49.4,0.4
11037,09/2015,460,160313.33197013597,8835.628037278117,F,33.0,0.3
11038,09/2015,408,110080.72157305562,9847.644330804369,M,65.0,0.9
11039,09/2015,239,446698.85613424645,7018.570401795752,M,60.4,1.0
11040,09/2015,812,1043057.1067107272,8540.136472487351,M,54.7,0.9
11041,09/2015,896,313695.46775648755,9109.72871810241,M,58.5,0.0
11042,09/2015,354,121063.34614075428,6611.299970139362,M,65.2,0.4
11043,09/2015,574,527969.8517031707,8544.377793629108,M,60.7,0.3
11044,09/2015,186,986353.3795354643,9833.327337910156,M,65.7,0.6
11045,09/2015,381,3249975.88227022,9253.31630049451,M,44.0,0.1
11046,09/2015,898,16623504.311227856,12777.63028571666,M,46.5,0.0
11047,09/2015,405,456858.6524184458,8730.712211280437,M,32.2,0.1
11048,09/2015,439,364339.7052010089,7786.1312865854,M,65.2,0.3
11049,09/2015,532,825782.6159823216,8034.321349071288,M,38.2,0.5
11050,09/2015,665,855568.7213505878,7520.53306733074,M,,0.6
11051,09/2015,962,3669560.176803986,9137.99593988799,,53.5,0.8
11052,09/2015,303,841631.4485946733,9473.848621863379,M,37.0,0.6
11053,09/2015,996,261986.46181057257,9725.643802461223,M,41.0,0.5
11054,09/2015,836,93952.04746737996,8189.529321011387,,55.4,0.2
11055,09/2015,840,518239.8096647486,10312.21210333661,M,35.8,0.3
11056,09/2015,459,467383.6930889272,8821.033120017175,M,36.2,0.4
11057,09/2015,611,3573797.244094344,8313.029907485165,M,62.4,0.4
11058,09/2015,467,3553320.654682523,12159.810779609596,M,,0.5
11059,09/2015,786,2226620.0008124313,10475.300541583598,M,46.5,0.0
11060,09/2015,23,794886.6747159301,8503.151357299044,M,51.4,0.9
11061,09/2015,302,461775.7215450788,8207.6495534661,M,47.2,0.2
11062,09/2015,289,1473478.1766494932,9297.23683995894,M,39.5,0.5
11063,09/2015,155,242508.42685726634,6738.0150270642835,M,57.3,0.4
11064,09/2015,327,6810318.448940356,8633.271040138723,M,51.8,0.8
11065,09/2015,114,1559207.2344131705,8794.876383101346,M,61.1,0.9
11066,09/2015,756,306114.9170009717,10999.918473035397,,54.8,0.3
11067,09/2015,880,166083.10843393713,8587.817649724542,M,45.6,0.6
11068,09/2015,660,143830.858587362,8047.2834793780685,M,56.5,0.9
11069,09/2015,454,4032735.726994803,10395.098354495052,M,40.2,0.2
11070,09/2015,969,2885123.4870765107,11477.010698374239,F,62.8,0.7
11071,09/2015,176,1196769.5934916497,7400.3557149108165,M,35.8,0.9
11072,09/2015,432,588300.0311976494,7810.786325694186,M,47.3,0.9
11073,09/2015,531,750695.2647950667,9383.744810475944,M,46.6,0.9
11074,09/2015,101,610218.5475583252,12935.032589465525,M,,0.9
11075,09/2015,738,1037849.8765574823,9871.362930464158,M,36.7,0.3
11076,09/2015,271,217994.2652090773,11269.42575665682,M,64.8,0.4
11077,09/2015,423,538343.153388043,10806.756278561765,M,59.1,0.6
11078,09/2015,765,313742.892471218,8160.980446886161,M,47.8,0.8
11079,09/2015,691,162577.02829755069,9425.888694719928,M,44.8,0.4
11080,09/2015,533,170199.36345325,8701.489199533535,,35.8,0.1
11081,09/2015,716,111343.46578755937,7825.741462316364,M,39.8,1.0
11082,09/2015,922,107838.65981500596,9930.18868522118,M,58.5,0.8
11083,09/2015,174,2322042.234814555,8709.336811840061,M,46.1,0.9
11084,09/2015,200,4277169.987802381,10771.989913661884,M,39.0,0.7
11085,09/2015,316,316140.6372054333,9577.241302826358,M,34.8,0.2
11086,09/2015,307,2912834.4666756927,7627.077997438682,M,65.0,0.7
11087,09/2015,882,117903.15517263343,8955.344172818135,M,33.7,0.6
11088,09/2015,706,895026.4362025677,12520.138453591893,M,51.7,0.3
11089,09/2015,829,2414115.4441612842,9993.716082983514,M,35.3,0.5
11090,09/2015,719,3219403.080300456,14732.724386772661,M,32.6,1.0
11091,09/2015,935,466563.8498878669,11388.209820140544,M,38.9,0.3
11092,09/2015,68,11874572.477019917,11558.355067048891,F,35.8,1.0
11093,09/2015,815,2360738.0763916713,11092.927892798409,,64.2,0.3
11094,09/2015,747,1012513.9380087883,7595.725078618802,M,43.6,0.7
11095,09/2015,798,587813.7544468073,8674.189487032223,M,35.3,0.4
11096,09/2015,865,1179167.83742394,11961.95214092614,M,58.5,0.3
11097,09/2015,399,310812.8999732176,12107.080592761493,M,53.1,0.9
11098,09/2015,509,576655.9868652101,12575.343107895567,M,46.7,0.5
11099,09/2015,308,868903.4320504162,10034.779498323524,M,48.1,0.9
11100,09/2015,502,380221.12783045805,16921.264633395018,M,61.5,7.9
11101,09/2015,81,364713.8415169631,7935.5410319412185,M,42.4,14.4
11102,09/2015,814,1033911.1122794156,7337.685644377901,M,33.1,18.7
11103,09/2015,666,3197958.49951488,8853.9991198824,M,35.3,8.7
11104,09/2015,205,207388.66012793864,7670.32245645979,M,56.6,9.9
11105,09/2015,759,522637.9693884681,8307.846079251492,M,44.5,3.4
11106,09/2015,96,548344.5644086455,7719.242298119024,M,37.2,9.4
11107,09/2015,671,1512253.2143830846,7967.7880528493415,M,61.4,16.8
11108,09/2015,100,2293541.9945259285,8469.3252301751,M,38.1,17.2
11109,09/2015,321,2234580.3078149054,9035.985697006688,M,,10.1
11110,09/2015,602,2986084.038042372,9836.344468109608,M,37.3,17.8
11111,09/2015,453,1778720.206830477,9527.67749817369,F,60.6,5.4
11112,09/2015,396,573819.5508506537,9263.96164846306,M,33.1,12.5
11113,09/2015,113,3995686.7323779305,7947.810942540507,M,,16.9
11114,09/2015,988,451693.84791667736,7267.706355668157,M,32.9,11.3
11115,09/2015,956,405452.0492449438,9557.224010559943,M,65.2,15.6
11116,09/2015,59,2609897.4083204176,7074.435379106211,M,46.9,8.1
11117,09/2015,593,4759648.298717919,7671.594395082597,M,43.4,15.5
11118,09/2015,10,945234.1854408857,9025.168105885727,M,45.5,6.4
11119,09/2015,196,678212.7130711146,9997.563910927152,M,46.2,4.3
11120,09/2015,38,5447070.372641684,8387.448335423716,,51.3,5.9
11121,09/2015,625,323776.3657490345,8757.784285025744,M,57.7,13.8
11122,09/2015,570,1064103.4160357262,11470.768663588344,M,47.1,16.8
11123,09/2015,745,401297.91956230486,9535.755108463582,M,51.3,15.9
11124,09/2015,764,846601.5708105832,9244.704341365657,M,47.3,15.0
11125,09/2015,66,453514.78010110435,10848.878634526594,M,40.0,18.9
11126,09/2015,84,1013390.2902241191,10157.000499858585,,36.5,18.8
11127,09/2015,462,380325.05242472445,8046.598748415244,,39.3,10.3
11128,09/2015,952,496744.5585261354,12469.708616665983,M,56.4,4.4
11129,09/2015,970,387579.9728541921,9466.295328688284,M,34.0,11.4
11130,09/2015,333,534778.2814101826,10682.923641217118,M,50.1,8.4
11131,09/2015,274,1461361.6065089593,5463.556659162205,M,63.7,8.6
11132,09/2015,981,6569668.383060454,11822.14408465397,M,62.2,1.6
11133,09/2015,110,727554.9665126487,8675.575814272646,M,59.4,15.7
11134,09/2015,383,3567385.3692757953,9827.964924130627,M,37.5,15.6
11135,09/2015,542,88173.18524675258,9300.362188352961,M,35.2,7.8
11136,09/2015,787,404958.65945742285,9580.703602314117,M,59.9,12.3
11137,09/2015,57,500174.1229257168,10399.009640320037,M,65.6,16.7
11138,09/2015,412,5065403.523634985,9027.870728015709,M,59.3,4.6
11139,09/2015,177,2118260.073630515,10203.937068915244,M,41.0,1.9
11140,09/2015,560,3279634.826686946,8217.706123950871,M,41.8,12.4
11141,09/2015,398,843453.9604682004,7870.101141499813,M,52.0,4.8
11142,09/2015,916,2994504.6121967277,9182.641306007456,M,65.1,18.0
11143,09/2015,965,764607.5896323004,12897.72339531482,M,65.8,5.6
11144,09/2015,746,3543284.2851863457,10337.793154866538,M,48.2,1.6
11145,09/2015,912,423354.4088582201,7407.046026149051,M,55.6,16.5
11146,09/2015,257,3760357.9156463854,11420.743829434461,M,36.1,4.5
11147,09/2015,727,302514.3073054268,10830.553953819897,M,53.5,16.6
11148,09/2015,144,4033191.608872088,12056.556596640605,M,43.3,7.4
11149,09/2015,164,4264413.750301196,7758.927642751241,M,39.8,10.5
11150,09/2015,48,1808702.6300313142,8217.940956542461,M,63.4,11.9
11151,09/2015,872,486110.076164283,7427.797059425153,M,50.2,11.6
11152,09/2015,391,1244221.5654868633,12040.948916517265,M,47.8,2.2
11153,09/2015,703,1251164.1631533839,8087.732968692993,M,,7.8
11154,09/2015,504,2286710.5942376163,8931.142464010496,M,40.0,1.8
11155,09/2015,876,678647.9520934044,9521.109859047341,M,34.7,5.8
11156,09/2015,69,375664.39933061315,8622.83920863472,M,57.1,11.5
11157,09/2015,736,1398379.5798341609,11620.802344562217,M,43.1,13.3
11158,09/2015,899,408213.37714441185,6432.720136278248,M,58.6,10.2
11159,09/2015,219,806071.3142572019,7067.957474760739,M,39.4,17.3
11160,09/2015,451,947710.7652375337,10703.678121938137,M,47.1,10.2
11161,09/2015,407,288199.22377333045,15356.754545123358,M,46.4,2.4
11162,09/2015,735,1456448.9132835167,9453.316260515772,M,54.1,4.8
11163,09/2015,249,2213772.918996878,7701.036091117366,M,60.9,8.2
11164,09/2015,145,3348985.308985205,7795.599479422244,M,49.4,7.5
11165,09/2015,12,2997518.0276743765,10108.282780207686,M,59.0,15.6
11166,09/2015,724,4235382.700862441,8960.593366467732,F,47.8,16.0
11167,09/2015,728,1773734.0507184137,10360.689674557989,M,57.5,2.9
11168,09/2015,948,674667.923766523,10630.004542523571,M,37.5,3.6
11169,09/2015,464,364954.19283665536,8613.99666189822,M,58.4,6.4
11170,09/2015,278,555580.5194560876,8012.774490701389,,47.4,10.8
11171,09/2015,89,2903927.50317977,8760.159867243194,M,42.9,7.5
11172,09/2015,124,720320.7305284615,8374.845964348437,M,35.2,9.5
11173,09/2015,185,1201065.9164638976,7679.72097042024,M,35.5,14.5
11174,09/2015,514,468832.6309019268,10996.685432989438,M,45.0,12.9
11175,09/2015,651,514530.1976600929,14905.493245828893,M,39.2,8.3
11176,09/2015,669,4186491.499466968,8073.343140094163,M,52.6,13.9
11177,09/2015,97,640756.8640095007,11455.56707705383,M,62.2,11.0
11178,09/2015,924,413201.9059677353,10625.44104588421,M,64.5,11.3
11179,09/2015,323,525813.5619137984,10547.169765629867,F,48.5,8.9
11180,09/2015,643,5055430.523375919,8267.273083781894,M,35.7,16.0
11181,09/2015,890,567918.3764115173,8920.990809751425,M,55.4,17.6
11182,09/2015,929,256136.47619553632,8909.518524391668,M,41.7,4.4
11183,09/2015,670,531523.6326675117,7624.67949935355,M,36.1,8.3
11184,09/2015,181,2721240.4178663413,8129.148852265041,M,36.8,10.0
11185,09/2015,963,385552.4398555041,8553.807208571037,M,50.0,10.8
11186,09/2015,997,1153705.9033087776,9726.550411001133,M,61.6,10.5
11187,09/2015,858,1768060.2182970305,14652.172819545682,M,38.2,1.5
11188,09/2015,403,368955.16330175026,8140.911532064394,M,45.4,7.8
11189,09/2015,572,403843.3707954821,10244.568750551123,M,,7.6
11190,09/2015,754,1431824.2416306662,14082.75550870312,M,55.8,11.8
11191,09/2015,72,3590175.41436553,8071.86691501145,M,46.7,11.5
11192,09/2015,283,3561639.382346133,7278.074365010301,M,57.9,9.6
11193,09/2015,705,379455.11159206636,8386.442962010095,M,46.5,1.7
11194,09/2015,983,2737961.9562374847,7710.00012147398,M,36.0,14.7
11195,09/2015,305,618298.9340525032,12117.516550998671,M,63.1,4.2
11196,09/2015,857,590242.5400701365,9153.861756577779,M,37.8,3.3
11197,09/2015,74,9580188.843224807,8835.599903780023,M,37.2,15.0
11198,09/2015,824,576222.4905824866,8888.188634430924,M,56.3,2.9
11199,09/2015,231,1257919.2389788046,7543.027865333589,,42.2,17.8
11200,09/2015,130,3441316.145852242,10420.402471248362,M,59.5,15.0
11201,09/2015,248,252230.91169982575,5942.249925445351,M,36.4,14.8
11202,09/2015,149,1677287.5064830196,7605.340155650345,M,52.6,5.5
11203,09/2015,329,1797348.8239349492,11301.200164778862,M,43.4,4.5
11204,09/2015,582,1580941.125133942,7656.9156016021425,M,46.1,4.4
11205,09/2015,328,570213.6055867604,7073.092352604908,M,39.4,11.4
11206,09/2015,779,1612748.2504228638,12684.85765500838,M,,18.0
11207,09/2015,807,3862329.358918098,8938.06939372967,M,,12.8
11208,09/2015,821,99104.34787812614,10366.262341062635,M,55.6,4.4
11209,09/2015,366,577683.8734213795,7998.238567474628,M,42.9,7.5
11210,09/2015,433,1421796.8424663555,11589.114026953328,M,37.5,8.6
11211,09/2015,371,2128622.3420442194,7078.382977075177,M,52.2,5.6
11212,09/2015,384,113410.74899211305,9162.156652590782,M,43.5,2.5
11213,09/2015,632,3046474.971750932,10900.06986726876,M,35.3,14.1
11214,09/2015,861,144577.94631010777,8572.530742134026,M,48.3,12.6
11215,09/2015,65,628963.679073779,10647.580203049838,,46.8,15.7
11216,09/2015,877,5687557.260164724,9734.11754004253,M,40.8,16.7
11217,09/2015,244,483874.2169005896,8950.587132139211,M,40.5,3.1
11218,09/2015,863,14139633.683290612,11970.989960478482,M,48.7,17.6
11219,09/2015,350,3636716.3832276016,11025.520805478383,M,52.6,18.5
11220,09/2015,160,737347.0870662861,6489.744307233201,M,34.9,18.1
11221,09/2015,45,342696.4482018635,7383.811805752901,M,40.4,11.4
11222,09/2015,497,435538.07335443405,8421.097494612397,,46.3,11.7
11223,09/2015,237,563499.2306492876,10479.105104771972,M,39.1,10.7
11224,09/2015,9,2560850.0353329787,7997.620170228465,M,50.3,8.9
11225,09/2015,172,1911843.829578007,8332.34070485879,M,55.4,10.6
11226,09/2015,918,1103074.0678436877,9764.40184939046,M,45.0,2.6
11227,09/2015,950,416566.9555045983,11484.487123900944,M,34.7,6.3
11228,09/2015,134,474385.0732055269,5562.484222307972,M,64.7,6.2
11229,09/2015,140,2389702.9843043545,8322.541973378486,M,,14.0
11230,09/2015,238,2366732.5189750055,9468.028269816054,M,61.8,3.6
11231,09/2015,567,2927212.7124447054,7673.85104513038,M,49.1,15.0
11232,09/2015,146,648866.003105687,9229.388700898988,M,38.1,5.6
11233,09/2015,519,1243972.7060577543,9114.611344256418,,42.7,1.7
11234,09/2015,428,238324.12739265614,7963.744981757484,M,37.0,13.8
11235,09/2015,612,12175410.665255131,13192.724938093997,M,56.8,10.3
11236,09/2015,153,509595.6322303182,11493.086410118869,M,32.3,18.2
11237,09/2015,592,730760.3938968577,9201.808297973426,M,52.6,12.7
11238,09/2015,713,311962.3674311188,11983.925133300396,M,45.8,18.2
11239,09/2015,933,5350067.362571457,9702.642049112577,M,48.6,14.2
11240,09/2015,686,746180.7230694451,9209.663250082469,M,40.8,5.5
11241,09/2015,331,597951.1831641879,9499.071471038153,M,36.7,9.1
11242,09/2015,885,731945.6958777695,8591.794773039155,M,62.8,6.5
11243,09/2015,842,3960123.239298246,9963.848806929875,M,48.5,6.3
11244,09/2015,951,524689.4716679273,10775.056409610821,M,65.1,10.5
11245,09/2015,597,770474.274254171,9238.42238647143,M,60.0,13.1
11246,09/2015,93,810048.6555880146,9597.680964670455,F,38.4,14.3
11247,09/2015,402,502949.0483750265,8566.474990035978,M,35.4,15.1
11248,09/2015,435,811027.1474981433,9575.21145379682,F,60.4,17.1
11249,09/2015,751,2472368.337463084,10149.901998128822,M,55.1,6.5
11250,09/2015,733,132119.40498923432,8684.268176941227,M,52.2,13.6
11251,09/2015,121,1147879.761247173,9585.998998029447,M,58.7,18.4
11252,09/2015,760,244704.243971965,7862.844245591105,M,47.8,11.1
11253,09/2015,372,4593017.890860905,8861.105088820983,M,33.0,14.3
11254,09/2015,441,193009.1376147475,7907.870250466109,M,51.6,2.3
11255,09/2015,270,686708.5088904322,9915.754689758525,M,40.7,10.1
11256,09/2015,260,594054.3935881731,8091.698596950171,M,34.6,1.1
11257,09/2015,442,487599.1394836704,7500.078918556942,M,61.5,13.5
11258,09/2015,19,121638.77235240162,10560.451370696397,M,,12.4
11259,09/2015,218,164417.45404729567,7633.139442259213,M,60.8,12.0
11260,09/2015,1000,607365.3861476282,9784.33720422786,M,45.2,4.0
11261,09/2015,967,4108847.582406786,9843.843141678863,M,56.6,2.4
11262,09/2015,413,2136625.5020341543,10826.121940839601,M,47.8,1.0
11263,09/2015,780,8162444.484591782,11566.681871363246,M,51.8,1.9
11264,09/2015,538,378422.8805262872,7543.15799462802,,44.3,13.5
11265,09/2015,255,669637.5978033041,9476.602395103948,M,50.9,15.2
11266,09/2015,211,618867.0897581481,7606.886183672961,M,36.7,8.5
11267,09/2015,465,2190143.95596591,9999.391767973359,M,62.0,17.2
11268,09/2015,583,500586.9295481697,8561.103279357461,M,39.0,8.2
11269,09/2015,489,248784.48039880744,7350.824050328527,M,39.7,17.4
11270,09/2015,353,2363687.642849896,11851.405313174295,M,65.8,5.3
11271,09/2015,415,2687031.547353985,16396.135359810436,M,62.5,7.1
11272,09/2015,594,326516.27725424705,8108.697924629532,F,44.6,12.7
11273,09/2015,957,1274630.3837712682,13252.583153050768,M,55.4,5.3
11274,09/2015,394,2066826.2876138103,10490.6109009141,M,56.1,5.1
11275,09/2015,674,2980081.8985382994,11010.92109417888,M,61.2,16.6
11276,09/2015,646,357392.4782844503,8433.921165925756,M,35.1,10.2
11277,09/2015,972,14482812.383314239,14067.656361790894,M,65.6,1.6
11278,09/2015,791,3804529.306448568,12011.286922880425,M,60.0,8.0
11279,09/2015,78,408785.3984447762,7292.411717736294,M,36.8,7.9
11280,09/2015,548,96440.06538474381,8204.105047100344,M,52.2,12.5
11281,09/2015,536,318622.8912774889,8312.306952627196,M,55.4,3.4
11282,09/2015,621,420344.1151468091,6916.896526034334,M,54.8,1.7
11283,09/2015,762,98951.30529359222,7945.151351933643,M,47.3,14.9
11284,09/2015,516,3485201.6486052293,11183.451441104204,M,65.6,18.0
11285,09/2015,216,468176.5074466578,10237.527366577655,M,36.4,14.5
11286,09/2015,635,2360146.54196815,6995.695394375405,M,55.3,14.8
11287,09/2015,926,434704.4793410356,9583.243207049189,M,43.2,14.0
11288,09/2015,135,340288.2580768772,9387.216169237616,,,10.5
11289,09/2015,387,120112.07370868177,8873.956865317112,M,46.8,16.0
11290,09/2015,925,534909.3527541946,7996.849464261239,M,57.3,5.5
11291,09/2015,85,1483208.8768491265,11072.143318312481,M,38.7,16.7
11292,09/2015,586,1580871.877698853,9751.364904395914,M,32.2,7.8
11293,09/2015,571,442647.7906737973,8938.50127338394,M,53.2,13.8
11294,09/2015,855,218344.18205911733,9864.239359622776,M,64.2,15.2
11295,09/2015,685,577370.511424187,11480.542696907043,M,47.0,7.8
11296,09/2015,63,604671.3567728193,10330.999402677362,M,61.6,12.5
11297,09/2015,264,394135.0435218859,9338.793281734348,M,59.1,12.7
11298,09/2015,701,711383.8594764727,10168.20821859536,M,37.3,10.7
11299,09/2015,73,827834.4188009712,7894.978294910375,M,48.6,14.7
11300,09/2015,478,156221.48609960268,8113.775129945717,M,35.7,7.8
11301,09/2015,661,2810291.018268846,9341.094896131302,M,57.1,1.7
11302,09/2015,228,5535181.007628086,10337.026174200426,M,48.1,9.5
11303,09/2015,309,152063.37293106745,12446.990064532727,M,38.3,14.6
11304,09/2015,382,499009.6414441034,7746.360282290043,M,34.4,10.9
11305,09/2015,914,334501.8922493275,10585.8079774715,M,54.5,6.4
11306,09/2015,170,260134.73479771998,8722.476445380655,M,34.1,16.2
11307,09/2015,808,236949.18187372596,9011.582448467349,M,45.2,4.6
11308,09/2015,279,4411751.821259953,8583.567315874676,M,44.8,3.9
11309,09/2015,852,317974.60769980744,9326.826438738975,F,37.4,13.3
11310,09/2015,258,809276.6443157251,9970.781968335023,M,43.5,6.3
11311,09/2015,920,1572971.0442112056,11825.913784909331,,64.9,14.6
11312,09/2015,167,726277.172043982,9386.676772949559,M,37.0,6.7
11313,09/2015,229,2143280.88027597,11156.357382258939,M,55.1,7.9
11314,09/2015,293,121627.23018036319,12631.861436706999,M,44.9,10.8
11315,09/2015,569,1145098.6037496773,12313.586049795005,M,39.7,13.3
11316,09/2015,39,625942.6144495253,8514.594444740422,M,58.6,1.1
11317,09/2015,562,559113.0393395468,7010.16624001671,M,43.4,10.0
11318,09/2015,819,497903.79894062,7602.771429123157,M,33.6,15.2
11319,09/2015,652,1086161.7097516675,9415.30069709736,,43.2,1.1
11320,09/2015,827,393305.017324204,6717.330956284412,M,65.0,3.2
11321,09/2015,915,1647346.182867998,10553.10278143229,M,47.0,13.0
11322,09/2015,35,621109.2239419328,8962.813896369857,M,53.3,4.0
11323,09/2015,358,231116.67933653688,8669.281702062644,M,35.8,18.3
11324,09/2015,867,507833.49981565966,7491.019599730316,M,53.5,10.1
11325,09/2015,979,517530.436039755,8093.714334674176,M,64.3,9.9
11326,09/2015,599,672279.3755523933,9571.710311293551,M,,18.4
11327,09/2015,470,177310.52625967652,8596.462070543952,M,45.0,3.5
11328,09/2015,903,1432304.9337328458,9284.942354769957,M,,16.7
11329,09/2015,420,3435095.0763916774,7053.161743567578,M,56.3,5.9
11330,09/2015,150,166155.07705384138,7356.932709531307,M,,10.2
11331,09/2015,631,461391.4603619344,8208.212640729122,M,43.4,6.2
11332,09/2015,616,2816967.570638569,9811.221057358263,M,61.4,8.8
11333,09/2015,373,6497771.176025682,9479.776195520886,M,60.9,5.9
11334,09/2015,577,360416.65471357416,9803.868178603769,M,42.5,15.7
11335,09/2015,901,1777802.0663088139,11708.80637449752,M,56.5,9.0
11336,09/2015,55,5146025.558247489,8046.503519677038,M,34.8,2.7
11337,09/2015,908,1857854.5451664985,9102.091427433177,M,39.6,15.1
11338,09/2015,883,446568.7400086306,7203.020244664561,M,,15.3
11339,09/2015,522,1998996.2801021435,6588.1777258143775,M,52.2,14.7
11340,09/2015,811,1969555.0150959804,7512.7335400862,M,,18.6
11341,09/2015,137,5184888.541930338,9980.92903514687,M,58.3,17.6
11342,09/2015,600,791460.1791915358,7608.208728481146,M,38.4,17.2
11343,09/2015,673,882005.0438292671,9152.920482650998,M,49.1,5.2
11344,09/2015,575,568032.0695831368,7473.369034915291,M,32.9,10.9
11345,09/2015,469,354407.7427365366,8408.751254220871,M,64.1,10.3
11346,09/2015,698,376180.5796371491,8485.26319907614,M,62.6,5.0
11347,09/2015,245,104131.0976496237,8130.23152252856,M,60.9,13.2
11348,09/2015,363,1154805.5591126871,9048.104558586423,M,45.2,1.3
11349,09/2015,911,545213.7652789947,14289.595058441499,M,53.9,13.9
11350,09/2015,343,243771.05539946244,13515.273220496078,M,63.1,16.4
11351,09/2015,886,614280.384626032,8794.903125810133,M,59.7,10.7
11352,09/2015,262,516789.59399640263,12309.725318427787,M,64.6,14.7
11353,09/2015,222,602444.5183036607,8377.97799980543,M,39.2,11.6
11354,09/2015,731,513914.3675549192,11963.407650555884,,35.2,7.5
11355,09/2015,31,1546300.1915334763,7995.169938601707,,36.7,16.8
11356,09/2015,32,745347.0005601809,8392.70809212984,M,55.5,2.4
11357,09/2015,545,523271.9352998352,8522.714630185019,M,42.4,3.8
11358,09/2015,553,178366.75587748078,9488.41139603352,M,35.3,1.8
11359,09/2015,284,3551896.666533687,10945.488227511574,M,40.5,14.4
11360,09/2015,94,1803574.3505641022,8001.998122380609,M,,9.2
11361,09/2015,472,5384106.125126518,11838.886411263242,,40.5,8.5
11362,09/2015,748,237384.95436375085,8280.65637985893,F,40.7,14.3
11363,09/2015,3,845263.7584181938,14089.422375437465,M,49.3,4.7
11364,09/2015,676,200923.94339654772,10492.137230535329,M,43.8,17.0
11365,09/2015,233,4701983.850142926,11505.338202944939,M,38.2,12.8
11366,09/2015,919,642922.9791472239,9039.519228094934,M,34.6,11.6
11367,09/2015,54,3035472.9543093992,8364.296457532218,M,57.6,1.3
11368,09/2015,95,137648.95005966784,8763.193101383242,M,55.1,14.3
11369,09/2015,818,458514.5350834377,7599.981905340161,M,,4.6
11370,09/2015,349,2068857.260851893,8048.393516580839,M,63.1,16.7
11371,09/2015,224,607678.5437621779,10062.69312328864,M,42.2,9.8
11372,09/2015,526,449723.5295051731,14130.755055147149,M,62.7,18.8
11373,09/2015,613,319260.48923306045,8708.203401704917,M,50.9,2.5
11374,09/2015,845,468904.88579325436,8584.894901181075,M,,5.5
11375,09/2015,894,1543234.4938030753,13607.366778584594,M,47.3,18.1
11376,09/2015,419,328399.0500324939,10764.32758688758,M,,18.2
11377,09/2015,707,3303234.526270503,8603.532029018168,M,56.4,12.6
11378,09/2015,426,739012.94099435,8535.718637768783,M,43.0,7.2
11379,09/2015,427,432867.5516129241,9043.208517608098,M,48.1,3.4
11380,09/2015,978,3387501.6333258455,11016.962642491086,M,40.8,8.0
11381,09/2015,610,394135.04319989175,9805.809677945872,M,64.5,8.9
11382,09/2015,76,3689407.152644749,13213.501516653556,,46.8,11.5
11383,09/2015,629,2435532.52606812,13563.659540003782,M,46.4,15.7
11384,09/2015,326,445517.3800399734,8568.8008257021,M,32.6,1.6
11385,09/2015,875,637219.26970429,9408.74552353788,,42.4,16.3
11386,09/2015,409,3186738.5425841487,8373.271750345768,M,45.0,14.6
11387,09/2015,940,1268502.224002001,9086.236933921156,M,53.9,9.6
11388,09/2015,642,447105.9200959648,11183.472607663654,M,43.3,8.4
11389,09/2015,14,4947066.236727782,14850.38010147849,M,56.5,1.7
11390,09/2015,129,750844.3207924579,9401.590636062676,M,35.6,11.3
11391,09/2015,474,153586.71447859026,9733.354981201539,M,56.2,13.1
11392,09/2015,312,415676.2839928528,12730.674467608545,M,61.2,13.4
11393,09/2015,708,2686510.5234915316,8593.759010249249,M,40.4,1.6
11394,09/2015,30,4132264.5921443114,7991.925869962444,M,46.1,9.2
11395,09/2015,161,2317144.988594561,9602.213536704703,M,51.3,2.9
11396,09/2015,839,2283354.9489122047,7284.156007640962,M,36.7,1.6
11397,09/2015,400,195939.13847921035,8180.062623000114,,58.4,10.9
11398,09/2015,375,79191.3319866409,8285.38984737143,M,43.3,18.2
11399,09/2015,298,662221.2140376249,9692.121714384102,M,39.2,11.8
11400,09/2015,29,1931432.087868702,12797.761599671103,M,46.5,10.7
11401,09/2015,679,9985721.099130323,9395.955639572005,M,32.7,10.4
11402,09/2015,422,620890.0535674371,11176.36682594717,M,50.1,11.6
11403,09/2015,50,2444733.894436393,8158.821686105268,M,53.7,9.0
11404,09/2015,804,454244.2385026861,7091.976750518438,M,32.4,13.2
11405,09/2015,627,519368.63561428565,8950.637112387505,M,41.2,15.2
11406,09/2015,874,146838.29854717915,10025.592976464986,M,38.0,2.2
11407,09/2015,165,4415639.893514432,9982.541282341132,F,50.4,17.6
11408,09/2015,905,623572.0258177153,8139.932153864685,M,32.6,15.8
11409,09/2015,37,1348664.0474103605,8491.823621282965,M,43.8,12.4
11410,09/2015,501,2915305.6879640818,8625.689788367044,M,47.7,9.3
11411,09/2015,529,4133224.57340324,9185.969054913778,M,47.5,6.1
11412,09/2015,774,750297.2060030892,12866.4554032968,M,62.2,17.0
11413,09/2015,772,2871995.3695067433,8228.044614142165,M,47.7,8.2
11414,09/2015,773,385168.31175801135,8178.036631314528,M,,14.6
11415,09/2015,388,1117308.760426107,9198.382770244252,M,,1.6
11416,09/2015,194,88641.7419782772,9305.116663277386,M,65.8,18.7
11417,09/2015,778,509280.3988593593,9593.512552924387,M,62.7,4.5
11418,09/2015,830,2933131.0932928035,7172.136949841377,M,49.8,5.2
11419,09/2015,655,16154753.92700155,12140.223046534238,M,51.5,7.7
11420,09/2015,461,518081.9013569178,9815.06113268343,M,64.8,2.5
11421,09/2015,927,1283255.8663783707,8708.276542075357,M,53.3,9.6
11422,09/2015,90,508790.24879803834,8040.364332086217,M,60.6,11.5
11423,09/2015,348,3239150.0018133093,8066.45778710771,M,60.8,1.0
11424,09/2015,313,550221.4420631791,10721.857224542224,M,53.1,14.1
11425,09/2015,590,229231.81932974464,10135.226979862515,M,40.8,4.2
11426,09/2015,179,1456282.5368220564,8222.734959875328,,52.8,15.2
11427,09/2015,496,217015.6848722159,9216.188804765445,M,58.0,17.3
11428,09/2015,517,335168.2300536004,7514.842154320521,M,46.1,16.4
11429,09/2015,744,140884.09965484063,8079.692925821538,M,48.2,14.3
11430,09/2015,682,2273821.9069432667,8619.184329975582,M,46.5,10.8
11431,09/2015,809,268403.0659134729,8099.994402633902,M,40.3,17.8
11432,09/2015,658,137095.64164697786,7515.591917114803,M,46.5,11.6
11433,09/2015,158,1227751.3278026427,9735.44203335127,M,,3.0
11434,09/2015,357,17086648.463423654,10327.763326172902,M,42.8,9.0
11435,09/2015,221,4099082.676309575,7533.188443108952,M,64.0,3.7
11436,09/2015,633,819731.8624101387,10000.497252940213,F,46.4,2.6
11437,09/2015,721,411960.0124993168,12342.007198807152,M,36.7,14.4
11438,09/2015,783,5923285.17883345,12642.693283283545,M,43.3,9.7
11439,09/2015,304,393109.64762288216,7565.752430289017,M,60.5,17.7
11440,09/2015,789,282132.4696268656,13283.3245151392,F,39.7,8.0
11441,09/2015,486,489253.3205923579,11694.225083371146,M,56.4,5.1
11442,09/2015,580,833561.1042337214,8136.708661848023,M,63.8,10.4
11443,09/2015,6,4258095.514710267,8148.052299966654,M,35.5,15.1
11444,09/2015,934,1137846.953476272,7960.761360477952,M,32.4,13.9
11445,09/2015,645,547857.9532870427,8013.3772101403965,M,52.4,2.3
11446,09/2015,206,912942.5642348682,7367.057154696993,M,64.2,5.3
11447,09/2015,401,336487.9024847029,11397.52466138341,M,,13.2
11448,09/2015,826,291440.4994472418,15017.012999230225,M,33.7,5.3
11449,09/2015,83,4209909.048189171,9625.224970408712,M,65.4,8.2
11450,09/2015,183,306398.61507775873,11724.37991680975,M,41.2,14.6
11451,09/2015,42,958328.4250190179,9390.85797824274,M,56.3,13.9
11452,09/2015,722,2529902.694223093,8869.078046019262,M,45.4,18.3
11453,09/2015,503,629017.8989709484,8383.210712118871,M,,18.0
11454,09/2015,620,175314.34431753046,7235.882088651818,M,57.3,1.6
11455,09/2015,755,6173875.173962538,9566.917005538553,M,53.1,14.7
11456,09/2015,873,155244.22737868864,7834.7646677484245,M,33.1,16.5
11457,09/2015,781,467225.40998917544,7818.962203023044,M,33.4,14.1
11458,09/2015,40,4234875.006912033,12702.322842896578,M,36.4,9.0
11459,09/2015,240,3924560.011468518,9774.893284922458,M,,5.8
11460,09/2015,436,3225379.831698867,8859.117246237733,,37.8,12.0
11461,09/2015,320,236052.36490020977,8813.41440506835,M,43.1,14.4
11462,09/2015,723,390411.9378082023,9098.021597203322,,,3.7
11463,09/2015,947,268670.1737906658,9336.27564572543,M,41.6,14.9
11464,09/2015,168,910639.9528884046,10158.80295960725,M,60.0,11.2
11465,09/2015,259,2512742.401104696,8654.0943235313,M,60.8,2.7
11466,09/2015,913,4413643.317126154,9181.559275869835,M,53.6,9.3
11467,09/2015,985,385807.09581984446,9886.198118018947,M,51.8,15.1
11468,09/2015,539,685736.2398234514,7920.981130287206,M,41.5,10.6
11469,09/2015,975,1199274.7391847114,9048.042650889614,M,46.1,9.3
11470,09/2015,771,213869.4211030664,9125.351817267401,M,59.1,12.7
11471,09/2015,566,358052.3306816058,7482.868011527027,M,,11.7
11472,09/2015,325,113124.60490770177,8610.394093267745,M,59.5,7.6
11473,09/2015,813,353448.53582490777,9815.55005474675,M,56.3,16.7
11474,09/2015,253,926803.7030477204,10048.85599606763,F,52.5,18.0
11475,09/2015,817,828891.0672302515,7683.839237799752,M,35.7,7.4
11476,09/2015,958,924113.7778203365,10435.074759801608,M,42.6,2.3
11477,09/2015,564,16109462.909631645,11485.305090440786,M,36.5,18.6
11478,09/2015,448,449860.6240835207,8287.611114062478,M,51.5,15.3
11479,09/2015,322,436649.3396874724,6682.188391710935,M,45.2,13.4
11480,09/2015,909,582880.0923481123,7547.722922005086,F,45.0,18.5
11481,09/2015,208,2090530.9399731348,8834.457004653685,M,57.5,3.7
11482,09/2015,306,263275.9414280327,8128.406498619246,M,57.0,16.2
11483,09/2015,471,542764.0875807969,9493.279818817347,M,64.4,4.4
11484,09/2015,833,2248901.704231012,12482.455692698875,M,45.8,14.0
11485,09/2015,518,101760.53455140194,7500.59198508591,M,55.0,16.6
11486,09/2015,607,129572.97932448742,7847.251131109732,M,34.1,13.1
11487,09/2015,743,2790610.6042317487,8251.199253890316,M,55.6,1.1
11488,09/2015,431,3605871.1369773424,9470.747452207976,M,42.5,3.0
11489,09/2015,554,952458.317537332,8337.821974427517,M,40.1,9.5
11490,09/2015,866,453288.38446115016,8094.837966332323,M,35.4,6.1
11491,09/2015,740,349607.1828377917,7340.298196993457,M,54.5,9.9
11492,09/2015,534,480407.8780158842,8294.467580338334,M,63.4,16.5
11493,09/2015,681,4439110.533823586,6525.00976942696,M,56.8,4.5
11494,09/2015,694,3182510.4223180315,11151.315769224642,M,56.6,8.8
11495,09/2015,557,5167274.611610062,8834.042688961435,M,61.4,16.5
11496,09/2015,204,194904.69954003094,8392.886839512064,M,54.7,9.8
11497,09/2015,275,592125.0333663357,13792.430919243465,,34.7,14.8
11498,09/2015,525,358094.434843065,9629.909264579373,M,39.2,9.1
11499,09/2015,33,461869.0874068529,11683.801038375885,M,55.8,15.2
11500,09/2015,18,4168780.7289675255,18295.81123609948,M,36.9,16.0
11501,09/2015,835,658240.0106916712,8801.920362804125,M,,12.8
11502,09/2015,649,85494.46612018695,8514.728727361962,F,41.6,6.4
11503,09/2015,406,903745.4879096459,7712.907046474448,,36.0,1.4
11504,09/2015,640,361056.899137502,7812.006743008548,,64.7,9.2
11505,09/2015,79,3359481.9441943555,7782.006508809052,M,41.3,4.9
11506,09/2015,942,380211.52105919475,8285.988658388267,M,50.2,14.9
11507,09/2015,895,3973073.6932028015,13167.925548226722,M,33.5,17.3
11508,09/2015,766,257538.4543658417,8429.995889845635,M,62.4,7.1
11509,09/2015,51,528750.0271946614,7841.386665053114,,39.9,6.9
11510,09/2015,702,4512551.587854931,12616.399127997109,M,57.5,12.7
11511,09/2015,332,710153.3465242089,12653.96024948415,F,55.0,18.7
11512,09/2015,314,2254326.0015113675,8645.487718984621,M,49.4,4.0
11513,09/2015,118,3558206.91496117,9498.008463374264,M,39.8,9.3
11514,09/2015,445,2095798.018119857,9217.192820523403,M,59.4,18.6
11515,09/2015,906,6928788.632029846,9746.46897577338,M,57.2,5.3
11516,09/2015,555,113809.71443901064,9489.801832769714,M,62.5,3.5
11517,09/2015,105,407516.6356531449,8633.264786390442,M,48.3,2.2
11518,09/2015,879,372996.58500373847,9372.002474505436,,64.1,3.3
11519,09/2015,175,707671.1364157875,8352.712687016432,M,38.2,7.2
11520,09/2015,367,499072.91184227116,7397.207993717713,M,58.5,5.2
11521,09/2015,810,342492.98644277005,10942.66903339367,M,44.5,2.3
11522,09/2015,892,5863731.268258576,9160.805322768958,M,65.4,15.5
11523,09/2015,964,6670448.4098733505,9778.739327884587,M,50.2,6.4
11524,09/2015,946,647518.5578169073,8366.669027476937,M,52.1,6.6
11525,09/2015,547,1634109.767799496,10279.088956155267,M,,7.5
11526,09/2015,999,3121663.3594108187,9066.412764874318,M,45.1,14.1
11527,09/2015,953,443037.2652273181,12548.617982679672,M,47.7,14.8
11528,09/2015,202,366671.9469724485,7954.105902692182,M,57.6,4.0
11529,09/2015,345,779196.0144834211,9784.827250593315,M,40.8,12.9
11530,09/2015,718,640774.3248023663,8758.44465773056,M,65.1,1.7
11531,09/2015,276,5111420.660780852,9502.103231766818,M,45.1,18.5
11532,09/2015,768,2875336.921788305,9316.902827973101,M,63.5,6.3
11533,09/2015,411,1822722.0968287408,9477.287700023691,M,58.7,2.5
11534,09/2015,192,482716.39937961637,9585.820347883797,M,45.7,5.7
11535,09/2015,115,281607.4371205002,9611.174774563899,M,36.3,17.6
11536,09/2015,162,995802.2454001586,10418.405512446883,M,35.5,12.1
11537,09/2015,636,1177175.2238210163,9870.337651247128,F,63.9,7.2
11538,09/2015,870,652774.320675854,9582.768378988747,M,42.5,2.6
11539,09/2015,468,720750.238369153,9580.25542817343,M,52.3,3.3
11540,09/2015,490,947746.2049254266,8093.521208624005,M,62.1,12.7
11541,09/2015,558,621036.3480412973,8805.30555599791,M,35.8,9.1
11542,09/2015,662,376110.1045868995,8447.446523561215,M,51.0,6.8
11543,09/2015,834,1481355.2821927143,9931.188712966306,M,39.8,1.8
11544,09/2015,907,331706.46293561585,7930.500442695182,F,61.1,3.8
11545,09/2015,15,480201.4788467896,12100.152544116858,M,35.0,4.2
11546,09/2015,588,118481.62888895864,9674.162329024713,F,47.5,14.8
11547,09/2015,859,3773700.407853585,8216.75218535776,M,44.3,4.2
11548,09/2015,109,482626.53174616006,8399.414703951443,M,45.2,7.3
11549,09/2015,369,572263.6387699739,10985.784263622008,M,36.2,8.9
11550,09/2015,188,415863.92967988516,9086.461990489483,M,33.0,18.5
11551,09/2015,166,385396.2116415097,10763.017285275655,M,,1.3
11552,09/2015,180,3841214.455210512,8097.563187789097,M,48.2,10.8
11553,09/2015,986,5128366.303173611,8223.153300197064,M,34.5,8.6
11554,09/2015,438,86951.60158080727,6997.854981146315,M,37.4,7.0
11555,09/2015,120,3856053.1751603917,9416.292341559503,F,49.6,7.2
11556,09/2015,414,416120.4041629509,8943.230745828734,M,38.1,7.7
11557,09/2015,389,363390.1182088095,7569.899147363402,M,58.5,1.7
11558,09/2015,91,644144.5308449481,8290.728676517843,M,33.5,2.7
11559,09/2015,565,709474.4173014695,8127.6860720042405,M,44.3,17.2
11560,09/2015,16,385562.66658997716,8484.035624572542,M,47.8,8.0
11561,09/2015,443,90493.20379919269,8280.99583354274,M,36.6,1.5
11562,09/2015,507,580891.5558847274,7936.797528455482,M,62.1,9.5
11563,09/2015,404,4438089.387714401,9324.602240742799,M,55.1,14.7
11564,09/2015,280,2963469.914206118,8574.250378898523,,60.1,2.4
11565,09/2015,654,378500.07330711745,12011.14671475628,M,55.4,9.7
11566,09/2015,376,368963.5887906462,9325.727554285631,M,37.8,6.4
11567,09/2015,169,5755715.062546394,9888.007775619553,M,60.7,18.0
11568,09/2015,931,1427129.9758945487,10161.159592661794,M,62.2,15.4
11569,09/2015,664,796038.8550031733,9299.424103404579,M,45.6,17.9
11570,09/2015,272,262717.1638381747,10389.21873111772,M,41.3,10.3
11571,09/2015,667,4556588.6985788215,8871.809551655651,,53.4,1.7
11572,09/2015,209,1084695.8488718744,9115.444268491976,M,47.4,11.3
11573,09/2015,687,446056.24524224363,8476.548957741146,M,43.9,9.8
11574,09/2015,893,993248.4415015659,9602.52844115667,M,38.7,2.4
11575,09/2015,184,128729.29923027387,8358.449698766603,M,46.3,14.7
11576,09/2015,711,243451.89835411726,7010.944894078528,M,51.6,17.6
11577,09/2015,543,918906.6329831451,7942.433767846438,M,59.2,12.0
11578,09/2015,864,3420267.761673128,9523.735937808626,M,35.7,8.6
11579,09/2015,995,4282788.432667128,9181.013534402304,M,,3.7
11580,09/2015,563,409527.3391187916,9545.204974827488,M,44.1,7.1
11581,09/2015,58,757957.5531383469,11273.977084454351,M,61.0,6.9
11582,09/2015,46,4256163.681321603,7366.200481468548,M,35.1,13.7
11583,09/2015,226,2900404.2309441427,10701.42153552606,M,57.1,8.2
11584,09/2015,286,2041930.7346331407,8341.289082327132,M,64.2,16.9
11585,09/2015,475,848804.5577073405,11549.68980111943,M,37.6,9.6
11586,09/2015,578,235304.35427375685,8735.759444966596,M,55.7,8.8
11587,09/2015,695,4259769.881999358,9098.95609429404,M,40.3,15.1
11588,09/2015,417,578758.4972412543,9061.142752199661,M,44.2,3.6
11589,09/2015,421,1026599.7385054551,10083.418843110048,M,51.3,11.2
11590,09/2015,397,1967648.172358471,9017.267659674024,M,,12.9
11591,09/2015,273,585437.8174807054,8438.663910176123,M,43.7,13.2
11592,09/2015,281,1997892.3040307,9731.37040051692,M,58.1,16.5
11593,09/2015,945,740053.0306237143,7970.9125158719,M,40.5,7.3
11594,09/2015,862,1788091.376327403,7759.411540950992,F,53.6,4.1
11595,09/2015,232,953489.093094296,7560.910867683191,M,44.7,13.6
11596,09/2015,550,3533332.013983623,8760.466341400295,,46.4,7.5
11597,09/2015,917,185972.1872805566,9614.58036229563,M,32.3,17.7
11598,09/2015,56,1361173.1341979261,9068.931117235992,M,38.6,14.0
11599,09/2015,377,682081.8970412336,8404.39321543543,F,57.8,4.0
11600,09/2015,143,5392677.619675352,7624.476161625898,M,,7.3
11601,09/2015,782,308240.10593466007,7288.879595201817,M,57.1,15.8
11602,09/2015,17,100474.17679258352,7666.399597058877,M,,18.5
11603,09/2015,800,746914.8418790232,9344.63128895608,M,55.4,15.0
11604,09/2015,418,2663931.8736887584,8207.342941245735,M,50.6,9.8
11605,09/2015,282,401755.23200638685,8307.190022958575,M,59.1,15.3
11606,09/2015,495,2400363.3166603446,7615.321610058752,M,52.5,5.5
11607,09/2015,492,535571.3208497697,16082.982252481548,M,47.2,11.8
11608,09/2015,968,1219742.3845912232,8310.067274798505,,59.5,2.6
11609,09/2015,802,309559.56755408016,8763.38340396971,M,37.0,11.4
11610,09/2015,215,497908.3350803362,12653.489253994561,M,52.5,7.2
11611,09/2015,959,88181.52753044965,8239.893833986553,M,63.1,13.2
11612,09/2015,954,226726.12245145589,9100.373956581228,M,42.1,5.8
11613,09/2015,482,954020.3921247321,9425.255106792743,M,65.9,13.1
11614,09/2015,102,434761.0792166515,7850.374705894752,M,55.2,11.6
11615,09/2015,776,871187.3254902198,7220.727373004638,M,,15.6
11616,09/2015,528,718481.0948857781,10089.096338749312,M,32.7,15.5
11617,09/2015,292,1207162.8044459955,8052.209746109718,M,32.6,13.2
11618,09/2015,971,6108395.291129738,10545.170083454455,M,63.5,15.5
11619,09/2015,152,1445779.0211795487,15499.194123042678,M,35.5,3.3
11620,09/2015,750,3800711.189178051,8344.432524259433,M,57.0,16.5
11621,09/2015,199,1114443.595357355,7397.536000345889,M,49.2,13.1
11622,09/2015,154,3899416.4586411174,9184.119677001003,M,,6.9
11623,09/2015,675,2301169.5466236104,9352.209209640294,M,56.2,10.5
11624,09/2015,288,439178.9150345209,6877.698984408099,,47.6,18.3
11625,09/2015,523,263983.29752974596,9426.091743558602,M,32.1,1.2
11626,09/2015,688,365797.02571006486,7886.159631613701,M,41.3,4.0
11627,09/2015,360,282916.7067799568,8516.3812889912,M,49.5,12.0
11628,09/2015,960,1240873.2979851756,9639.59679109517,M,55.1,9.8
11629,09/2015,368,442027.343418504,11905.833102421315,M,53.7,14.7
11630,09/2015,456,2083036.18919845,16954.54426956715,M,55.8,5.9
11631,09/2015,512,3447800.768973649,8732.607546035402,,50.1,15.9
11632,09/2015,650,969757.4512196259,10984.572710326456,M,43.0,12.5
11633,09/2015,380,680322.653804854,9850.806291172139,M,61.4,1.5
11634,09/2015,139,441640.0535805545,7464.862135669081,M,56.4,8.7
11635,09/2015,994,136137.0547804373,9193.254991078491,M,42.5,2.6
11636,09/2015,689,964623.1024350756,9494.600048352471,M,63.1,2.4
11637,09/2015,243,3359775.4826903827,8878.216322774964,M,38.2,16.7
11638,09/2015,148,313884.73319445207,8807.537798824747,M,64.4,9.8
11639,09/2015,252,684151.725403548,13983.12772528395,M,40.6,14.0
11640,09/2015,265,236469.23855999255,8630.009970553812,M,39.6,3.8
11641,09/2015,362,794556.5696779494,11166.58854224404,M,39.0,3.7
11642,09/2015,336,702853.6344441519,6892.435637244682,M,53.4,15.5
11643,09/2015,928,350041.1817461925,8135.796391829635,M,63.0,14.1
11644,09/2015,515,714722.4511751949,10788.764257428174,M,56.7,9.7
11645,09/2015,483,362839.3075515987,7562.638411162254,M,47.0,12.5
11646,09/2015,395,353641.440969764,8745.799815814136,M,59.5,16.9
11647,09/2015,758,411543.0510869908,8220.251276782696,M,45.8,3.4
11648,09/2015,361,4730522.911915055,8104.052348756663,,51.1,15.4
11649,09/2015,657,405200.871115846,12262.559016880887,M,53.9,10.4
11650,09/2015,761,891317.7535146978,8667.10651936959,M,33.4,8.7
11651,09/2015,881,16724632.098271675,13798.736965624796,M,53.5,2.0
11652,09/2015,197,2980405.179967852,10791.004681501052,M,44.6,12.9
11653,09/2015,290,4039930.2485509897,8956.317342209695,M,37.7,4.3
11654,09/2015,742,389397.33325028536,12081.764626501053,M,47.7,1.4
11655,09/2015,848,200878.03261552178,9650.513408627245,M,58.3,10.1
11656,09/2015,820,460776.39589445456,11428.037073229518,M,32.4,14.0
11657,09/2015,122,173198.89911270348,6711.786373045173,M,42.0,5.7
11658,09/2015,340,133588.21844734112,7436.720103677838,,43.5,6.5
11659,09/2015,714,428156.23525164963,10369.227932613747,M,39.5,9.7
11660,09/2015,699,1846304.4191652082,11808.697617167156,M,38.8,17.8
11661,09/2015,825,1162654.5432863352,8484.380288190143,M,39.7,5.7
11662,09/2015,717,2274039.5408847355,10928.132420588174,M,51.8,18.7
11663,09/2015,318,848039.7159453478,8841.869499205199,M,60.5,9.5
11664,09/2015,104,372933.7093001457,9256.62865135297,,57.0,5.7
11665,09/2015,816,970060.9606837165,9420.901639226106,M,32.0,1.0
11666,09/2015,296,10618374.612594638,9815.373281676546,M,42.2,11.1
11667,09/2015,696,119564.40667500456,7920.625511986965,M,41.1,14.7
11668,09/2015,27,645627.0464814807,10953.901383749097,M,54.4,12.8
11669,09/2015,22,89577.47667215022,8623.285949126252,M,50.2,13.8
11670,09/2015,785,739926.4734349829,9686.266137058761,M,,14.7
11671,09/2015,256,306690.5663451509,7028.8995365097135,M,,8.8
11672,09/2015,75,1319523.0262375856,9353.417465300903,M,47.3,6.5
11673,09/2015,5,598903.9387384042,10005.477824462092,M,39.8,4.7
11674,09/2015,217,1080433.3108181735,6983.797918695998,M,64.4,14.8
11675,09/2015,869,229535.00233756672,6455.145242560826,M,38.4,13.3
11676,09/2015,385,950069.024453904,8620.662774292745,M,44.9,9.4
11677,09/2015,941,545122.8633443284,7923.154947404907,M,35.0,2.8
11678,09/2015,712,769432.8489340701,11790.790212465108,F,,13.8
11679,09/2015,939,2824415.104156373,11352.521805125945,M,49.5,2.4
11680,09/2015,710,2685149.756573841,13024.519174483652,M,57.4,7.4
11681,09/2015,34,3353194.116785351,9645.78512413184,M,,18.6
11682,09/2015,559,1888524.9632833314,10030.458249893802,F,62.8,4.7
11683,09/2015,463,202075.43559204985,6596.741285187717,M,48.9,10.3
11684,09/2015,605,1697570.7159498897,10681.240926641382,F,63.6,5.9
11685,09/2015,424,1519057.5181267543,11235.210941743962,M,49.8,3.8
11686,09/2015,851,367694.6857144161,16568.103706302074,M,43.5,2.4
11687,09/2015,444,295177.91891398653,9332.533853425122,M,45.4,4.1
11688,09/2015,790,535529.7374082844,11202.026397729423,M,37.6,5.0
11689,09/2015,106,232821.8795869583,8909.508499566757,M,42.4,1.2
11690,09/2015,455,340134.26032227906,8733.962295994732,M,,3.9
11691,09/2015,223,100322.29371945435,7394.870939147005,,53.2,5.2
11692,09/2015,242,3044957.915602912,6583.721234255113,F,46.1,14.5
11693,09/2015,77,443950.8394835363,10046.269498909614,M,63.4,8.9
11694,09/2015,961,355096.78128451103,8410.405114489346,M,62.4,6.9
11695,09/2015,416,246647.98953096595,7608.882015626038,M,50.8,16.2
11696,09/2015,506,5383365.154656952,8023.120800418618,M,38.7,5.6
11697,09/2015,287,315354.5571379008,7585.55181682688,M,40.1,15.2
11698,09/2015,52,7116715.684501998,8783.138491296015,M,55.3,5.2
11699,09/2015,132,623962.1727285886,8716.457701642119,M,60.6,17.3
11700,09/2015,319,709330.1245774269,8461.76569726097,M,42.7,9.7
11701,09/2015,871,588819.3639040204,8470.393879014264,M,,7.2
11702,09/2015,213,2724615.6710455837,7236.406089848796,M,40.4,15.2
11703,09/2015,846,2890455.256823764,7588.864222389769,M,33.1,17.2
11704,09/2015,351,171247.99937191486,9891.867545526027,M,53.7,7.8
11705,09/2015,324,1061221.015787218,14466.722586155602,M,54.6,9.8
11706,09/2015,173,2298533.046791838,9368.904948345653,M,46.9,9.3
11707,09/2015,88,2232250.985661321,7031.925568699031,M,43.9,18.0
11708,09/2015,347,155718.5738284289,11657.028527776301,M,,15.2
11709,09/2015,513,604363.0598558352,7835.144825423017,M,42.2,14.3
11710,09/2015,487,4664421.598306317,9646.748155586543,M,32.3,14.8
11711,09/2015,295,338706.97960652964,7794.2587016557,M,46.5,8.4
11712,09/2015,430,754420.0505001799,10858.19996479159,M,,11.6
11713,09/2015,437,633127.955878967,9698.030995517194,M,35.0,9.8
11714,09/2015,644,383786.3821116149,8579.005557939408,M,60.0,5.4
11715,09/2015,803,598184.7692244698,7701.35827998243,M,39.6,13.8
11716,09/2015,2,5190988.341079813,11819.766435248428,M,65.5,1.0
11717,09/2015,932,486997.29953576735,11075.35915790305,,37.4,12.0
11718,09/2015,843,488442.60807851114,12881.839958872402,F,40.4,15.0
11719,09/2015,138,2095198.638438944,10831.960044080934,M,34.5,5.5
11720,09/2015,356,868207.2654138602,7019.1702488814335,M,51.3,12.6
11721,09/2015,466,2186877.719935798,9233.340401575622,M,51.7,13.4
11722,09/2015,729,105249.54171667209,7494.088366069249,M,59.3,9.7
11723,09/2015,535,450931.11021955207,8154.470609264485,M,62.7,2.9
11724,09/2015,715,434250.45661998173,8015.059953976401,M,51.8,5.3
11725,09/2015,70,645752.2525445259,14567.768712683426,F,59.0,4.7
11726,09/2015,485,602455.9107962443,8140.317817587562,M,56.3,15.4
11727,09/2015,128,630161.767735879,11684.395582501773,M,52.0,5.9
11728,09/2015,587,4107486.8275507265,12112.117588711879,M,51.7,9.9
11729,09/2015,142,4718262.448007044,7588.231669109458,,37.3,14.2
11730,09/2015,938,3636126.8462695684,7124.827222729927,M,64.5,16.4
11731,09/2015,725,3475529.315744667,7155.997746129544,M,39.8,3.3
11732,09/2015,801,4455478.814524554,8810.192400627613,M,42.7,11.4
11733,09/2015,653,634646.7248506465,9784.620051982576,M,57.7,13.8
11734,09/2015,921,333261.02006179106,14787.44736283987,M,55.5,17.4
11735,09/2015,98,912225.0960325039,16405.94431029808,M,39.4,10.5
11736,09/2015,608,1688243.8691052808,9332.876281583938,M,63.9,13.4
11737,09/2015,576,748355.1644285211,13933.579418285512,M,64.1,4.1
11738,09/2015,936,873259.9821464744,8148.105961207493,M,55.8,11.4
11739,09/2015,301,2373060.098243205,8594.978102203713,,33.7,2.0
11740,09/2015,266,1892414.0542312039,13572.50300367948,M,36.1,1.4
11741,09/2015,499,452238.851640303,7952.8028390939035,M,32.6,1.0
11742,09/2015,133,3342189.710544866,9004.61090669035,M,43.3,13.8
11743,09/2015,989,4635895.615284905,9431.55762963761,M,,6.4
11744,09/2015,619,1313589.3526125,8231.492238631705,M,55.2,4.2
11745,09/2015,136,4383168.379177801,10369.304461893038,M,58.5,1.0
11746,09/2015,277,282446.0426242904,8073.537645969106,M,33.1,12.5
11747,09/2015,267,641511.3555668904,8120.512488604172,M,52.8,4.8
11748,09/2015,749,196675.39333109453,9175.798468433599,M,40.0,12.2
11749,09/2015,254,925711.0370489681,8241.707266129873,M,57.0,18.2
11750,09/2015,630,2448436.7459029066,11835.677961090665,M,45.0,17.3
11751,09/2015,339,670591.0690691896,8532.128624496207,M,41.1,18.1
11752,09/2015,203,156166.591982776,11890.992220848337,M,59.0,16.3
11753,09/2015,107,636290.2813560935,8072.928694638866,M,49.9,10.0
11754,09/2015,24,813399.3182263772,9417.245509990711,M,33.6,12.8
11755,09/2015,668,3812844.860671277,10193.872344069187,M,,14.9
11756,09/2015,837,150811.3695555671,10263.295516675349,M,36.8,12.8
11757,09/2015,392,688312.0169786166,10097.102754348038,,33.3,4.8
11758,09/2015,330,836789.2137763134,7959.070331831973,M,,2.2
11759,09/2015,151,3397547.6061426285,7727.393624123949,M,48.4,18.7
11760,09/2015,856,279235.60671844933,9139.223915771074,M,53.8,16.7
11761,09/2015,976,1820045.3946119754,10444.07767579045,M,57.8,1.9
11762,09/2015,831,1247399.0253299403,7492.733379996043,M,54.2,8.5
11763,09/2015,991,412462.38258020836,8075.078682928065,M,35.2,11.1
11764,09/2015,201,3083526.083670043,8472.838675571458,M,57.3,6.1
11765,09/2015,788,348128.06700581434,12298.273838597956,M,32.6,18.3
11766,09/2015,1,465964.1616803753,9753.716638625874,F,43.8,1.4
11767,09/2015,103,643817.1762653103,12370.037581575114,M,64.3,11.8
11768,09/2015,53,540370.9791360289,8381.72550417583,M,56.0,7.9
11769,09/2015,241,673655.4302403759,7735.316247189316,M,36.5,11.2
11770,09/2015,346,410382.70497244014,9378.23316904037,M,49.3,16.0
11771,09/2015,450,2129240.6170249493,8112.132786258335,M,57.8,13.3
11772,09/2015,628,1061221.7227772428,7754.224914598106,M,61.0,15.2
11773,09/2015,700,498899.404642735,8741.948745878288,M,51.2,10.6
11774,09/2015,4,195252.6399101048,7741.589220563841,M,59.6,11.7
11775,09/2015,334,5452874.147650108,9936.682478021727,M,56.3,7.2
11776,09/2015,641,2779330.1457852134,8066.980342155541,M,33.8,11.0
11777,09/2015,794,474036.51658163226,9098.014832983608,M,34.9,12.3
11778,09/2015,390,204167.83248054108,7413.447905244932,M,54.7,12.7
11779,09/2015,141,1029098.1642660272,16102.15030638437,M,44.7,8.8
11780,09/2015,980,1952793.1052170643,12975.847713326826,M,36.0,2.1
11781,09/2015,734,286328.4975579911,7055.827021017651,M,47.7,11.6
11782,09/2015,342,231246.3876001216,8359.926058113024,M,43.7,4.9
11783,09/2015,370,6182013.15485112,8570.839085219883,M,46.2,1.9
11784,09/2015,480,870809.4662431761,9101.853043369649,M,38.6,11.5
11785,09/2015,902,522661.2958812316,9171.27786396233,M,63.6,5.8
11786,09/2015,477,2519372.3230489343,8132.253171670945,M,46.4,8.8
11787,09/2015,193,701463.6651208631,8829.057393292425,M,52.8,16.4
11788,09/2015,476,229781.58508842307,6857.809046378598,M,,18.3
11789,09/2015,537,294517.34827576246,10437.156484732652,M,37.2,2.5
11790,09/2015,591,4053379.754372493,9163.041525183366,M,56.1,9.5
11791,09/2015,189,503139.2635923399,9232.489752904708,M,41.9,5.9
11792,09/2015,596,3592905.1857370427,9541.667124709491,M,56.2,13.7
11793,09/2015,235,2546462.0644630534,8391.46673121622,M,37.4,9.0
11794,09/2015,520,935564.2832025362,8103.219181517617,M,54.7,8.8
11795,09/2015,677,332105.7659691832,7468.221644324487,M,58.8,14.4
11796,09/2015,704,326482.2164878199,10397.839823926375,F,57.6,7.7
11797,09/2015,355,269033.45555195253,9860.871411996362,M,50.0,3.0
11798,09/2015,247,617931.5923339018,9980.155274961344,M,53.5,2.0
11799,09/2015,207,3282871.423530158,9587.501802808645,M,47.8,3.5
11800,09/2015,990,673206.3152005745,9879.081360359452,M,36.3,4.7
11801,09/2015,41,1951581.9289616975,8380.808816968167,M,36.9,10.0
11802,09/2015,678,552982.2662068733,8375.98323503575,M,55.7,7.7
11803,09/2015,663,1639789.2756030932,13178.630738376114,M,56.7,12.1
11804,09/2015,28,369184.3792339183,7973.470369273184,M,65.2,4.4
11805,09/2015,672,512769.3025598737,8174.528191390748,M,53.2,13.5
11806,09/2015,393,618876.2025511818,7945.790489197497,M,33.5,7.3
11807,09/2015,615,641152.663359466,7016.837472986071,M,51.3,2.9
11808,09/2015,923,246032.43993155664,8026.277271615536,M,32.0,7.7
11809,09/2015,544,2685876.46928022,13262.814223162906,M,39.6,13.0
11810,09/2015,364,229621.22772828612,8592.368579509453,M,41.0,9.2
11811,09/2015,573,261789.58535397297,8809.71616479904,M,60.9,6.4
11812,09/2015,125,283696.15786698717,10030.9480574087,M,37.2,9.2
11813,09/2015,949,515378.84384418605,10591.95186045527,M,36.4,12.6
11814,09/2015,510,500626.2763579844,8565.156037804974,M,55.0,12.2
11815,09/2015,878,7788130.5633099405,7166.316071080786,M,36.2,5.5
11816,09/2015,992,722782.6103965596,7527.430461979172,M,36.1,17.3
11817,09/2015,8,377570.89425007266,9529.239958399467,M,39.7,13.2
11818,09/2015,984,2175793.1642158492,9283.891255026292,M,42.3,10.7
11819,09/2015,763,2441927.485219036,8792.473321660882,M,37.4,6.6
11820,09/2015,973,815072.1357506486,8270.354928456423,M,39.5,15.8
11821,09/2015,25,728196.4733349587,10803.400402659872,M,34.8,14.6
11822,09/2015,541,660285.3464144627,8719.278803292222,M,48.7,8.1
11823,09/2015,757,327621.1849125931,9327.177144841771,M,,13.5
11824,09/2015,374,1754951.2300651432,8487.714430303746,,39.7,13.9
11825,09/2015,64,3972955.050637734,8844.852989921168,M,46.0,5.6
11826,09/2015,500,213361.82333681098,8475.49711567996,F,46.2,13.5
11827,09/2015,647,322346.22791366035,9480.190874887685,F,63.4,11.7
11828,09/2015,614,1078512.8936885297,9553.876389996347,M,59.8,17.8
11829,09/2015,21,660797.1064278352,16126.702050221,M,32.8,7.5
11830,09/2015,13,368110.8696107521,9165.575253977124,M,43.1,15.2
11831,09/2015,639,134951.10940374952,10767.04656610983,M,50.0,9.2
11832,09/2015,868,329960.4121377116,9385.687842682339,M,32.5,7.3
11833,09/2015,805,602379.041392034,8482.263154325474,M,40.7,10.5
11834,09/2015,891,2578832.47530902,10127.264742807747,M,56.5,13.8
11835,09/2015,561,890023.3793676638,10818.908129207308,,44.2,6.2
11836,09/2015,709,2741663.166802045,8636.402023906334,M,38.7,12.6
11837,09/2015,429,495498.7808393459,9871.375653164761,M,46.7,4.7
11838,09/2015,720,4152755.5665494944,7448.423623976383,M,64.6,15.1
11839,09/2015,187,302894.50327203295,8697.3622870954,M,48.7,17.0
11840,09/2015,457,224409.9191765491,11836.454323058168,M,63.5,10.5
11841,09/2015,844,4581293.104853115,11250.225250935162,M,47.4,2.4
11842,09/2015,552,971854.0783014055,9652.391378620328,M,61.3,7.3
11843,09/2015,498,4347595.48857205,10905.91568642604,M,49.2,15.3
11844,09/2015,230,1398559.950173679,10017.342499519465,M,38.2,5.1
11845,09/2015,131,220169.59341818417,7936.65241115507,M,35.1,16.0
11846,09/2015,268,3243936.794396896,9788.08556728328,M,41.2,11.2
11847,09/2015,634,3602136.195632776,8270.488245607501,M,46.8,4.5
11848,09/2015,930,117617.34089734292,7092.133463614488,M,54.4,16.9
11849,09/2015,730,503204.79486011,11776.391310636896,M,60.7,1.5
11850,09/2015,386,265573.468134591,8101.538191066156,M,37.5,12.8
11851,09/2015,897,4199446.493704485,10136.34642203573,M,43.3,2.5
11852,09/2015,604,325613.52037516655,8790.359786779196,M,59.8,7.6
11853,09/2015,850,4003369.6668060343,8450.096936285832,M,39.4,1.4
11854,09/2015,626,479904.02303465205,10722.33951657494,M,51.8,18.1
11855,09/2015,163,723880.8921422699,9014.492911925263,M,58.5,9.1
11856,09/2015,82,4249996.541402715,10578.739949424478,M,61.7,4.0
11857,09/2015,36,725389.0292229307,8725.455127348878,M,37.4,16.3
11858,09/2015,977,372560.19667472894,8152.014327366361,M,56.2,3.7
11859,09/2015,123,426979.77388633724,9815.765948583541,M,65.3,11.5
11860,09/2015,92,568972.8244232915,12364.35666914965,M,41.4,15.1
11861,09/2015,26,349505.6927723049,10929.5485977799,F,47.5,2.7
11862,09/2015,251,94777.76029753021,7641.932639791787,M,43.0,11.9
11863,09/2015,598,3110965.0009434978,7526.912914448727,M,51.3,9.4
11864,09/2015,524,470257.8616839206,8352.126130794015,F,39.5,18.5
11865,09/2015,726,4710573.7463094415,12582.201521970792,M,58.1,4.5
11866,09/2015,263,4933721.595013687,11403.745236260806,M,52.2,12.2
11867,09/2015,365,1778026.9692040195,8352.9328744031,M,37.6,5.3
11868,09/2015,44,775060.713765072,10909.896384139785,M,61.5,8.9
11869,09/2015,530,2962791.818199578,10281.559924410216,,47.1,6.9
11870,09/2015,838,6915715.020953883,10592.209450579418,M,,17.2
11871,09/2015,311,1186750.976318143,8419.487027193889,,32.1,9.4
11872,09/2015,447,514192.63513632363,8481.219918940145,M,65.5,12.1
11873,09/2015,993,440393.104271777,12182.015975136117,M,35.0,2.9
11874,09/2015,315,845038.9227033961,9824.248696612,M,61.1,8.7
11875,09/2015,20,740963.5155335263,9048.866608699991,M,52.1,18.1
11876,09/2015,618,5624498.988155559,8789.740897631811,M,63.9,9.0
11877,09/2015,43,4621966.262613302,9786.674638823482,M,57.3,1.2
11878,09/2015,190,130339.73942057704,9181.570926103597,M,57.5,14.1
11879,09/2015,659,466070.8112888734,9262.58971017943,M,65.4,14.7
11880,09/2015,47,642119.4116843991,11024.128925452165,M,40.7,5.3
11881,09/2015,987,596114.5894517091,9243.551208139555,M,32.4,13.8
11882,09/2015,71,362320.7823405554,10603.615383493308,M,39.0,1.0
11883,09/2015,198,619923.6387511619,13188.711819909946,M,41.1,16.6
11884,09/2015,473,143354.05151117226,10446.866011354596,M,59.5,14.6
11885,09/2015,338,617503.8184198528,9274.846790144107,M,42.2,4.3
11886,09/2015,440,246609.3522488947,7203.469393100365,F,39.6,4.4
11887,09/2015,246,539919.7335878817,8406.205654521558,M,57.2,15.1
11888,09/2015,116,3674995.744718554,8824.747295294857,M,42.2,10.6
11889,09/2015,849,1370308.80360842,7747.447587488062,M,65.4,12.1
11890,09/2015,900,926429.355618494,8226.404315148564,M,41.5,9.4
11891,09/2015,359,5832024.722080042,8475.19424407054,M,47.7,7.9
11892,09/2015,299,687967.4304209625,10475.225991404035,M,50.1,2.0
11893,09/2015,7,1059223.6451366534,9930.40472289643,M,40.8,14.1
11894,09/2015,297,427874.2709758803,12185.079532164113,M,53.7,1.0
11895,09/2015,822,2731212.6032157205,8079.21842594938,,54.0,2.9
11896,09/2015,648,2036187.4881634528,7700.632380115103,M,49.6,4.4
11897,09/2015,294,659952.2192992218,12649.562965700448,M,59.6,4.9
11898,09/2015,491,2686415.9319175733,9450.771621031261,M,61.1,3.2
11899,09/2015,568,221209.27769382217,9313.598691058427,M,,16.5
11900,09/2015,584,70799.66562253468,8057.576035894903,M,43.3,14.9
11901,09/2015,690,601924.3698055627,7625.551017448044,M,,8.8
11902,09/2015,291,130308.17456157508,9319.242586559,M,33.2,5.4
11903,09/2015,49,1900237.2840244067,13907.95559578402,M,45.1,3.0
11904,09/2015,585,156476.76436734956,7593.106461899443,M,37.9,11.3
11905,09/2015,606,2340710.519097223,8806.69985139005,M,51.5,15.1
11906,09/2015,693,653066.1627192904,10412.848062860658,,53.1,9.9
11907,09/2015,944,1889136.60876237,9128.753750361255,M,49.4,14.1
11908,09/2015,793,241080.82246750197,8208.960322260573,M,35.0,12.5
11909,09/2015,425,401972.02758228965,8251.122220251675,M,,17.9
11910,09/2015,683,494935.8722678814,12349.03135876317,,54.5,3.6
11911,09/2015,656,482042.3817418777,7397.223355646123,M,56.4,17.8
11912,09/2015,488,1865288.4714420699,6735.620531545765,M,32.4,5.8
11913,09/2015,61,276595.2609938841,7424.520783829235,M,34.1,16.4
11914,09/2015,904,116705.49351693934,7860.816996503894,M,,4.0
11915,09/2015,378,741278.4150746695,10102.42710113274,,36.7,3.5
11916,09/2015,269,165992.30684829922,9860.781690153248,M,39.7,8.1
11917,09/2015,889,1732693.586057216,9966.95295397744,,55.5,2.0
11918,09/2015,481,1178218.9800696734,6522.233542485336,F,51.5,17.1
11919,09/2015,344,155884.92198544307,10432.959198967317,M,51.0,11.8
11920,09/2015,99,3583360.8038432305,10368.250037490574,M,55.3,5.7
11921,09/2015,832,1068470.8249150363,10357.119921797232,M,,13.3
11922,09/2015,127,988106.8709900371,8590.389852763748,M,55.8,11.8
11923,09/2015,617,772169.7456350608,8705.001575551567,M,38.2,17.4
11924,09/2015,770,310214.8552222781,9231.781516709823,M,56.6,15.9
11925,09/2015,484,433044.45344637404,10061.367676717446,M,36.2,4.1
11926,09/2015,341,195086.46254477178,10325.75227427634,F,63.1,16.9
11927,09/2015,982,5570285.361481901,9888.27084979117,M,,9.4
11928,09/2015,212,3213519.4120292626,8530.18685978153,M,46.4,1.6
11929,09/2015,589,114489.02144439735,10912.322333458014,M,40.7,6.4
11930,09/2015,797,192857.4278018368,11808.924150414981,M,44.6,5.9
11931,09/2015,753,512974.2992829325,13446.775610186502,M,32.8,12.8
11932,09/2015,227,428974.90596055513,7277.552394420162,M,,16.2
11933,09/2015,86,1590221.332204385,7901.171669749686,,,5.4
11934,09/2015,680,454152.9198883568,9668.18644591202,M,61.1,18.9
11935,09/2015,195,209194.57394988032,10956.790947032952,,54.1,8.8
11936,09/2015,595,4401174.099528637,9015.72916335014,M,45.4,7.1
11937,09/2015,854,359753.85205430095,6025.888045482009,M,44.2,18.7
11938,09/2015,828,901777.1212681091,11004.553826585558,,50.6,1.1
11939,09/2015,261,3264459.555554415,9493.003863906097,M,36.4,18.5
11940,09/2015,603,80185.0370097902,8080.64348402471,M,34.9,10.7
11941,09/2015,379,257817.89836055107,9397.748646076441,M,65.1,12.4
11942,09/2015,888,270852.60488317563,9466.823902957512,M,,4.0
11943,09/2015,741,833248.1517558795,9075.689732494273,M,42.4,11.2
11944,09/2015,60,2448472.139248357,9788.497733511243,M,53.4,11.0
11945,09/2015,955,1803903.0639019846,8057.092105870762,M,35.8,8.5
11946,09/2015,62,801488.0346704057,9056.19137552874,M,34.0,4.3
11947,09/2015,638,382881.5303415581,9236.906245538084,M,62.7,9.4
11948,09/2015,697,779261.8628426853,11084.683281618669,M,35.0,15.2
11949,09/2015,147,3032525.603360231,10005.446550057895,M,53.7,14.7
11950,09/2015,637,812440.1934351024,16074.135730453585,M,63.3,3.0
11951,09/2015,799,158626.77183803485,8849.655209685845,M,45.3,1.1
11952,09/2015,178,324430.7024703468,8229.93913929262,M,49.0,7.8
11953,09/2015,806,4450673.777322699,8438.033374957025,M,50.3,7.6
11954,09/2015,300,141574.0122891863,9525.496746683055,M,35.9,9.5
11955,09/2015,998,229251.77395926206,6610.496595576567,M,32.1,1.4
11956,09/2015,337,574594.3983952996,9760.299027188134,M,36.0,9.4
11957,09/2015,549,686902.307135954,9187.420283240937,M,55.1,16.4
11958,09/2015,767,745508.4207812544,10518.285186145902,M,56.5,1.2
11959,09/2015,157,503237.88085577416,8022.491126136978,M,56.8,16.2
11960,09/2015,540,171433.52018358003,8336.623004398261,M,41.6,6.5
11961,09/2015,108,422856.4977873411,10500.166017443695,M,51.2,2.9
11962,09/2015,352,6224636.6236422965,9566.809764839014,M,58.1,9.3
11963,09/2015,847,762548.4084801276,11600.761327193755,M,51.0,5.2
11964,09/2015,479,354492.9986578631,8709.469282585738,M,54.6,1.0
11965,09/2015,622,342507.02974486566,7566.671329620031,M,53.2,7.6
11966,09/2015,937,349969.8690548581,7682.893057621328,M,54.9,11.5
11967,09/2015,775,675740.3820028716,12542.241267582765,M,50.4,9.8
11968,09/2015,623,258166.263138327,8290.786881820713,,,14.4
11969,09/2015,87,266622.3458255623,10221.396154177026,M,48.0,15.4
11970,09/2015,80,383572.0457284064,7313.997729017172,M,57.8,17.5
11971,09/2015,434,372053.211930758,9864.694282895794,M,36.5,7.7
11972,09/2015,210,2241053.6948275077,10186.559662818672,M,37.0,1.9
11973,09/2015,860,3346612.277490914,7885.802300753662,M,38.0,16.8
11974,09/2015,220,828176.6626636508,10998.567986306709,M,32.1,7.3
11975,09/2015,769,451745.70149275725,7938.711067608461,,58.8,18.9
11976,09/2015,692,2851776.8913658247,9157.2724298361,M,42.4,2.3
11977,09/2015,546,210342.2946680864,11741.099236123033,M,55.6,13.5
11978,09/2015,777,322206.781050309,9377.877257112837,M,59.2,16.0
11979,09/2015,581,242067.25313753524,7454.183066495636,M,35.5,18.5
11980,09/2015,452,3428081.6561309034,9164.996641686741,M,53.3,4.4
11981,09/2015,511,575704.5518918864,10227.517838305772,M,35.2,10.9
11982,09/2015,214,293493.91437870695,9785.60676154781,M,,5.9
11983,09/2015,234,675471.0243657378,9161.593831909833,M,42.7,6.2
11984,09/2015,853,737950.4194264563,8681.418380716848,M,42.5,2.3
11985,09/2015,551,2343214.5920248255,10189.969404020696,M,,4.3
11986,09/2015,505,105767.18423133508,7393.87981596085,M,33.7,2.5
11987,09/2015,508,575183.9626477541,10126.82889189309,M,54.1,8.3
11988,09/2015,795,890623.2517341425,8631.211491740441,M,50.4,8.6
11989,09/2015,317,524919.5696354712,8580.295454148616,M,33.3,2.7
11990,09/2015,792,1856151.8045486764,7207.507159249025,M,,8.7
11991,09/2015,974,74101.60146633624,7549.066317889259,M,34.8,8.2
11992,09/2015,117,196658.26235067594,9234.18026478205,M,59.4,17.1
11993,09/2015,410,444467.902751323,9019.71296338749,M,38.0,17.4
11994,09/2015,182,164091.05174448015,6779.460959161626,M,40.0,14.4
11995,09/2015,119,331351.0535889476,9623.323246793325,M,65.9,15.4
11996,09/2015,236,1697930.0247934298,10816.862217610898,M,42.3,6.7
11997,09/2015,449,783610.2200404997,8733.273051859203,M,38.4,18.7
11998,09/2015,494,566652.5334440902,7511.708661778437,M,48.7,7.9
11999,09/2015,609,321980.3066120198,8273.636529833248,M,,4.6
